Rk,Name,scandal,WAR7,TOB,pos_adj,WAR,JAWSPercentile,JAWS,WARPer162,oWAR,dWAR,WAA,#1,top5,top10,MVPShare,#1.1,top5.1,top10.1,WinShare,Yrs,From,To,ASG,G,PA,AB,R,H,2B,3B,HR,RBI,SB,CS,BB,SO,BA,OBP,SLG,OPS,OPSPlus,Pos,player-add,primary_pos
1,Barry Bonds,1,72.7,9048,0,162.8,1,117.8,8.8,143.6,7.6,123.9,7,12,13,9.3,6,15,16,10.6,22,1986,2007,14,2986,12606,9847,2227,2935,601,77,762,1996,514,141,2558,1539,0.298,0.444,0.607,1.051,182,*78HD/9,bondsba01,LF
1,Willie Mays,0,73.6,7887,2.5,156.2,1,114.9,8.4,136.5,18.2,110,2,9,12,5.94,9,13,15,10.2,23,1948,1973,24,3005,12545,10924,2068,3293,525,141,660,1909,339,103,1468,1526,0.301,0.384,0.557,0.94,155,*8H3/7965,mayswi01,CF
2,Ty Cobb,0,68.1,8000,2.5,149.7,0.998,108.9,8,149.9,-10.8,100.2,1,1,2,1.43,2,7,15,5.8,24,1905,1928,0,3034,13103,11440,2245,4189,724,295,117,1944,897,215,1249,680,0.366,0.433,0.512,0.944,168,*8*9H7/3145,cobbty01,CF
1,Babe Ruth,0,84.7,7978,0,162.3,1,123.5,10.5,154.5,-2.3,133.9,1,2,5,2.11,10,15,17,11.5,22,1914,1935,2,2503,10628,8399,2174,2873,506,136,714,2214,123,116,2062,1330,0.342,0.474,0.69,1.164,206,*9*71H83,ruthba01,RF
1,Rogers Hornsby,0,74,5885,2.5,127.4,1,100.7,9.1,122.1,13.9,97,2,4,4,3.34,7,12,14,9.1,23,1915,1937,0,2259,9481,8173,1579,2930,541,169,301,1584,135,81,1038,679,0.358,0.434,0.577,1.01,175,*4*65H3/978,hornsro01,2B
2,Alex Rodriguez,1,64.3,7480,7.5,117.4,0.998,90.9,6.8,115.3,10.3,75.7,3,6,10,5.23,5,10,10,7.1,22,1994,2016,14,2784,12207,10566,2021,3115,548,31,696,2086,329,76,1338,2287,0.295,0.38,0.55,0.93,140,*6*5DH/3,rodrial01,SS
2,Ted Williams,0,67.9,6929,0,121.8,0.998,94.9,8.6,125,-13.3,92.6,2,9,12,6.43,6,10,13,8.2,19,1939,1960,19,2292,9792,7706,1798,2654,525,71,521,1839,24,17,2021,709,0.344,0.482,0.634,1.116,191,*79H/1,willite01,LF
3,Stan Musial,0,64.6,7811,0,128.6,0.996,96.6,6.9,125.2,-9.2,81.9,3,9,14,6.96,4,9,13,7.1,22,1941,1963,24,3026,12721,10972,1949,3630,725,177,475,1951,78,71,1599,696,0.331,0.417,0.559,0.976,159,*3*7*9*8H/1,musiast01,1B
1,Honus Wagner,0,65.8,6556,7.5,132.8,1,99.3,7.7,125.3,21.3,93.5,0,2,3,1.2,2,12,14,7.3,21,1897,1917,0,2794,11777,10439,1739,3420,643,252,101,1732,723,26,963,735,0.328,0.391,0.467,0.858,151,*6*O3594H7/81,wagneho01,SS
1,Lou Gehrig,0,67.7,6670,0,113.7,1,90.7,8.5,113.6,-9,78.9,2,9,10,5.98,1,12,12,6.5,17,1923,1939,7,2164,9665,8001,1888,2721,534,163,493,1995,102,102,1508,790,0.34,0.447,0.632,1.08,179,*3/H976,gehrilo01,1B
2,Henry Aaron,0,60.3,8498,0,143.3,0.998,101.8,7,132.7,-4.6,93.2,1,8,13,5.45,1,11,16,7.5,23,1954,1976,25,3298,13941,12364,2174,3771,624,98,755,2297,240,73,1402,1383,0.305,0.374,0.555,0.928,155,*9*7*83DH4/5,aaronha01,RF
2,Albert Pujols,0,61.7,7701,0,101.3,0.998,81.5,5.3,87.3,-4.2,59.7,3,10,11,6.91,5,8,8,6.2,22,2001,2022,11,3080,13041,11421,1914,3384,686,16,703,2218,117,43,1373,1404,0.296,0.374,0.544,0.918,145,*3*D7H59/416,pujolal01,1B
2,Eddie Collins,0,63.6,6508,2.5,123.6,0.998,93.6,7.1,119.5,8.1,78,1,6,7,3.86,0,4,10,3.7,25,1906,1930,0,2826,12087,9949,1821,3315,438,187,47,1299,741,196,1499,467,0.333,0.424,0.429,0.853,142,*4H6/8975,collied01,2B
3,Tris Speaker,0,63.3,6918,2.5,136.1,0.996,99.7,7.9,126.2,2.5,89.9,1,2,3,1.72,0,8,15,5.4,22,1907,1928,0,2789,12021,10195,1882,3514,792,222,117,1531,436,158,1381,393,0.345,0.428,0.5,0.928,158,*8H/3971,speaktr01,CF
4,Mickey Mantle,0,64.7,6397,2.5,110.3,0.994,87.5,7.4,116.3,-9.6,79.4,3,9,9,5.79,5,11,11,7,18,1951,1968,20,2401,9910,8102,1676,2415,344,72,536,1509,153,38,1733,1710,0.298,0.421,0.557,0.977,172,*8397H/645,mantlmi01,CF
3,Rickey Henderson,0,57.6,8184,0,111.2,0.996,84.4,5.8,105.2,-2.3,68.9,1,3,6,2.46,1,7,9,4.7,25,1979,2003,10,3081,13346,10961,2295,3055,510,66,297,1115,1406,335,2190,1694,0.279,0.401,0.419,0.82,127,*7*8HD/9,henderi01,LF
4,Joe Morgan,0,59.3,6516,2.5,100.6,0.994,80,6.2,104.4,3.8,63.5,2,4,5,3.04,2,5,5,3.8,22,1963,1984,10,2649,11329,9277,1650,2517,449,96,268,1133,689,162,1865,1015,0.271,0.392,0.427,0.819,132,*4H/7D58,morgajo02,2B
4,Carl Yastrzemski,0,55.6,7552,0,96.5,0.994,76,4.7,78.2,1.1,50.3,1,2,5,2.23,3,4,6,3.3,23,1961,1983,18,3308,13992,11988,1816,3419,646,59,452,1844,168,116,1845,1393,0.285,0.379,0.462,0.841,130,*7*3*D8H5/9,yastrca01,LF
5,Mike Trout,0,64.8,4807,2.5,89.4,0.992,77.1,8.5,90.3,1.1,64.9,3,9,10,6.53,4,7,9,5.7,16,2011,2026,11,1695,7414,6134,1229,1793,332,55,415,1041,219,38,1108,1716,0.292,0.406,0.567,0.973,169,*8D79/H,troutmi01,CF
3,Cal Ripken Jr.,0,56.3,6333,7.5,95.9,0.996,76.1,5.2,78.2,35.7,53.5,2,3,3,2.31,3,5,6,3.7,21,1981,2001,19,3001,12883,11551,1647,3184,603,44,431,1695,36,39,1129,1305,0.276,0.34,0.447,0.788,112,*6*5/DH,ripkeca01,SS
1,Mike Schmidt,0,58.8,6085,2.5,106.9,1,82.8,7.2,91.8,18.4,73.7,3,5,9,4.96,2,12,13,7.3,18,1972,1989,12,2404,10062,8352,1506,2234,408,59,548,1595,174,92,1507,1883,0.267,0.38,0.527,0.908,148,*53H/64,schmimi01,3B
3,Jimmie Foxx,0,57.9,6495,0,92.1,0.996,75,6.4,90.5,-5.8,59,3,4,7,4.4,3,7,8,4.8,20,1925,1945,9,2317,9677,8134,1751,2646,458,125,534,1922,87,77,1452,1311,0.325,0.428,0.609,1.038,163,*3H52/7196,foxxji01,1B
3,Nap Lajoie,0,60.6,5368,2.5,108.7,0.996,84.7,7.1,99.6,10.1,69.2,0,0,0,0.19,1,7,8,4.3,21,1896,1916,0,2480,10471,9590,1504,3243,657,163,82,1599,380,26,516,347,0.338,0.38,0.466,0.846,150,*436H/O57,lajoina01,2B
6,Ken Griffey Jr.,0,54,6767,2.5,83.8,0.99,68.9,5.1,84.6,2.2,46.8,1,5,7,3.2,1,5,6,3.4,22,1989,2010,13,2671,11304,9801,1662,2781,524,38,630,1836,184,69,1312,1779,0.284,0.37,0.538,0.907,136,*89DH/73,griffke02,CF
4,Mel Ott,0,53.9,6838,0,111,0.994,82.4,6.6,106.8,-6,73,0,3,6,2.87,2,10,13,6.7,22,1926,1947,11,2730,11347,9456,1859,2876,488,72,511,1860,89,95,1708,896,0.304,0.414,0.533,0.947,155,*95H87/4,ottme01,RF
5,Frank Robinson,0,52.8,6997,0,107.2,0.992,80,6.2,106.9,-14.8,64.7,2,6,10,4.84,0,6,9,3.7,21,1956,1976,14,2808,11744,10006,1829,2943,528,72,586,1812,204,77,1420,1532,0.294,0.389,0.537,0.926,154,*9*7*D*3H8/5,robinfr02,RF
5,George Brett,0,53.3,6341,2.5,88.7,0.992,71,5.3,84.8,2.2,50.6,1,4,5,3.3,1,5,6,3.1,21,1973,1993,13,2707,11625,10349,1583,3154,665,137,317,1596,201,97,1096,908,0.305,0.369,0.487,0.857,135,*5*D*3H/796,brettge01,3B
3,Wade Boggs,0,56.4,5500,2.5,91.4,0.996,73.9,6.1,81.4,13.9,57.4,0,1,4,1.2,1,6,8,4.3,18,1982,1999,12,2439,10740,9180,1513,3010,578,61,118,1014,24,35,1412,745,0.328,0.415,0.443,0.858,131,*5DH3/17,boggswa01,3B
2,Eddie Mathews,0,53.9,5861,2.5,96,0.998,74.9,6.5,93.6,5.6,58.3,0,2,4,1.61,0,6,10,3.6,17,1952,1968,12,2391,10101,8537,1509,2315,354,72,512,1453,68,39,1444,1487,0.271,0.376,0.509,0.885,143,*53H7,matheed01,3B
5,Charlie Gehringer,0,53.1,5624,2.5,84.8,0.992,69,5.9,81.9,10.7,48.8,1,5,10,4.42,0,5,6,3,19,1924,1942,6,2323,10245,8860,1775,2839,574,146,184,1427,181,93,1186,372,0.32,0.404,0.48,0.884,125,*4H/35,gehrich01,2B
4,Adrian Beltré,0,48.9,6278,2.5,93.7,0.994,71.3,5.2,71.6,27.3,52.8,0,2,6,2.27,0,3,5,2.1,21,1998,2018,4,2933,12130,11068,1524,3166,636,38,477,1707,121,42,848,1732,0.286,0.339,0.48,0.819,116,*5D/H64,beltrad01,3B
6,Roberto Clemente,0,54.5,5196,0,95,0.99,74.7,6.3,71.7,12.2,57.4,1,4,8,2.8,0,3,7,2.9,18,1955,1972,15,2433,10212,9454,1416,3000,440,166,240,1305,83,46,621,1230,0.317,0.359,0.475,0.834,130,*9H8/745,clemero01,RF
5,Pete Rose,1,44.9,7516,0,79.6,0.992,62.3,3.6,83.2,-13.2,29.1,1,5,10,3.68,0,2,3,1.3,24,1963,1986,17,3562,15890,14053,2165,4256,746,135,160,1314,198,149,1566,1143,0.303,0.375,0.409,0.784,118,*3*7*5*4*9H8,rosepe01,1B
6,Robin Yount,0,47.3,5967,7.5,77.4,0.99,62.4,4.4,83.1,6.8,37.5,2,2,2,1.8,1,3,5,2.3,20,1974,1993,3,2856,12249,11008,1632,3142,583,126,251,1406,271,105,966,1350,0.285,0.342,0.43,0.772,115,*6*8D7H/3,yountro01,SS
7,Ron Santo,0,53.8,4922,2.5,70.5,0.988,62.2,5.1,66.6,8.7,36.8,0,2,4,1.23,1,3,6,2.4,15,1960,1974,9,2243,9397,8143,1138,2254,365,67,342,1331,35,41,1108,1343,0.277,0.362,0.464,0.826,125,*5D4/H673,santoro01,3B
8,Ernie Banks,0,52.1,5519,0,67.8,0.986,60,4.3,62.4,5.1,28.8,2,4,5,2.83,1,5,5,3,19,1953,1971,14,2528,10396,9421,1305,2583,407,90,512,1636,50,53,763,1236,0.274,0.33,0.5,0.83,122,*3*6H5/7,bankser01,1B
7,Al Kaline,0,48.8,6266,0,92.9,0.988,70.8,5.3,78.3,2.9,55.6,0,4,9,2.93,0,6,9,3.8,22,1953,1974,18,2834,11597,10116,1622,3007,498,75,399,1582,137,65,1277,1020,0.297,0.376,0.48,0.855,134,*9*8HD3/75,kalinal01,RF
6,Chipper Jones,0,46.8,6417,2.5,85.3,0.99,66,5.5,88.3,-0.9,53.4,1,2,6,2.42,0,3,4,1.6,19,1993,2012,8,2499,10614,8984,1619,2726,549,38,468,1623,150,46,1512,1409,0.303,0.401,0.529,0.93,141,*5*7H6/D9,jonesch06,3B
4,Arky Vaughan,0,53.1,4058,7.5,78,0.994,65.5,6.9,76.1,12,51.8,0,2,2,1.23,1,6,9,4.2,14,1932,1948,9,1817,7723,6622,1173,2103,356,128,96,926,118,90,937,276,0.318,0.406,0.453,0.859,136,*65H7/4,vaughar01,SS
10,Reggie Jackson,0,46.9,6437,0,74.1,0.982,60.5,4.3,77.3,-16.4,35.5,1,5,7,3.28,0,2,3,1.6,21,1967,1987,14,2820,11418,9864,1551,2584,463,49,563,1702,228,115,1375,2597,0.262,0.356,0.49,0.846,139,*9*D8H/7,jacksre01,RF
7,Joe DiMaggio,0,52.1,4768,2.5,79.1,0.988,65.6,7.4,74.4,3.2,55.2,3,6,10,5.45,0,6,8,4,13,1936,1951,13,1736,7672,6821,1390,2214,389,131,361,1537,30,9,790,369,0.325,0.398,0.579,0.977,155,*87/9H3,dimagjo01,CF
2,Gary Carter,0,48.4,4384,12.5,70.1,0.998,59.2,4.9,56.3,26.1,40.1,0,2,4,1.93,1,3,8,3.2,19,1974,1992,11,2296,9019,7971,1025,2092,371,31,324,1225,39,42,848,997,0.262,0.335,0.439,0.773,115,*2H93/75,cartega01,C
1,Johnny Bench,0,47.2,4603,12.5,75.2,1,61.2,5.6,65.7,19.7,46.7,2,4,5,2.77,0,3,5,2,17,1967,1983,14,2158,8674,7658,1091,2048,381,24,389,1376,68,43,891,1278,0.267,0.342,0.476,0.817,126,*253H79/8,benchjo01,C
8,Mookie Betts,0,55.6,4075,0,75.3,0.986,65.4,7.9,56.5,17.8,53.4,1,5,7,3.86,3,5,8,4.1,13,2014,2026,8,1545,6995,6137,1176,1777,395,41,295,922,196,42,740,931,0.29,0.368,0.511,0.879,135,*9684/HD,bettsmo01,RF
6,Jeff Bagwell,0,48.4,5816,0,79.9,0.99,64.1,6,74.7,-7.2,52.1,1,3,6,2.89,0,2,4,1.9,15,1991,2005,4,2150,9431,7797,1517,2314,488,32,449,1529,202,78,1401,1558,0.297,0.408,0.54,0.948,149,*3H/D9,bagweje01,1B
13,Derek Jeter,0,42.4,6361,7.5,71.3,0.976,56.8,4.2,96.3,-9.4,29.9,0,3,8,2.77,0,2,4,1.6,20,1995,2014,14,2747,12602,11195,1923,3465,544,66,260,1311,358,97,1082,1840,0.31,0.377,0.44,0.817,115,*6D/H,jeterde01,SS
11,Miguel Cabrera,0,44.8,6666,0,67.2,0.98,56,3.9,77.5,-21.3,27.8,2,7,9,4.68,0,3,4,1.7,21,2003,2023,12,2797,11796,10356,1551,3174,627,17,511,1881,40,21,1258,2105,0.306,0.382,0.518,0.901,140,*3*5*D79/H,cabremi01,1B
6,Rod Carew,0,49.7,5369,0,81.1,0.99,65.4,5.3,81,-1.7,46.1,1,3,6,1.8,1,3,5,2.1,19,1967,1985,18,2469,10550,9315,1424,3053,445,112,92,1015,353,187,1018,1028,0.328,0.393,0.429,0.822,131,*3*4HD/657,carewro01,1B
9,Aaron Judge,0,56.9,3551,0,64.8,0.984,60.9,8.8,58.8,2.1,48,3,5,5,3.94,3,4,6,3.8,11,2016,2026,7,1193,5215,4278,912,1251,211,7,384,860,70,24,853,1427,0.292,0.412,0.614,1.027,178,*9D8/H7,judgeaa01,RF
8,Frank Thomas,0,45.4,6249,0,73.8,0.986,59.6,5.1,80.4,-22.5,39.3,2,6,9,4.79,0,2,5,1.5,19,1990,2008,5,2322,10075,8199,1494,2468,495,12,521,1704,32,23,1667,1397,0.301,0.419,0.555,0.974,156,*D*3H,thomafr04,1B
8,Duke Snider,0,49.6,4935,2.5,66,0.986,57.8,5,70.2,-5.9,34.9,0,3,6,1.97,1,4,5,3,18,1947,1964,8,2143,8237,7161,1259,2116,358,85,407,1333,99,73,971,1237,0.295,0.38,0.54,0.919,140,*89H7,snidedu01,CF
9,Carlos Beltrán,0,44.4,6147,2.5,70,0.984,57.2,4.4,66.6,1.9,34.3,0,1,2,0.76,0,1,3,1.3,20,1998,2017,9,2586,11031,9768,1582,2725,565,78,435,1587,312,49,1084,1795,0.279,0.35,0.486,0.837,119,*8*9*DH/73,beltrca01,CF
7,Robinson Canó,1,49.3,4953,2.5,68.7,0.988,59,4.9,67.8,7.6,35.4,0,4,6,2.14,0,3,6,2.4,17,2005,2022,8,2267,9550,8773,1262,2639,572,33,335,1306,51,38,620,1214,0.301,0.351,0.488,0.839,124,*4DH/356,canoro01,2B
6,Ed Delahanty,0,49.5,4992,0,70.5,0.99,60,6.2,70.1,-5.4,42.7,0,0,0,0,0,2,7,2,16,1888,1903,0,1837,8404,7510,1600,2597,522,186,101,1466,456,,742,439,0.346,0.411,0.505,0.917,152,*O3746/958H,delahed01,1B
16,Todd Helton,0,46.6,5664,0,61.8,0.97,54.2,4.5,54.5,-5,33.3,0,1,3,0.9,1,2,4,1.7,17,1997,2013,5,2247,9453,7962,1401,2519,592,37,369,1406,37,29,1335,1175,0.316,0.414,0.539,0.953,133,*3H/7D9,heltoto01,1B
5,George Davis,0,44.6,5156,7.5,84.7,0.992,64.7,5.8,70.8,24,48,0,0,0,0,0,1,6,1.8,20,1890,1909,0,2372,10193,9045,1545,2665,453,163,73,1440,619,,874,613,0.295,0.362,0.405,0.767,121,*6*5*O43/H1,davisge01,SS
15,Craig Biggio,0,41.8,6285,2.5,65.5,0.972,53.7,3.7,76.2,-2.9,29.1,0,2,3,1.02,0,2,3,1.3,20,1988,2007,7,2850,12504,10876,1844,3060,668,55,291,1175,414,124,1160,1753,0.281,0.363,0.433,0.796,112,*4*287H/D9,biggicr01,2B
7,Luke Appling,0,44.6,5009,7.5,77.2,0.988,60.9,5.2,73.3,19.1,43.5,0,2,4,2.01,0,2,9,2.2,20,1930,1950,7,2422,10254,8856,1319,2749,440,102,45,1116,179,108,1302,528,0.31,0.399,0.398,0.798,113,*65H4/3,applilu01,SS
11,Ryne Sandberg,0,47.1,4892,2.5,68,0.98,57.6,5.1,60.4,13.5,38.5,1,3,3,1.98,1,4,5,2.7,16,1981,1997,10,2164,9282,8385,1318,2386,403,76,282,1061,344,107,761,1260,0.285,0.344,0.452,0.795,114,*45H/6D,sandbry01,2B
8,Brooks Robinson,0,45.8,5158,2.5,78.4,0.986,62.1,4.4,47.6,39.1,39.7,1,5,7,3.69,0,4,4,2.9,23,1955,1977,18,2896,11782,10654,1232,2848,482,68,268,1357,28,22,860,990,0.267,0.322,0.401,0.723,105,*5H/46,robinbr01,3B
5,Mike Piazza,0,43.1,4544,12.5,59.6,0.992,51.4,5,66.4,1.5,35.9,0,4,7,3.16,0,3,3,1.4,16,1992,2007,12,1912,7745,6911,1048,2127,344,8,427,1335,17,20,759,1113,0.308,0.377,0.545,0.922,143,*2DH3,piazzmi01,C
10,Jim Thome,0,41.5,6433,0,72.9,0.982,57.2,4.6,77.6,-16.4,37.6,0,1,4,1.22,0,1,3,1.2,22,1991,2012,5,2543,10313,8422,1583,2328,451,26,612,1699,19,20,1747,2548,0.276,0.402,0.554,0.956,147,*3*D*5H,thomeji01,1B
20,Sammy Sosa,1,43.8,5867,0,58.6,0.962,51.2,4,50.4,-0.3,28.3,1,2,7,2.46,0,1,2,1,18,1989,2007,7,2354,9896,8813,1475,2408,379,45,609,1667,234,107,929,2306,0.273,0.344,0.534,0.878,128,*98DH/7,sosasa01,RF
15,Willie McCovey,0,44.8,5590,0,64.5,0.972,54.7,4,72.1,-21.7,30.5,1,2,4,1.63,0,2,4,1.4,22,1959,1980,6,2588,9692,8197,1229,2211,353,46,521,1555,26,22,1345,1550,0.27,0.374,0.515,0.889,147,*3*H7/9D,mccovwi01,1B
11,Harry Heilmann,0,47.1,5022,0,72.3,0.98,59.7,5.5,77,-14,38.1,0,4,5,1.93,1,2,5,2.4,17,1914,1932,0,2147,8972,7787,1291,2660,542,151,183,1543,113,74,856,550,0.342,0.41,0.52,0.93,148,*9*3H8/47,heilmha01,RF
5,Roger Connor,0,47,5034,0,84.2,0.992,65.6,6.8,79.4,6.3,54.2,0,0,0,0,0,3,9,2.2,18,1880,1897,0,1998,8847,7797,1620,2467,441,233,138,1323,244,,1002,455,0.316,0.397,0.486,0.883,153,*354O,connoro01,1B
13,Joey Votto,0,46.5,5151,0,63.6,0.976,55.1,5,59.6,-7.7,36.9,1,3,6,3.08,0,4,6,2.2,17,2007,2023,6,2056,8746,7252,1171,2135,459,22,356,1144,80,29,1365,1640,0.294,0.409,0.511,0.92,144,*3DH/7,vottojo01,1B
7,Al Simmons,0,45.5,5388,0,68.5,0.988,57,5,62.3,-1.2,33.6,0,6,8,3.53,0,3,5,1.9,20,1924,1944,3,2215,9520,8759,1507,2927,539,149,307,1828,88,68,615,737,0.334,0.38,0.535,0.915,133,*7*8H/93,simmoal01,LF
9,Paul Molitor,0,39.7,6452,2.5,75.7,0.984,57.7,4.6,75.6,-7,37.3,0,2,4,1.43,0,0,3,0.6,21,1978,1998,7,2683,12167,10835,1782,3319,605,114,234,1307,504,131,1094,1244,0.306,0.369,0.448,0.817,122,*D*5*4368H/79,molitpa01,3B
17,Eddie Murray,0,39.2,6840,0,68.7,0.968,53.9,3.7,62.2,-11.6,27.5,0,6,8,3.33,0,1,2,0.7,21,1977,1997,8,3026,12817,11336,1627,3255,560,35,504,1917,110,43,1333,1516,0.287,0.359,0.476,0.836,129,*3*DH/57,murraed02,1B
12,Chase Utley,0,49.3,4067,2.5,64.6,0.978,56.9,5.4,51.3,17.4,41,0,0,3,0.73,0,5,5,2.8,16,2003,2018,6,1937,7863,6857,1103,1885,411,58,259,1025,154,22,724,1193,0.275,0.358,0.465,0.823,117,*4H3/D5,utleych01,2B
10,Alan Trammell,0,44.8,4528,7.5,70.7,0.982,57.7,5,63,22.8,40.4,0,1,3,1.22,0,1,5,1.5,20,1977,1996,6,2293,9376,8288,1231,2365,412,55,185,1003,236,109,850,874,0.285,0.352,0.415,0.767,110,*6HD5/478,trammal01,SS
11,Andruw Jones,0,46.4,4733,2.5,62.7,0.98,54.6,4.6,39.8,24.4,35.9,0,1,2,1.1,0,3,5,1.9,17,1996,2012,5,2196,8664,7599,1204,1933,383,36,434,1289,152,59,891,1748,0.254,0.337,0.486,0.823,111,*89H7D/3,jonesan01,CF
12,Rafael Palmeiro,1,38.9,6838,0,71.9,0.978,55.4,4.1,67.5,-10.6,30.4,0,1,3,1.2,0,0,1,0.4,20,1986,2005,4,2831,12046,10472,1663,3020,585,38,569,1835,97,40,1353,1348,0.288,0.371,0.515,0.885,132,*3*D7H/98,palmera01,1B
12,Barry Larkin,0,43.3,4845,7.5,70.5,0.978,56.9,5.2,68.3,14.4,42.6,1,1,2,1.1,0,2,5,1.7,19,1986,2004,12,2180,9057,7937,1329,2340,441,76,198,960,379,77,939,817,0.295,0.371,0.444,0.815,116,*6H/4D,larkiba01,SS
3,Iván Rodríguez,0,39.8,5091,12.5,68.7,0.996,54.3,4.4,54.5,29.6,33.4,1,1,4,1.04,0,0,3,0.4,21,1991,2011,14,2543,10270,9592,1354,2844,572,51,311,1332,127,64,513,1474,0.296,0.334,0.464,0.798,106,*2HD/34,rodriiv01,C
9,Johnny Mize,0,48.4,4505,0,70.6,0.984,59.5,6.1,68.9,-6.5,44.1,0,4,6,2.47,0,7,9,4,15,1936,1953,10,1884,7372,6443,1118,2011,367,83,359,1337,28,12,856,524,0.312,0.397,0.562,0.959,158,*3H/9,mizejo01,1B
14,Roberto Alomar,0,42.9,5524,2.5,67,0.974,55,4.6,70.8,3.3,32.5,0,2,5,1.91,0,2,3,1.3,17,1988,2004,12,2379,10400,9073,1508,2724,504,80,210,1134,474,114,1032,1140,0.3,0.371,0.443,0.814,116,*4H/D6,alomaro01,2B
9,Frankie Frisch,0,44.7,5084,2.5,71.8,0.984,58.3,5,58.4,21.6,39.5,1,4,5,3.34,0,4,5,2.7,19,1919,1937,3,2311,10101,9112,1532,2880,466,138,105,1244,419,176,728,272,0.316,0.369,0.432,0.801,110,*4*56H,friscfr01,2B
20,George Sisler,0,47.4,4718,0,55.4,0.962,51.4,4.4,54.7,-7.6,24.4,1,1,1,0.92,0,3,4,2.2,15,1915,1930,0,2055,9018,8267,1284,2812,425,164,102,1178,375,149,472,327,0.34,0.379,0.468,0.847,125,*3H/197845,sislege01,1B
17,Joe Cronin,0,43.7,4692,7.5,64.8,0.968,54.3,4.9,62.3,14.3,33.7,1,2,6,2.77,0,3,5,1.7,20,1926,1945,7,2124,8840,7579,1233,2285,515,118,170,1424,87,71,1059,700,0.301,0.39,0.468,0.857,119,*6H534/7,cronijo01,SS
8,Tim Raines,0,42.4,5909,0,69.5,0.986,56,4.5,69.3,-8.6,35.4,0,1,3,0.99,0,2,5,1.6,23,1979,2002,7,2502,10359,8872,1571,2605,430,113,170,980,808,146,1330,966,0.294,0.385,0.425,0.81,123,*7H8D4/9,raineti01,LF
12,Paul Waner,0,43.3,5673,0,74.7,0.978,59,4.7,73.3,-9.6,39.7,1,4,6,3.22,0,3,8,2.4,20,1926,1945,4,2549,10769,9459,1627,3152,605,191,113,1309,104,101,1091,376,0.333,0.404,0.473,0.878,134,*9H3/78,wanerpa01,RF
10,Jackie Robinson,0,51.5,3338,2.5,63.9,0.982,57.7,7.3,56.5,10.3,41.3,1,2,4,1.74,2,5,6,3.9,11,1945,1956,7,1416,5941,4997,972,1563,286,55,141,761,200,76,756,291,0.313,0.41,0.477,0.887,133,*4537H6/9,robinja02,2B
15,Lou Boudreau,0,48.9,3347,7.5,63.1,0.972,56,6.2,50.5,23.3,42.1,1,3,8,2.66,2,4,5,3.1,15,1938,1952,7,1646,7025,6029,861,1779,385,66,68,789,51,50,796,309,0.295,0.38,0.415,0.795,120,*65H/342,boudrlo01,SS
14,Paul Goldschmidt,0,45,5142,0,64.9,0.974,54.9,5,59.3,-6.1,37.2,1,4,6,3.24,0,2,6,1.5,16,2011,2026,7,2097,8907,7677,1295,2210,482,25,377,1245,174,36,1095,1995,0.288,0.378,0.504,0.883,137,*3DH/8,goldspa01,1B
13,Andre Dawson,0,42.7,5690,0,64.8,0.976,53.8,4,55.5,1.6,29.2,1,3,4,2.36,0,3,4,2.2,21,1976,1996,8,2627,10769,9927,1373,2774,503,98,438,1591,314,109,589,1509,0.279,0.323,0.482,0.806,119,*9*8DH7,dawsoan01,RF
7,Dan Brouthers,0,47.2,4595,0,79.8,0.988,63.5,7.7,82.4,-1.7,53.8,0,0,0,0,0,3,8,2.6,19,1879,1904,0,1676,7691,6726,1529,2303,462,206,107,1301,257,,840,238,0.342,0.423,0.52,0.943,171,*3O/15H,broutda01,1B
9,Goose Goslin,0,43.5,5450,0,66,0.984,54.7,4.7,61.3,-4.7,29.4,0,0,3,0.91,0,3,4,1.9,18,1921,1938,1,2287,9831,8656,1482,2735,500,173,248,1612,176,94,949,585,0.316,0.387,0.5,0.887,128,*79H8/35,gosligo01,LF
4,Cap Anson,0,41.8,5853,0,94.5,0.994,68.1,6.1,91.6,5,55.3,0,0,0,0,0,2,8,2.3,27,1871,1897,0,2524,11331,10281,1999,3435,582,142,97,2075,277,16,984,330,0.334,0.394,0.447,0.841,142,*352O/461,ansonca01,1B
22,Bobby Abreu,0,41.6,5902,0,60.2,0.958,50.9,4,61.6,-10.9,28.3,0,0,0,0.17,0,0,1,0.4,18,1996,2014,2,2425,10081,8480,1453,2470,574,59,288,1363,400,128,1476,1840,0.291,0.395,0.475,0.87,128,*9DH7/8,abreubo01,RF
11,Edgar Martínez,0,43.7,5050,2.5,68.4,0.98,56,5.4,66.9,-9,38.5,0,1,2,1.01,0,1,2,1.2,18,1987,2004,7,2055,8674,7213,1219,2247,514,15,309,1261,49,30,1283,1202,0.312,0.418,0.515,0.933,147,*D*5H/3,martied01,3B
9,Ozzie Smith,0,42.5,4736,7.5,76.9,0.984,59.7,4.8,48.8,44.2,42,0,1,1,0.65,0,2,5,1.5,19,1978,1996,15,2573,10778,9396,1257,2460,402,69,28,793,580,148,1072,589,0.262,0.337,0.328,0.666,87,*6H,smithoz01,SS
15,Joe Jackson,0,52,3298,0,61.4,0.972,56.7,7.5,60.5,-6.1,39.4,0,3,4,1.59,0,3,6,1.9,13,1908,1920,0,1332,5697,4981,873,1772,307,168,54,792,202,81,519,233,0.356,0.423,0.517,0.94,170,*9*783/H,jacksjo01,RF
10,Manny Ramirez,1,40,6193,0,69.3,0.982,54.6,4.9,81.8,-21.7,35.7,0,4,9,3.06,0,1,1,0.6,19,1993,2011,12,2302,9774,8244,1544,2574,547,20,555,1831,38,33,1329,1813,0.312,0.411,0.585,0.996,154,*7*9*DH,ramirma02,LF
13,Larry Walker,0,44.7,5047,0,72.7,0.976,58.7,5.9,62.8,2,48.3,1,2,4,1.63,1,1,3,1.5,17,1989,2005,5,1988,8030,6907,1355,2160,471,62,383,1311,230,76,913,1231,0.313,0.4,0.565,0.965,141,*9H387/D45,walkela01,RF
21,Dave Winfield,0,37.9,6660,0,64.2,0.96,51.1,3.5,74.1,-22.7,24.1,0,3,7,2.2,1,1,1,0.9,22,1973,1995,12,2973,12358,11003,1669,3110,540,88,465,1833,223,96,1216,1686,0.283,0.353,0.475,0.827,130,*9*7*D8H/35,winfida01,RF
10,Kenny Lofton,0,43.4,5000,2.5,68.4,0.982,55.9,5.3,58,15.5,38.4,0,1,1,0.58,1,2,3,1.6,17,1991,2007,6,2103,9235,8120,1528,2428,383,116,130,781,622,160,945,1016,0.299,0.372,0.423,0.794,107,*8H7/D9,loftoke01,CF
14,Ken Boyer,0,46.3,4261,2.5,62.9,0.974,54.6,5,55.9,10.7,31.6,1,1,4,1.6,0,3,5,1.8,15,1955,1969,11,2034,8274,7455,1104,2143,318,68,282,1141,105,77,713,1017,0.287,0.349,0.462,0.81,116,*58H36,boyerke01,3B
12,Billy Williams,0,41.4,5734,0,63.6,0.978,52.5,4.1,66.5,-18,27.1,0,2,3,1.61,0,0,3,0.7,18,1959,1976,6,2488,10519,9350,1410,2711,434,88,426,1475,90,49,1045,1046,0.29,0.361,0.492,0.853,133,*7*9D3H8,willibi01,LF
11,Bill Dahlen,0,40.4,5064,7.5,74.9,0.98,57.7,5,62.3,28.5,39.1,0,0,0,0,0,0,2,0.7,21,1891,1911,0,2444,10444,9036,1590,2461,413,163,84,1234,548,,1064,759,0.272,0.358,0.382,0.74,109,*65O/4H7,dahlebi01,SS
18,Ichiro Suzuki,0,43.7,5150,0,60,0.966,51.9,3.7,47.8,5.4,24.4,1,1,4,1.38,1,2,2,1.5,19,2001,2019,10,2653,10734,9934,1420,3089,362,96,117,780,509,117,647,1080,0.311,0.355,0.402,0.757,107,*9*8H7D/1,suzukic01,RF
12,Richie Ashburn,0,44.5,4628,2.5,64.3,0.978,54.4,4.8,58.3,5.4,29.1,0,0,2,0.62,0,2,6,1.5,15,1948,1962,6,2189,9737,8365,1322,2574,317,109,29,586,234,117,1198,571,0.308,0.396,0.382,0.778,111,*8H79/4,ashburi01,CF
25,Gary Sheffield,1,38,6465,0,60.5,0.952,49.3,3.8,80.8,-27.7,26,0,3,6,2.48,0,1,2,0.7,22,1988,2009,9,2576,10947,9217,1636,2689,467,27,509,1676,253,104,1475,1171,0.292,0.393,0.514,0.907,140,*9*7*5*D6H/3,sheffga01,RF
8,Bobby Grich,0,46.4,4110,2.5,71.1,0.986,58.7,5.7,62.6,16.8,43.5,0,0,2,0.43,0,2,4,1.7,17,1970,1986,6,2008,8220,6890,1033,1833,320,47,224,864,104,83,1087,1278,0.266,0.371,0.424,0.794,125,*463H5/D,grichbo01,2B
4,Carlton Fisk,0,37.6,4976,12.5,68.5,0.994,53,4.4,66.3,17.1,35.4,0,2,4,1.28,0,1,3,0.8,24,1969,1993,11,2499,9853,8756,1276,2356,421,47,376,1330,128,58,849,1386,0.269,0.341,0.457,0.797,117,*2DH7/35,fiskca01,C
16,Pee Wee Reese,0,42.1,4480,7.5,68.5,0.97,55.3,5.1,57.7,25.6,33.7,0,1,8,1.76,0,2,5,1.5,16,1940,1958,10,2166,9472,8058,1338,2170,330,80,126,885,232,99,1210,890,0.269,0.366,0.377,0.743,99,*65H,reesepe01,SS
17,Dick Allen,0,45.9,4406,0,58.7,0.968,52.3,5.4,70.2,-16.3,32.9,1,2,3,1.63,0,2,3,1.4,15,1963,1977,7,1749,7315,6332,1099,1848,320,79,351,1119,133,52,894,1556,0.292,0.378,0.534,0.912,156,*3*57H/4D68,allendi01,1B
14,Billy Hamilton,0,42.9,4819,2.5,63.9,0.974,53.4,6.5,62.5,-5.2,40.1,0,0,0,0,0,0,3,0.8,14,1888,1901,0,1594,7619,6283,1697,2164,242,95,40,742,914,,1189,362,0.344,0.455,0.432,0.888,141,*O8/H,hamilbi01,CF
10,Scott Rolen,0,43.6,4645,2.5,70.1,0.982,56.9,5.6,52.8,21.2,44,0,1,1,0.57,0,1,3,0.9,17,1996,2012,7,2038,8518,7398,1211,2077,517,43,316,1287,118,49,899,1410,0.281,0.364,0.49,0.855,122,*5/H,rolensc01,3B
12,Graig Nettles,0,42.4,4899,2.5,68,0.978,55.2,4.1,52.8,21.4,32.8,0,1,2,0.56,0,2,2,1.3,22,1967,1988,6,2700,10228,8986,1193,2225,328,28,390,1314,32,36,1088,1209,0.248,0.329,0.421,0.75,110,*5H7/39D68,nettlgr01,3B
23,Vladimir Guerrero,0,41.2,5424,0,59.5,0.956,50.3,4.5,59.1,-10,29.5,1,4,6,2.94,0,2,4,1.1,16,1996,2011,9,2147,9059,8155,1328,2590,477,46,449,1496,181,94,737,985,0.318,0.379,0.553,0.931,140,*9*DH/87,guerrvl01,RF
16,Tony Gwynn,0,41.3,5368,0,69.2,0.97,55.2,4.6,67.1,-7.5,36.8,0,1,7,1.93,1,2,4,1.8,20,1982,2001,15,2440,10232,9288,1383,3141,543,85,135,1138,319,125,790,434,0.338,0.388,0.459,0.847,132,*98H7/D,gwynnto01,RF
27,Jason Giambi,1,42.2,5139,0,50.5,0.948,46.3,3.6,58.4,-19.7,19.6,1,3,4,2.19,1,2,3,1.6,20,1995,2014,5,2260,8908,7267,1227,2010,405,9,440,1441,20,12,1366,1572,0.277,0.399,0.516,0.916,139,*3*DH75/9,giambja01,1B
21,Hank Greenberg,0,46.5,4052,0,55.5,0.96,51,6.5,54,-4.4,34.6,2,4,6,3.69,0,2,6,2.2,13,1930,1947,4,1394,6098,5193,1046,1628,379,71,331,1274,58,30,852,844,0.313,0.412,0.605,1.017,159,*37/H,greenha01,1B
15,Jim Edmonds,0,42.6,4680,2.5,60.4,0.972,51.5,4.9,57.2,6.4,35,0,2,2,0.9,0,0,3,0.6,17,1993,2010,4,2011,7980,6858,1251,1949,437,25,393,1199,67,50,998,1729,0.284,0.376,0.527,0.903,132,*8H739/D,edmonji01,CF
18,José Ramírez,0,44.6,4093,2.5,59.7,0.966,52.1,5.8,56.2,6.4,36.6,0,6,8,3.61,0,2,7,2.1,14,2013,2026,7,1658,6976,6149,1031,1711,408,43,293,971,307,64,702,831,0.278,0.354,0.502,0.855,131,*5D467/H,ramirjo01,3B
27,Dale Murphy,0,41.2,4880,2.5,46.5,0.948,43.9,3.5,48.9,-6.8,16.4,2,2,4,2.31,0,3,4,1.7,18,1976,1993,7,2180,9041,7960,1197,2111,350,39,398,1266,161,68,986,1748,0.265,0.346,0.469,0.815,121,*8*9372H,murphda05,CF
20,Nolan Arenado,0,44.2,4146,2.5,59.5,0.962,51.8,5.3,42.1,21.3,35,0,4,6,2.58,0,3,5,1.9,14,2013,2026,8,1831,7681,6954,1017,1961,412,34,360,1209,32,23,593,1127,0.282,0.339,0.506,0.845,119,*5D/H,arenano01,3B
14,Sam Crawford,0,40,5455,0,75.9,0.974,58,4.9,81.1,-18.1,35.6,0,1,1,0.75,0,0,2,0.8,19,1899,1917,0,2517,10628,9570,1391,2961,458,309,97,1523,367,43,760,580,0.309,0.362,0.452,0.814,144,*9*83H7,crawfsa01,RF
17,Jim Wynn,0,43.3,4350,2.5,55.9,0.968,49.6,4.7,57.8,-6.4,28.8,0,1,1,0.53,0,0,3,0.6,15,1963,1977,3,1920,8011,6653,1105,1665,285,39,291,964,225,101,1224,1427,0.25,0.366,0.436,0.802,129,*8*97HD/65,wynnji01,CF
14,Bobby Wallace,0,42,4063,7.5,70.4,0.974,56.2,4.8,56.9,28.7,37.4,0,0,0,0,0,1,3,1.3,25,1894,1918,0,2383,9635,8618,1057,2309,391,143,34,1121,201,10,774,560,0.268,0.332,0.358,0.69,105,*6*514/HO39,wallabo01,SS
18,Mark McGwire,1,41.9,4968,0,62.1,0.966,52,5.4,65.4,-12.2,37.1,0,3,5,1.94,0,1,3,0.8,16,1986,2001,12,1874,7660,6187,1167,1626,252,6,583,1414,12,8,1317,1596,0.263,0.394,0.588,0.982,163,*3HD/59,mcgwima01,1B
20,Vada Pinson,0,39.9,5143,2.5,54.2,0.962,47,3.6,54.9,-5.6,16.5,0,1,2,0.64,0,1,2,0.7,18,1958,1975,4,2469,10405,9645,1365,2757,485,127,256,1169,305,122,574,1196,0.286,0.327,0.442,0.769,111,*8*97H/3D,pinsova01,CF
6,Yogi Berra,0,38,4377,12.5,59.5,0.99,48.8,4.5,56.3,9.2,34,3,7,7,3.98,0,1,6,1.5,19,1946,1965,18,2120,8364,7555,1175,2150,321,49,358,1430,30,26,704,414,0.285,0.348,0.482,0.83,125,*2H79/35,berrayo01,C
19,Manny Machado,0,42.6,4460,2.5,61.6,0.964,52.1,5.1,51.6,14.7,34.2,0,4,5,2.18,0,4,4,2,15,2012,2026,7,1939,8383,7585,1106,2098,401,18,375,1164,114,42,686,1475,0.277,0.336,0.483,0.819,123,*56D/H,machama01,3B
13,Home Run Baker,0,47.1,3355,2.5,62.6,0.976,54.8,6.4,59.2,9.6,36.7,0,2,3,1,0,2,6,1.5,13,1908,1922,0,1575,6677,5984,887,1838,315,103,96,991,235,54,473,344,0.307,0.363,0.442,0.805,135,*5H,bakerfr01,3B
16,Sal Bando,0,44.4,3987,2.5,61.5,0.97,53,4.9,58.3,8.5,32.7,0,3,3,1.37,0,1,3,1,16,1966,1981,4,2019,8289,7060,982,1790,289,38,242,1039,75,46,1031,923,0.254,0.352,0.408,0.76,119,*5DH/36471,bandosa01,3B
7,Joe Mauer,0,39.1,4031,12.5,55.6,0.988,47.4,4.8,53,3.4,27.9,1,2,4,2.04,0,1,2,1,15,2004,2018,6,1858,7960,6930,1018,2123,428,30,143,923,52,19,939,1034,0.306,0.388,0.439,0.827,124,*2*3*DH/9,mauerjo01,C
24,Harmon Killebrew,0,38.2,5721,0,60.4,0.954,49.3,4,71.5,-18.7,28.1,1,6,7,3.23,0,0,4,1,22,1954,1975,13,2435,9833,8147,1283,2086,290,24,573,1584,19,18,1559,1699,0.256,0.376,0.509,0.884,143,*3*5*7DH/49,killeha01,1B
19,Freddie Freeman,0,39.4,5410,0,64.5,0.964,51.9,4.7,65.5,-13,34.9,1,5,8,3.52,0,3,4,1.9,17,2010,2026,9,2224,9558,8287,1396,2475,558,34,371,1342,105,32,1091,1791,0.299,0.385,0.509,0.894,141,*3/H5D,freemfr01,1B
19,Francisco Lindor,0,42.4,3742,7.5,56,0.964,49.2,5.8,50.8,14.4,34,0,2,7,1.98,0,1,4,1.3,12,2015,2026,5,1559,6953,6179,1025,1685,341,28,281,861,218,52,599,1139,0.273,0.342,0.473,0.815,120,*6/DH,lindofr01,SS
26,Joe Torre,0,37.3,4362,12.5,57.6,0.95,47.5,4.2,59.7,-0.3,26.8,1,2,2,1.46,0,0,0,0.3,18,1960,1977,9,2209,8802,7874,996,2342,344,59,252,1185,23,29,779,1094,0.297,0.365,0.452,0.817,129,*2*3*5H/7,torrejo01,C
22,Darrell Evans,0,37.2,5569,2.5,58.7,0.958,48,3.5,54.3,0.2,24.2,0,0,0,0.17,0,1,2,0.8,21,1969,1989,2,2687,10737,8973,1344,2223,329,36,414,1354,98,68,1605,1410,0.248,0.361,0.431,0.792,119,*5*3DH7/6,evansda01,3B
28,Andrew McCutchen,0,38.3,5241,2.5,49.1,0.946,43.7,3.5,57.3,-10.9,18.9,1,4,4,2.5,0,2,3,1.4,18,2009,2026,5,2293,9776,8412,1296,2280,453,50,333,1157,220,90,1189,1912,0.271,0.365,0.456,0.82,124,*8*D79H,mccutan01,CF
19,César Cedeño,1,41.4,4454,2.5,53.1,0.964,47.3,4.3,53.5,-4.2,26.5,0,0,1,0.51,0,1,3,1,17,1970,1986,4,2006,8133,7310,1084,2087,436,60,199,976,550,179,664,938,0.285,0.347,0.443,0.79,123,*8397H,cedence01,CF
21,Evan Longoria,0,42.3,4227,2.5,58.9,0.96,50.6,4.8,48.8,13.8,30.9,0,0,3,0.7,0,2,3,1.3,16,2008,2023,3,1986,8206,7306,1017,1930,431,26,342,1159,58,19,730,1696,0.264,0.333,0.471,0.804,119,*5DH/6,longoev01,3B
19,Jose Altuve,0,40.2,4734,2.5,53.3,0.964,46.7,4.3,63.5,-5,24.6,1,3,4,2.07,1,2,2,1.5,16,2011,2026,9,2018,8881,8044,1263,2428,465,32,259,901,326,98,674,1174,0.302,0.36,0.464,0.824,127,*4D7/H6,altuvjo01,2B
17,Dwight Evans,0,37.4,5699,0,67.2,0.968,52.3,4.2,60.5,-3.7,33.1,0,2,4,1.06,1,1,2,1.2,20,1972,1991,3,2606,10569,8996,1470,2446,483,73,385,1384,78,59,1391,1697,0.272,0.37,0.47,0.84,127,*9D3H78,evansdw01,RF
25,Nomar Garciaparra,0,43.1,3406,7.5,44.3,0.952,43.7,5,43,6.5,24.3,0,1,5,1.67,0,0,6,1.2,14,1996,2009,6,1434,6116,5586,927,1747,370,52,229,936,95,31,403,554,0.313,0.361,0.521,0.882,124,*635H/D4,garcino01,SS
17,Joe Gordon,0,44.8,3505,2.5,55.6,0.968,50.2,5.8,40,22.4,35.4,1,1,5,1.57,0,4,6,2.4,11,1938,1950,9,1566,6537,5707,914,1530,264,52,253,975,89,60,759,702,0.268,0.357,0.466,0.822,120,*43/H6,gordojo01,2B
15,Buddy Bell,0,40.5,4545,2.5,66.4,0.972,53.4,4.5,48.1,23.8,32.7,0,0,1,0.18,0,1,4,1.2,18,1972,1989,5,2405,10009,8995,1151,2514,425,56,201,1106,55,79,836,776,0.279,0.341,0.406,0.747,109,*598H6/D374,bellbu01,3B
24,Bobby Bonds,0,41.1,4691,0,57.8,0.954,49.4,5.1,51.9,-1.8,31.9,0,2,2,1.01,0,1,2,0.6,14,1968,1981,3,1849,8090,7043,1258,1886,302,66,332,1024,461,169,914,1757,0.268,0.353,0.471,0.824,129,*98D7H,bondsbo01,RF
31,David Ortiz,0,35.1,6101,0,55.1,0.94,45.1,3.7,56.7,-21.1,20,0,5,7,2.95,0,0,2,0.5,20,1997,2016,10,2408,10091,8640,1419,2472,632,19,541,1768,17,9,1319,1750,0.286,0.38,0.552,0.931,141,*D3H,ortizda01,1B
11,Ted Simmons,0,34.8,4669,12.5,50.4,0.98,42.6,3.3,53.6,5.2,19.1,0,0,3,0.68,0,0,1,0.3,21,1968,1988,8,2456,9685,8680,1074,2472,483,47,248,1389,21,33,855,694,0.285,0.348,0.437,0.785,118,*2DH37/59,simmote01,C
32,Fred McGriff,0,36,5835,0,52.6,0.938,44.3,3.5,56.1,-17.3,19.8,0,1,6,1.41,0,1,1,0.6,19,1986,2004,5,2460,10174,8757,1349,2490,441,24,493,1550,72,38,1305,1882,0.284,0.377,0.509,0.886,134,*3DH,mcgrifr01,1B
13,Lou Whitaker,0,37.9,4991,2.5,75.1,0.976,56.5,5.1,67.7,16.2,42.7,0,0,1,0.21,0,0,2,0.5,19,1977,1995,5,2390,9967,8570,1386,2369,420,65,244,1084,143,75,1197,1099,0.276,0.363,0.426,0.789,117,*4HD,whitalo01,2B
13,Jesse Burkett,0,38.3,5177,0,63.9,0.976,51.1,5,65.6,-12.3,27.7,0,0,0,0,0,0,2,0.6,16,1890,1905,0,2067,9641,8426,1720,2850,320,182,75,952,389,,1029,613,0.338,0.415,0.446,0.861,140,*O*7/1456,burkeje01,LF
22,Keith Hernandez,0,41.3,4382,0,60.4,0.958,50.8,4.7,46.3,1.3,32,1,3,4,2.09,0,2,5,1.6,17,1974,1990,5,2088,8553,7370,1124,2182,426,60,162,1071,98,63,1070,1012,0.296,0.384,0.436,0.821,128,*3H/79,hernake01,1B
29,Bernie Williams,0,37.6,4972,2.5,49.6,0.944,43.6,3.9,63.2,-9.5,18.7,0,0,2,0.51,0,0,1,0.3,16,1991,2006,5,2076,9053,7869,1366,2336,449,55,287,1257,147,87,1069,1212,0.297,0.381,0.477,0.858,125,*8D9H/7,willibe02,CF
15,Willie Stargell,0,38,5144,0,57.7,0.972,47.8,4,64.2,-19.4,26.8,1,4,7,3.3,0,1,2,0.8,21,1962,1982,7,2360,9027,7927,1194,2232,423,55,475,1540,17,16,937,1936,0.282,0.36,0.529,0.889,147,*7*3H9/8,stargwi01,LF
23,Bill Terry,0,43.3,3845,0,56.6,0.956,49.9,5.3,49.8,-0.3,33.6,0,4,7,3.45,2,3,4,2.8,14,1923,1936,3,1721,7111,6428,1120,2193,373,112,154,1078,56,63,537,449,0.341,0.393,0.506,0.899,136,*3H/97,terrybi01,1B
30,Tony Pérez,0,36.4,5506,0,53.9,0.942,45.2,3.1,50.9,-6.6,17.9,0,1,4,0.93,0,1,1,0.7,23,1964,1986,7,2777,10861,9778,1272,2732,505,79,379,1652,49,33,925,1867,0.279,0.341,0.463,0.804,122,*3*5HD/4,perezto01,1B
16,Willie Davis,0,38.9,4594,2.5,60.8,0.97,49.8,4.1,47.9,11.1,26.4,0,0,0,0.1,0,1,1,0.6,18,1960,1979,2,2429,9822,9174,1217,2561,395,138,182,1053,398,131,418,977,0.279,0.311,0.412,0.723,106,*8H9/7D,daviswi02,CF
43,Dave Parker,0,37.4,5242,0,40.1,0.916,38.8,2.6,41.7,-14.8,6.5,1,5,6,3.19,0,2,3,1.4,19,1973,1991,7,2466,10184,9358,1272,2712,526,75,339,1493,154,113,683,1537,0.29,0.339,0.471,0.81,121,*9*DH78/34,parkeda01,RF
18,Jack Glasscock,0,41,3443,7.5,62,0.966,51.5,5.8,50.7,22.3,35.6,0,0,0,0,0,1,6,1.4,17,1879,1895,0,1737,7552,7033,1164,2041,313,98,27,827,372,,440,212,0.29,0.337,0.374,0.712,112,*64/531O,glassja01,SS
19,Lance Berkman,0,39.2,4772,0,51.9,0.964,45.6,4.5,54.1,-11.1,28.2,0,4,6,2,0,0,2,0.6,15,1999,2013,6,1879,7814,6491,1146,1905,422,30,366,1234,86,48,1201,1300,0.293,0.406,0.537,0.943,144,*3*7*98DH,berkmla01,1B
25,John Olerud,0,39,4816,0,58.1,0.952,48.6,4.2,48.6,-1.4,27.4,0,1,1,0.59,0,2,2,1.1,17,1989,2005,2,2234,9063,7592,1139,2239,500,13,255,1230,11,14,1275,1016,0.295,0.398,0.465,0.863,129,*3DH,olerujo01,1B
21,Ralph Kiner,0,42.8,3885,0,48.1,0.96,45.4,5.3,53,-10.7,24.3,0,2,5,1.31,0,3,4,1.9,10,1946,1955,6,1472,6256,5205,971,1451,216,39,369,1015,22,18,1011,749,0.279,0.398,0.548,0.946,149,*783H,kinerra01,LF
30,Miguel Tejada,1,36.6,4480,7.5,47.1,0.942,41.9,3.5,51.9,6.7,15.9,1,2,2,1.41,0,1,2,0.7,16,1997,2013,6,2171,9205,8434,1230,2407,468,23,307,1302,85,38,553,1079,0.285,0.336,0.456,0.791,108,*654/HD3,tejadmi01,SS
22,Jim Fregosi,0,40.9,3390,7.5,48.7,0.958,44.8,4.1,50.2,7.9,24.4,0,0,1,0.52,0,2,4,1.6,18,1961,1978,6,1902,7404,6523,844,1726,264,78,151,706,76,40,715,1097,0.265,0.338,0.398,0.736,113,*635HD/74,fregoji01,SS
22,Jeff Kent,0,35.8,5141,2.5,55.4,0.958,45.6,3.9,60.1,-0.1,26.6,1,1,4,1.59,0,2,2,0.8,17,1992,2008,5,2298,9537,8498,1320,2461,560,47,377,1518,94,60,801,1522,0.29,0.356,0.5,0.855,123,*453H/D6,kentje01,2B
22,Earl Averill,0,39.2,4234,2.5,51.6,0.958,45.4,5,54.8,-5.3,25.9,0,3,5,2,0,0,4,0.9,13,1929,1941,6,1669,7221,6353,1224,2019,401,128,238,1164,70,58,774,518,0.318,0.395,0.534,0.928,133,*8H79,averiea01,CF
21,Bert Campaneris,0,36.7,4238,7.5,53.1,0.96,44.9,3.7,47.6,21.1,21.3,0,0,1,0.42,0,0,1,0.5,19,1964,1983,6,2328,9625,8684,1181,2249,313,86,79,646,649,199,618,1142,0.259,0.311,0.342,0.653,89,*6H574/D83219,campabe01,SS
28,Bryce Harper,0,38.3,4721,0,55.2,0.946,46.7,4.9,54.6,-7.2,30.6,2,2,3,2.28,1,1,1,1,15,2012,2026,8,1833,7866,6608,1183,1849,410,25,375,1081,155,53,1132,1689,0.28,0.386,0.52,0.906,142,*9*3D78/H,harpebr03,RF
34,Jimmy Rollins,0,32.7,5172,7.5,47.9,0.934,40.3,3.4,43.7,16.3,18.4,1,1,2,0.91,0,0,1,0.2,17,2000,2016,3,2275,10240,9294,1421,2455,511,115,231,936,470,105,813,1264,0.264,0.324,0.418,0.743,95,*6H/D4,rolliji01,SS
11,Fred Clarke,0,36.8,5064,0,69.1,0.98,52.9,5,60.1,-2.8,36.3,0,0,0,0,0,0,2,0.5,21,1894,1915,0,2246,9871,8584,1622,2678,361,220,67,1015,509,0,875,511,0.312,0.386,0.429,0.814,133,*O*7H/6958,clarkfr01,LF
18,Minnie Miñoso,0,39.8,4317,0,53.3,0.966,46.6,4.4,50.8,-5.6,28.5,0,4,5,1.9,1,1,6,2,20,1946,1980,13,1948,8233,7059,1228,2113,365,95,195,1089,216,130,848,584,0.299,0.387,0.461,0.848,130,*759H8/36D,minosmi01,LF
23,Robin Ventura,0,38.7,4232,2.5,56.1,0.956,47.4,4.4,41.3,17.9,28.5,0,0,1,0.26,0,0,1,0.4,16,1989,2004,2,2079,8271,7064,1006,1885,338,14,294,1182,24,38,1075,1179,0.267,0.362,0.444,0.806,114,*53H/D416,venturo01,3B
24,Johnny Damon,0,32.9,5625,2.5,56.3,0.954,44.6,3.7,56,-2,19.3,0,0,0,0.07,0,0,1,0.2,18,1995,2012,2,2490,10917,9736,1668,2769,522,109,235,1139,408,103,1003,1257,0.284,0.352,0.433,0.785,104,*8*7*D9H/3,damonjo01,CF
26,Luis Gonzalez,1,33.8,5668,0,51.7,0.95,42.7,3.2,42.4,-0.7,19.8,0,1,1,0.62,0,1,2,0.6,19,1990,2008,5,2591,10531,9157,1412,2591,596,68,354,1439,128,87,1155,1218,0.283,0.367,0.479,0.845,119,*7H/D9835,gonzalu01,LF
26,Fred Lynn,0,38.3,4281,2.5,50.2,0.95,44.3,4.1,53.4,-3.1,24.2,1,2,2,1.4,1,1,2,1.1,17,1974,1990,9,1969,7923,6925,1063,1960,388,43,306,1111,72,54,857,1116,0.283,0.36,0.484,0.845,129,*897HD,lynnfr01,CF
8,Bill Dickey,0,35.4,3776,12.5,56.4,0.986,45.9,5.1,52,10.2,31.7,0,3,5,2.07,0,0,1,0.4,17,1928,1946,11,1789,7065,6300,930,1969,343,72,202,1209,36,32,678,289,0.313,0.382,0.486,0.868,127,*2H,dickebi01,C
17,Joe Medwick,0,39.3,4331,0,54.4,0.968,46.9,4.4,50.1,-4.8,26.6,1,3,4,2.39,1,1,4,1.5,17,1932,1948,10,1984,8143,7635,1198,2471,540,113,205,1383,42,37,437,551,0.324,0.362,0.505,0.867,134,*7H9/38,medwijo01,LF
20,Joe Sewell,0,37.5,3861,7.5,54.9,0.962,46.2,4.7,55.2,9.1,23.4,0,2,4,1.08,0,0,3,0.7,14,1920,1933,0,1903,8333,7132,1141,2226,436,68,49,1054,74,74,842,114,0.312,0.391,0.413,0.804,109,*6*5H/4,seweljo01,SS
23,Marcus Semien,0,41,3610,2.5,49.7,0.956,45.3,4.8,43.5,14.1,26.3,0,3,3,1.6,0,3,3,2,14,2013,2026,3,1676,7261,6536,986,1652,330,36,256,818,144,41,644,1343,0.253,0.32,0.432,0.752,108,*4*65/HD,semiema01,2B
23,Max Carey,0,33.6,5390,2.5,55.7,0.956,44.7,3.7,47.2,-0.1,22.2,0,0,0,0.22,0,0,4,0.9,20,1910,1929,0,2476,10772,9363,1545,2665,419,159,70,802,738,127,1040,695,0.285,0.361,0.386,0.747,108,*8*79H,careyma01,CF
19,Reggie Smith,0,38.6,4466,0,64.6,0.964,51.6,5.3,56.3,2.9,37.4,0,2,2,1.01,0,0,1,0.4,17,1966,1982,7,1987,8051,7033,1123,2020,363,57,314,1092,137,86,890,1030,0.287,0.366,0.489,0.855,137,*9*83H/5D47,smithre06,RF
21,Ian Kinsler,0,38.4,4204,2.5,53.8,0.96,46.1,4.6,44.8,14.9,26.2,0,0,0,0.07,0,0,1,0.3,14,2006,2019,4,1888,8299,7423,1243,1999,416,41,257,909,243,74,693,1046,0.269,0.337,0.44,0.777,107,*4DH/51,kinslia01,2B
18,Larry Doby,0,39.4,3945,2.5,56.7,0.966,48,5.5,54.8,0.8,36.1,0,1,2,0.95,0,4,6,2.6,17,1942,1959,9,1674,6920,5883,1080,1697,276,72,273,1099,64,36,945,1011,0.288,0.389,0.499,0.888,140,*849H/7635,dobyla01,CF
28,David Wright,0,39.5,3903,2.5,49.1,0.946,44.3,5,51.9,0.3,28.6,0,1,4,1.07,0,2,3,1.5,14,2004,2018,7,1585,6872,5998,949,1777,390,26,242,970,196,65,762,1292,0.296,0.376,0.491,0.867,133,*5/HD6,wrighda03,3B
9,Mickey Cochrane,0,36.6,3391,12.5,49.8,0.984,43.2,5.4,53.8,0.7,26.6,2,3,7,2.92,0,0,2,0.5,13,1925,1937,2,1482,6211,5169,1041,1652,333,64,119,830,64,47,857,217,0.32,0.419,0.478,0.897,129,*2H/7,cochrmi01,C
14,Sherry Magee,0,38.7,4352,0,60,0.974,49.3,4.7,57.7,-8.4,32,0,0,1,0.22,0,2,2,1.5,16,1904,1919,0,2087,8560,7441,1112,2169,425,166,83,1176,441,20,736,624,0.291,0.364,0.427,0.79,137,*7839H6/45,mageesh01,LF
25,Ryan Braun,1,38.8,4327,0,47.2,0.952,43,4.3,50.2,-9.7,24.7,1,3,3,1.96,0,2,2,0.9,14,2007,2020,6,1766,7340,6622,1080,1963,408,49,352,1154,216,60,586,1363,0.296,0.358,0.532,0.891,134,*795HD/38,braunry02,LF
27,Enos Slaughter,0,37.3,4688,0,57.5,0.948,47.4,3.9,56.2,-8.2,24.4,0,3,5,2.1,0,1,2,1,19,1938,1959,10,2380,9087,7946,1247,2383,413,148,169,1304,71,60,1018,538,0.3,0.382,0.453,0.834,124,*9*7*H/8,slaugen01,RF
38,Lou Brock,0,32,5937,0,45.3,0.926,38.6,2.8,49,-16.9,8.3,0,1,5,1.6,0,0,0,0.2,19,1961,1979,6,2616,11240,10332,1610,3023,486,141,149,900,938,307,761,1730,0.293,0.343,0.41,0.753,109,*79H8,brocklo01,LF
33,Mark Teixeira,0,38,4477,0,50.5,0.936,44.3,4.4,41.8,-1,23.1,0,1,2,0.86,0,1,1,0.6,14,2003,2016,3,1862,8029,6936,1099,1862,408,18,409,1298,26,7,918,1441,0.268,0.36,0.509,0.869,126,*3D/H957,teixema01,1B
32,Chuck Klein,0,39.1,4202,0,46.4,0.938,42.8,4.3,50.9,-11.9,22.9,1,4,4,2.86,0,2,5,1.7,17,1928,1944,2,1753,7172,6486,1168,2076,398,74,300,1201,79,72,601,521,0.32,0.379,0.543,0.922,137,*97H8/3,kleinch01,RF
28,Jim Rice,0,36.4,4857,0,47.7,0.946,42,3.7,45.8,-8,18.8,1,6,6,3.15,0,1,2,0.9,16,1974,1989,8,2089,9058,8225,1249,2452,373,79,382,1451,58,34,670,1423,0.298,0.352,0.502,0.854,128,*7*D9/H8,riceji01,LF
30,Brett Butler,0,35.4,4763,2.5,49.7,0.942,42.6,3.6,57.9,-6.1,20.5,0,0,1,0.35,0,1,1,0.7,17,1981,1997,1,2213,9545,8180,1359,2375,277,131,54,578,558,257,1129,907,0.29,0.377,0.376,0.753,110,*87H/9D,butlebr01,CF
30,Brian Giles,0,37.4,4571,0,51.1,0.942,44.2,4.5,54.6,-9.1,27.4,0,0,1,0.2,0,0,2,0.5,15,1995,2009,2,1847,7836,6527,1121,1897,411,55,287,1078,109,45,1183,835,0.291,0.4,0.502,0.902,137,*9*7*8HD,gilesbr02,RF
24,Dave Bancroft,0,37.9,3546,7.5,50.4,0.954,44.1,4.3,40.9,23.5,24.3,0,0,2,0.72,0,3,3,1.7,16,1915,1930,0,1913,8250,7182,1048,2004,320,77,32,591,145,90,827,487,0.279,0.355,0.358,0.714,98,*6/H457,bancrda01,SS
29,Josh Donaldson,0,41.7,3223,2.5,46.8,0.944,44.3,5.5,42.7,6.4,27.3,1,3,4,2.22,0,3,4,1.9,13,2010,2023,3,1383,5856,5022,816,1310,287,12,279,816,40,10,725,1221,0.261,0.358,0.489,0.847,129,*5DH/2361,donaljo02,3B
20,Dustin Pedroia,0,40.9,3411,2.5,51.8,0.962,46.4,5.6,41.4,15.5,29.4,1,1,3,1.17,0,2,3,1.3,14,2006,2019,4,1512,6777,6031,922,1805,394,15,140,725,138,46,624,654,0.299,0.365,0.439,0.805,113,*4/HD6,pedrodu01,2B
28,Troy Tulowitzki,0,40.3,2946,7.5,44.8,0.946,42.5,5.6,34.2,17.4,27.8,0,2,3,0.86,0,1,4,1,13,2006,2019,5,1291,5415,4804,762,1391,264,24,225,780,57,32,511,900,0.29,0.361,0.495,0.856,118,*6/HD,tulowtr01,SS
23,Luis Aparicio,0,32.7,4746,7.5,55.9,0.956,44.3,3.5,42.2,31.9,20.5,0,1,2,1.24,0,1,1,0.5,18,1956,1973,13,2599,11231,10230,1335,2677,394,92,83,791,506,136,736,742,0.262,0.311,0.343,0.653,82,*6H,aparilu01,SS
29,Willie Keeler,0,37.1,4581,0,55.3,0.944,46.2,4.2,54.2,-9.9,21.9,0,0,0,0,0,1,1,0.5,19,1892,1910,0,2123,9626,8591,1719,2932,241,145,33,810,495,,524,136,0.341,0.388,0.415,0.802,127,*O*95/H4768,keelewi01,RF
40,Rusty Staub,0,33.3,5487,0,45.7,0.922,39.5,2.5,50.7,-21,7.3,0,1,1,0.37,0,0,1,0.2,23,1963,1985,6,2951,11229,9720,1189,2716,499,47,292,1466,47,33,1255,888,0.279,0.362,0.431,0.793,124,*9*D*H*37/8,staubru01,RF
24,Stan Hack,0,37.4,4146,2.5,55.2,0.954,46.3,4.6,55.6,1.4,27,0,0,2,0.77,0,1,5,1.4,16,1932,1947,4,1938,8509,7278,1239,2193,363,81,57,642,165,155,1092,466,0.301,0.394,0.397,0.791,119,*5H3,hackst01,3B
26,Ron Cey,0,37.1,4222,2.5,53.7,0.95,45.4,4.2,50.6,6.6,26.1,0,0,1,0.25,0,0,2,0.7,17,1971,1987,6,2073,8344,7162,977,1868,328,21,316,1139,24,29,1012,1235,0.261,0.354,0.445,0.799,121,*5HD/3,ceyro01,3B
38,Carlos Delgado,0,34.5,5099,0,44.4,0.926,39.4,3.5,50.9,-17.1,15.6,0,2,4,1.56,0,0,1,0.3,17,1993,2009,2,2035,8657,7283,1241,2038,483,18,473,1512,14,8,1109,1745,0.28,0.383,0.546,0.929,138,*3D7H/2,delgaca01,1B
45,Hanley Ramírez,0,35.2,4027,7.5,38.3,0.912,36.7,3.7,49.7,-8.4,16.1,0,1,3,0.89,0,1,2,0.6,15,2005,2019,3,1668,7127,6349,1049,1834,375,32,271,917,281,93,660,1234,0.289,0.36,0.486,0.847,124,*6D357H,ramirha01,SS
26,Elmer Flick,0,41.4,3419,0,53.4,0.95,47.4,5.8,51.1,-5.5,30,0,0,0,0,0,2,5,1.3,13,1898,1910,0,1483,6434,5597,950,1752,268,164,48,756,330,,597,567,0.313,0.389,0.445,0.834,148,*98/4H7,flickel01,RF
25,Kirby Puckett,0,37.6,4037,2.5,51.1,0.952,44.4,4.6,53,-0.3,25.7,0,3,7,2.56,0,2,2,1.2,12,1984,1995,10,1783,7831,7244,1071,2304,414,57,207,1085,134,76,450,965,0.318,0.36,0.477,0.837,124,*89D/H7456,puckeki01,CF
28,Chuck Knoblauch,0,38.6,3794,2.5,44.6,0.946,41.6,4.4,42.2,6,20.1,0,0,0,0.05,0,1,3,1.1,12,1991,2002,4,1632,7387,6366,1132,1839,322,64,98,615,407,117,804,730,0.289,0.378,0.406,0.783,106,*47D/H68,knoblch01,2B
16,Willie Randolph,0,36.3,4332,2.5,66,0.97,51.1,4.9,54.4,20.2,36.1,0,0,0,0.04,0,0,1,0.3,18,1975,1992,6,2202,9462,8018,1239,2210,316,65,54,687,271,94,1243,675,0.276,0.373,0.351,0.724,104,*4H/D5,randowi01,2B
18,Billy Herman,0,37.9,3940,2.5,57.7,0.966,47.8,4.9,52.4,12.4,29,0,3,5,2.04,0,3,3,1.3,15,1931,1947,10,1922,8641,7707,1163,2345,486,82,47,839,67,72,737,428,0.304,0.367,0.407,0.774,112,*45/3H,hermabi01,2B
25,Nellie Fox,0,37,4142,2.5,49.3,0.952,43.2,3.4,37.1,21,18.7,1,2,6,2.42,0,2,5,1.4,19,1947,1965,15,2367,10351,9232,1279,2663,355,112,35,790,76,80,719,216,0.288,0.348,0.363,0.71,94,*4H/53,foxne01,2B
24,Bobby Doerr,0,37,4133,2.5,51.4,0.954,44.2,4.5,46.3,13.5,26.8,0,1,2,0.93,0,1,4,1.1,14,1937,1951,9,1865,8030,7093,1094,2042,381,89,223,1247,54,64,809,608,0.288,0.362,0.461,0.823,115,*4/H,doerrbo01,2B
42,Steve Finley,0,32,5321,2.5,44.2,0.918,38.1,2.8,44.5,3.5,12.3,0,0,1,0.13,0,0,0,0.2,19,1989,2007,2,2583,10460,9397,1443,2548,449,124,304,1167,320,118,844,1299,0.271,0.332,0.442,0.775,104,*89H7/D1,finlest01,CF
22,José Cruz,0,36.4,4540,0,54.5,0.958,45.4,3.7,44.8,0.2,24.7,0,1,3,0.96,0,0,2,0.6,19,1970,1988,2,2353,8931,7917,1036,2251,391,94,165,1077,317,136,898,1031,0.284,0.354,0.42,0.774,120,*7*98H/D3,cruzjo01,LF
16,Zack Wheat,0,34.7,4955,0,60.2,0.97,47.4,4,54.7,-6.9,27.9,0,1,2,0.71,0,2,2,1.2,19,1909,1927,0,2410,10007,9106,1289,2884,476,172,132,1248,205,73,650,572,0.317,0.367,0.45,0.817,129,*7H/89,wheatza01,LF
36,Dolph Camilli,0,40.1,3639,0,43.2,0.93,41.6,4.7,40.8,-5,21.4,1,1,2,1.26,0,2,5,1.5,12,1933,1945,2,1490,6354,5353,936,1482,261,86,239,950,60,45,947,961,0.277,0.388,0.492,0.88,136,*3/H,camildo01,1B
27,Ben Zobrist,0,39.6,3452,2.5,44.7,0.948,42.2,4.4,39.2,6.7,21.6,0,0,1,0.13,0,1,3,1.2,14,2006,2019,3,1651,6836,5880,884,1566,349,44,167,768,116,49,832,994,0.266,0.357,0.426,0.783,113,*4*967H8/D351,zobribe01,2B
23,Joe Kelley,0,36.4,4515,0,50.6,0.956,43.5,4.4,50.6,-7.4,23,0,0,0,0,0,0,2,0.4,17,1891,1908,0,1853,8170,7006,1421,2220,358,194,65,1194,443,,911,430,0.317,0.402,0.451,0.853,133,*O*7385/4H69,kellejo01,LF
28,Will Clark,0,36.1,4566,0,56.5,0.946,46.3,4.6,55.5,-10.1,29.1,0,4,4,1.84,0,2,2,1.2,15,1986,2000,6,1976,8283,7173,1186,2176,440,47,284,1205,67,48,937,1190,0.303,0.384,0.497,0.88,137,*3HD,clarkwi02,1B
19,Jorge Posada,0,32.6,3844,12.5,42.7,0.964,37.6,3.8,48.6,2.6,17.3,0,1,2,0.78,0,0,1,0.2,17,1995,2011,5,1829,7150,6092,900,1664,379,10,275,1065,20,21,936,1453,0.273,0.374,0.474,0.848,121,*2DH3/4,posadjo01,C
20,Bob Johnson,0,35.4,4672,0,55.7,0.962,45.6,4.8,54.1,-5.8,28.9,0,1,3,0.77,0,0,2,0.6,13,1933,1945,7,1863,8051,6920,1239,2051,396,95,288,1283,96,64,1075,851,0.296,0.393,0.506,0.899,139,*783/495H,johnsbo01,LF
50,José Bautista,0,38.2,3976,0,36.8,0.902,37.5,3.3,40.3,-7.8,12.7,0,2,4,1.5,0,2,3,1.1,15,2004,2018,6,1798,7244,6051,1022,1496,312,17,344,975,70,32,1032,1394,0.247,0.361,0.475,0.836,124,*9*5DH873/4,bautijo02,RF
14,Buster Posey,0,36.5,2848,12.5,45,0.974,40.8,5.3,40.9,10.1,27.3,1,1,3,1.63,1,1,1,1,12,2009,2021,7,1371,5607,4970,663,1500,293,9,158,729,23,9,540,721,0.302,0.372,0.46,0.831,129,*23HD,poseybu01,C
30,Toby Harrah,0,35.4,4317,2.5,51.5,0.942,43.4,3.9,62.4,-0.8,22.3,0,0,0,0.07,0,1,2,0.6,17,1969,1986,4,2155,8767,7402,1115,1954,307,40,195,918,238,94,1153,868,0.264,0.365,0.395,0.76,114,*5*64H/D9,harrato01,3B
40,Julio Franco,0,30.8,4818,7.5,43.6,0.922,37.2,2.8,48.5,-2.8,12.3,0,0,1,0.18,0,1,1,0.5,23,1982,2007,3,2527,9731,8677,1285,2586,407,54,173,1194,281,107,917,1341,0.298,0.365,0.417,0.782,111,*6*4*3*D*H/579,francju01,SS
33,Curtis Granderson,0,34.8,4445,2.5,47.5,0.936,41.1,3.7,43.6,4.2,19.5,0,1,2,0.69,0,1,1,0.7,16,2004,2019,3,2057,8306,7236,1217,1800,346,95,344,937,153,50,924,1916,0.249,0.337,0.465,0.803,113,*8*97HD,grandcu01,CF
32,Hughie Jennings,0,39.5,2694,7.5,42.4,0.938,41,5.3,38.4,9,23.5,0,0,0,0,0,3,4,1.6,18,1891,1918,0,1284,5648,4895,992,1526,232,88,18,840,359,0,347,234,0.312,0.391,0.406,0.797,117,*6*34/OH597,jennihu01,SS
21,Chet Lemon,0,37.2,3845,2.5,55.7,0.96,46.5,4.5,46.6,9,29.8,0,0,0,0,0,0,3,0.6,16,1975,1990,3,1988,7874,6868,973,1875,396,61,215,884,58,76,749,1024,0.273,0.355,0.442,0.797,121,*8*9HD/547,lemonch01,CF
12,Thurman Munson,0,37,2676,12.5,46.1,0.978,41.5,5.2,43.1,11.9,25.5,1,1,3,1.5,0,0,1,0.3,11,1969,1979,7,1423,5905,5344,696,1558,229,32,113,701,48,50,438,571,0.292,0.346,0.41,0.756,116,*2DH/9375,munsoth01,C
27,John McGraw,0,41.1,2881,2.5,47.7,0.948,44.4,7,48.2,3.1,31.3,0,0,0,0,0,3,3,1.5,17,1891,1907,0,1100,4951,3924,1024,1309,121,70,13,462,436,,836,155,0.334,0.466,0.41,0.876,135,*56O4/H73,mcgrajo01,3B
17,Roy Campanella,0,35,3143,12.5,42,0.968,38.5,4.7,38.6,9,20.7,3,3,4,2.52,0,1,4,1.1,18,1937,1957,11,1449,5727,5030,786,1422,232,31,260,1019,38,20,609,501,0.283,0.363,0.496,0.859,125,*2H/97815,camparo01,C
35,Orlando Cepeda,0,34.6,4689,0,50.2,0.932,42.4,3.8,50.3,-13.8,18.1,1,2,3,1.87,0,1,2,0.5,17,1958,1974,11,2124,8699,7927,1131,2351,417,27,379,1365,142,80,588,1169,0.297,0.35,0.499,0.849,133,*37DH/95,cepedor01,1B
27,Carlos Correa,0,38.4,2843,7.5,47,0.948,42.7,5.9,41.3,13.3,28.8,0,1,1,0.41,0,1,3,1.1,12,2015,2026,3,1285,5485,4838,708,1332,272,13,203,740,34,9,570,1112,0.275,0.352,0.463,0.815,124,*65/HD,correca01,SS
35,Kiki Cuyler,0,35.7,4395,0,48.1,0.932,41.9,4.1,47.5,-5.6,21.9,0,1,3,1.49,0,1,4,1.1,18,1921,1938,1,1879,8100,7161,1305,2299,394,157,128,1065,328,148,676,752,0.321,0.386,0.474,0.86,125,*9*8*7H,cuyleki01,RF
32,George Foster,0,36.9,4087,0,44.3,0.938,40.6,3.6,39,-3.4,18.5,1,3,4,2.37,0,1,2,0.8,18,1969,1986,5,1977,7812,7023,986,1925,307,47,348,1239,51,31,666,1419,0.274,0.338,0.48,0.818,126,*789H/D3,fostege01,LF
26,Tony Phillips,0,34.1,4459,2.5,50.9,0.95,42.5,3.8,47.4,6.2,21.6,0,0,0,0.03,0,0,1,0.2,18,1982,1999,0,2161,9110,7617,1300,2023,360,50,160,819,177,114,1319,1499,0.266,0.374,0.389,0.763,109,*4*7*569D8H/3,phillto02,2B
27,Heinie Manush,0,36,4284,0,48.3,0.948,42.1,3.9,48.5,-7.7,17.1,0,5,5,2.7,0,1,1,0.7,17,1923,1939,1,2008,8422,7654,1288,2524,491,160,110,1183,113,69,506,345,0.33,0.377,0.479,0.856,121,*7*8H9/3,manushe01,LF
25,Jimmy Collins,0,38.3,3398,2.5,53.3,0.952,45.8,5,42.6,16.8,26.4,0,0,0,0,0,1,2,0.7,14,1895,1908,0,1725,7460,6795,1055,1999,352,116,65,983,194,,426,266,0.294,0.343,0.409,0.752,112,*5/OH64,colliji01,3B
31,Bob Elliott,0,35.1,4168,2.5,50.9,0.94,43,4.2,52,-3,21.1,1,1,4,1.21,0,1,2,0.7,15,1939,1953,6,1978,8207,7141,1064,2061,382,94,170,1195,60,53,967,604,0.289,0.375,0.44,0.815,124,*5*9H78/46,elliobo01,3B
33,Vern Stephens,0,34.5,3708,7.5,46.3,0.936,40.4,4.4,46.5,9,24.8,0,3,6,2.12,0,1,3,0.8,15,1941,1955,7,1720,7243,6497,1001,1859,307,42,247,1174,25,22,692,685,0.286,0.355,0.46,0.815,119,*6*5H/79,stephve01,SS
24,Bobby Veach,0,38,3708,0,49,0.954,43.5,4.4,46.1,-6.4,20,0,0,0,0,0,1,2,0.7,14,1912,1925,0,1821,7579,6656,957,2063,393,147,64,1174,195,88,571,370,0.31,0.37,0.442,0.812,127,*7H9/81,veachbo01,LF
34,Juan Soto,0,40.4,3122,0,43.7,0.934,42.1,6.3,46.2,-6.4,28.3,0,4,6,2.52,0,3,3,1.5,9,2018,2026,4,1128,4943,3976,792,1120,203,17,250,713,99,28,916,855,0.282,0.416,0.53,0.946,160,*9*7D/H,sotoju01,RF
38,Tony Oliva,0,38.6,3536,0,43.1,0.926,40.9,4.2,38.4,-4.4,20.2,0,3,5,1.9,0,4,4,1.5,15,1962,1976,8,1676,6880,6301,870,1917,329,48,220,947,86,55,448,645,0.304,0.353,0.476,0.83,131,*9*DH8/7,olivato01,RF
13,Gene Tenace,0,35,2902,12.5,46.8,0.976,40.9,4.9,47.6,1.8,27.9,0,0,0,0.06,0,0,1,0.3,15,1969,1983,1,1555,5527,4390,653,1060,179,20,201,674,36,42,984,998,0.241,0.388,0.429,0.817,136,*2*3H/594D7,tenacge01,C
42,Rabbit Maranville,0,30.6,4553,7.5,44.1,0.918,37.3,2.7,31,30.8,8.3,0,2,5,2.27,0,0,2,0.5,23,1912,1935,0,2670,11260,10078,1256,2605,380,177,28,884,291,150,839,756,0.258,0.318,0.34,0.658,82,*6*4/H5,maranra01,SS
32,Devon White,0,35.5,3965,2.5,47.3,0.938,41.4,3.9,34.2,16.8,21.5,0,0,0,0.04,0,0,0,0.3,17,1985,2001,3,1941,8080,7344,1125,1934,378,71,208,846,346,98,541,1526,0.263,0.319,0.419,0.739,98,*89H7/D,whitede03,CF
38,Xander Bogaerts,0,34.3,3644,7.5,42.9,0.926,38.6,4.1,50.2,2.2,18.8,0,1,2,0.51,0,0,1,0.3,14,2013,2026,4,1712,7253,6515,970,1865,387,18,204,861,133,24,611,1302,0.286,0.35,0.445,0.795,114,*645D/H,bogaexa01,SS
16,Bill Freehan,0,33.7,3152,12.5,44.7,0.97,39.2,4.1,43.3,12,21.2,0,2,3,1.28,0,1,2,0.6,15,1961,1976,11,1774,6900,6073,706,1591,241,35,200,758,24,21,626,753,0.262,0.34,0.412,0.752,112,*23H/D79,freehbi01,C
10,Gabby Hartnett,0,30.7,3875,12.5,55.5,0.982,43.1,4.5,48.1,13.3,31.1,1,2,4,2.64,0,0,0,0.3,20,1922,1941,6,1990,7300,6432,867,1912,396,64,236,1179,28,32,703,697,0.297,0.37,0.489,0.858,126,*2H3,hartnga01,C
29,Roy White,0,37,3852,0,46.8,0.944,41.9,4,44.1,-5.8,20.3,0,0,0,0.15,0,1,2,0.7,15,1965,1979,2,1881,7736,6650,964,1803,300,51,160,758,233,117,934,708,0.271,0.36,0.404,0.764,121,*7HD89/534,whitero01,LF
44,Donie Bush,0,33.7,3729,7.5,40.1,0.914,36.9,3.3,44.2,10.7,8.1,0,1,1,0.42,0,1,1,0.5,16,1908,1923,0,1945,8776,7210,1281,1804,186,74,9,445,406,93,1158,630,0.25,0.356,0.3,0.656,91,*65/4H,bushdo01,SS
42,Albert Belle,1,36,4071,0,40.1,0.918,38.1,4.2,46.2,-12.3,17.2,0,3,5,2.38,0,1,3,0.9,12,1989,2000,5,1539,6676,5853,974,1726,389,21,381,1239,88,41,683,961,0.295,0.369,0.564,0.933,144,*79D/H,belleal01,LF
37,Matt Holliday,0,34.3,4486,0,44.4,0.928,39.4,3.8,49.4,-13.3,19.9,0,1,1,1.02,0,0,1,0.3,15,2004,2018,7,1903,7981,7009,1157,2096,468,32,316,1220,108,37,802,1362,0.299,0.379,0.51,0.889,132,*7DH/3,hollima01,LF
37,Giancarlo Stanton,0,35.4,4205,0,47,0.928,41.2,4.4,42.3,-5,24,1,2,2,1.46,1,2,2,1.3,17,2010,2026,5,1750,7273,6364,951,1642,319,11,456,1183,43,15,811,2088,0.258,0.345,0.527,0.871,136,*9*DH7/8,stantmi03,RF
39,Rocky Colavito,0,35.4,4147,0,44.5,0.924,40,3.9,40.4,-4.6,21.5,0,3,4,1.46,0,3,4,1.3,14,1955,1968,9,1841,7559,6503,971,1730,283,21,374,1159,19,27,951,880,0.266,0.359,0.489,0.848,132,*9*7H/31,colavro01,RF
34,Ellis Burks,0,32,4665,2.5,49.8,0.934,40.9,4,53.8,-6.7,23.4,0,1,1,0.54,0,1,1,0.6,18,1987,2004,2,2000,8177,7232,1253,2107,402,63,352,1206,181,84,793,1340,0.291,0.363,0.51,0.874,126,*8*9*D7H,burksel01,CF
35,Torii Hunter,0,30.8,4943,2.5,50.6,0.932,40.7,3.5,47.5,4.1,16.4,0,0,1,0.37,0,0,0,0.1,19,1997,2015,5,2372,9692,8857,1296,2452,498,39,353,1391,195,99,661,1741,0.277,0.331,0.461,0.793,110,*8*9DH/7,hunteto01,CF
21,Jason Kendall,0,30.4,3794,12.5,41.7,0.96,36,3.2,40.8,13.9,14.6,0,0,0,0,0,0,0,0,15,1996,2010,3,2085,8702,7627,1030,2195,394,35,75,744,189,89,721,686,0.288,0.366,0.378,0.744,95,*2H/79D,kendaja01,C
39,Adrián González,0,34.7,4250,0,43.6,0.924,39.2,3.7,36.1,-3.4,18.4,0,1,3,0.98,0,0,2,0.3,15,2004,2018,5,1929,8046,7139,997,2050,437,12,317,1202,6,7,782,1401,0.287,0.358,0.485,0.843,129,*3HD/9,gonzaad01,1B
31,Sam Rice,0,31.3,5014,0,54.6,0.94,43,3.7,49.1,-4,16.4,0,1,1,0.3,0,0,0,0.1,20,1915,1934,0,2404,10260,9269,1514,2987,498,184,34,1077,351,147,708,275,0.322,0.374,0.427,0.801,112,*9*8H7/1,ricesa01,RF
41,King Kelly,0,31.3,3500,12.5,47,0.92,39.1,5.2,49.9,-1.6,24.3,0,0,0,0,0,1,1,0.6,16,1878,1893,0,1456,6457,5896,1357,1813,359,102,69,950,368,,549,418,0.307,0.368,0.438,0.806,138,*O*2564/31,kellyki01,C
31,Víctor Martínez,0,29,4057,12.5,31.8,0.94,30.4,2.6,37.4,-8.5,3.1,0,1,2,0.86,0,0,0,0.1,16,2002,2018,5,1973,8166,7297,914,2153,423,3,246,1178,7,7,730,891,0.295,0.36,0.455,0.815,118,*D*23H,martivi01,C
49,Ken Singleton,0,33.7,4418,0,41.8,0.904,37.8,3.3,48.5,-17.3,13.9,0,2,4,1.43,0,0,1,0.2,15,1970,1984,3,2082,8559,7189,985,2029,317,25,246,1065,21,36,1263,1246,0.282,0.388,0.436,0.824,132,*9*D7H/8,singlke01,RF
54,Jay Bell,0,31.6,4020,7.5,37.2,0.894,34.4,2.9,38.3,9.2,11.3,0,0,0,0.11,0,0,1,0.2,18,1986,2003,2,2063,8525,7398,1123,1963,394,67,195,860,91,60,853,1443,0.265,0.343,0.416,0.759,101,*6*4H5/3D,bellja01,SS
41,Don Mattingly,0,35.8,3903,0,42.4,0.92,39.1,3.8,39.7,-6.2,17.6,1,3,4,2.22,0,0,3,0.7,14,1982,1995,6,1785,7722,7003,1007,2153,442,20,222,1099,14,9,588,444,0.307,0.358,0.471,0.83,127,*3D9H7/548,mattido01,1B
43,Gil Hodges,0,33.6,4428,0,43.8,0.916,38.7,3.4,40.8,-5.4,12.7,0,0,3,0.65,0,0,1,0.4,18,1943,1963,8,2071,8104,7030,1105,1921,295,48,370,1274,63,42,943,1137,0.273,0.359,0.487,0.846,120,*3H275/948,hodgegi01,1B
30,Jimmy Sheckard,0,33.4,4478,0,49.6,0.942,41.5,3.8,42.3,-3.8,19.8,0,0,0,0.14,0,1,2,0.6,17,1897,1913,0,2122,9148,7605,1296,2084,354,136,56,810,465,12,1135,849,0.274,0.375,0.378,0.753,120,*O*79/H58643,sheckji01,LF
36,Travis Jackson,0,35.3,3119,7.5,44.2,0.93,39.7,4.3,30.9,22.9,22.2,0,2,4,1.76,0,0,2,0.8,15,1922,1936,1,1656,6682,6086,833,1768,291,86,135,929,71,70,412,565,0.291,0.337,0.433,0.77,102,*6*5H/49,jackstr01,SS
47,Omar Vizquel,1,26.8,5159,7.5,45.6,0.908,36.2,2.5,32.9,29.5,5.3,0,0,0,0.01,0,0,0,0.1,24,1989,2012,3,2968,12013,10586,1445,2877,456,77,80,951,404,167,1028,1087,0.272,0.336,0.352,0.688,82,*65H4/D379,vizquom01,SS
37,Al Dark,0,33.8,3458,7.5,44,0.928,38.9,3.9,42.4,12.2,14.5,0,2,2,1.06,0,0,2,0.5,14,1946,1960,3,1828,7833,7219,1064,2089,358,72,126,757,59,37,430,534,0.289,0.333,0.411,0.744,98,*6*5H7/4391,darkal01,SS
38,Willie Wilson,0,34,3998,2.5,46.2,0.926,40.1,3.5,35.2,10.7,20.1,0,1,2,0.67,0,1,3,1,19,1976,1994,2,2154,8317,7731,1169,2207,281,147,41,585,668,134,425,1144,0.285,0.326,0.376,0.702,94,*8*7H9/D,wilsowi02,CF
34,Norm Cash,0,33.7,4360,0,52.1,0.934,42.9,4,50.1,-9.1,25.9,0,1,1,0.7,0,1,2,1,17,1958,1974,5,2089,7914,6705,1045,1820,241,41,377,1104,43,30,1043,1091,0.271,0.374,0.488,0.862,139,*3H/97D,cashno01,1B
36,Earle Combs,0,36.2,3425,2.5,45,0.93,40.6,5,44.5,-2.7,21.5,0,0,1,0.29,0,1,1,0.5,12,1924,1935,0,1455,6514,5746,1186,1866,309,154,58,633,98,70,670,278,0.325,0.397,0.462,0.859,125,*87H9,combsea01,CF
31,Tony Lazzeri,0,34,3955,2.5,47.6,0.94,40.8,4.4,48.2,5.2,20.5,0,2,4,1.49,0,1,2,0.7,14,1926,1939,1,1740,7314,6297,986,1840,334,115,178,1194,148,82,869,864,0.292,0.38,0.467,0.846,121,*456H/73,lazzeto01,2B
34,Matt Williams,0,34,3942,2.5,46.6,0.934,40.3,4,36.9,12.8,22.9,0,2,4,1.86,0,0,3,0.6,17,1987,2003,5,1866,7595,7000,997,1878,338,35,378,1218,53,35,469,1363,0.268,0.317,0.489,0.805,113,*56H/3D,willima04,3B
26,Willie Wells,0,36.4,2746,7.5,49.5,0.95,43,7.7,46,8.8,35.5,0,0,0,0,2,5,8,4.1,21,1924,1948,10,1039,4471,3920,932,1292,257,65,140,873,160,,487,,0.33,0.407,0.535,0.943,152,*65/47381,wellswi99,SS
35,Corey Seager,0,36.2,2785,7.5,44,0.932,40.1,6.1,42.5,7.8,28,0,2,3,1.31,0,1,2,0.8,12,2015,2026,5,1173,5069,4500,724,1282,276,13,228,687,22,8,495,925,0.285,0.359,0.504,0.863,136,*6DH/5,seageco01,SS
34,Cupid Childs,0,35.8,3448,2.5,44.2,0.934,40,4.9,42.9,4,22.1,0,0,0,0,0,1,2,0.6,13,1888,1901,0,1457,6780,5622,1214,1721,205,101,20,743,269,,991,228,0.306,0.416,0.389,0.805,120,*4/6,childcu01,2B
39,Mike Cameron,0,32.7,4199,2.5,46.7,0.924,39.7,3.9,40.1,10.3,21,0,0,0,0.01,0,0,0,0.1,17,1995,2011,1,1955,7884,6839,1064,1700,383,59,278,968,297,83,867,1901,0.249,0.338,0.444,0.782,106,*89H/D7,camermi01,CF
29,Jake Beckley,0,30.2,5091,0,61.7,0.944,45.9,4.2,60,-0.4,26.1,0,0,0,0,0,0,0,0.2,20,1888,1907,0,2392,10520,9551,1603,2938,473,244,87,1581,315,,616,526,0.308,0.361,0.436,0.797,125,*3/OH41,becklja01,1B
40,Tony Fernández,0,30.5,4092,7.5,45.3,0.922,37.9,3.4,42.3,14.9,17.2,0,0,1,0.26,0,0,0,0.1,17,1983,2001,5,2158,8793,7911,1057,2276,414,92,94,844,246,138,690,784,0.288,0.347,0.399,0.746,101,*6*54H/D,fernato01,SS
33,Alex Bregman,0,37.6,2970,2.5,43.7,0.936,40.7,5.6,40.7,6.9,25.8,0,2,2,1.27,1,2,2,1.3,11,2016,2026,3,1272,5542,4779,780,1298,299,19,213,741,45,15,651,752,0.272,0.364,0.476,0.84,131,*56/DH47,bregmal01,3B
44,Amos Otis,0,32.5,4203,2.5,42.8,0.914,37.6,3.5,47.1,-3.7,14.8,0,2,4,0.93,0,1,1,0.5,17,1967,1984,5,1998,8247,7299,1092,2020,374,66,193,1007,341,93,757,1008,0.277,0.343,0.425,0.768,115,*8H79/D5,otisam01,CF
45,Hack Wilson,0,36.1,3319,2.5,38.7,0.912,37.4,4.7,42.5,-7.2,20.7,1,2,4,1.83,0,3,5,1.9,12,1923,1934,0,1348,5557,4760,884,1461,266,67,244,1063,52,34,674,713,0.307,0.395,0.545,0.94,144,*879H/4,wilsoha01,CF
59,José Reyes,0,29.3,4328,7.5,37.2,0.884,33.3,3.2,45.1,1.5,12.8,0,0,1,0.34,0,0,1,0.2,16,2003,2018,4,1877,8240,7552,1180,2138,387,131,145,719,517,127,589,914,0.283,0.334,0.427,0.761,103,*654H/871,reyesjo01,SS
52,Dave Concepción,0,29.9,4171,7.5,40.1,0.898,35,2.6,33.1,21.4,8.5,0,1,2,0.52,0,0,1,0.2,19,1970,1988,9,2488,9641,8723,993,2326,389,48,101,950,321,109,736,1186,0.267,0.322,0.357,0.679,88,*6H453/81,conceda01,SS
38,Harlond Clift,0,34.4,3664,2.5,41.7,0.926,38.1,4.3,41.7,2.1,19,0,0,0,0.17,0,1,3,1,12,1934,1945,1,1582,6895,5730,1070,1558,309,62,178,829,69,43,1070,713,0.272,0.39,0.441,0.831,116,*5H/476,cliftha01,3B
31,Charlie Keller,0,39.1,2791,0,43.6,0.94,41.4,6,39.6,-0.9,29.4,0,1,1,0.58,0,2,5,1.6,13,1939,1952,5,1170,4604,3790,725,1085,166,72,189,760,45,23,784,499,0.286,0.41,0.518,0.928,152,*7H9,kellech01,LF
33,Jack Clark,0,31.5,4595,0,53.1,0.936,42.3,4.3,54.6,-12.9,25.8,0,2,4,1.16,0,1,1,0.4,18,1975,1992,4,1994,8230,6847,1118,1826,332,39,340,1180,77,61,1262,1441,0.267,0.379,0.476,0.854,137,*9*3*DH/875,clarkja01,RF
45,Darryl Strawberry,1,34.8,3775,0,42.1,0.912,38.5,4.3,42,-7.3,20.9,0,2,4,1.71,0,1,2,0.6,17,1983,1999,8,1583,6326,5418,898,1401,256,38,335,1000,221,99,816,1352,0.259,0.357,0.505,0.862,138,*9DH78,strawda01,RF
37,Red Schoendienst,0,32.7,3979,2.5,44.8,0.928,38.8,3.3,38.3,15.2,10.8,0,2,4,1.37,0,0,2,0.5,19,1945,1963,10,2216,9224,8479,1223,2449,427,78,84,773,89,60,606,346,0.289,0.337,0.387,0.724,94,*4H765/8,schoere01,2B
49,Hugh Duffy,0,30.9,4412,2.5,43.1,0.904,37,4,38.4,-2.5,18,0,0,0,0,0,0,3,0.5,17,1888,1906,0,1737,7843,7044,1554,2293,325,119,106,1302,574,,664,268,0.326,0.386,0.451,0.837,123,*O8/674H5932,duffyhu01,CF
39,Phil Rizzuto,0,34.8,2865,7.5,42.2,0.924,38.5,4.1,29.7,23,22.2,1,2,3,1.89,0,1,3,1.2,13,1941,1956,5,1661,6719,5816,877,1588,239,62,38,563,149,58,651,398,0.273,0.351,0.355,0.706,93,*6/H4,rizzuph01,SS
22,Yadier Molina,0,28.7,3731,12.5,41.7,0.958,35.2,3,27.9,27.6,14.7,0,2,2,1.07,0,1,2,0.8,19,2004,2022,10,2224,8554,7817,777,2168,408,7,176,1022,71,37,542,922,0.277,0.327,0.399,0.726,96,*23H/D15,molinya01,C
40,Wally Berger,0,36,3164,2.5,42.5,0.922,39.2,5.1,40.8,-1.3,23.6,0,1,3,1.26,0,1,3,1,11,1930,1940,4,1350,5666,5163,809,1550,299,59,242,898,36,41,435,693,0.3,0.359,0.522,0.881,138,*8*7H/39,bergewa01,CF
35,Christian Yelich,0,34,3934,0,45.7,0.932,39.8,4.5,46.9,-7.3,23.8,1,2,2,1.83,0,2,2,0.8,14,2013,2026,3,1634,7097,6172,1046,1760,330,36,236,864,224,42,840,1566,0.285,0.374,0.465,0.839,129,*78D9H,yelicch01,LF
36,Ken Williams,0,36.5,3299,0,42.5,0.93,39.5,4.9,40.4,-3.6,21.1,0,0,0,0.08,0,2,2,0.9,14,1915,1929,0,1397,5625,4862,860,1552,285,77,196,916,154,109,566,287,0.319,0.393,0.53,0.924,138,*78H/349,willike01,LF
32,Buddy Myer,0,32.4,3980,2.5,48.4,0.938,40.4,4.1,48.7,6.5,19,0,1,2,0.69,0,0,2,0.3,17,1925,1941,2,1923,8194,7038,1174,2131,353,130,38,848,157,118,965,428,0.303,0.389,0.406,0.795,108,*465H/78,myerbu01,2B
15,Buck Ewing,0,30.7,3190,12.5,48,0.972,39.4,5.9,42.5,9.7,28,0,0,0,0,0,0,0,0.3,18,1880,1897,0,1315,5772,5363,1129,1625,250,178,71,883,354,,392,294,0.303,0.351,0.456,0.807,129,*23O546/1,ewingbu01,C
27,Lance Parrish,0,28.4,3753,12.5,39.5,0.948,33.9,3.2,36,15.3,13.7,0,0,1,0.26,0,0,0,0,19,1977,1995,8,1988,7797,7067,856,1782,305,27,324,1070,28,37,612,1527,0.252,0.313,0.44,0.753,106,*2DH3/97,parrila02,C
67,Aramis Ramírez,0,29.5,4666,2.5,32.3,0.868,30.9,2.4,41.9,-5.9,4.9,0,0,3,0.43,0,0,0,0.1,18,1998,2015,3,2194,8986,8136,1098,2303,495,24,386,1417,29,18,633,1238,0.283,0.341,0.492,0.833,115,*5H/D3,ramirar01,3B
36,Harry Hooper,0,29.7,4911,0,52.9,0.93,41.3,3.7,45,-4.4,14.9,0,0,0,0.08,0,0,1,0.2,17,1909,1925,0,2309,10278,8785,1429,2466,389,160,75,816,375,141,1136,582,0.281,0.368,0.387,0.755,114,*97H/81,hoopeha01,RF
43,Trea Turner,0,32.8,3253,7.5,41.8,0.916,37.3,5.2,43.3,5.9,24.3,0,2,3,0.95,0,1,2,0.7,12,2015,2026,3,1313,5816,5352,900,1577,291,48,190,656,322,54,397,1073,0.295,0.347,0.473,0.82,119,*648/HD,turnetr01,SS
41,Edd Roush,0,32,4035,2.5,45.9,0.92,38.9,3.8,46.9,-6.1,20.9,0,0,2,0.3,0,1,2,0.8,18,1913,1931,0,1967,8157,7363,1099,2376,339,182,68,981,268,134,484,260,0.323,0.369,0.446,0.815,126,*8H7/394,roushed01,CF
70,Shawn Green,0,31.6,4408,0,34.7,0.862,33.1,2.9,39.1,-11.7,9.6,0,1,3,0.69,0,0,3,0.6,15,1993,2007,2,1951,7963,7082,1129,2003,445,35,328,1070,162,52,744,1315,0.283,0.355,0.494,0.85,120,*93H87D,greensh01,RF
29,Bid McPhee,0,29.4,4648,2.5,52.8,0.944,41.1,4,40.7,16.2,25.2,0,0,0,0,0,0,0,0.2,18,1882,1899,0,2138,9443,8304,1684,2258,303,189,53,1072,568,,982,377,0.272,0.355,0.373,0.728,107,*4/5,mcphebi01,2B
49,Dick Bartell,0,30.2,3843,7.5,41.6,0.904,35.9,3.3,37.8,15.7,13.1,0,0,1,0.52,0,1,2,0.7,18,1927,1946,2,2016,8745,7629,1130,2165,442,71,79,710,109,78,748,627,0.284,0.355,0.391,0.747,96,*654H,bartedi01,SS
52,Jimmy Ryan,0,28.4,4855,2.5,44.3,0.898,36.4,3.6,46.7,-10.1,13.4,0,0,0,0,0,0,0,0.2,18,1885,1903,0,2014,9133,8172,1643,2513,451,157,118,1093,419,,804,491,0.308,0.375,0.444,0.82,124,*O86/19457,ryanji01,CF
34,Augie Galan,0,34.7,3592,0,45.6,0.934,40.2,4.2,43.9,-3.9,22,0,0,1,0.33,0,3,4,1.6,16,1934,1949,3,1742,7008,5937,1004,1706,336,74,100,830,123,84,979,393,0.287,0.39,0.419,0.81,122,*7*8H3549/6,galanau01,LF
55,Johnny Callison,0,34.4,3658,0,38.4,0.892,36.4,3.3,32.3,-2.8,11.2,0,1,1,0.75,0,0,2,0.5,16,1958,1973,4,1886,7437,6652,926,1757,321,89,226,840,74,51,650,1064,0.264,0.331,0.441,0.773,115,*97H/8D,callijo01,RF
61,Magglio Ordóñez,0,32,4251,0,38.8,0.88,35.4,3.4,43.4,-11,11.3,0,1,2,0.93,0,1,1,0.6,15,1997,2011,6,1848,7745,6978,1076,2156,426,21,294,1236,94,50,651,852,0.309,0.369,0.502,0.871,125,*9DH/8,ordonma01,RF
35,Eddie Stanky,0,37.8,2540,2.5,41.6,0.932,39.7,5.4,39.5,8.6,22.3,0,1,2,0.73,1,2,3,1.6,11,1943,1953,3,1259,5439,4301,811,1154,185,35,29,364,48,39,996,374,0.268,0.41,0.348,0.758,109,*4H6/5,stanked01,2B
31,Art Fletcher,0,35.8,2385,7.5,46.1,0.94,41,4.9,29.4,28.3,26.7,0,0,0,0.19,0,2,4,1.4,13,1909,1922,0,1533,6045,5541,684,1534,238,77,32,676,160,46,203,355,0.277,0.319,0.365,0.684,100,*65H4,fletcar01,SS
58,Nelson Cruz,0,30,4669,0,42,0.886,36,3.3,43.6,-14.7,12.9,0,0,5,1.02,0,0,0,0.1,19,2005,2023,7,2055,8396,7501,1090,2053,372,15,464,1325,84,32,738,1916,0.274,0.343,0.513,0.856,130,*D*97H/38,cruzne02,RF
36,Tommy Leach,0,31,4123,2.5,48.1,0.93,39.6,3.6,41.4,8,18.6,0,0,0,0,0,0,2,0.5,19,1898,1918,0,2156,9081,7959,1355,2143,266,172,63,812,361,24,820,666,0.269,0.34,0.37,0.71,109,*8*576H/49,leachto01,CF
47,Felipe Alou,0,33.9,3706,0,42.3,0.908,38.1,3.3,36.1,-3.2,13.5,0,1,2,0.46,0,0,1,0.3,17,1958,1974,3,2082,7908,7339,985,2101,359,49,206,852,107,67,423,706,0.286,0.328,0.433,0.761,113,*9*8*3*7H/56D,aloufe01,RF
31,Oscar Charleston,0,36.7,2728,2.5,48.3,0.94,42.5,8.5,46.4,-1.1,35.2,0,0,0,0,1,8,9,4.4,18,1920,1941,3,918,3885,3317,854,1210,241,80,143,853,210,,478,,0.365,0.449,0.615,1.064,184,*83/9175,charlos99,CF
32,Heinie Groh,0,34.7,3210,2.5,47.6,0.938,41.2,4.6,44.5,8.6,25.3,0,0,0,0.03,0,1,5,1.2,16,1912,1927,0,1676,7040,6074,918,1774,308,87,26,566,180,85,696,345,0.292,0.373,0.384,0.757,118,*5*4H/6,grohhe01,3B
50,Rafael Furcal,0,30.8,3562,7.5,39.5,0.902,35.1,4,32.8,15,18.6,0,0,0,0.02,0,0,1,0.2,14,2000,2014,3,1614,7237,6477,1063,1817,311,69,113,587,314,94,643,910,0.281,0.346,0.402,0.748,96,*6H4,furcara02,SS
44,Mark Grace,0,29.7,4710,0,46.5,0.914,38.1,3.4,38.6,-5,18.1,0,0,0,0.11,0,0,0,0.1,16,1988,2003,3,2245,9290,8065,1179,2445,511,45,173,1146,70,48,1075,642,0.303,0.383,0.442,0.825,119,*3H/D1,gracema01,1B
57,José Canseco,1,29.6,4737,0,42.5,0.888,36,3.6,45.9,-13.8,15.2,1,2,2,1.53,0,0,1,0.3,17,1985,2001,6,1887,8129,7057,1186,1877,340,14,462,1407,200,88,906,1942,0.266,0.353,0.515,0.867,132,*D*9*7H/81,cansejo01,RF
43,George Burns,0,32.4,4033,0,39.2,0.916,35.8,3.4,32.1,-2.4,14.1,0,1,1,0.51,0,1,3,0.9,15,1911,1925,0,1853,8254,7241,1188,2077,362,108,41,611,383,174,872,565,0.287,0.366,0.384,0.749,114,*7*98/H5,burnsge01,LF
48,Rico Petrocelli,0,33.2,2934,7.5,39.1,0.906,36.1,4.1,32.7,14.4,17.5,0,0,1,0.27,1,1,1,0.9,13,1963,1976,2,1553,6171,5390,653,1352,237,22,210,773,10,22,661,926,0.251,0.332,0.42,0.752,108,*6*5H/D43,petrori01,SS
35,Matt Chapman,0,37.3,2532,2.5,42.7,0.932,40,5.8,30.6,15.2,26.1,0,0,2,0.64,0,2,3,1.3,10,2017,2026,1,1197,4968,4346,678,1040,264,24,204,581,35,19,533,1310,0.239,0.329,0.452,0.78,117,*5/HD6,chapmma01,3B
51,Mike Tiernan,0,32.7,3913,0,42.2,0.9,37.5,4.6,43.5,-8.2,18.7,0,0,0,0,0,0,0,0.2,13,1887,1899,0,1478,6734,5915,1316,1838,257,162,106,853,428,,748,376,0.311,0.392,0.463,0.855,138,*O/1,tiernmi01,Unknown
33,Lonny Frey,0,35.5,2923,2.5,44.6,0.936,40.1,4.7,38.4,13.3,22.9,0,0,0,0.03,0,2,4,1.3,14,1933,1948,3,1535,6402,5517,848,1482,263,69,61,549,105,57,752,525,0.269,0.359,0.374,0.734,104,*4*6H/9587,freylo01,2B
44,Troy Glaus,0,32.9,3558,2.5,38.1,0.914,35.5,4,37,3.1,16.6,0,0,0,0,0,1,1,0.5,13,1998,2010,4,1537,6355,5410,889,1375,293,10,320,950,56,29,854,1377,0.254,0.358,0.489,0.847,119,*53DH/6,glaustr01,3B
54,Al Oliver,0,28.1,4702,2.5,43.7,0.894,35.9,3,47.1,-12.7,11.9,0,1,3,1.25,0,0,0,0,18,1968,1985,7,2368,9778,9049,1189,2743,529,77,219,1326,84,64,535,756,0.303,0.344,0.451,0.795,121,*8*3*7DH9,oliveal01,CF
50,Paul Blair,0,35.3,2927,2.5,37.7,0.902,36.5,3.1,18.8,18.8,14.7,0,0,0,0.2,0,1,2,0.9,17,1964,1980,2,1947,6673,6042,776,1513,282,55,134,620,171,93,449,877,0.25,0.302,0.382,0.684,96,*8H97/45D63,blairpa01,CF
47,Tim Wallach,0,30.6,4069,2.5,38.5,0.908,34.5,2.8,29.4,10.5,9.2,0,1,2,0.61,0,0,1,0.2,17,1980,1996,5,2212,8908,8099,908,2085,432,36,260,1125,51,66,649,1307,0.257,0.316,0.416,0.732,102,*53H9/D7146,wallati01,3B
56,Ed McKean,0,29.1,3833,7.5,38.5,0.89,33.8,3.8,43.7,4,14.4,0,0,0,0,0,0,0,0.1,13,1887,1899,0,1655,7626,6894,1227,2084,272,158,67,1124,324,,636,257,0.302,0.365,0.417,0.781,114,*6O4/35,mckeaed01,SS
42,Sam Thompson,0,33.2,3715,0,44.4,0.918,38.8,5.1,45,-7.2,22.5,0,0,0,0,0,0,1,0.3,15,1885,1906,0,1410,6526,5998,1261,1988,343,161,126,1308,232,,452,234,0.331,0.384,0.505,0.89,147,*O/93,thompsa01,RF
58,Ray Lankford,0,31.5,3825,2.5,38.2,0.886,34.8,3.6,38.2,0.5,18,0,0,0,0.03,0,0,0,0.1,14,1990,2004,1,1701,6675,5747,968,1561,356,54,238,874,258,117,828,1550,0.272,0.364,0.477,0.84,123,*8*7H/D9,lankfra01,CF
29,Joe Tinker,0,32.3,3026,7.5,52.7,0.944,42.5,4.7,32.2,34.3,30,0,1,2,0.51,0,1,1,0.5,15,1902,1916,0,1806,7166,6441,774,1690,263,114,31,785,336,12,416,526,0.262,0.308,0.353,0.661,96,*65/H49,tinkejo01,SS
23,Darrell Porter,0,29.1,3210,12.5,40.9,0.956,35,3.7,39.8,10.6,18.4,0,0,2,0.25,0,1,1,0.5,17,1971,1987,4,1782,6570,5539,765,1369,237,48,188,826,39,37,905,1025,0.247,0.354,0.409,0.763,113,*2HD/3,porteda02,C
47,Andy Van Slyke,0,32.9,3441,2.5,41.4,0.908,37.1,4,37.6,2.9,20.3,0,2,2,0.91,0,0,2,0.4,13,1983,1995,3,1658,6495,5711,835,1562,293,91,164,792,245,59,667,1063,0.274,0.349,0.443,0.792,119,*8*9H735,vanslan01,CF
51,Ben Chapman,0,30.8,3960,2.5,42.1,0.9,36.5,4,37.7,0.5,15.8,0,0,0,0.14,0,0,1,0.2,15,1930,1946,4,1717,7427,6478,1144,1958,407,107,90,977,287,135,824,556,0.302,0.383,0.44,0.823,114,*8*9*754H/16,chapmbe01,CF
53,Maury Wills,0,29.6,3651,7.5,39.7,0.896,34.6,3.3,38.4,12.2,10.6,1,2,4,1.84,0,0,1,0.2,14,1959,1972,7,1942,8306,7588,1067,2134,177,71,20,458,586,208,552,684,0.281,0.33,0.331,0.661,88,*6*5H/4,willsma01,SS
42,Ryan Zimmerman,0,31.2,3848,2.5,40.1,0.918,35.7,3.6,35.2,3.9,17.5,0,0,0,0.06,0,0,2,0.4,16,2005,2021,2,1799,7402,6654,963,1846,417,22,284,1061,43,16,646,1384,0.277,0.341,0.475,0.816,116,*5*3H7/D6,zimmery01,3B
40,Jim O'Rourke,0,24.2,4333,12.5,52.1,0.922,38.2,4.2,57.2,-9.6,21.9,0,0,0,0,0,0,1,0.6,23,1872,1904,0,1999,9052,8503,1729,2639,468,149,62,1208,229,12,513,362,0.31,0.352,0.422,0.775,134,*O2356/14,o'rouji01,C
42,Matt Olson,0,35.7,3037,0,42.1,0.918,38.9,5.4,32.5,3.5,24.7,0,1,2,0.76,0,1,4,1.2,11,2016,2026,3,1271,5406,4680,748,1206,265,7,302,846,10,2,636,1289,0.258,0.351,0.511,0.862,136,*3/H9D,olsonma02,1B
38,Jim Gilliam,0,30.4,4022,2.5,44.8,0.926,37.6,3.5,40.6,10.1,12.5,0,1,2,0.55,0,1,2,0.7,17,1946,1966,4,2094,8887,7599,1255,2021,325,80,65,625,219,111,1102,416,0.266,0.36,0.355,0.716,93,*4*57H/9683,gilliji01,2B
45,Jack Fournier,0,34.7,3250,0,41,0.912,37.9,4.3,44.7,-9.7,20.5,0,0,1,0.26,0,2,4,1.1,15,1912,1927,0,1530,6034,5208,822,1631,252,113,136,859,146,102,587,424,0.313,0.392,0.483,0.875,142,*3H7/981,fournja01,1B
47,Anthony Rizzo,0,32.5,3788,0,40.4,0.908,36.5,3.8,32.6,-1.8,17.6,0,2,3,1.01,0,0,2,0.4,14,2011,2024,3,1727,7336,6288,922,1644,338,22,303,965,72,44,781,1208,0.261,0.361,0.467,0.828,123,*3/HD4157,rizzoan01,1B
57,Jim Bottomley,0,29.7,4459,0,36,0.888,32.9,2.9,43.5,-15.9,8.8,1,1,2,1.61,0,0,2,0.4,16,1922,1937,0,1991,8358,7471,1177,2313,465,151,219,1422,58,55,664,591,0.31,0.369,0.5,0.869,125,*3H/4,bottoji01,1B
66,Brady Anderson,0,30.2,4038,2.5,35,0.87,32.6,3.1,37.8,-3.8,9.3,0,0,1,0.18,0,0,1,0.3,15,1988,2002,3,1834,7737,6499,1062,1661,338,67,210,761,315,100,960,1190,0.256,0.362,0.425,0.787,109,*8*7H9D,anderbr01,CF
56,Tim Salmon,0,31.6,3976,0,40.6,0.89,36.1,3.9,44.6,-11,16,0,0,2,0.51,0,0,1,0.2,14,1992,2006,0,1672,7039,5934,986,1674,339,24,299,1016,48,42,970,1360,0.282,0.385,0.498,0.884,128,*9*DH/78,salmoti01,RF
33,Brian Downing,0,29.1,4587,0,51.5,0.936,40.3,3.6,53.8,-6.9,21.1,0,0,0,0.14,0,0,0,0.1,20,1973,1992,1,2344,9309,7853,1188,2099,360,28,275,1073,50,44,1197,1127,0.267,0.37,0.425,0.796,122,*D*7*2H9/5,downibr01,LF
62,Eddie Yost,0,28.5,4415,2.5,35.1,0.878,31.8,2.7,46.9,-10.7,8.3,0,0,0,0.04,0,0,2,0.4,18,1944,1962,1,2109,9177,7346,1215,1863,337,56,139,682,72,66,1614,920,0.254,0.394,0.371,0.765,109,*5H/37964,yosted01,3B
30,Johnny Evers,0,33.7,3153,2.5,48,0.942,40.8,4.4,33.5,15.4,24.4,1,1,2,0.97,0,0,3,0.6,18,1902,1929,0,1784,7230,6137,919,1659,216,70,12,536,324,26,778,293,0.27,0.356,0.334,0.69,106,*4/56H9,eversjo01,2B
48,Bill Nicholson,0,33.8,3408,0,42.1,0.906,38,4.1,41,-6,19.2,0,2,2,1.23,0,1,3,1.3,16,1936,1953,4,1677,6420,5546,837,1484,272,60,235,948,27,25,800,828,0.268,0.365,0.465,0.83,132,*9H7,nichobi01,RF
44,Carl Crawford,0,32.3,3751,0,39.2,0.914,35.7,3.7,32.1,1.5,14.4,0,0,1,0.26,0,0,1,0.3,15,2002,2016,4,1716,7178,6655,998,1931,309,123,136,766,480,109,377,1067,0.29,0.33,0.435,0.765,105,*7H8D,crawfca02,LF
50,Boog Powell,0,30.8,4106,0,39.1,0.902,35,3.1,42.5,-14.1,12.5,1,3,3,1.95,0,0,1,0.2,17,1961,1977,4,2042,7810,6681,889,1776,270,11,339,1187,20,21,1001,1226,0.266,0.361,0.462,0.822,134,*3*7H/D9,powelbo01,1B
40,Ed Konetchy,0,31.1,4024,0,47.2,0.922,39.1,3.7,42.1,-2.8,20.2,0,0,0,0.16,0,1,4,0.9,15,1907,1921,0,2085,8674,7649,972,2150,344,182,74,992,255,30,689,719,0.281,0.346,0.403,0.749,123,*3/7H19,koneted01,1B
71,Chili Davis,0,24.8,5250,2.5,38.2,0.86,31.5,2.5,39.5,-14.2,4.1,0,0,0,0.06,0,0,0,0.1,19,1981,1999,3,2435,9997,8673,1240,2380,424,30,350,1372,142,98,1194,1698,0.274,0.36,0.451,0.811,121,*D*8*97H/31,davisch01,CF
41,Harry Stovey,0,31.1,4014,0,45.2,0.92,38.2,4.9,43.4,-2.9,26.9,0,0,0,0,0,1,3,1,14,1880,1893,0,1489,6848,6153,1495,1775,348,176,122,912,509,,664,452,0.288,0.361,0.462,0.822,144,*O*3/1,stoveha01,1B
36,Del Pratt,0,31.9,3511,2.5,46.3,0.93,39.1,4.1,42.8,5.6,16.5,0,0,1,0.35,0,0,0,0.2,13,1912,1924,0,1836,7632,6826,857,1996,392,117,43,979,247,138,513,428,0.292,0.345,0.403,0.748,112,*43H/65987,prattde01,2B
41,Plácido Polanco,0,32.4,3376,2.5,41.9,0.92,37.1,3.5,27.9,19,17.2,0,0,0,0.02,0,0,0,0.1,16,1998,2013,2,1927,7887,7214,1009,2142,348,32,104,723,81,30,429,538,0.297,0.343,0.397,0.74,95,*4*56H/7D3,polanpl01,2B
59,Mike Griffin,0,28.6,3693,7.5,40.9,0.884,34.7,4.4,35.7,-0.8,20.6,0,0,0,0,0,0,0,0.1,12,1887,1898,0,1513,6848,5923,1406,1755,314,108,42,720,473,,809,284,0.296,0.388,0.407,0.795,123,*O/64,griffmi01,SS
59,Shohei Ohtani,0,35.2,2992,0,36.5,0.884,35.8,5.5,36.4,-9.4,36.8,4,5,5,4.67,3,6,6,4.6,9,2018,2026,5,1061,4534,3896,738,1094,201,46,287,693,171,44,573,1152,0.281,0.375,0.577,0.952,159,*D1H/97,ohtansh01,Unknown
52,Steve Garvey,0,28.8,4503,0,38.1,0.898,33.4,2.6,36.8,-11.7,7,1,2,5,2.46,0,0,0,0.1,19,1969,1987,10,2332,9466,8835,1143,2599,440,43,272,1308,83,62,479,1003,0.294,0.329,0.446,0.775,117,*35H/749,garvest01,1B
43,Davey Lopes,0,30.2,3858,2.5,42.4,0.916,36.3,3.8,44.8,1.7,19.2,0,0,0,0.04,0,0,0,0.1,16,1972,1987,4,1812,7340,6354,1023,1671,232,50,155,614,557,114,833,852,0.263,0.349,0.388,0.737,107,*4H8795/D6,lopesda01,2B
57,Johnny Pesky,0,33.2,2547,7.5,34.2,0.888,33.7,4.4,32.2,6.7,18.7,0,2,2,0.89,0,1,2,0.7,10,1942,1954,1,1270,5516,4745,867,1455,226,50,17,404,53,49,662,218,0.307,0.394,0.386,0.78,107,*6*54H,peskyjo01,SS
41,Roger Peckinpaugh,0,29.5,3445,7.5,45.5,0.92,37.5,3.7,34.9,25,13.2,1,1,1,0.85,0,0,1,0.3,17,1910,1927,0,2012,8397,7233,1006,1876,256,75,48,740,205,76,814,670,0.259,0.336,0.335,0.672,87,*6H/3,peckiro01,SS
26,J.T. Realmuto,0,29.8,2761,12.5,39,0.95,34.4,4.5,35.7,12.2,20.8,0,0,1,0.25,0,0,1,0.3,13,2014,2026,3,1403,5654,5150,706,1388,283,35,181,685,104,27,373,1194,0.27,0.327,0.443,0.77,109,*2H3/D,realmjt01,C
52,George Springer,0,32.8,3497,0,41.9,0.898,37.4,4.6,39.8,-2.1,20.9,0,0,2,0.51,0,0,2,0.3,13,2014,2026,4,1473,6495,5662,992,1501,254,23,296,805,121,42,687,1338,0.265,0.352,0.475,0.826,126,*9*8DH/7,springe01,RF
46,Dixie Walker,0,31.4,3823,0,45,0.91,38.2,3.8,43.8,-5.7,17.8,0,2,5,1.47,0,0,3,0.7,18,1931,1949,4,1905,7669,6740,1038,2064,376,96,105,1023,59,41,817,325,0.306,0.383,0.437,0.82,121,*9*87H/3,walkedi02,RF
20,Roger Bresnahan,0,30.2,2616,12.5,42.4,0.962,36.3,4.8,42.8,6.5,25,0,0,0,0.09,0,0,1,0.3,17,1897,1915,0,1446,5389,4481,682,1252,218,71,26,530,212,4,714,403,0.279,0.386,0.377,0.764,126,*2O8H593/4716,bresnro01,C
18,Wally Schang,0,28.1,3097,12.5,48.3,0.966,38.2,4.2,47.8,6.5,23.2,0,0,2,0.6,0,0,0,0.1,19,1913,1931,0,1842,6440,5307,769,1506,264,90,59,705,121,50,849,573,0.284,0.393,0.401,0.794,117,*2H785/96,schanwa01,C
88,Marquis Grissom,0,27.5,4412,2.5,29.6,0.826,28.5,2.2,28.6,4.6,2.5,0,0,2,0.45,0,1,1,0.4,17,1989,2005,2,2165,8959,8275,1187,2251,386,56,227,967,429,116,553,1240,0.272,0.318,0.415,0.732,92,*8H79/D,grissma02,CF
71,Édgar Rentería,0,25.7,4253,7.5,32.4,0.86,29.1,2.4,35.2,8.9,4.7,0,0,0,0.03,0,0,0,0,16,1996,2011,5,2152,9066,8142,1200,2327,436,29,140,923,294,108,718,1182,0.286,0.343,0.398,0.741,94,*6H/4D3,renteed01,SS
51,George Scott,0,30.4,3999,0,36.6,0.9,33.5,2.9,28.1,-1.4,7.7,0,0,2,0.43,0,0,0,0.1,14,1966,1979,3,2034,8269,7433,957,1992,306,60,271,1051,69,57,699,1418,0.268,0.333,0.435,0.767,114,*35HD,scottge02,1B
69,Alfonso Soriano,0,27.6,4659,0,28.6,0.864,28.1,2.3,36.2,-10.1,2.1,0,1,2,0.99,0,0,1,0.3,16,1999,2014,7,1975,8395,7750,1152,2095,481,31,412,1159,289,84,496,1803,0.27,0.319,0.5,0.819,112,*7*4DH/9856,soriaal01,LF
63,Edwin Encarnación,0,27.2,4458,2.5,35.3,0.876,31.2,2.9,42.3,-15.2,8.1,0,0,0,0.22,0,0,0,0.1,16,2005,2020,3,1960,8126,7040,1099,1832,370,10,424,1261,61,14,903,1426,0.26,0.35,0.496,0.846,123,*D*5*3H/74,encared01,3B
58,Dick Groat,0,29.7,3245,7.5,36.8,0.886,33.3,3.1,32.4,17.3,6.3,1,2,2,1.57,0,0,2,0.4,14,1952,1967,8,1929,8180,7484,829,2138,352,67,39,707,14,27,490,512,0.286,0.33,0.366,0.696,89,*6H/534,groatdi01,SS
37,Frank Chance,0,35.8,2651,0,46.7,0.928,41.2,5.9,41.4,2.9,29.3,0,0,0,0,0,1,4,1,17,1898,1914,0,1288,5142,4299,798,1274,200,79,20,596,403,0,556,320,0.296,0.394,0.394,0.788,135,*329H/78,chancfr01,1B
39,Lave Cross,0,27.9,4244,2.5,45.9,0.924,36.9,3.3,38.7,15,12.6,0,0,0,0,0,0,0,0.1,21,1887,1907,0,2277,9747,9084,1338,2651,411,136,47,1378,303,,466,217,0.292,0.329,0.383,0.711,100,*5*2O64/3,crossla01,3B
71,Bobby Bonilla,0,27.4,4358,2.5,30.3,0.86,28.8,2.3,42,-15.6,4,0,2,2,1.23,0,0,0,0.1,16,1986,2001,6,2113,8257,7213,1084,2010,408,61,287,1173,45,57,912,1204,0.279,0.358,0.472,0.829,124,*5*97H3D/81,bonilbo01,3B
44,J.D. Drew,0,32.1,3481,0,44.9,0.914,38.5,4.6,38.2,2.3,25,0,0,1,0.25,0,1,1,0.4,14,1998,2011,1,1566,6153,5173,944,1437,273,48,242,795,87,37,862,1137,0.278,0.384,0.489,0.873,125,*98H7/D,drewj.01,RF
53,Jason Heyward,0,32.6,3352,0,41.5,0.896,37,3.7,24,11.3,19.5,0,0,0,0.07,0,0,2,0.5,16,2010,2025,1,1824,6995,6174,879,1575,306,41,186,730,125,43,706,1238,0.255,0.336,0.408,0.744,101,*98H7/3D,heywaja01,RF
56,Cecil Cooper,0,30.1,3961,0,36,0.89,33,3.1,34.9,-9.8,10.3,0,3,4,1.36,0,0,1,0.4,17,1971,1987,5,1896,7939,7349,1012,2192,415,47,241,1125,89,49,448,911,0.298,0.337,0.466,0.803,121,*3*DH,coopece01,1B
64,Eric Davis,0,30.1,3656,2.5,36.1,0.874,33.1,3.6,42.9,-9.1,16.1,0,0,2,0.5,0,1,2,0.8,17,1984,2001,2,1626,6147,5321,938,1430,239,26,282,934,349,66,740,1398,0.269,0.359,0.482,0.841,125,*8*7*9HD/3,daviser01,CF
65,Elvis Andrus,0,26.9,3837,7.5,34.5,0.872,30.7,2.7,35.9,10.5,5.5,0,0,0,0,0,0,0,0.1,15,2009,2023,2,2059,8603,7772,1058,2091,380,51,102,775,347,115,611,1206,0.269,0.325,0.37,0.695,86,*64H/D5,andruel01,SS
24,Jim Sundberg,0,28.7,2812,12.5,40.5,0.954,34.6,3.3,28.7,25.3,17.6,0,0,0,0.14,0,0,0,0,16,1974,1989,3,1962,6899,6021,621,1493,243,36,95,624,20,37,699,963,0.248,0.327,0.348,0.674,90,*2H/7D,sundbji01,C
66,Juan González,0,29.2,4159,0,38.7,0.87,33.9,3.7,44.2,-11.6,13.7,2,4,5,2.76,0,0,0,0.1,17,1989,2005,3,1689,7155,6556,1061,1936,388,25,434,1404,26,19,457,1273,0.295,0.343,0.561,0.904,132,*9*D*78/H,gonzaju03,RF
46,Curt Flood,0,32.7,3007,2.5,41.9,0.91,37.3,3.9,30.2,10.6,16.8,0,1,1,0.72,0,0,0,0.1,15,1956,1971,3,1759,6958,6357,851,1861,271,44,85,636,88,73,444,609,0.293,0.342,0.389,0.732,100,*8H/5749,floodcu01,CF
48,Roy Thomas,0,32.5,3050,2.5,41.7,0.906,37.1,4.6,39.7,-2.3,20.6,0,0,0,0,0,0,2,0.4,13,1899,1911,0,1470,6602,5296,1011,1537,100,53,7,299,244,,1042,521,0.29,0.413,0.333,0.747,124,*87/H391,thomaro01,CF
37,Larry Gardner,0,31.1,3390,2.5,47,0.928,39.1,3.9,42.7,10.8,17,0,0,0,0.06,0,0,0,0.2,17,1908,1924,0,1923,7715,6688,867,1931,301,129,27,934,165,91,654,434,0.289,0.355,0.384,0.739,109,*54H/69,gardnla01,3B
28,Russell Martin,0,27.1,3155,12.5,38.6,0.946,32.8,3.7,33.1,16.4,17.1,0,0,0,0.05,0,0,0,0.2,14,2006,2019,4,1693,6648,5701,803,1416,255,9,191,771,101,51,792,1211,0.248,0.349,0.397,0.746,101,*2H5/D41679,martiru01,C
54,Jesse Barfield,0,34.5,2835,0,39.4,0.894,37,4.5,23,12.2,21.9,0,1,2,0.49,0,2,2,0.8,12,1981,1992,1,1428,5394,4759,715,1219,216,30,241,716,66,47,551,1234,0.256,0.335,0.466,0.802,117,*9H8/D7,barfije01,RF
73,Bobby Murcer,0,29.8,3982,0,32.1,0.856,31,2.7,43.1,-15.8,6.2,0,1,3,0.66,0,1,2,0.7,17,1965,1983,5,1908,7718,6730,972,1862,285,45,252,1043,127,75,862,841,0.277,0.357,0.445,0.802,124,*9*8HD756/4,murcebo01,RF
49,Bill White,0,32,3419,0,38.6,0.904,35.3,3.7,32,-3.1,13.4,0,1,2,0.63,0,0,0,0.1,13,1956,1969,8,1673,6680,5972,843,1706,278,65,202,870,103,68,596,927,0.286,0.351,0.455,0.806,117,*3H78/9,whitebi03,1B
60,Babe Herman,0,31.3,3594,0,39.6,0.882,35.4,4.1,42.9,-9.7,19.1,0,1,2,0.91,0,1,2,0.8,13,1926,1945,0,1552,6230,5603,882,1818,399,110,181,997,94,93,520,553,0.324,0.383,0.532,0.915,141,*937H,hermaba01,RF
48,Moisés Alou,0,27.6,4472,0,39.9,0.906,33.8,3.3,41.7,-9.6,15.9,0,2,3,1.16,0,0,1,0.3,17,1990,2008,6,1942,7913,7037,1109,2134,421,39,332,1287,106,37,737,894,0.303,0.369,0.516,0.885,128,*7*98H/D,aloumo01,LF
40,Doug DeCinces,0,31.4,3262,2.5,41.7,0.922,36.6,4.1,36.4,9.6,20.3,0,1,1,0.59,0,1,2,0.8,15,1973,1987,1,1649,6534,5809,778,1505,312,29,237,879,58,48,618,904,0.259,0.329,0.445,0.774,115,*5H4/D367,decindo01,3B
76,Andrés Galarraga,0,26.4,4749,0,31.7,0.85,29.1,2.3,33.9,-14.9,3.6,0,0,6,1.38,0,0,1,0.2,19,1985,2004,5,2257,8916,8096,1195,2333,444,32,399,1425,128,81,583,2003,0.288,0.347,0.499,0.846,119,*3HD/5,galaran01,1B
43,Bill Bradley,0,34.4,2487,2.5,36.8,0.916,35.6,4.1,30.7,11.8,14.4,0,0,0,0,0,2,3,1,14,1899,1915,0,1461,6053,5430,754,1471,275,84,34,552,181,,290,531,0.271,0.317,0.371,0.688,108,*56/3H41,bradlbi01,3B
39,Larry Doyle,0,30,3577,2.5,44.6,0.924,37.3,4.1,48,-2.2,21,1,2,2,1.19,0,0,1,0.3,14,1907,1920,0,1766,7400,6509,960,1887,299,123,74,794,298,41,625,378,0.29,0.357,0.408,0.765,126,*4H,doylela01,2B
46,Eric Chavez,0,31.1,3312,2.5,38.3,0.91,34.7,3.8,34.4,6.3,16.4,0,0,0,0.1,0,0,2,0.3,17,1998,2014,0,1615,6228,5518,816,1477,318,24,260,902,50,17,639,1079,0.268,0.342,0.475,0.818,115,*5HD/367,chaveer01,3B
63,Ken Caminiti,0,29.8,3624,2.5,33.5,0.876,31.7,3.1,33.8,1.6,11.3,1,1,1,1,0,0,1,0.3,15,1987,2001,3,1760,7127,6288,894,1710,348,17,239,983,88,39,727,1163,0.272,0.347,0.447,0.794,116,*5H3/D,caminke01,3B
43,Lenny Dykstra,0,33,2833,2.5,42.4,0.916,37.7,5.4,36.7,7.1,26.2,0,1,2,0.81,0,2,2,1.1,12,1985,1996,3,1278,5282,4559,802,1298,281,43,81,404,285,72,640,503,0.285,0.375,0.419,0.793,120,*8H/7,dykstle01,CF
68,George Van Haltren,0,24.8,4813,2.5,38.7,0.866,31.7,3.2,43.4,-11.3,6.9,0,0,0,0,0,0,0,0,17,1887,1903,0,1990,9021,8043,1642,2544,286,161,69,1015,583,,871,498,0.316,0.386,0.418,0.803,122,*O816/9H7453,vanhage01,CF
39,Brett Gardner,0,32.4,3257,0,44.3,0.924,38.3,4.2,29.4,12.9,21.5,0,0,0,0,0,1,1,0.4,14,2008,2021,1,1688,6614,5737,943,1470,251,73,139,578,274,64,699,1245,0.256,0.342,0.398,0.74,100,*7*8H/D9,gardnbr01,LF
56,Justin Upton,0,28.9,4091,0,32.2,0.89,30.5,2.8,33.7,-9,7.6,0,1,1,0.53,0,0,0,0.1,16,2007,2022,4,1845,7649,6721,1058,1754,350,38,325,1003,151,59,785,1971,0.261,0.342,0.469,0.812,117,*7*9HD/8,uptonju01,LF
59,Carlos Santana,0,26.4,4723,0,38.7,0.884,32.6,2.8,36.3,-6,7.3,0,0,0,0.03,0,0,0,0,17,2010,2026,1,2212,9280,7839,1108,1882,405,17,335,1136,65,18,1332,1548,0.24,0.351,0.424,0.775,111,*3*D*2H5/97,santaca01,1B
69,Paul O'Neill,0,27.4,4474,0,38.9,0.864,33.2,3.1,37.3,-5.9,10.5,0,1,1,0.62,0,0,0,0.1,17,1985,2001,5,2053,8329,7318,1041,2105,451,21,281,1269,141,73,892,1166,0.288,0.363,0.47,0.833,120,*9H7/3D81,o'neipa01,RF
45,Sid Gordon,0,33,3077,0,38.2,0.912,35.6,4.2,38.7,-4.5,15.8,0,1,1,0.29,0,0,2,0.5,13,1941,1955,2,1475,5814,4992,735,1415,220,43,202,805,19,26,731,356,0.283,0.377,0.466,0.843,129,*7*59H3/84,gordosi01,LF
50,Frank Howard,0,29.1,4025,0,37.6,0.902,33.4,3.2,51.4,-24.1,11.3,0,2,4,0.96,0,0,0,0.1,16,1958,1973,4,1895,7353,6488,864,1774,245,35,382,1119,8,9,782,1460,0.273,0.352,0.499,0.851,142,*7*9*3HD,howarfr01,LF
46,Joe Judge,0,27.1,4494,0,48.3,0.91,37.7,3.6,44.8,-5.6,13.7,0,1,3,0.99,0,0,0,0,20,1915,1934,0,2171,9188,7898,1184,2352,433,159,71,1034,213,97,965,478,0.298,0.378,0.42,0.798,114,*3H/9,judgejo01,1B
68,Mickey Vernon,0,25.7,4833,0,35.4,0.866,30.6,2.4,37.5,-13.2,5.5,0,2,3,1.02,0,0,2,0.4,20,1939,1960,7,2409,9839,8731,1196,2495,490,120,172,1311,137,90,955,869,0.286,0.359,0.428,0.787,116,*3H/79,vernomi01,1B
70,Willie McGee,0,28.7,3829,2.5,34.3,0.862,31.5,2.5,33.9,-1.7,7.6,1,1,1,0.83,0,1,1,0.6,18,1982,1999,4,2201,8188,7649,1010,2254,350,94,79,856,352,121,448,1238,0.295,0.333,0.396,0.729,100,*8*9*H7/3D6,mcgeewi01,CF
51,Pedro Guerrero,0,32,3294,0,34.5,0.9,33.2,3.6,41.6,-12.5,13.9,0,4,4,2.3,0,1,2,0.8,15,1978,1992,5,1536,6115,5392,730,1618,267,29,215,898,97,47,609,862,0.3,0.37,0.48,0.85,137,*3*5978H/4,guerrpe01,1B
64,Derrek Lee,0,27.3,4422,0,34.6,0.874,31,2.9,35,-11,10.5,0,1,2,0.77,0,1,1,0.5,15,1997,2011,2,1942,7963,6962,1081,1959,432,30,331,1078,104,48,874,1622,0.281,0.365,0.495,0.859,122,*3H/D,leede02,1B
50,Kyle Seager,0,31.7,3046,2.5,37,0.902,34.4,4,33.1,7.7,15.6,0,0,0,0.02,0,0,2,0.4,11,2011,2021,1,1480,6204,5561,705,1395,309,14,242,807,55,27,533,1120,0.251,0.321,0.442,0.763,112,*5/D4H6,seageky01,3B
60,Clyde Milan,0,28.7,3781,2.5,40.7,0.882,34.7,3.3,40.3,-5.7,8.7,0,1,3,0.68,0,0,0,0.1,16,1907,1922,0,1982,8339,7359,1004,2100,240,105,17,617,495,109,685,407,0.285,0.353,0.353,0.706,109,*87H9,milancl01,CF
51,Gary Gaetti,0,25.3,4611,2.5,42.1,0.9,33.7,2.7,29.7,15.9,10.1,0,0,2,0.26,0,0,0,0.1,20,1981,2000,2,2507,9817,8951,1130,2280,443,39,360,1341,96,65,634,1602,0.255,0.308,0.434,0.741,97,*53HD/67149,gaettga01,3B
51,Andrelton Simmons,0,33.5,2002,7.5,36.7,0.9,35.1,4.8,15.5,28,20.3,0,0,1,0.19,0,1,1,0.7,11,2012,2022,0,1225,4816,4441,501,1169,201,23,70,444,72,24,304,461,0.263,0.312,0.366,0.678,87,*6/4HD1,simmoan01,SS
46,Mark Belanger,0,32,2360,7.5,40.9,0.91,36.5,3.3,14.7,39.5,18,0,0,0,0.05,0,0,1,0.2,18,1965,1982,1,2016,6602,5784,676,1316,175,33,20,389,167,75,576,839,0.228,0.3,0.28,0.58,68,*6H/45,belanma01,SS
64,Herman Long,0,24.9,4087,7.5,36.9,0.874,30.9,3.2,31.5,16.8,8.8,0,0,0,0,0,0,0,0.1,16,1889,1904,0,1875,8521,7678,1456,2129,342,97,91,1055,537,,612,462,0.277,0.335,0.383,0.718,94,*64/O35H,longhe01,SS
45,Justin Turner,0,30.8,3228,2.5,38.6,0.912,34.7,3.6,38.7,-0.9,17.7,0,0,2,0.22,0,0,0,0.2,17,2009,2025,2,1758,6502,5709,811,1617,354,9,201,832,47,13,589,1012,0.283,0.36,0.454,0.814,122,*5DH346/71,turneju01,3B
52,Alex Gordon,0,31.1,3419,0,34.9,0.898,33,3.2,23.8,7.1,9.7,0,0,0,0.11,0,0,2,0.5,14,2007,2020,3,1753,7250,6391,867,1643,357,26,190,749,113,45,684,1535,0.257,0.338,0.41,0.748,102,*7*53/8HD916,gordoal01,LF
65,Kirk Gibson,0,30,3688,0,38.4,0.872,34.2,3.8,39.2,-6.4,16.7,1,1,2,1.17,0,0,1,0.3,17,1979,1995,0,1635,6656,5798,985,1553,260,54,255,870,284,78,718,1285,0.268,0.352,0.463,0.815,123,*7*9*D*8H,gibsoki01,LF
63,Roger Maris,0,32.3,3102,0,38.2,0.876,35.3,4.2,34.5,-1.7,19.7,2,2,2,1.4,1,1,2,1.1,12,1957,1968,7,1463,5847,5101,826,1325,195,42,275,850,21,9,652,733,0.26,0.345,0.476,0.822,127,*98H/7,marisro01,RF
46,Starling Marte,0,31.6,3251,0,39.3,0.91,35.5,4.1,34.2,2.2,19.1,0,0,0,0,0,0,0,0,15,2012,2026,2,1549,6356,5795,879,1652,294,55,163,669,361,101,345,1281,0.285,0.342,0.439,0.781,114,*7*89DH,martest01,LF
79,J.D. Martinez,0,29.4,3799,0,30.8,0.844,30.1,3,33.9,-13.2,8.1,0,1,1,0.54,0,0,2,0.3,14,2011,2024,6,1642,6865,6152,897,1741,390,24,331,1071,26,11,601,1714,0.283,0.348,0.516,0.863,131,*D*9*7H,martijd02,RF
64,David Justice,0,29.5,3770,0,40.6,0.874,35,4.1,34.8,-2.6,18.9,0,2,2,0.8,0,0,0,0.1,14,1989,2002,3,1610,6602,5625,929,1571,280,24,305,1017,53,46,903,999,0.279,0.378,0.5,0.878,129,*9*D*73H/8,justida01,RF
48,Dick McAuliffe,0,29.6,3439,2.5,37.6,0.906,33.6,3.5,42.3,4.1,14,0,0,1,0.25,0,0,1,0.4,16,1960,1975,3,1763,7162,6185,888,1530,231,71,197,696,63,59,882,974,0.247,0.343,0.403,0.746,109,*4*65H/D,mcauldi01,2B
48,Carney Lansford,0,28.5,3716,2.5,40.4,0.906,34.5,3.5,45.9,-2.1,14.8,0,0,1,0.33,0,0,0,0.1,15,1978,1992,1,1862,7905,7158,1007,2074,332,40,151,874,224,104,553,719,0.29,0.343,0.411,0.753,111,*53DH/64,lansfca01,3B
55,Freddy Parent,0,32.3,2211,7.5,35.8,0.892,34,4.4,28.4,15.5,14.7,0,0,0,0,0,0,3,0.5,12,1899,1911,0,1327,5592,4984,633,1306,180,74,20,471,184,,333,337,0.262,0.315,0.34,0.655,99,*687/4H95,parenfr01,SS
61,Trevor Story,0,30.8,2556,7.5,35,0.88,32.9,5.1,27.3,13.6,20.1,0,0,1,0.37,0,0,2,0.5,11,2016,2026,2,1106,4636,4208,643,1104,254,27,207,655,164,37,359,1308,0.262,0.325,0.483,0.809,106,*64/HD,storytr01,SS
62,Del Ennis,0,28.1,4065,0,30,0.878,29.1,2.6,35.3,-13.2,-0.6,0,1,2,0.77,0,0,0,0.2,14,1946,1959,3,1903,7944,7254,985,2063,358,69,288,1284,45,36,597,719,0.284,0.34,0.472,0.812,117,*7*9H/38,ennisde01,LF
78,Harold Baines,0,21.4,5700,0,38.8,0.846,30.1,2.2,40.7,-19.4,1.8,0,0,2,0.31,0,0,0,0,22,1980,2001,6,2830,11092,9908,1299,2866,488,49,384,1628,34,34,1062,1441,0.289,0.356,0.465,0.82,121,*D*9H8/7,baineha01,RF
53,Pete Browning,0,31.4,2973,2.5,40.6,0.896,36,5.6,42.4,-5.8,27.1,0,0,0,0,0,1,5,1.1,13,1882,1894,0,1183,5315,4820,954,1646,295,85,46,659,258,,466,245,0.341,0.403,0.467,0.869,163,*O546/31,brownpe01,3B
53,Bill Madlock,0,28.4,3692,2.5,38.2,0.896,33.3,3.4,49.1,-8.7,13.8,0,0,2,0.62,0,0,1,0.3,15,1973,1987,3,1806,7372,6594,920,2008,348,34,163,860,174,90,605,510,0.305,0.365,0.442,0.807,123,*54HD3,madlobi01,3B
62,Garry Maddox,0,30.5,3185,2.5,36.8,0.878,33.6,3.4,24.8,11.4,14.8,0,1,1,0.31,0,0,1,0.4,15,1972,1986,0,1749,6777,6331,777,1802,337,62,117,754,248,92,323,781,0.285,0.32,0.413,0.733,101,*8H/79,maddoga01,CF
65,Andy Pafko,0,29.6,3422,2.5,36.6,0.872,33.1,3.2,36.5,-3.4,10.2,0,1,1,0.57,0,0,2,0.5,17,1943,1959,4,1852,7028,6292,844,1796,264,62,213,976,38,47,561,477,0.285,0.35,0.449,0.799,117,*8*9*75H,pafkoan01,CF
60,Ray Durham,0,25.9,4321,2.5,33.8,0.882,29.9,2.8,43.7,-5.1,6.7,0,0,0,0,0,0,0,0,14,1995,2008,2,1975,8423,7408,1249,2054,440,79,192,875,273,97,820,1201,0.277,0.352,0.436,0.788,104,*4HD/8,durhara01,2B
66,Eddie Joost,0,28.2,3153,7.5,31.6,0.87,29.9,3.3,31.1,10.1,11,0,0,1,0.41,0,2,2,0.9,17,1936,1955,2,1574,6791,5606,874,1339,238,35,134,601,61,48,1043,827,0.239,0.361,0.366,0.727,99,*645H/3,joosted01,SS
73,Shin-Soo Choo,0,29.3,3747,0,34.7,0.856,32,3.4,42.1,-13.6,10.6,0,0,0,0.07,0,0,1,0.1,16,2005,2020,1,1652,7157,6087,961,1671,339,29,218,782,157,55,868,1579,0.275,0.377,0.447,0.824,122,*9*D78H,choosh01,RF
35,Brian McCann,0,24.4,3405,12.5,31.6,0.932,28,2.9,34.1,7.5,9.8,0,0,0,0.02,0,0,0,0.1,15,2005,2019,7,1755,6850,6067,742,1590,294,5,282,1018,25,9,640,1054,0.262,0.337,0.452,0.789,110,*2HD/3,mccanbr01,C
48,Fred Tenney,0,28.6,3880,0,44.3,0.906,36.4,3.6,35.9,4,14.9,0,0,0,0,0,0,1,0.2,17,1894,1911,0,1994,8839,7595,1278,2231,270,77,22,688,285,,874,484,0.294,0.371,0.358,0.73,109,*3O2/H981,tennefr02,1B
52,Anthony Rendon,0,32.6,2621,2.5,34.2,0.898,33.4,4.7,31.3,5.8,18.5,0,2,4,1.44,0,2,3,1.2,12,2013,2024,1,1173,5022,4350,683,1218,295,16,158,671,55,17,547,779,0.28,0.364,0.464,0.829,121,*54/HD6,rendoan01,3B
55,Fielder Jones,0,28.9,3515,2.5,42.8,0.892,35.9,3.9,35.1,1.4,14.8,0,0,0,0,0,0,0,0.1,15,1896,1915,0,1788,7924,6747,1180,1920,206,75,21,631,359,,817,422,0.285,0.368,0.347,0.715,112,*O*89/H6,jonesfi01,CF
55,Pie Traynor,0,27.1,3919,2.5,38.7,0.892,32.9,3.2,42.6,2,11.9,0,0,6,2.11,0,0,0,0.1,17,1920,1937,2,1941,8298,7559,1183,2416,371,164,58,1273,158,88,472,278,0.32,0.362,0.435,0.797,107,*56H/3,traynpi01,3B
62,John Valentin,0,31.4,2290,7.5,32.5,0.878,32,4.8,25.1,12.1,17.4,0,0,1,0.15,0,1,1,0.7,11,1992,2002,0,1105,4511,3917,614,1093,281,17,124,558,47,31,463,524,0.279,0.36,0.454,0.814,109,*6*54H/3D,valenjo02,SS
25,Charlie Bennett,0,30.1,2000,12.5,38.8,0.952,34.4,5.9,27.5,17.5,23.3,0,0,0,0,0,0,2,0.5,15,1878,1893,0,1062,4310,3821,549,978,203,67,55,533,42,,478,572,0.256,0.34,0.387,0.728,119,*2O/5463,bennech01,C
57,Al Rosen,0,33,2470,2.5,32.4,0.888,32.7,5,31.5,0.5,19,1,1,2,1.23,1,3,3,1.6,10,1947,1956,4,1044,4374,3725,603,1063,165,20,192,717,39,33,587,385,0.285,0.384,0.495,0.879,137,*53H/647,rosenal01,3B
37,Turkey Stearnes,0,31.3,2892,2.5,49.8,0.928,40.6,8.1,47.5,0,35.7,0,0,0,0,0,2,12,3.3,18,1923,1940,5,993,4279,3807,917,1326,231,113,187,1009,130,,418,,0.348,0.417,0.616,1.032,177,*8/37951,steartu99,CF
67,Cody Bellinger,0,31.8,2734,2.5,33,0.868,32.4,4.4,27,3.9,17.2,1,1,3,1.09,1,2,2,1.3,10,2017,2026,2,1204,4969,4400,720,1148,222,31,231,727,109,26,500,983,0.261,0.336,0.483,0.819,121,*8*397HD,bellico01,CF
74,Jhonny Peralta,0,26.5,3414,7.5,30.3,0.854,28.4,2.7,33.5,5.8,4.8,0,0,0,0.04,0,0,1,0.2,15,2003,2017,3,1798,7319,6599,841,1761,376,24,202,873,17,27,606,1450,0.267,0.329,0.423,0.752,102,*65H/D37,peraljh01,SS
45,Don Buford,0,33.4,2599,0,36.1,0.912,34.8,4.5,30.7,5.2,18.3,0,0,0,0.1,0,1,1,0.5,10,1963,1972,1,1286,5347,4553,718,1203,157,44,93,418,200,105,672,575,0.264,0.362,0.379,0.741,115,*7*4*5H8/9,bufordo01,LF
64,Travis Fryman,0,28.4,3544,2.5,34.4,0.874,31.4,3.3,33.6,6.2,9.7,0,0,0,0.02,0,0,0,0,13,1990,2002,5,1698,7217,6481,895,1776,345,40,223,1022,72,38,602,1369,0.274,0.336,0.443,0.779,104,*5*6/HD3,frymatr01,3B
32,Salvador Perez,0,24.4,3309,12.5,35.5,0.938,30,3.3,29.4,13.7,11.4,0,0,1,0.25,0,0,0,0.1,15,2011,2026,9,1753,7097,6656,727,1748,325,11,310,1036,6,1,278,1345,0.263,0.3,0.454,0.754,104,*2D3/H,perezsa02,C
42,Gil McDougald,0,32.3,2520,2.5,40.8,0.918,36.5,4.9,31.3,14,24.2,0,1,3,0.95,0,0,2,0.5,10,1951,1960,6,1336,5398,4676,697,1291,187,51,112,576,45,44,559,623,0.276,0.356,0.41,0.766,111,*4*56H,mcdougi01,2B
54,Lu Blue,0,28.9,3608,0,37.6,0.894,33.3,3.8,33.9,-3.3,10.9,0,0,1,0.42,0,0,0,0.1,13,1921,1933,0,1615,7223,5904,1152,1696,319,109,44,695,151,91,1092,436,0.287,0.402,0.401,0.803,109,*3H/8,bluelu01,1B
58,Jeff Cirillo,0,30.5,2945,2.5,34.5,0.886,32.5,3.5,26.4,10.4,14.9,0,0,0,0,0,0,0,0,14,1994,2007,2,1617,6136,5396,800,1598,343,21,112,727,63,37,563,694,0.296,0.366,0.43,0.796,102,*5H34D/671,cirilje01,3B
41,Elston Howard,0,26.5,2710,12.5,27.1,0.92,26.8,2.7,24.3,8.2,8.5,1,2,3,1.5,0,0,2,0.4,15,1948,1968,12,1625,5929,5443,635,1491,223,53,168,775,10,14,376,786,0.274,0.321,0.427,0.748,107,*27H39,howarel01,C
54,Denny Lyons,0,31,2749,2.5,35.5,0.894,33.3,5.1,38,0.8,21.6,0,0,0,0,0,0,2,0.6,13,1885,1897,0,1123,5029,4300,933,1334,244,69,62,756,224,,623,280,0.31,0.407,0.442,0.85,140,*53,lyonsde01,3B
56,George Kell,0,28.2,3445,2.5,37.6,0.89,32.9,3.4,35.5,1.6,15.2,0,2,3,1.2,0,0,1,0.3,15,1943,1957,10,1795,7529,6702,880,2054,385,50,78,870,51,36,621,287,0.306,0.367,0.414,0.781,112,*53H/749,kellge01,3B
63,Johnny Logan,0,29.8,2454,7.5,33.3,0.876,31.5,3.6,28.9,14,11,0,0,0,0.12,0,0,1,0.3,13,1951,1963,4,1503,5893,5244,651,1407,216,41,93,547,19,13,451,472,0.268,0.33,0.378,0.708,94,*6H5,loganjo01,SS
39,Mickey Tettleton,0,24.7,3081,12.5,29.4,0.924,27.1,3.2,34.9,-3.6,9.9,0,0,0,0,0,0,0,0,14,1984,1997,2,1485,5745,4698,711,1132,210,16,245,732,23,29,949,1307,0.241,0.369,0.449,0.818,122,*2*D39H/7,tettlmi01,C
67,Tommy Holmes,0,32.4,2677,0,35.5,0.868,33.9,4.4,31.7,-0.1,16,0,1,1,0.58,1,1,1,1,11,1942,1952,1,1320,5566,4992,698,1507,292,47,88,581,40,25,480,122,0.302,0.366,0.432,0.798,122,*9*8H7,holmeto01,RF
62,Tommy Henrich,0,31,3010,0,39.5,0.878,35.3,5,36.8,-2.5,23,0,0,2,0.7,0,0,3,0.5,11,1937,1950,5,1284,5411,4603,901,1297,269,73,183,795,37,19,712,383,0.282,0.382,0.491,0.873,132,*93H87,henrito01,RF
72,Bob Allison,0,30,3250,0,34.2,0.858,32.1,3.6,32.7,-5.2,15.4,0,0,0,0.07,1,1,2,1.1,13,1958,1970,3,1541,5924,5032,811,1281,216,53,256,796,84,50,795,1033,0.255,0.358,0.471,0.829,127,*9*783H,allisbo01,RF
55,Kent Hrbek,0,27.5,3851,0,38.6,0.892,33,3.6,37.5,-7.7,15,0,1,1,0.66,0,0,0,0,14,1981,1994,1,1747,7137,6192,903,1749,312,18,293,1086,37,26,838,798,0.282,0.367,0.481,0.848,128,*3DH/5,hrbekke01,1B
61,Greg Vaughn,0,27.5,3856,0,30.9,0.88,29.2,2.9,29.2,-6.2,7.1,0,2,2,0.68,0,0,1,0.1,15,1989,2003,4,1731,7070,6103,1017,1475,284,23,355,1072,121,59,865,1513,0.242,0.337,0.47,0.807,113,*7*DH/89,vaughgr01,LF
68,Reggie Sanders,0,26.7,4020,0,39.8,0.866,33.3,3.6,31.8,1.8,18.2,0,0,1,0.31,0,1,1,0.5,17,1991,2007,1,1777,7043,6241,1037,1666,341,60,305,983,304,115,674,1614,0.267,0.343,0.487,0.83,115,*9*78H/D,sandere02,RF
49,Ketel Marte,0,30.9,2754,2.5,35.6,0.904,33.3,4.5,34.1,5.3,18.7,0,2,2,1.02,0,1,2,0.7,12,2015,2026,3,1273,5277,4705,711,1311,276,45,176,604,65,19,484,840,0.279,0.348,0.469,0.817,120,*468DH/5,marteke01,2B
38,Javy López,0,24.9,2977,12.5,29.7,0.926,27.3,3.2,31.2,5.7,11.3,0,1,1,0.35,0,0,1,0.3,15,1992,2006,3,1503,5793,5319,674,1527,267,19,260,864,8,19,357,969,0.287,0.337,0.491,0.828,112,*2DH/3,lopezja01,C
57,Ron Gant,0,26.5,4029,0,34.1,0.888,30.3,3,33,-3.2,11.3,0,1,2,0.89,0,0,2,0.4,16,1987,2003,2,1832,7320,6449,1080,1651,302,50,321,1008,243,102,770,1411,0.256,0.336,0.468,0.803,112,*78H45D/9,gantro01,LF
72,Cy Williams,0,25.5,3993,2.5,36.8,0.858,31.2,3,40.7,-9.8,11.8,0,0,0,0.09,0,0,1,0.2,19,1912,1930,0,2002,7727,6780,1024,1981,306,74,251,1005,115,99,690,721,0.292,0.365,0.47,0.835,125,*8*9H7,willicy01,CF
75,Bobby Thomson,0,27.5,3509,2.5,33.8,0.852,30.7,3.1,32.4,-1.1,7,0,0,1,0.3,0,0,1,0.4,15,1946,1960,3,1779,6961,6305,903,1705,267,74,264,1026,38,33,559,804,0.27,0.332,0.462,0.794,110,*8*75H9/43,thomsbo01,CF
86,Billy Hoy,0,24.4,4260,2.5,33.1,0.83,28.8,3,36.9,-10.8,6.5,0,0,0,0,0,0,0,0.1,14,1888,1902,0,1797,8396,7115,1429,2048,248,121,40,725,596,,1006,345,0.288,0.386,0.374,0.76,110,*O8/4,hoydu01,CF
67,Cecil Travis,0,29.3,2471,7.5,30.5,0.868,29.9,3.7,30.5,5.1,12.1,0,0,2,0.56,0,1,2,0.5,12,1933,1947,3,1328,5417,4914,665,1544,265,78,27,657,23,32,402,291,0.314,0.37,0.416,0.786,108,*6*5H9/74,travice01,SS
68,John Ward,0,24.8,3569,7.5,34.3,0.866,29.5,3,29.7,10.4,18.9,0,0,0,0,0,3,4,2.1,17,1878,1894,0,1827,8114,7656,1410,2107,231,96,26,869,540,,421,326,0.275,0.314,0.341,0.655,92,*6*41O5,wardjo01,SS
73,Brandon Crawford,0,27.8,2819,7.5,29.5,0.856,28.6,2.8,23.9,14.4,9.2,0,1,1,0.55,0,0,1,0.3,14,2011,2024,3,1682,6318,5646,674,1404,295,44,147,748,47,34,544,1294,0.249,0.318,0.395,0.713,96,*6H/5D1,crawfbr01,SS
30,Ernie Lombardi,0,24,3131,12.5,37.8,0.942,30.9,3.3,39.4,3.8,15.9,1,1,2,0.98,0,0,1,0.2,17,1931,1947,7,1853,6353,5855,601,1792,277,27,190,990,8,9,430,262,0.306,0.358,0.46,0.818,126,*2*H,lombaer01,C
47,Lonnie Smith,1,29.8,3164,0,38.5,0.908,34.2,3.9,35,-2.3,18.9,0,1,1,0.75,1,1,2,1,17,1978,1994,1,1613,5952,5170,909,1488,273,58,98,533,370,140,623,849,0.288,0.371,0.42,0.791,118,*7H8D9,smithlo01,LF
76,Wally Moses,0,26.2,4055,0,36.7,0.85,31.4,2.9,33.2,-4.2,10.7,0,0,0,0.26,0,0,0,0.2,17,1935,1951,1,2012,8256,7356,1124,2138,435,110,89,679,174,81,821,457,0.291,0.364,0.416,0.779,109,*9H8/7,moseswa01,RF
81,Nick Markakis,0,24.6,4470,0,33.7,0.84,29.2,2.5,32.8,-7.1,3,0,0,0,0,1,1,1,0.8,15,2006,2020,1,2154,9321,8302,1119,2388,514,22,189,1046,66,32,891,1230,0.288,0.357,0.423,0.781,109,*97D/H83,markani01,RF
49,Art Devlin,0,32.1,2354,2.5,36.7,0.904,34.4,4.5,31.7,10.2,19.5,0,0,0,0,0,1,1,0.7,10,1904,1913,0,1313,5254,4412,603,1185,164,57,10,508,285,8,576,345,0.269,0.364,0.338,0.702,109,*536/H47,devliar01,3B
57,Lorenzo Cain,0,32.3,2306,2.5,38.2,0.888,35.3,5.3,23.9,16.6,22.2,0,1,2,0.8,0,1,2,0.7,13,2010,2022,2,1171,4758,4314,626,1220,225,24,87,454,190,44,362,854,0.283,0.343,0.407,0.749,102,*89H/D7,cainlo01,CF
44,Hardy Richardson,0,29.1,3054,2.5,40.9,0.914,35,5,37.9,3,21.2,0,0,0,0,0,0,1,0.3,14,1879,1892,0,1334,6044,5657,1127,1694,305,126,73,828,207,,377,446,0.299,0.344,0.437,0.781,131,*4*O5/6321,richaha01,2B
53,Tony Peña,0,24.7,2895,12.5,24.7,0.896,24.7,2,19.2,17.7,0.3,0,0,0,0.09,0,0,1,0.2,18,1980,1997,5,1988,7073,6489,667,1687,298,27,107,708,80,63,455,846,0.26,0.309,0.364,0.673,84,*2H/395D,penato01,C
70,Ted Kluszewski,0,28.5,3463,0,31.4,0.862,30,3,34.9,-10,7.2,0,1,3,1.33,0,1,1,0.6,15,1947,1961,4,1718,6470,5929,848,1766,290,29,279,1028,20,16,492,365,0.298,0.353,0.498,0.85,123,*3H,kluszte01,1B
49,Jeff Heath,0,29.7,3161,0,37.7,0.904,33.7,4.4,37,-5.4,19.7,0,0,1,0.23,0,0,1,0.2,14,1936,1949,2,1383,5561,4937,777,1447,279,102,194,887,56,48,593,670,0.293,0.37,0.509,0.879,139,*79H/8,heathje01,LF
53,Harry Davis,0,28.2,3527,0,38.5,0.896,33.4,3.5,37.3,-4,11,0,0,0,0,0,0,1,0.2,22,1895,1917,0,1755,7392,6653,1001,1841,361,145,75,951,285,2,525,644,0.277,0.335,0.408,0.743,119,*3O5/H8476,davisha01,1B
53,Kip Selbach,0,27.5,3657,0,36.9,0.896,32.2,3.7,35.5,-6.5,11.6,0,0,0,0,0,0,0,0.1,13,1894,1906,0,1612,7136,6165,1066,1807,301,149,44,779,334,,785,358,0.293,0.377,0.412,0.788,121,*O*79/68H45,selbaki01,LF
54,Dusty Baker,0,26.2,3972,0,37,0.894,31.6,2.9,35.5,-6,11,0,1,2,0.61,0,0,0,0,19,1968,1986,2,2039,8022,7117,964,1981,320,23,242,1013,137,73,762,926,0.278,0.347,0.432,0.779,116,*7*8*9H3/D,bakerdu01,LF
47,Max Bishop,0,29.8,2841,2.5,38.1,0.908,33.9,4.6,33.3,8.7,16.8,0,0,0,0.01,0,0,1,0.2,12,1924,1935,0,1338,5793,4494,966,1216,236,35,41,379,40,58,1156,452,0.271,0.423,0.366,0.789,103,*4H/36,bishoma01,2B
74,Dom DiMaggio,0,28.2,3213,2.5,33.6,0.854,30.9,3.9,29.4,3,15.3,0,0,1,0.3,0,0,1,0.2,11,1940,1953,7,1399,6478,5640,1046,1680,308,57,87,618,100,62,750,571,0.298,0.383,0.419,0.802,111,*8/H97,dimagdo01,CF
60,Terry Turner,0,28.3,2575,7.5,38.2,0.882,33.2,3.7,26.2,20.1,12.1,0,0,0,0.03,0,1,1,0.7,17,1901,1919,0,1659,6667,5921,699,1499,207,77,8,528,256,31,435,492,0.253,0.308,0.318,0.626,89,*6*54H9/8,turnete01,SS
73,Rudy York,0,27.2,3677,0,31.7,0.856,29.5,3.2,29.5,-3.3,10.6,0,1,2,0.75,0,0,1,0.4,13,1934,1948,7,1603,6723,5891,876,1621,291,52,277,1149,38,26,792,867,0.275,0.362,0.483,0.845,123,*32H5/7,yorkru01,1B
88,Alex Ríos,0,28.2,3438,0,27.4,0.826,27.8,2.6,21.2,3,3,0,0,0,0.04,0,0,1,0.2,12,2004,2015,2,1691,6929,6419,885,1778,374,63,169,794,253,77,400,1117,0.277,0.321,0.434,0.755,100,*9*8H/D7,riosal01,RF
79,Carlos Lee,0,23.3,4634,0,28.3,0.844,25.8,2.2,30.2,-10.9,-0.2,0,0,0,0.1,0,0,0,0,14,1999,2012,3,2099,8787,7983,1125,2273,469,19,358,1363,125,47,655,984,0.285,0.339,0.483,0.821,113,*73D/H,leeca01,LF
50,Danny Murphy,0,30,2716,2.5,36.5,0.902,33.2,4,36.9,-4,13.6,0,0,0,0,0,0,0,0.2,16,1900,1915,0,1496,5996,5399,705,1563,289,102,44,702,193,4,335,327,0.289,0.336,0.405,0.742,124,*4*9H/837,murphda02,2B
66,Brian Roberts,0,28.1,3157,2.5,29.5,0.87,28.8,3.4,28.6,5.2,8.4,0,0,0,0.01,0,1,1,0.7,14,2001,2014,2,1418,6253,5531,850,1527,367,39,97,542,285,73,609,844,0.276,0.347,0.409,0.756,101,*4H6D,roberbr01,2B
96,Vernon Wells,0,26.2,3632,2.5,28.6,0.81,27.4,2.7,31.4,-0.4,3.3,0,0,1,0.22,0,1,1,0.6,15,1999,2013,3,1731,7212,6642,930,1794,379,34,270,958,109,37,472,956,0.27,0.319,0.459,0.778,104,*87D9H/345,wellsve01,CF
75,Brian Jordan,0,30.5,2819,0,32.9,0.852,31.7,3.7,17.8,10.1,15.7,0,0,1,0.22,0,0,2,0.3,15,1992,2006,1,1456,5646,5160,755,1454,267,37,184,821,119,48,353,842,0.282,0.333,0.455,0.788,105,*978H/3D5,jordabr01,RF
58,Jake Daubert,0,25.9,3948,0,39.7,0.886,32.8,3.2,38.1,-6.3,12.3,1,1,3,1.29,0,0,0,0.1,15,1910,1924,0,2014,8749,7673,1117,2326,250,165,56,722,251,99,623,489,0.303,0.36,0.401,0.76,117,*3/H,daubeja01,1B
85,Mo Vaughn,0,27.1,3649,0,27.1,0.832,27.1,2.9,31.7,-12.4,5.5,1,3,3,1.53,0,0,0,0.1,12,1991,2003,3,1512,6410,5532,861,1620,270,10,328,1064,30,18,725,1429,0.293,0.383,0.523,0.906,132,*3DH,vaughmo01,1B
74,Roy Cullenbine,0,31.5,2554,0,32.3,0.854,31.9,4.4,31.1,-4,17.5,0,0,1,0.19,0,0,2,0.4,10,1938,1947,2,1181,4787,3879,627,1072,209,32,110,599,26,24,853,399,0.276,0.408,0.432,0.84,132,*973H5/8,cullero01,RF
97,Paul Konerko,0,21.5,5013,0,28.1,0.808,24.8,1.9,33.1,-17.7,-5.6,0,1,2,0.72,0,0,0,0,18,1997,2014,6,2349,9505,8393,1162,2340,410,8,439,1412,9,4,921,1391,0.279,0.354,0.486,0.841,118,*3*DH/57,konerpa01,1B
54,Bill Doran,0,29.1,2834,2.5,32.8,0.894,31,3.7,32.9,3.9,13.2,0,0,0,0.11,0,0,0,0.1,12,1982,1993,0,1453,5922,5131,727,1366,220,39,84,497,209,93,709,600,0.266,0.354,0.373,0.728,106,*4H3/675,doranbi02,2B
60,Don Money,0,27.6,3205,2.5,36.5,0.882,32.1,3.4,33.7,5.3,13,0,0,0,0.02,0,0,0,0,16,1968,1983,4,1720,6998,6215,798,1623,302,36,176,729,80,51,600,866,0.261,0.328,0.406,0.734,106,*54D63H7,moneydo01,3B
68,Ken Keltner,0,28.3,3058,2.5,33.2,0.866,30.7,3.5,26.7,7.2,13.5,0,0,0,0.23,0,0,1,0.3,13,1937,1950,7,1526,6316,5683,737,1570,308,69,163,852,39,33,514,480,0.276,0.338,0.441,0.778,112,*5/H3,keltnke01,3B
72,Edgardo Alfonzo,0,28.9,2937,2.5,28.8,0.858,28.8,3.1,27.8,4.1,10.3,0,0,1,0.24,0,0,1,0.4,12,1995,2006,1,1506,6108,5385,777,1532,282,18,146,744,53,17,596,617,0.284,0.357,0.425,0.782,105,*5*4H6/D3,alfoned01,3B
75,José Valentín,0,25.1,3245,7.5,31.6,0.852,28.4,3.1,25.7,13.5,10.4,0,0,0,0,0,0,0,0,16,1992,2007,0,1678,6317,5539,872,1348,302,41,249,816,136,56,630,1294,0.243,0.321,0.448,0.769,96,*654H/78D93,valenjo03,SS
107,Michael Young,0,21.4,4156,7.5,24.7,0.788,23.1,2,40.2,-10.4,-4.6,0,0,2,0.55,0,0,0,0,14,2000,2013,7,1970,8612,7918,1137,2375,441,60,185,1030,90,30,575,1235,0.3,0.346,0.441,0.787,104,*6*5*4D3/H,youngmi02,SS
33,Ray Schalk,0,25.8,2490,12.5,33.3,0.936,29.6,3.1,24,18.3,9,0,1,2,0.77,0,0,0,0,18,1912,1929,0,1762,6243,5306,579,1345,199,49,11,593,177,69,638,358,0.253,0.34,0.316,0.656,83,*2H,schalra01,C
40,Manny Sanguillén,0,26.5,2272,12.5,27.6,0.922,27,3.1,22.4,11.4,9.9,0,0,1,0.35,0,0,0,0,13,1967,1980,3,1448,5383,5062,566,1500,205,57,65,585,35,38,223,331,0.296,0.326,0.398,0.724,102,*2H9D3/7,sanguma01,C
71,Gavy Cravath,0,31.4,2539,0,34.6,0.86,33,4.6,37.6,-9.5,19.4,0,1,1,0.65,0,2,2,1,11,1908,1920,0,1220,4663,3951,575,1134,232,83,119,719,89,20,561,578,0.287,0.38,0.478,0.858,151,*9H78/3,cravaga01,RF
84,Joe Kuhel,0,23.8,4397,0,30.5,0.834,27.2,2.4,31.3,-9.8,0.5,0,0,1,0.56,0,0,0,0.1,18,1930,1947,0,2104,9097,7984,1236,2212,412,111,131,1049,178,90,980,612,0.277,0.359,0.406,0.765,104,*3H,kuheljo01,1B
69,Dwayne Murphy,0,29.9,2593,2.5,33.2,0.864,31.6,4,28.2,6,16.6,0,0,0,0.11,0,0,3,0.5,12,1978,1989,0,1360,5242,4347,648,1069,139,20,166,609,100,61,747,953,0.246,0.356,0.402,0.757,115,*8H79/D346,murphdw01,CF
80,Arlie Latham,0,25.4,3663,2.5,30.5,0.842,28,3,23,12.4,10.3,0,0,0,0,0,0,0,0.2,17,1880,1909,0,1629,7525,6832,1481,1836,245,85,27,563,742,,589,305,0.269,0.334,0.341,0.676,92,*5/4O623H,lathaar01,3B
77,Ross Youngs,0,30.4,2742,0,32.4,0.848,31.4,4.3,31.2,-4.7,15.5,0,1,1,0.44,0,1,2,0.7,10,1917,1926,0,1211,5337,4627,812,1491,236,93,42,592,153,93,550,390,0.322,0.399,0.441,0.839,130,*9/4H87,youngro01,RF
60,Phil Cavarretta,0,26.5,3692,0,37.2,0.882,31.9,3,40.4,-10.9,9.9,1,1,2,1.11,0,1,1,0.5,22,1934,1955,3,2030,7703,6754,990,1977,347,99,95,920,65,54,820,598,0.293,0.372,0.416,0.788,118,*3H897,cavarph01,1B
76,Darin Erstad,0,28.8,3105,0,32.3,0.85,30.6,3.2,18.2,10.8,9.9,0,0,1,0.26,0,1,2,0.7,14,1996,2009,2,1654,6628,6024,913,1697,316,33,124,699,179,58,475,939,0.282,0.336,0.407,0.743,93,*3*8*7HD/9,erstada01,1B
86,Jayson Werth,0,27.5,3392,0,29.2,0.83,28.3,3,29.3,-6.6,9.6,0,0,1,0.21,0,0,0,0,15,2002,2017,1,1583,6366,5484,883,1465,300,22,229,799,132,23,764,1450,0.267,0.36,0.455,0.816,117,*9*78H/D3,werthja01,RF
53,Jimmy Williams,0,28.9,2798,2.5,33.1,0.896,31,3.7,32.6,1.7,10.1,0,0,0,0,0,0,1,0.2,11,1899,1909,0,1457,6140,5485,780,1508,242,138,49,796,151,,474,531,0.275,0.337,0.396,0.733,116,*45/6H3,williji01,2B
61,Ken McMullen,0,30,2495,2.5,34.1,0.88,32,3.5,26.1,10.8,14.1,0,0,0,0.01,0,0,0,0.2,16,1962,1977,0,1583,5731,5131,568,1273,172,26,156,606,20,19,510,815,0.248,0.316,0.383,0.699,104,*5H3D/7694,mcmulke01,3B
69,Bill Joyce,0,30,2533,2.5,31.2,0.864,30.6,5.6,35.5,-2,18.2,0,0,0,0,0,0,0,0.1,8,1890,1898,0,906,4167,3310,822,971,153,106,70,609,266,,721,380,0.293,0.435,0.467,0.902,143,*534/O,joycebi01,3B
51,Robby Thompson,0,30.3,2402,2.5,33.9,0.9,32.1,4.2,29.3,7.9,17.1,0,0,0,0.03,0,0,1,0.4,11,1986,1996,2,1304,5235,4612,671,1187,238,39,119,458,103,62,439,987,0.257,0.329,0.403,0.733,105,*4H/6,thompro01,2B
72,Brandon Phillips,0,25.1,3729,2.5,28.9,0.858,27,2.5,26.5,7.4,4.4,0,0,0,0.05,0,0,0,0,17,2002,2018,3,1902,7992,7378,1005,2029,368,35,211,951,209,84,420,1092,0.275,0.32,0.42,0.74,95,*4H/5D6,phillbr01,2B
65,Heinie Zimmerman,0,29.3,2642,2.5,33.2,0.872,31.3,3.7,34.4,3.2,14.7,0,0,1,0.31,0,1,2,0.6,13,1907,1919,0,1456,5744,5304,695,1566,275,105,58,799,175,52,242,432,0.295,0.331,0.419,0.75,121,*5*4H63/879,zimmehe01,3B
74,Matt Carpenter,0,27.9,2981,2.5,28.7,0.854,28.3,3.1,31,-3.6,11.1,0,1,2,0.77,0,0,1,0.3,14,2011,2024,3,1511,5773,4856,813,1257,329,28,179,659,28,19,774,1225,0.259,0.366,0.449,0.814,122,*5*34HD9/71,carpema01,3B
84,Adam Jones,0,25.5,3616,2.5,32.5,0.834,29,2.9,37.3,-0.7,6.4,0,0,1,0.41,0,0,0,0,14,2006,2019,5,1823,7516,7009,963,1939,336,29,282,945,97,35,340,1395,0.277,0.317,0.454,0.771,106,*89H/7D,jonesad01,CF
89,Garry Templeton,0,23.7,3464,7.5,27.8,0.824,25.8,2.2,23.5,16.7,0.8,0,0,0,0.07,0,0,0,0,16,1976,1991,3,2079,8208,7721,893,2096,329,106,70,728,242,129,375,1092,0.271,0.304,0.369,0.673,87,*6H/359,templga01,SS
77,Hal Trosky,0,27.9,3265,0,29.9,0.848,28.9,3.6,32.4,-8,10.4,0,0,2,0.55,0,0,0,0.2,11,1933,1946,0,1347,5750,5161,835,1561,331,58,228,1012,28,23,545,440,0.302,0.371,0.522,0.892,130,*3/H4,troskha01,1B
94,Garret Anderson,0,22.8,4493,0,25.7,0.814,24.2,1.9,23.4,-3.9,-6.3,0,1,1,0.57,0,0,0,0,17,1994,2010,3,2228,9177,8640,1084,2529,522,36,287,1365,80,47,429,1224,0.293,0.324,0.461,0.785,102,*7*8D9H,anderga01,LF
57,Tony Cuccinello,0,27.4,3058,2.5,34,0.888,30.7,3.2,31.6,7.5,10.9,0,0,0,0.19,0,0,0,0.3,15,1930,1945,2,1704,6880,6184,730,1729,334,46,94,884,42,39,579,497,0.28,0.343,0.394,0.737,104,*4*5H/6,cuccito01,2B
80,Bret Boone,0,25.2,3599,2.5,22.8,0.842,24,2.1,28.7,-0.9,-1.3,0,1,2,0.84,0,1,2,0.8,14,1992,2005,3,1780,7433,6683,927,1775,366,28,252,1021,94,53,552,1295,0.266,0.325,0.442,0.767,101,*4/H5D,boonebr01,2B
78,Javier Báez,0,27.4,2456,7.5,27,0.846,27.2,3.2,21.1,12.4,10.2,0,1,1,0.6,0,0,2,0.5,13,2014,2026,3,1372,5200,4872,663,1226,239,30,195,691,116,35,230,1419,0.252,0.292,0.433,0.725,94,*6*45H8/D379,baezja01,SS
61,Kevin Youkilis,0,31.2,2358,0,32.4,0.88,31.8,4.9,28.7,1.7,16.9,0,1,2,0.89,0,0,2,0.5,10,2004,2013,3,1061,4436,3749,653,1053,254,18,150,618,26,14,539,828,0.281,0.382,0.478,0.861,124,*3*5H/7D49,youklke01,1B
62,Elbie Fletcher,0,29.4,2787,0,33.5,0.878,31.4,3.8,30,-3.4,12.5,0,0,0,0.15,0,0,2,0.5,12,1934,1949,1,1415,5828,4879,723,1323,228,58,79,616,32,35,851,495,0.271,0.384,0.39,0.774,117,*3H,fletcel01,1B
58,Rico Carty,0,27.5,3264,0,32.6,0.886,30.1,3.2,32.2,-10,10.4,0,0,1,0.18,0,0,0,0.1,15,1963,1979,1,1651,6318,5606,712,1677,278,17,204,890,21,26,642,663,0.299,0.369,0.464,0.833,132,*7*DH3/295,cartyri01,LF
61,George Gore,0,28.2,3087,0,39.9,0.88,34.1,4.9,38.5,-4,20,0,0,0,0,0,0,1,0.3,14,1879,1892,0,1310,6104,5357,1327,1612,262,94,46,618,170,,717,332,0.301,0.386,0.411,0.797,136,*O/35,gorege01,1B
84,Hunter Pence,0,26.2,3597,0,30.9,0.834,28.6,2.9,31,-6.8,9.5,0,0,0,0.12,0,0,1,0.1,14,2007,2020,4,1707,7006,6420,891,1791,324,55,244,942,120,55,520,1335,0.279,0.334,0.461,0.794,114,*98H7D,pencehu01,RF
75,Hal McRae,0,24.2,4037,0,27.9,0.852,26.1,2.2,30,-17.4,1.3,0,2,2,0.77,0,0,0,0,19,1968,1987,3,2084,8059,7218,940,2091,484,66,191,1097,109,78,648,779,0.29,0.351,0.454,0.805,123,*D*7H98/54,mcraeha01,LF
84,Don Baylor,0,21.7,4661,0,28.5,0.834,25.1,2,35.1,-22.5,-2.6,1,1,2,1.14,0,0,0,0,19,1970,1988,1,2292,9401,8198,1236,2135,366,28,338,1276,285,120,805,1069,0.26,0.342,0.436,0.777,118,*D*793H8,baylodo01,LF
46,Fred Dunlap,0,31.7,1980,2.5,37.1,0.91,34.4,6.2,30.6,8.9,23.6,0,0,0,0,1,1,2,1.2,12,1880,1891,0,965,4264,3974,759,1159,224,53,41,366,85,,283,263,0.292,0.34,0.406,0.745,134,*4/O15,dunlafr01,2B
52,Bill Mazeroski,0,26,3322,2.5,36.5,0.898,31.3,2.7,19.6,24,5,0,0,1,0.19,0,0,0,0.1,17,1956,1972,10,2163,8379,7755,769,2016,294,62,138,853,27,23,447,706,0.26,0.299,0.367,0.667,84,*4H/5,mazerbi01,2B
78,Shane Victorino,0,28.9,2581,2.5,31.4,0.846,30.2,3.9,23.8,7.6,15.8,0,0,0,0.06,0,0,0,0.2,12,2003,2015,2,1299,5164,4630,731,1274,231,70,108,489,231,46,381,626,0.275,0.34,0.425,0.765,102,*8*97H,victosh01,CF
79,Cy Seymour,0,27.9,2877,2.5,31.5,0.844,29.7,3.3,29.6,-2.1,13.4,0,0,0,0,0,1,1,0.4,16,1896,1913,0,1529,6233,5686,737,1724,229,96,52,799,222,1,354,361,0.303,0.347,0.405,0.752,118,*O*891H/3754,seymocy01,CF
77,Dansby Swanson,0,26.4,2604,7.5,29.4,0.848,27.9,3.6,24.7,12.3,12,0,0,0,0.05,0,0,1,0.3,11,2016,2026,2,1328,5447,4887,710,1216,241,22,171,661,109,29,481,1324,0.249,0.318,0.412,0.73,97,*6/HD,swansda01,SS
85,Billy Rogell,0,26.2,2638,7.5,25.7,0.832,26,2.8,20.3,13.9,4.4,0,0,0,0,0,0,1,0.3,14,1925,1940,0,1482,5922,5149,757,1375,256,75,42,610,82,65,649,416,0.267,0.351,0.37,0.722,85,*65H4/978,rogelbi01,SS
29,Josh Gibson,0,26.9,1933,12.5,38.2,0.944,32.6,10.3,37.7,1.5,30.8,0,0,0,0,4,8,11,6.2,14,1930,1946,12,602,2526,2168,612,808,135,58,166,733,40,,336,,0.373,0.458,0.718,1.176,214,*23/97581,gibsojo99,C
44,Del Crandall,0,24.4,2478,12.5,28,0.914,26.2,2.9,21.7,14,6.7,0,0,1,0.38,0,0,0,0.1,16,1949,1966,11,1573,5584,5026,585,1276,179,18,179,657,26,31,424,477,0.254,0.312,0.404,0.716,96,*2H/397,crandde01,C
66,Stuffy McInnis,0,26,3531,0,35.5,0.87,30.7,2.7,32.3,-4.3,2.6,0,0,2,0.4,0,0,0,0.2,19,1909,1927,0,2128,8642,7822,871,2405,312,101,20,1063,172,75,380,251,0.307,0.343,0.381,0.723,105,*3H6/547,mcinnst01,1B
55,Michael Brantley,0,28.1,3051,0,34.1,0.892,31.1,3.8,31.6,-1.2,13.1,0,1,1,0.45,0,1,1,0.6,15,2009,2023,5,1445,6149,5566,758,1656,348,25,129,720,125,33,485,658,0.298,0.355,0.439,0.794,117,*7*8DH/9,brantmi02,LF
56,Paul Hines,0,26.5,3424,0,45,0.89,35.7,4.4,45.2,-5.6,19.5,0,0,0,0,0,0,2,0.6,20,1872,1891,0,1658,7470,7062,1217,2133,399,93,57,855,163,11,372,310,0.302,0.34,0.409,0.749,132,*O34/5621,hinespa01,1B
72,Ron Fairly,0,24,4018,0,35.1,0.858,29.5,2.3,34.6,-12.4,5,0,0,0,0,0,0,0,0,21,1958,1978,2,2442,8437,7184,931,1913,307,33,215,1044,35,33,1052,877,0.266,0.36,0.408,0.768,117,*3*9*H78D,fairlro01,1B
105,Prince Fielder,0,24.7,3808,0,23.6,0.792,24.1,2.4,34.1,-20.7,1.9,0,3,4,1.83,0,0,0,0.1,12,2005,2016,6,1611,6853,5821,862,1645,321,10,319,1028,18,11,847,1155,0.283,0.382,0.506,0.887,134,*3DH,fieldpr01,1B
121,Joe Carter,0,21.4,4668,0,19.5,0.76,20.5,1.4,28.2,-15.8,-10.8,0,2,4,1.28,0,0,0,0.1,16,1983,1998,5,2189,9154,8422,1170,2184,432,53,396,1445,231,66,527,1387,0.259,0.306,0.464,0.771,105,*7*9*8*3DH/45,cartejo01,LF
62,Marty McManus,0,24.3,3664,2.5,34.2,0.878,29.3,3,34,4.8,5.4,0,0,0,0.3,0,0,0,0,15,1920,1934,0,1831,7568,6660,1008,1926,401,88,120,992,126,95,675,558,0.289,0.357,0.43,0.787,102,*4*53H6/9,mcmanma01,2B
66,Willie Kamm,0,26.2,3198,2.5,35.6,0.87,30.9,3.4,30.7,9.4,9.2,0,1,2,0.5,0,0,0,0.1,13,1923,1935,0,1693,6946,5851,802,1643,348,85,29,827,126,84,824,405,0.281,0.372,0.384,0.756,97,*5/H,kammwi01,3B
75,Kris Bryant,0,29.2,2439,2.5,27.3,0.852,28.3,4.2,29.3,-2.7,13.2,1,1,2,1.38,1,1,1,0.9,11,2015,2025,4,1054,4550,3919,667,1068,233,19,184,548,44,20,504,1064,0.273,0.368,0.483,0.851,124,*579D3/8H6,bryankr01,3B
80,Jacoby Ellsbury,0,27.8,2765,2.5,31,0.842,29.4,4.1,27.8,6,12.9,0,1,1,0.63,0,1,1,0.7,11,2007,2017,1,1235,5375,4846,749,1376,241,47,104,512,343,71,399,737,0.284,0.342,0.417,0.76,103,*87H9/D,ellsbja01,CF
83,Lance Johnson,0,27.9,2755,2.5,30.2,0.836,29.1,3.4,22.7,10.5,11.2,0,0,0,0.02,0,0,1,0.1,14,1987,2000,1,1447,5800,5379,767,1565,175,117,34,486,327,105,352,384,0.291,0.334,0.386,0.72,95,*8H7/9D,johnsla03,CF
102,Lloyd Moseby,0,25.7,3302,2.5,27.5,0.798,26.6,2.8,27.1,1.7,6.5,0,0,0,0.06,0,1,2,0.7,12,1980,1991,1,1588,6574,5815,869,1494,273,66,169,737,280,92,616,1135,0.257,0.332,0.414,0.746,102,*897HD,mosebll01,CF
89,Terry Pendleton,0,25.3,3364,2.5,28.4,0.824,26.8,2.4,16.6,13.5,3.7,1,2,2,1.51,0,1,1,0.5,15,1984,1998,1,1893,7637,7032,851,1897,356,39,140,946,127,59,486,979,0.27,0.316,0.391,0.707,92,*5HD/9,pendlte01,3B
90,Baby Doll Jacobson,0,27.1,2920,2.5,29.2,0.822,28.1,3.2,26.7,-2,5.8,0,0,2,0.35,0,0,0,0.1,11,1915,1927,0,1472,6078,5507,787,1714,328,94,83,818,86,54,355,410,0.311,0.357,0.45,0.807,112,*897H3,jacobba01,CF
127,Matt Kemp,0,23.6,3783,2.5,21.6,0.748,22.6,2,36.6,-17,0,0,1,2,0.85,0,1,1,0.6,15,2006,2020,3,1750,6983,6365,950,1808,338,37,287,1031,184,63,518,1641,0.284,0.337,0.484,0.821,121,*8*9*7HD,kempma01,CF
69,Scott Fletcher,0,27,2410,7.5,31.9,0.864,29.5,3.2,22,18.2,12.3,0,0,0,0.01,0,0,0,0,15,1981,1995,0,1612,5976,5258,688,1376,243,38,34,510,99,58,514,541,0.262,0.332,0.342,0.674,85,*6*45H/D3,fletcsc01,SS
71,Wally Joyner,0,23.6,4026,0,35.8,0.86,29.7,2.9,31.4,-5.1,9.3,0,0,1,0.23,0,0,0,0,16,1986,2001,1,2033,8115,7127,973,2060,409,26,204,1106,60,39,833,825,0.289,0.362,0.44,0.802,117,*3HD,joynewa01,1B
79,José Abreu,0,26.9,3181,0,29.5,0.844,28.2,3.3,31.5,-10.3,8.7,1,2,2,1.32,0,1,1,0.5,11,2014,2024,3,1446,6220,5607,769,1587,328,17,263,960,11,6,432,1246,0.283,0.345,0.488,0.833,127,*3D/H5,abreujo02,1B
82,Ken Griffey,0,23.6,4036,0,34.6,0.838,29.1,2.7,41.7,-14.5,8.5,0,0,1,0.15,0,0,0,0,19,1973,1991,3,2097,8049,7229,1129,2143,364,77,152,859,200,83,719,898,0.296,0.359,0.431,0.79,118,*9*7*H83/D,griffke01,RF
89,Raúl Mondesí,0,25.5,3523,0,29.5,0.824,27.5,3.1,28.1,-3.4,9.2,0,0,0,0.02,0,0,0,0.1,13,1993,2005,1,1525,6369,5814,909,1589,319,49,271,860,229,92,475,1130,0.273,0.331,0.485,0.815,113,*987/HD,mondera01,RF
59,George Grantham,0,26,3150,2.5,33.9,0.884,30,3.8,36.7,-2.1,14.7,0,0,0,0.03,0,0,0,0.1,13,1922,1934,0,1444,5900,4989,912,1508,292,93,105,712,132,95,717,526,0.302,0.392,0.461,0.854,122,*4*3H/75,grantge01,2B
78,Jimmy Dykes,0,21.5,4241,2.5,34.7,0.846,28.1,2.5,36.2,4,-0.2,0,0,2,0.59,0,0,0,0,22,1918,1939,2,2282,9353,8046,1108,2256,453,90,108,1069,70,57,958,850,0.28,0.365,0.399,0.764,96,*5*436H/8719,dykesji01,3B
77,Mickey Rivers,0,27.7,2765,2.5,32.7,0.848,30.2,3.6,32.8,-0.8,12.8,0,1,1,0.72,0,0,1,0.1,15,1970,1984,1,1468,6027,5629,785,1660,247,71,61,499,267,90,266,471,0.295,0.327,0.397,0.724,106,*8HD79,rivermi01,CF
79,Chris Speier,0,22.5,3386,7.5,30.7,0.844,26.6,2.2,26,17.7,4,0,0,0,0,0,0,0,0.1,19,1971,1989,3,2260,8155,7156,770,1759,302,50,112,720,42,54,847,988,0.246,0.327,0.349,0.676,88,*65H4/3,speiech01,SS
82,Roy Smalley,0,24.1,3035,7.5,27.9,0.838,26,2.7,29.4,4.9,6.7,0,0,0,0.04,0,0,0,0.1,13,1975,1987,1,1653,6596,5657,745,1454,244,25,163,694,27,34,771,908,0.257,0.345,0.395,0.74,103,*6D5H43/2,smallro02,SS
84,Asdrúbal Cabrera,0,21.9,3485,7.5,30,0.834,26,2.7,36.8,0.9,5.1,0,0,0,0.01,0,0,0,0,15,2007,2021,2,1822,7401,6632,886,1763,401,28,195,869,91,32,589,1330,0.266,0.329,0.423,0.752,105,*6*45H3D/1,cabreas01,SS
88,Jean Segura,0,25.3,2740,7.5,26.3,0.826,25.8,3,25.2,7.7,7.5,0,0,0,0.03,0,1,1,0.7,12,2012,2023,2,1413,5937,5496,737,1545,237,47,110,513,211,73,323,824,0.281,0.327,0.401,0.729,97,*6*45/HD,segurje01,SS
104,Harvey Kuenn,0,22,3483,7.5,25.8,0.794,23.9,2.3,35.4,-8.3,1.2,0,1,3,0.74,0,0,0,0.1,15,1952,1966,10,1833,7618,6913,950,2092,356,56,87,671,68,56,594,404,0.303,0.357,0.408,0.765,108,*6*7*98H53,kuennha01,SS
36,Johnny Kling,0,26,1922,12.5,29.2,0.93,27.6,3.7,24.3,13.7,13.5,0,0,0,0.02,0,0,0,0.1,13,1900,1913,0,1261,4655,4246,475,1154,181,61,20,514,124,1,281,327,0.272,0.319,0.357,0.676,100,*2H/937856,klingjo01,C
46,Rick Ferrell,0,20.8,3150,12.5,30.7,0.91,25.7,2.6,27.4,9.4,6.4,0,0,0,0.26,0,0,0,0,18,1929,1947,7,1884,7076,6028,687,1692,324,45,28,734,29,35,931,277,0.281,0.378,0.363,0.741,95,*2H,ferreri01,C
68,Pete Runnels,0,26.3,3292,0,29.9,0.866,28.1,2.7,33.5,-1.8,7,0,0,1,0.27,0,0,3,0.7,14,1951,1964,5,1799,7329,6373,876,1854,282,64,49,630,37,51,844,627,0.291,0.375,0.378,0.753,107,*3*4*6H5/7,runnepe01,1B
59,Chick Hafey,0,28.1,2875,0,31.2,0.884,29.7,3.9,32.5,-5.6,14.4,0,1,1,0.52,0,0,0,0.2,13,1924,1937,1,1283,5116,4625,777,1466,341,67,164,833,70,52,372,477,0.317,0.372,0.526,0.898,133,*789H,hafeych01,LF
72,Marcell Ozuna,0,25.3,3532,0,28.9,0.858,27.1,2.8,28.3,-6.3,7,0,1,2,0.74,0,0,1,0.3,14,2013,2026,3,1653,6881,6193,837,1654,284,21,301,964,29,14,620,1536,0.267,0.335,0.466,0.8,118,*D*7*89H,ozunama01,LF
80,Carl Furillo,0,25.5,3484,0,34.7,0.842,30.1,3.1,30.7,-2.1,7.7,0,0,2,0.43,0,0,0,0.1,15,1946,1960,2,1806,7022,6378,895,1910,324,56,192,1058,48,50,514,436,0.299,0.355,0.458,0.813,112,*9*8H7,furilca01,RF
87,Von Hayes,0,26.7,3150,0,29.9,0.828,28.3,3.2,26.8,-2.8,9.7,0,0,1,0.12,0,0,0,0.1,12,1981,1992,1,1495,6052,5249,767,1402,282,36,143,696,253,97,712,804,0.267,0.354,0.416,0.77,113,*9*3*87H/D5,hayesvo01,RF
78,Joe Adcock,0,23.8,3819,0,33.5,0.846,28.7,2.8,35,-10.4,6.6,0,0,1,0.36,0,0,0,0,17,1950,1966,2,1959,7305,6606,823,1832,295,35,336,1122,20,31,594,1059,0.277,0.337,0.485,0.822,124,*3*7H/9,adcocjo01,1B
67,B.J. Surhoff,0,22.4,4195,0,34.4,0.868,28.4,2.4,28,6.9,3.4,0,0,0,0,0,0,0,0,19,1987,2005,1,2313,9106,8258,1062,2326,440,42,188,1153,141,84,640,839,0.282,0.332,0.413,0.745,98,*7*2*53HD9/846,surhob.01,LF
74,Gary Matthews,0,22.3,4257,0,30.4,0.854,26.4,2.4,40,-18.6,3.5,0,1,1,0.32,0,0,0,0,16,1972,1987,1,2033,8189,7147,1083,2011,319,51,234,978,183,74,940,1125,0.281,0.364,0.439,0.802,118,*7*9HD,matthga01,LF
103,George Hendrick,0,24.1,3804,0,29.1,0.796,26.6,2.3,35.1,-11.8,2.6,0,0,1,0.38,0,0,0,0.1,18,1971,1988,4,2048,7834,7129,941,1980,343,27,267,1111,59,47,567,1013,0.278,0.329,0.446,0.775,117,*9*87H3/D,hendrge01,RF
59,Ed Williamson,0,28.9,2343,2.5,36.1,0.884,32.5,4.9,29.2,13,17.7,0,0,0,0,0,0,2,0.5,13,1878,1890,0,1201,5082,4553,809,1159,228,85,64,667,88,,506,532,0.255,0.332,0.384,0.716,114,*5*62/143,willine01,3B
85,Ginger Beaumont,0,26.7,2901,2.5,31,0.832,28.9,3.4,33.5,-6.5,10.3,0,0,0,0,0,0,1,0.2,12,1899,1910,0,1463,6314,5660,955,1759,182,82,39,617,254,,425,314,0.311,0.362,0.393,0.755,124,*8H/793,beaumgi01,CF
93,Grady Sizemore,0,28.2,2520,2.5,27.7,0.816,27.9,4.1,29,0.3,12,0,0,1,0.22,0,2,3,1.2,10,2004,2015,3,1101,4724,4147,660,1098,252,47,150,518,143,47,483,952,0.265,0.349,0.457,0.806,115,*879HD,sizemgr01,CF
55,Miller Huggins,0,25.8,3074,2.5,36,0.892,30.9,3.7,32.7,4.2,14.7,0,0,1,0.41,0,0,0,0.1,13,1904,1916,0,1586,6825,5558,948,1474,146,50,9,318,324,31,1003,556,0.265,0.382,0.314,0.696,107,*4H/5,huggimi01,2B
63,Frank White,0,23.6,3599,2.5,34.8,0.876,29.2,2.4,22.5,22,7,0,0,0,0,0,0,0,0,18,1973,1990,5,2324,8468,7859,912,2006,407,58,160,886,178,83,412,1035,0.255,0.293,0.383,0.675,85,*46H/5D9,whitefr01,2B
69,DJ LeMahieu,0,25.5,3174,2.5,30.6,0.864,28.1,3,23.2,10.2,9.2,0,2,2,0.99,0,1,1,0.8,15,2011,2025,3,1673,6822,6132,896,1772,278,39,126,663,93,49,575,1048,0.289,0.35,0.409,0.759,100,*453H/D6,lemahdj01,2B
41,Deacon White,0,26.1,2983,2.5,45.7,0.92,35.9,4.7,49.3,1.7,21.8,0,0,0,0,0,1,5,1.3,20,1871,1890,0,1560,6973,6624,1140,2067,270,98,24,988,70,9,308,221,0.312,0.346,0.393,0.74,127,*5*2O34/61,whitede01,3B
81,Buddy Lewis,0,26.6,2867,2.5,29.4,0.84,28,3.5,28.8,-1.3,10.5,0,0,0,0.1,0,0,0,0.1,11,1935,1949,2,1349,5940,5261,830,1563,249,93,71,607,83,59,573,303,0.297,0.368,0.42,0.789,111,*5*9H/78,lewisbu01,3B
84,Freddie Lindstrom,0,26.5,2937,2.5,28.5,0.834,27.5,3.2,27,2.6,8.8,0,1,2,1.21,0,1,2,0.6,13,1924,1936,0,1438,6109,5611,895,1747,301,81,103,779,84,99,334,276,0.311,0.351,0.449,0.8,110,*5879H/46,lindsfr01,3B
82,Chick Stahl,0,27,2768,2.5,31.6,0.838,29.3,3.9,29.8,-3,10.9,0,0,0,0,0,0,0,0.1,10,1897,1906,0,1304,5720,5069,858,1546,219,118,36,622,189,,470,270,0.305,0.369,0.416,0.785,122,*O*8/H71,stahlch01,CF
87,Sam West,0,24.8,3362,2.5,32.7,0.828,28.7,3,29.3,1,7.6,0,0,1,0.43,0,0,0,0,16,1927,1942,4,1753,6974,6148,934,1838,347,101,75,838,54,56,696,540,0.299,0.371,0.425,0.796,104,*8H7/39,westsa01,CF
91,Rick Monday,0,22.9,3740,2.5,33.2,0.82,28.1,2.7,45.7,-14.5,9.7,0,0,0,0.03,0,0,0,0,19,1966,1984,2,1986,7162,6136,950,1619,248,64,241,775,98,91,924,1513,0.264,0.361,0.443,0.804,125,*8H973,mondari01,CF
97,Dave Henderson,0,27,2750,2.5,27.6,0.808,27.3,2.9,24.2,3.7,8.9,0,0,0,0.07,0,0,1,0.2,14,1981,1994,1,1538,5677,5130,710,1324,286,17,197,708,50,38,465,1105,0.258,0.32,0.436,0.756,108,*89HD7/4,hendeda01,CF
99,Lloyd Waner,0,23.8,3544,2.5,29.9,0.804,26.8,2.4,28.9,-2.1,3,0,1,2,0.88,0,0,0,0.1,18,1927,1945,1,1993,8337,7772,1201,2459,281,118,27,598,67,60,420,173,0.316,0.353,0.393,0.747,99,*8H79/45,wanerll01,CF
76,Ray Chapman,0,27.1,2118,7.5,28.8,0.85,27.9,4.4,32.3,4.4,11.4,0,0,0,0,0,0,1,0.2,9,1912,1920,0,1051,4608,3785,671,1053,162,81,17,364,238,52,452,427,0.278,0.358,0.377,0.735,111,*645/H9,chapmra01,SS
99,Thomas Burns,0,24.4,2796,7.5,26.1,0.804,25.2,3.6,29.9,-6.9,10.3,0,0,0,0,0,0,0,0.1,11,1884,1895,0,1188,5160,4645,870,1392,224,129,65,834,263,,464,249,0.3,0.368,0.445,0.814,135,*O65/143,burnsoy01,SS
113,Larry Bowa,0,21.5,3488,7.5,22.8,0.776,22.2,1.6,18.1,19.1,-6.6,0,1,1,0.57,0,0,1,0.2,16,1970,1985,5,2247,9109,8418,987,2191,262,99,15,525,318,105,474,569,0.26,0.3,0.32,0.62,71,*6H/4,bowala01,SS
34,Smoky Burgess,0,23.4,2482,12.5,33.3,0.934,28.3,3.2,32.8,6.2,14.2,0,0,0,0.01,0,0,0,0,18,1949,1967,9,1691,5014,4471,485,1318,230,33,126,673,13,14,477,270,0.295,0.362,0.446,0.807,116,*2*H,burgesm01,C
37,Willson Contreras,0,24.2,2253,12.5,31,0.928,27.6,4.5,27.8,6.3,16.6,0,0,0,0,0,0,0,0,11,2016,2026,3,1123,4464,3858,547,994,214,11,182,575,38,22,439,1086,0.258,0.352,0.46,0.813,119,*23DH7/95,contrwi01,C
45,Sherm Lollar,0,21.9,2843,12.5,30.1,0.912,26,2.8,26.4,10.4,11.1,0,0,2,0.51,0,0,0,0,18,1946,1963,9,1752,6221,5351,623,1415,244,14,155,808,20,10,671,453,0.264,0.357,0.402,0.759,104,*2H/35,lollash01,C
56,Bob Boone,0,20.4,3209,12.5,27.4,0.89,23.9,2,16.3,25.8,1.2,0,0,0,0.03,0,0,0,0,19,1972,1990,4,2264,8148,7245,679,1838,303,26,105,826,38,50,663,608,0.254,0.315,0.346,0.661,82,*2H/35D7,boonebo01,C
69,George Burns,0,25.6,3339,0,34.8,0.864,30.2,3,32.8,-5.3,6.4,1,1,2,1.2,0,0,1,0.3,16,1914,1929,0,1866,7249,6573,901,2018,444,72,72,954,154,65,363,433,0.307,0.354,0.429,0.783,113,*3H9/7,burnsge02,1B
74,Luis Castillo,0,24,3455,2.5,29.1,0.854,26.6,2.7,30.9,2.6,6.7,0,0,0,0.02,0,0,0,0,15,1996,2010,3,1720,7471,6510,1001,1889,194,59,28,443,370,142,800,850,0.29,0.368,0.351,0.719,92,*4H,castilu01,2B
70,Billy Nash,0,24.6,3315,2.5,33.7,0.862,29.2,3.5,31.5,7.4,11.3,0,0,0,0,0,0,0,0.1,15,1884,1898,0,1553,6743,5867,1080,1616,271,87,60,983,269,,805,414,0.275,0.367,0.382,0.749,105,*546/O1,nashbi01,3B
86,Melvin Mora,0,26,2950,2.5,28.2,0.83,27.1,2.9,27.6,3.6,7.2,0,0,0,0.01,0,0,1,0.2,13,1999,2011,2,1556,6158,5422,794,1503,283,19,171,754,93,55,520,953,0.277,0.35,0.431,0.781,105,*5678H4/93D,morame01,3B
63,Kevin Kiermaier,0,30.1,1889,2.5,36.2,0.876,33.1,5.1,17.7,21,22.5,0,0,0,0.02,0,1,1,0.4,12,2013,2024,0,1159,4040,3682,499,905,170,60,95,378,132,39,277,908,0.246,0.304,0.402,0.706,95,*89H/D7,kiermke01,CF
106,Randy Winn,0,24.6,3315,2.5,27.5,0.79,26.1,2.6,24.6,0.7,4.9,0,0,0,0,0,0,0,0,13,1998,2010,1,1717,6878,6186,863,1759,367,59,110,662,215,84,526,1010,0.284,0.343,0.416,0.759,99,*8*9*7H/D5,winnra01,CF
58,Howie Kendrick,0,25.6,3033,2.5,35,0.886,30.3,3.5,33,4,12.9,0,0,0,0.01,0,0,1,0.1,15,2006,2020,1,1621,6421,5950,792,1747,354,38,127,724,126,47,349,1102,0.294,0.337,0.43,0.767,109,*473HD5/98,kendrho01,2B
94,Eugenio Suárez,0,23.9,3411,2.5,26.7,0.814,25.3,2.6,32.3,-1.4,4.9,0,0,0,0.01,0,0,0,0,13,2014,2026,2,1655,6727,5911,841,1455,265,15,328,960,36,20,641,1844,0.246,0.327,0.463,0.79,112,*56DH/3,suareeu01,3B
94,Jim Piersall,0,26,2915,2.5,29.3,0.814,27.7,2.7,10.7,16.1,9,0,0,1,0.31,0,0,0,0.2,17,1950,1967,2,1734,6593,5890,811,1604,256,52,104,591,115,57,524,583,0.272,0.332,0.386,0.718,93,*8*9H76/5,piersji01,CF
72,Marty Marion,0,25.8,2407,7.5,31.8,0.858,28.8,3.3,17.9,25,9.4,1,1,3,1.12,0,0,0,0.1,13,1940,1953,7,1572,6143,5506,602,1448,272,37,36,624,35,21,470,537,0.263,0.323,0.345,0.668,81,*6/H5,marioma01,SS
81,J.J. Hardy,0,24.1,2790,7.5,28.2,0.84,26.1,2.9,19.4,17.6,7.3,0,0,0,0,0,0,0,0,13,2005,2017,2,1561,6309,5805,718,1488,291,14,188,688,8,9,411,960,0.256,0.305,0.408,0.714,91,*6/H,hardyjj01,SS
93,Leo Cárdenas,0,23.3,3023,7.5,27.2,0.816,25.3,2.3,23.7,16.4,-0.3,0,0,0,0.12,0,0,0,0,16,1960,1975,5,1941,7402,6707,662,1725,285,49,118,689,39,48,522,1135,0.257,0.311,0.367,0.679,88,*65H/D4,cardele01,SS
43,Duke Farrell,0,21.7,2815,12.5,30.9,0.916,26.3,3.2,24.7,12.8,9.9,0,0,0,0,0,0,1,0.2,18,1888,1905,0,1565,6276,5682,829,1572,211,123,52,916,150,,480,369,0.277,0.338,0.385,0.723,100,*25O3/H6,farredu01,C
48,Walker Cooper,0,22.8,2507,12.5,27.3,0.906,25,3,29.4,2.5,8.3,0,1,2,0.92,0,0,0,0,18,1940,1957,8,1473,5082,4702,573,1341,240,40,173,812,18,11,309,357,0.285,0.332,0.464,0.796,116,*2*H,coopewa01,C
60,Darren Daulton,0,23.7,2228,12.5,23,0.882,23.3,3.2,25.4,2.6,9.4,0,0,2,0.5,0,1,1,0.5,14,1983,1997,3,1161,4340,3630,511,891,197,25,137,588,50,10,629,726,0.245,0.357,0.427,0.784,114,*2H93/D7,daultda01,C
93,Tino Martinez,0,21.8,4156,0,29,0.816,25.4,2.3,23.2,-4,1.4,0,1,1,0.68,0,0,0,0,16,1990,2005,2,2023,8044,7111,1009,1925,365,21,339,1271,27,20,780,1069,0.271,0.344,0.471,0.815,112,*3DH,martiti02,1B
60,Gene Woodling,0,25.1,3359,0,33.3,0.882,29.2,3,34,-8.1,12.8,0,0,0,0.15,0,0,0,0.1,17,1943,1962,1,1796,6618,5587,830,1585,257,63,147,830,29,47,921,477,0.284,0.386,0.431,0.817,123,*7*9*H8,woodlge01,LF
65,Elmer Smith,0,27,2908,0,30.1,0.872,28.5,3.9,29.8,-4.9,19.5,0,0,0,0,0,1,2,1.1,14,1886,1901,0,1237,5426,4693,913,1456,197,136,37,665,233,,639,258,0.31,0.398,0.434,0.831,126,*O1/97H,smithel01,Unknown
68,Kevin McReynolds,0,26.4,3041,0,30.1,0.866,28.3,3.2,28.8,-3.2,9.7,0,1,1,0.5,0,0,0,0.1,12,1983,1994,0,1502,6039,5423,727,1439,284,35,211,807,93,32,522,707,0.265,0.328,0.447,0.775,115,*7*8H/9D,mcreyke01,LF
81,Cliff Floyd,0,25.1,3313,0,25.9,0.84,25.5,2.6,27.1,-7.8,7.3,0,0,0,0.01,0,0,1,0.1,17,1993,2009,1,1621,6063,5319,824,1479,340,23,233,865,148,43,601,1064,0.278,0.358,0.482,0.84,119,*7H9D3/8,floydcl01,LF
109,Jermaine Dye,0,23.3,3810,0,20.3,0.784,21.8,1.9,25.1,-10.8,-5.1,0,1,1,0.44,0,0,0,0,14,1996,2009,2,1763,7214,6487,984,1779,363,25,325,1072,46,26,597,1308,0.274,0.338,0.488,0.826,111,*9D/7H836,dyeje01,RF
74,Earl Torgeson,0,25.5,3185,0,33.1,0.854,29.3,3.2,33,-6.3,11.4,0,0,0,0.03,0,0,1,0.2,15,1947,1961,0,1668,6046,4969,848,1318,215,46,149,740,133,58,980,653,0.265,0.385,0.417,0.802,117,*3*H/97,torgeea01,1B
89,Bob Watson,0,24.4,3447,0,28.2,0.824,26.3,2.5,35.1,-16.9,5.7,0,0,0,0.15,0,0,0,0,19,1966,1984,2,1832,6962,6185,802,1826,307,41,184,989,27,28,653,796,0.295,0.364,0.447,0.811,129,*3*7HD/29,watsobo01,1B
100,Lee May,0,22,4021,0,27.3,0.802,24.6,2.1,29.2,-15.5,-0.5,0,0,2,0.37,0,0,0,0.1,18,1965,1982,3,2071,8219,7609,959,2031,340,31,354,1244,39,35,487,1570,0.267,0.313,0.459,0.772,116,*3*DH79,mayle01,1B
103,Roy Sievers,0,22.8,3888,0,25.5,0.796,24.2,2.2,34.2,-17.2,2,0,1,3,1.11,0,0,1,0.1,17,1949,1965,5,1887,7349,6387,945,1703,292,42,318,1147,14,19,841,920,0.267,0.354,0.475,0.829,124,*3*7H85/9,sievero01,1B
92,Greg Luzinski,0,22.4,3990,0,26.3,0.818,24.3,2.3,35.9,-20.5,2.2,0,2,4,1.55,0,0,0,0,15,1970,1984,4,1821,7518,6505,880,1795,344,24,307,1128,37,31,845,1495,0.276,0.363,0.478,0.84,130,*7*DH3/9,luzingr01,LF
138,Rubén Sierra,0,20.6,4368,0,16.8,0.726,18.7,1.2,23.5,-15.7,-12.9,0,1,2,0.75,0,0,1,0.2,20,1986,2006,4,2186,8782,8044,1084,2152,428,59,306,1322,142,52,610,1239,0.268,0.315,0.45,0.765,105,*9*D7H8,sierrru01,RF
56,Claude Ritchey,0,26,2787,2.5,35.4,0.89,30.7,3.4,29.6,8.2,11.6,0,0,0,0,0,0,0,0.1,13,1897,1909,0,1672,6863,5923,709,1619,216,68,18,675,155,,607,290,0.273,0.348,0.342,0.69,102,*46/OH9,ritchcl01,2B
65,Orlando Hudson,0,27.3,2554,2.5,30.9,0.872,29.1,3.7,21.3,13.2,13.3,0,0,0,0,0,0,0,0.1,11,2002,2012,2,1345,5413,4825,648,1319,256,66,93,542,85,28,483,825,0.273,0.341,0.412,0.752,97,*4H/5D,hudsoor01,2B
79,Red Rolfe,0,27.1,2562,2.5,29.1,0.844,28.1,4,25.5,5.7,11.7,0,0,0,0.03,0,0,1,0.4,10,1931,1942,4,1175,5407,4827,942,1394,257,67,69,497,44,20,526,335,0.289,0.36,0.413,0.773,99,*56H,rolfere01,3B
100,Tony González,0,26.3,2692,2.5,27.1,0.802,26.7,2.8,30.1,-6.9,5.6,0,0,0,0.04,0,0,0,0.1,12,1960,1971,0,1559,5794,5195,690,1485,238,57,103,615,79,61,467,706,0.286,0.35,0.413,0.764,114,*8*7H9,gonzato01,CF
77,Richie Hebner,0,23.4,3415,2.5,33,0.848,28.2,2.8,38.4,-5.7,10.2,0,0,0,0.01,0,0,0,0,18,1968,1985,0,1908,7027,6144,865,1694,273,57,203,890,38,40,687,741,0.276,0.352,0.438,0.79,119,*5*3HD/974,hebneri01,3B
90,Bob Bailey,0,23.5,3388,2.5,28.8,0.822,26.2,2.4,31.6,-3.4,4.1,0,0,0,0,0,0,0,0,17,1962,1978,0,1931,7043,6082,772,1564,234,43,189,773,85,83,852,1126,0.257,0.347,0.403,0.75,111,*5*7H3D/689,bailebo01,3B
91,Rafael Devers,0,25.8,2817,2.5,26.3,0.82,26.1,3.6,32.5,-5.4,9.7,0,0,0,0.2,0,0,0,0,10,2017,2026,3,1191,5142,4592,733,1259,298,12,240,766,33,19,483,1146,0.274,0.347,0.501,0.848,127,*5D3/H46,deverra01,3B
83,Carlos Guillén,0,24.2,2655,7.5,27.7,0.836,26,3.4,31.4,0.8,9,0,0,1,0.1,0,1,1,0.4,14,1998,2011,3,1305,5277,4673,733,1331,266,51,124,660,74,47,510,804,0.285,0.355,0.443,0.798,111,*654D37H,guillca01,SS
127,Orlando Cabrera,0,20,3677,7.5,21.3,0.748,20.6,1.7,21.5,10.3,-5.3,0,0,0,0.01,0,0,0,0,15,1997,2011,0,1985,8255,7562,985,2055,459,32,123,854,216,57,514,745,0.272,0.317,0.39,0.707,84,*64H/5D,cabreor01,SS
42,Tom Haller,0,23.9,2119,12.5,29.3,0.918,26.6,3.7,28.5,7.9,12.7,0,0,0,0.02,0,0,0,0,12,1961,1972,3,1294,4520,3935,461,1011,153,31,134,504,14,30,477,593,0.257,0.34,0.414,0.753,114,*2H/937,halleto01,C
49,Tim McCarver,0,21.4,2757,12.5,28.3,0.904,24.9,2.4,30,6.4,6.4,0,1,1,0.49,0,0,1,0.1,21,1959,1980,2,1909,6206,5529,590,1501,242,57,97,645,61,49,548,422,0.271,0.337,0.388,0.725,102,*2*H3/75D,mccarti01,C
51,Terry Steinbach,0,21.6,2695,12.5,28,0.9,24.8,2.9,27,9.3,7.8,0,0,0,0,0,0,0,0,14,1986,1999,3,1546,5905,5369,638,1453,273,21,162,745,23,22,418,938,0.271,0.326,0.42,0.746,102,*2HD3/597,steinte01,C
62,Benito Santiago,0,18.6,3407,12.5,27.4,0.878,23,2.2,23.5,15.2,3.6,0,0,0,0.01,0,0,0,0,20,1986,2005,5,1978,7516,6951,755,1830,323,41,217,920,91,69,430,1270,0.263,0.307,0.415,0.722,93,*2H/37D,santibe01,C
65,Dan McGann,0,27.2,2700,0,34.7,0.872,31,3.9,31.6,0.1,13.9,0,0,0,0,0,0,0,0.1,12,1896,1908,0,1437,6062,5226,842,1482,181,100,42,727,282,,429,334,0.284,0.364,0.381,0.744,117,*34/H,mcganda01,1B
75,Frank McCormick,0,26.4,2907,0,31.9,0.852,29.1,3.4,25.7,-0.8,10.1,1,3,4,1.9,0,0,2,0.5,13,1934,1948,8,1534,6207,5723,722,1711,334,26,128,954,27,22,399,189,0.299,0.348,0.434,0.781,118,*3H/49,mccorfr01,1B
83,Ronald Acuña Jr.,0,28.6,2373,0,29.2,0.836,28.9,5.6,30.4,-3.5,17.6,1,2,2,1.47,0,1,1,0.7,9,2018,2026,5,851,3818,3283,672,945,165,14,188,468,212,54,459,852,0.288,0.383,0.518,0.901,140,*987D/H,acunaro01,RF
94,Jackie Jensen,0,24.7,3302,0,27.8,0.814,26.2,3.1,25.5,-3.9,9.3,1,1,3,1.06,0,0,1,0.2,11,1950,1961,3,1438,6080,5236,810,1463,259,45,199,929,143,55,750,546,0.279,0.369,0.46,0.829,120,*987H,jenseja01,RF
82,Wally Pipp,0,23.5,3539,0,31.4,0.838,27.4,2.7,23.3,0.4,2.1,0,0,1,0.43,0,0,0,0,15,1913,1928,0,1872,7837,6914,974,1941,311,148,90,1004,125,80,596,551,0.281,0.341,0.408,0.749,104,*3H,pippwa01,1B
67,Snuffy Stirnweiss,0,28.8,2044,2.5,27.5,0.868,28.1,4.3,20.7,11.1,15.1,0,2,2,0.86,0,2,2,1.4,10,1943,1952,1,1028,4293,3695,604,989,157,68,29,281,134,55,541,447,0.268,0.362,0.371,0.733,103,*456H,stirnsn01,2B
83,Harry Steinfeldt,0,25.6,2796,2.5,29.9,0.836,27.8,2.9,28.5,7.6,6.9,0,0,0,0,0,0,1,0.3,14,1898,1911,0,1647,6716,5900,759,1578,284,90,27,762,202,,471,479,0.267,0.33,0.36,0.69,102,*54/6H379,steinha01,3B
87,Kevin Seitzer,0,25.2,2883,2.5,28.8,0.828,27,3.2,30.6,-1.6,8.7,0,0,0,0.01,0,0,0,0.1,12,1986,1997,2,1439,6062,5278,739,1557,285,35,74,613,80,49,669,617,0.295,0.375,0.404,0.78,111,*53DH/476819,seitzke01,3B
88,Martín Prado,0,26.4,2637,2.5,27.5,0.826,27,3.1,20.7,7.3,9.8,0,0,1,0.13,0,0,0,0.1,14,2006,2019,1,1458,5861,5373,664,1542,316,27,100,609,40,28,385,676,0.287,0.335,0.412,0.747,103,*547H3/69D,pradoma01,3B
102,Mike Lowell,0,23.5,3274,2.5,24.8,0.798,24.2,2.5,25.1,2.4,3.8,0,1,1,0.39,0,0,0,0,13,1998,2010,4,1601,6500,5813,771,1619,394,7,223,952,30,14,548,817,0.279,0.342,0.464,0.805,108,*5H3D/4,lowelmi01,3B
95,Josh Hamilton,0,27.1,2418,2.5,28.1,0.812,27.6,4.4,29.1,-2.8,13.2,1,2,3,1.52,1,1,1,0.9,9,2007,2015,5,1027,4350,3909,609,1134,234,24,200,701,50,16,352,938,0.29,0.349,0.516,0.865,129,*8*79DH,hamiljo03,CF
98,César Tovar,0,26,2686,2.5,28.2,0.806,27.1,3.1,26.2,0.2,7.8,0,0,1,0.35,0,0,0,0,12,1965,1976,0,1488,6177,5569,834,1546,253,55,46,435,226,108,413,410,0.278,0.335,0.368,0.703,100,*8*7549HD6/321,tovarce01,CF
105,Coco Crisp,0,23.8,3254,2.5,28.9,0.792,26.4,3,27,3.7,5.9,0,0,0,0.01,0,0,0,0,15,2002,2016,0,1586,6627,5930,877,1572,308,57,130,639,309,79,561,865,0.265,0.327,0.402,0.729,96,*8*7HD,crispco01,CF
70,Kid Elberfeld,0,25.7,2186,7.5,32.9,0.862,29.3,4.1,33.9,7.1,12.8,0,0,0,0,0,0,0,0.1,14,1898,1914,0,1292,5297,4561,647,1235,169,56,10,535,213,,427,166,0.271,0.355,0.339,0.694,106,*654H,elberki01,SS
99,Ron Hansen,0,25.8,2075,7.5,24.1,0.804,25,2.8,16.2,16.3,8.3,0,1,1,0.45,0,1,1,0.6,15,1958,1972,2,1384,4964,4311,446,1007,156,17,106,501,9,14,551,643,0.234,0.32,0.351,0.672,92,*6H54/3,hansero02,SS
74,A.J. Pierzynski,0,18.1,3385,12.5,23.7,0.854,20.9,1.9,28.3,8.4,-3.6,0,0,0,0,0,0,0,0,19,1998,2016,2,2059,7815,7290,807,2043,407,24,188,909,15,23,308,895,0.28,0.319,0.42,0.739,94,*2HD,pierza.01,C
92,Justin Morneau,0,24.3,3317,0,27,0.818,25.7,2.8,24.9,-6.5,4.7,1,2,2,1.49,0,0,0,0,14,2003,2016,4,1545,6392,5699,772,1603,349,23,247,985,5,10,573,988,0.281,0.348,0.481,0.828,120,*3DH,morneju01,1B
66,Topsy Hartsel,0,25.6,2879,0,31.4,0.87,28.5,3.7,33.5,-9.8,10.1,0,0,0,0,0,0,0,0.1,14,1898,1911,0,1356,5847,4848,826,1336,182,92,31,341,247,,837,551,0.276,0.384,0.37,0.754,128,*7H8/9,hartsto01,LF
70,Kevin Mitchell,0,26.5,2670,0,29.1,0.862,27.8,3.9,33.5,-8.1,13.7,1,1,2,1.21,0,0,1,0.3,13,1984,1998,2,1223,4696,4134,630,1173,224,25,234,760,30,31,491,719,0.284,0.36,0.52,0.88,142,*75HD9/638,mitchke01,LF
82,Wally Moon,0,25.7,2890,0,24.9,0.838,25.3,2.8,28.4,-8.9,3.9,0,1,1,0.59,0,0,0,0.1,12,1954,1965,3,1457,5567,4843,737,1399,212,60,142,661,89,68,644,591,0.289,0.371,0.445,0.817,118,*7*9H83,moonwa01,LF
83,Mike Hargrove,0,24.3,3165,0,30.4,0.836,27.4,3,31.5,-9,8.4,0,0,0,0.01,0,0,0,0,12,1974,1985,1,1666,6694,5564,783,1614,266,28,80,686,24,37,965,550,0.29,0.396,0.391,0.787,121,*37HD,hargrmi01,1B
93,Tommy Harper,0,22.8,3536,0,25.8,0.816,24.3,2.3,29.1,-9.4,0.5,0,0,1,0.35,0,1,1,0.4,15,1962,1976,1,1810,7164,6269,972,1609,256,36,146,567,408,116,753,1080,0.257,0.338,0.379,0.717,101,*7*958HD43,harpeto01,LF
120,Raúl Ibañez,0,20.1,4238,0,20.9,0.762,20.5,1.6,28.7,-17.3,-7.4,0,0,0,0.01,0,0,0,0,19,1996,2014,1,2161,8278,7471,1055,2034,424,51,305,1207,50,29,713,1374,0.272,0.335,0.465,0.801,111,*7*DH93/852,ibanera01,LF
89,Benny Kauff,0,28.5,1992,2.5,28.5,0.824,28.5,5.4,28.1,-2.5,19.2,0,0,0,0,0,2,2,1.2,8,1912,1920,0,859,3568,3094,521,961,169,57,49,455,234,33,367,313,0.311,0.389,0.45,0.838,149,*897/H,kauffbe01,CF
93,Hank Bauer,0,25.7,2830,0,27.2,0.816,26.5,2.9,23.8,-3.4,9.5,0,0,1,0.36,0,0,2,0.5,14,1948,1961,3,1544,5778,5145,833,1424,229,57,164,703,50,33,521,638,0.277,0.346,0.439,0.785,113,*97H/82,bauerha01,RF
70,Bobby Ávila,0,26.4,2430,2.5,28.5,0.862,27.5,3.6,28.6,4.6,12.2,0,1,2,0.76,0,1,1,0.8,11,1949,1959,3,1300,5344,4620,725,1296,185,35,80,467,78,52,561,399,0.281,0.359,0.388,0.747,104,*4H5/967,avilabo01,2B
73,Phil Garner,0,23.4,3173,2.5,29.7,0.856,26.6,2.6,27.7,7,6.5,0,0,0,0,0,0,0,0,16,1973,1988,3,1860,6861,6136,780,1594,299,82,109,738,225,105,564,842,0.26,0.323,0.389,0.711,99,*4*5H6/D,garneph01,2B
81,Steve Sax,0,21.9,3483,2.5,25.7,0.84,23.8,2.4,32,-0.9,0.4,0,0,0,0.05,0,0,0,0.1,14,1981,1994,5,1769,7632,6940,913,1949,278,47,54,550,444,178,556,584,0.281,0.335,0.358,0.692,95,*4H/7D59,saxst01,2B
82,Max Muncy,0,26.7,2289,2.5,29.1,0.838,27.9,4.4,26.2,2.5,15.5,0,0,1,0.12,0,0,1,0.2,11,2015,2026,2,1065,4158,3447,628,795,150,10,226,623,18,4,628,1015,0.231,0.354,0.477,0.831,125,*5*34HD/97,muncyma01,3B
104,Denard Span,0,24.9,2820,2.5,28,0.794,26.5,3.3,27,2.7,9,0,0,0,0.02,0,0,0,0,11,2008,2018,0,1359,5956,5326,773,1498,265,72,71,490,185,59,515,716,0.281,0.347,0.398,0.745,103,*879H/D,spande01,CF
128,Mark Kotsay,0,22.8,3266,2.5,21.4,0.746,22.1,1.8,17.8,2.7,-1.4,0,0,0,0.02,0,0,0,0,17,1997,2013,0,1914,7110,6464,790,1784,353,48,127,720,98,64,554,757,0.276,0.332,0.404,0.737,96,*8*9H37D,kotsama01,CF
80,Bill Russell,0,21.3,3121,7.5,31.4,0.842,26.3,2.3,22.3,19.5,5.2,0,0,0,0,0,0,0,0,18,1969,1986,3,2181,8021,7318,796,1926,293,57,46,627,167,69,483,667,0.263,0.31,0.338,0.648,83,*69H847/5,russebi01,SS
90,Denis Menke,0,23.3,2610,7.5,28.1,0.822,25.7,2.8,30.1,4,6.9,0,0,0,0.02,0,0,1,0.1,13,1962,1974,2,1598,5936,5071,605,1270,225,40,101,606,34,54,698,853,0.25,0.343,0.37,0.713,103,*6*543H/79,menkede01,SS
96,Yunel Escobar,0,23.4,2596,7.5,26.9,0.81,25.1,3,28,5.7,7.2,0,0,0,0.01,0,0,0,0,11,2007,2017,0,1434,5957,5315,689,1501,258,12,90,519,34,32,509,686,0.282,0.35,0.386,0.736,101,*6*5H/4D7,escobyu01,SS
47,Ed Bailey,0,22.9,2100,12.5,27.2,0.908,25,3.6,24.6,8.6,11,0,0,0,0.04,0,0,0,0,14,1953,1966,6,1212,4212,3581,432,915,128,15,155,540,17,18,545,577,0.256,0.355,0.429,0.784,110,*2H/37,baileed01,C
54,Butch Wynegar,0,22.7,2139,12.5,26.5,0.894,24.6,3.3,21.3,14.1,9.7,0,0,0,0,0,0,0,0,13,1976,1988,2,1301,5067,4330,498,1102,176,15,65,506,10,13,626,428,0.255,0.348,0.347,0.695,93,*2H/D5,wynegbu01,C
95,Carlos Peña,0,24.1,3133,0,25.5,0.812,24.8,2.8,24.6,-6.8,4.8,0,0,2,0.27,0,1,1,0.5,14,2001,2014,1,1493,5893,4949,745,1146,231,26,286,818,29,22,817,1577,0.232,0.346,0.462,0.808,117,*3DH/7,penaca01,1B
98,George Kelly,0,24.1,3162,0,25.4,0.806,24.7,2.5,21.2,-1.2,4.5,0,1,2,1.11,0,0,0,0.1,16,1915,1932,0,1622,6570,5993,819,1778,337,76,148,1020,65,64,386,694,0.297,0.342,0.452,0.794,109,*34H/79851,kellyge01,1B
101,Ryan Klesko,0,21.7,3715,0,26.9,0.8,24.3,2.5,33.9,-14.5,7.2,0,0,0,0,0,0,0,0,16,1992,2007,1,1736,6523,5611,874,1564,343,33,278,987,91,41,817,1077,0.279,0.37,0.5,0.87,128,*7*3H9/D,kleskry01,LF
102,John Mayberry,0,23.4,3294,0,25,0.798,24.2,2.5,27.7,-11.5,2.8,0,1,2,0.78,0,0,1,0.2,15,1968,1982,2,1620,6447,5447,733,1379,211,19,255,879,20,17,881,810,0.253,0.36,0.439,0.799,123,*3DH,maybejo01,1B
111,Andre Thornton,0,23.2,3313,0,24.2,0.78,23.7,2.5,25.8,-12.5,3.9,0,0,0,0.06,0,0,0,0,14,1973,1987,2,1565,6295,5291,792,1342,244,22,253,895,48,37,876,851,0.254,0.36,0.452,0.811,123,*D*3H/95,thornan01,1B
80,Mike Greenwell,0,25.7,2681,0,25.8,0.842,25.8,3.3,24.3,-2.6,8.5,0,1,1,0.62,0,1,1,0.4,12,1985,1996,2,1269,5166,4623,657,1400,275,38,130,726,80,43,460,364,0.303,0.368,0.463,0.831,121,*7HD9/28,greenmi01,LF
85,Ben Oglivie,0,23.5,3310,0,26.4,0.832,24.9,2.4,27.1,-7.4,4.4,0,0,0,0.07,0,0,1,0.1,16,1971,1986,3,1754,6598,5913,784,1615,277,33,235,901,87,70,560,852,0.273,0.336,0.45,0.786,118,*7*9HD3/8,oglivbe01,LF
99,Willie Horton,0,20.7,3972,0,26.5,0.804,23.6,2.1,29.7,-16.7,-1.2,0,1,2,0.48,0,0,0,0.1,18,1963,1980,4,2028,8052,7298,873,1993,284,40,325,1163,20,38,620,1313,0.273,0.332,0.457,0.789,120,*7*D9H/5,hortowi01,LF
143,Adam Dunn,0,17.7,4751,0,18,0.716,17.9,1.5,35.3,-28.4,-8.4,0,0,0,0.03,0,0,0,0,14,2001,2014,2,2001,8328,6883,1097,1631,334,10,462,1168,63,25,1317,2379,0.237,0.364,0.49,0.854,124,*7*3*D9H/1,dunnad01,LF
95,Bob Meusel,0,23.7,3237,0,28.4,0.812,26.1,3.3,27.6,-4.9,5.6,0,0,0,0.23,0,0,0,0,11,1920,1930,0,1407,6031,5475,826,1693,368,95,156,1071,143,109,375,619,0.309,0.356,0.497,0.852,118,*7*958H/3,meusebo01,LF
101,Vic Wertz,0,21.7,3700,0,26.9,0.8,24.3,2.3,27.8,-9,5.7,0,0,4,0.68,0,0,0,0.1,17,1947,1963,4,1862,7028,6099,867,1692,289,42,266,1178,9,19,828,842,0.277,0.364,0.469,0.833,122,*9*3H7/8,wertzvi01,RF
107,Nick Swisher,0,23.5,3232,0,21.5,0.788,22.5,2.3,24.2,-9.2,-0.7,0,0,0,0,0,0,0,0,12,2004,2015,1,1527,6308,5369,805,1338,307,11,245,803,13,15,817,1373,0.249,0.351,0.447,0.799,113,*9*378DH/1,swishni01,RF
119,Aubrey Huff,0,22.6,3441,0,20.4,0.764,21.5,2,25,-11.7,-2.8,0,0,1,0.2,0,0,0,0,13,2000,2012,0,1681,6786,6104,806,1699,360,24,242,904,37,25,571,907,0.278,0.342,0.464,0.806,114,*3*D*59H7/4,huffau01,1B
61,Mark Ellis,0,25.7,2485,2.5,33.5,0.88,29.6,3.8,19.6,17.9,13.7,0,0,0,0,0,0,0,0,12,2002,2014,0,1435,5728,5117,690,1343,257,25,105,550,82,29,438,801,0.262,0.327,0.384,0.711,92,*4H/65D3,ellisma01,2B
78,Aaron Hill,0,24,2873,2.5,24.4,0.846,24.2,2.5,21.9,6.6,3.4,0,0,0,0.07,0,0,0,0.1,13,2005,2017,1,1559,6217,5646,736,1501,325,22,162,695,74,35,443,847,0.266,0.323,0.417,0.74,96,*45H6D/7,hillaa01,2B
79,Fred Pfeffer,0,22.2,3343,2.5,26.2,0.844,24.2,2.5,23.4,7.2,2,0,0,0,0,0,0,0,0.1,16,1882,1897,0,1671,7128,6560,1096,1680,231,120,94,1021,383,,527,503,0.256,0.313,0.371,0.684,94,*46/31O5,pfefffr01,2B
107,Howard Johnson,0,23,3127,2.5,22.2,0.788,22.6,2.3,32.5,-7.8,3.7,0,2,3,0.92,0,0,1,0.2,14,1982,1995,2,1531,5715,4940,760,1229,247,22,228,760,231,77,692,1053,0.249,0.34,0.446,0.786,118,*56H789/D43,johnsho01,3B
123,Vinny Castilla,0,20.8,3705,2.5,19.3,0.756,20.1,1.7,17,6.1,-3.3,0,0,0,0.14,0,0,0,0,16,1991,2006,2,1854,7384,6822,902,1884,349,28,320,1105,33,43,423,1069,0.276,0.321,0.476,0.797,95,*56H/43,castivi02,3B
95,Carlos González,0,23.9,3086,0,24.5,0.812,24.2,2.9,22.5,-2.5,7.1,0,1,1,0.54,0,0,0,0.1,12,2008,2019,3,1377,5551,5033,821,1432,302,40,234,785,122,33,448,1240,0.285,0.343,0.5,0.843,112,*9*78H/D,gonzaca01,RF
101,Bill North,0,26.5,2280,2.5,26.8,0.8,26.7,3.7,22.9,3.8,11.3,0,0,0,0.01,0,0,1,0.2,11,1971,1981,0,1169,4621,3900,640,1016,120,31,20,230,395,162,627,665,0.261,0.365,0.323,0.688,100,*8H/9D7,northbi01,CF
112,Marlon Byrd,0,24.1,2838,2.5,26,0.778,25,2.7,23.5,1.4,6.2,0,0,0,0,0,0,0,0,15,2002,2016,1,1573,6123,5579,740,1534,311,39,159,710,56,31,382,1234,0.275,0.329,0.43,0.759,102,*8*97H/D,byrdma01,CF
64,Ron Hunt,0,25.6,2435,2.5,32.7,0.874,29.1,3.6,35.7,1.1,11.3,0,0,0,0.03,0,0,0,0,12,1963,1974,2,1483,6158,5235,745,1429,223,23,39,370,65,55,555,382,0.273,0.368,0.347,0.715,105,*45H/6,huntro01,2B
93,Chase Headley,0,24.5,2698,2.5,26.8,0.816,25.7,3,25.2,2.7,8.3,0,1,1,0.28,0,0,1,0.2,12,2007,2018,0,1436,5761,5088,637,1337,272,16,130,596,93,29,574,1298,0.263,0.342,0.399,0.742,106,*57H3/D4,headlch01,3B
106,Pinky Higgins,0,20.1,3698,2.5,26,0.79,23,2.3,32.1,-3.7,0.8,0,0,0,0.12,0,0,0,0,14,1930,1946,3,1802,7558,6636,931,1941,374,51,140,1075,61,59,800,590,0.292,0.37,0.428,0.798,107,*5H/46,higgipi01,3B
81,Byron Buxton,0,27.3,1978,2.5,31.4,0.84,29.3,5.4,24.3,8.2,19.4,0,0,0,0.09,0,0,0,0.1,12,2015,2026,2,938,3602,3271,556,812,185,32,183,459,121,12,247,1025,0.248,0.309,0.492,0.801,116,*8DH,buxtoby01,CF
92,Billy Jurges,0,22,2701,7.5,28.7,0.818,25.4,2.6,17.2,22.6,4.7,0,0,0,0.11,0,0,0,0,17,1931,1947,3,1816,7018,6253,721,1613,245,55,43,656,36,50,568,530,0.258,0.325,0.335,0.66,82,*65H4,jurgebi01,SS
94,Woody English,0,23.3,2420,7.5,27.2,0.814,25.3,3.5,23,10.7,9.9,0,1,1,0.53,0,0,2,0.4,12,1927,1938,1,1261,5470,4746,801,1356,236,52,32,422,57,52,571,536,0.286,0.366,0.378,0.743,95,*6*5H/4,engliwo01,SS
98,Glenn Wright,0,24.6,2103,7.5,25.4,0.806,25,3.7,19,13.5,10.7,0,1,2,0.94,0,0,1,0.4,11,1924,1935,0,1119,4480,4153,584,1219,203,76,94,723,38,32,209,407,0.294,0.328,0.447,0.775,99,*6H/3459,wrighgl01,SS
100,Willy Adames,0,24.2,2252,7.5,25.7,0.802,25,3.8,25.4,6.7,11.2,0,0,1,0.15,0,0,0,0,9,2018,2026,0,1087,4494,4007,579,978,208,7,184,573,64,28,436,1217,0.244,0.319,0.437,0.756,108,*6/H4D,adamewi01,SS
101,Mike Bordick,0,22.3,2686,7.5,26.8,0.8,24.6,2.5,20.4,16.6,4.3,0,0,0,0.01,0,0,0,0,14,1990,2003,1,1720,6484,5770,676,1500,257,30,91,626,96,58,500,800,0.26,0.323,0.362,0.685,83,*645/HD,bordimi01,SS
58,Mike Scioscia,0,21.7,2153,12.5,26.1,0.886,23.9,2.9,21,13.4,9.2,0,0,0,0.01,0,0,0,0.1,13,1980,1992,2,1441,5057,4373,398,1131,198,12,68,446,29,24,567,307,0.259,0.344,0.356,0.7,99,*2H,sciosmi01,C
67,Jason Varitek,0,18.8,2859,12.5,24.2,0.868,21.5,2.5,24.9,8.8,3.6,0,0,0,0.02,0,0,0,0,15,1997,2011,3,1546,5839,5099,664,1307,306,14,193,757,25,18,614,1216,0.256,0.341,0.435,0.776,99,*2H/D,varitja01,C
85,Kyle Tucker,0,28.4,1969,0,28.3,0.832,28.4,5.6,24.6,0.8,17.5,0,1,1,0.44,0,0,1,0.3,9,2018,2026,4,815,3356,2910,488,791,173,20,151,513,123,16,389,536,0.272,0.358,0.501,0.858,138,*97D/H83,tuckeky01,RF
106,Chris Chambliss,0,20.5,3812,0,27.5,0.79,24,2,24,-7.9,-1.4,0,1,1,0.22,0,0,0,0,17,1971,1988,1,2175,8314,7571,912,2109,392,42,185,972,40,35,632,926,0.279,0.334,0.415,0.749,109,*3H/D,chambch01,1B
63,Riggs Stephenson,0,25,2680,0,32.7,0.876,28.8,4.1,34.7,-5.2,15.3,0,1,1,0.45,0,0,0,0.1,14,1921,1934,0,1310,5136,4508,714,1515,321,54,63,773,53,43,494,247,0.336,0.407,0.473,0.88,129,*74H5/9,stephri01,LF
71,Lefty O'Doul,0,27.4,2105,0,27.2,0.86,27.3,4.5,29,-5.3,13.2,0,2,2,1.42,0,1,2,0.9,11,1919,1934,1,970,3660,3264,624,1140,175,41,113,542,36,43,333,122,0.349,0.413,0.532,0.945,143,*7H91/8,o'doule01,LF
73,Tip O'Neill,0,26,2528,0,27.6,0.856,26.8,4.3,24.2,-2,12.6,0,0,0,0,0,0,2,0.5,10,1883,1892,0,1052,4712,4248,879,1385,222,92,52,757,161,,420,194,0.326,0.392,0.458,0.851,144,*O1/3,o'neiti01,Unknown
89,Jason Bay,0,24.6,2897,0,24.7,0.824,24.7,3.1,27.6,-7.6,8.4,0,0,1,0.29,0,0,0,0.1,11,2003,2013,3,1278,5258,4505,737,1200,240,30,222,754,95,17,636,1216,0.266,0.36,0.481,0.841,121,*78H/9D,bayja01,LF
92,Mike Donlin,0,26.6,2330,0,29.3,0.818,28,4.5,31,-5.6,15.1,0,0,0,0,0,0,2,0.5,12,1899,1914,0,1049,4298,3854,669,1282,176,97,51,543,213,,312,311,0.333,0.386,0.468,0.854,144,7893H/16,donlimi01,LF
91,Sixto Lezcano,0,25.9,2431,0,28.3,0.82,27.1,3.5,27,-3.4,11.8,0,0,0,0.05,0,0,0,0.1,12,1974,1985,0,1291,4814,4134,560,1122,184,34,148,591,37,31,576,768,0.271,0.36,0.44,0.799,124,*97H/8D,lezcasi01,RF
89,Delino DeShields,0,20.8,3397,2.5,24.4,0.824,22.6,2.4,27.1,0.2,3.9,0,0,0,0.02,0,0,0,0,13,1990,2002,0,1615,6652,5779,872,1548,244,74,80,561,463,147,754,1061,0.268,0.352,0.377,0.729,98,*4H7/D65839,deshide01,2B
76,Hank Thompson,0,25.7,2260,2.5,30.7,0.85,28.2,4.6,29.2,2.3,15.4,0,0,0,0.01,0,2,2,1,12,1943,1956,0,1087,4217,3572,625,983,133,49,144,568,57,24,557,337,0.275,0.376,0.461,0.837,123,*54H9876,thompha02,3B
85,Red Smith,0,26.9,2011,2.5,27.8,0.832,27.3,4,29.8,2.3,13.3,0,0,0,0,0,0,0,0.2,9,1911,1919,0,1117,4518,3907,477,1087,208,49,27,514,117,24,420,415,0.278,0.353,0.377,0.731,119,*58/H79,smithre02,3B
92,Clete Boyer,0,23.7,2659,2.5,27.8,0.818,25.8,2.6,11.2,21.7,7.2,0,0,0,0.02,0,0,0,0,16,1955,1971,0,1725,6368,5780,645,1396,200,33,162,654,41,28,470,931,0.242,0.299,0.372,0.67,86,*56H4,boyercl02,3B
97,Billy Werber,0,23.3,2884,2.5,25.9,0.808,24.6,3.2,22.8,5.5,5.9,0,0,1,0.25,0,0,0,0.1,11,1930,1942,0,1295,5845,5024,875,1363,271,50,78,539,215,95,701,363,0.271,0.364,0.392,0.756,98,*567/H948,werbebi01,3B
91,Buck Herzog,0,24.7,2518,2.5,26.6,0.82,25.6,2.9,23.9,8.7,7.2,0,0,0,0,0,0,0,0.2,13,1908,1920,0,1493,6057,5284,705,1370,191,75,20,449,320,68,427,331,0.259,0.329,0.335,0.664,96,*4*5*6H/739,herzobu01,2B
86,Larry Hisle,0,24.6,2491,2.5,25,0.83,24.8,3.4,27.2,-5.8,8.7,0,1,1,0.65,0,0,0,0,14,1968,1982,2,1197,4780,4205,652,1146,193,32,166,674,128,61,462,941,0.273,0.347,0.452,0.799,123,*8*7D9H,hislela01,CF
96,Shannon Stewart,0,23,3095,0,24.9,0.81,24,2.9,24.9,-4.3,4.1,0,1,1,0.36,0,0,0,0,14,1995,2008,0,1386,6205,5574,853,1653,315,41,115,580,196,71,504,684,0.297,0.36,0.43,0.79,106,*78DH/9,stewash01,LF
98,Burt Shotton,0,23.8,2655,2.5,23.3,0.806,23.6,2.7,23.7,-6.2,2,0,0,0,0.17,0,0,0,0.1,14,1909,1923,0,1387,5752,4945,747,1338,154,65,9,290,293,119,713,529,0.271,0.365,0.333,0.698,110,*8*7H9,shottbu01,CF
113,Melky Cabrera,0,21.4,3478,0,21.1,0.776,21.3,1.8,26,-8.6,-4.2,0,0,0,0,0,0,0,0,15,2005,2019,1,1887,7527,6878,895,1962,383,45,144,854,101,37,510,891,0.285,0.334,0.417,0.751,103,*7*89HD,cabreme01,LF
107,Amos Strunk,0,24.2,2626,2.5,27.6,0.788,25.9,3,26.2,-3.4,4.9,0,0,0,0,0,0,1,0.2,17,1908,1924,0,1512,5826,4999,696,1418,213,96,15,529,185,100,573,453,0.284,0.359,0.374,0.732,112,*89H73,strunam01,CF
108,Tommie Agee,0,26.3,2122,2.5,25.4,0.786,25.8,3.6,18.2,5.8,11,0,0,2,0.53,0,1,1,0.6,12,1962,1973,2,1130,4324,3912,558,999,170,27,130,433,167,81,342,918,0.255,0.32,0.412,0.732,109,*89H7,ageeto01,CF
116,Dode Paskert,0,21.7,3180,2.5,26,0.77,23.9,2.5,25.6,-4.8,3.6,0,0,0,0.09,0,0,0,0.1,15,1907,1921,0,1716,7013,6017,868,1613,279,77,42,577,293,60,715,784,0.268,0.35,0.361,0.711,108,*87H9/3564,paskedo01,CF
114,Juan Uribe,0,20.3,3010,7.5,22.6,0.774,21.5,2,15.4,14.1,0.5,0,0,0,0,0,0,0,0,16,2001,2016,0,1826,6715,6161,724,1568,323,43,199,816,48,39,388,1224,0.255,0.301,0.418,0.719,87,*6*54H/D38,uribeju01,SS
86,Solly Hemus,0,25.8,1585,7.5,26,0.83,25.9,4.4,24.6,5.5,13.9,0,0,0,0.01,0,1,1,0.5,11,1949,1959,0,961,3251,2694,459,736,137,41,51,263,21,18,456,247,0.273,0.39,0.411,0.801,115,*6H45,hemusso01,SS
95,Bobby Witt Jr.,0,25.2,1709,7.5,25.2,0.812,25.2,6.1,26.6,2.6,15.9,0,2,3,1.35,1,3,3,2.1,5,2022,2026,2,674,2936,2680,425,779,163,35,112,396,162,46,199,524,0.291,0.342,0.503,0.845,134,*65/DH,wittbo02,SS
105,Greg Gagne,0,21.3,2644,7.5,26.3,0.792,23.8,2.4,18.5,19.1,5.8,0,0,0,0.01,0,0,0,0,15,1983,1997,0,1798,6209,5673,712,1440,296,50,111,604,108,96,367,1121,0.254,0.302,0.382,0.684,83,*6H/D8459,gagnegr01,SS
109,Roy McMillan,0,20.2,2872,7.5,25.8,0.784,23,2,17.2,21.7,-3.4,0,0,1,0.4,0,0,0,0,16,1951,1966,2,2093,7656,6752,739,1639,253,35,68,594,41,36,665,711,0.243,0.314,0.321,0.635,72,*6H/54,mcmilro01,SS
110,Erick Aybar,0,22.9,2364,7.5,22.8,0.782,22.8,2.5,24.2,6.6,3.2,0,0,0,0,0,0,0,0,12,2006,2017,1,1454,5628,5175,643,1402,256,46,58,473,155,62,285,670,0.271,0.313,0.372,0.685,89,*6H4/5D719,aybarer01,SS
116,Frankie Crosetti,0,19.5,3130,7.5,24.4,0.77,22,2.4,20.6,14.2,0.8,0,0,0,0.03,0,0,0,0,17,1932,1948,2,1683,7275,6277,1006,1541,260,65,98,649,113,62,792,799,0.245,0.341,0.354,0.695,83,*65H/4,crosefr01,SS
57,Steve O'Neill,0,20.7,2236,12.5,27,0.888,23.9,2.8,23.9,11.1,5.3,0,0,1,0.22,0,0,0,0,17,1911,1928,0,1590,5578,4795,448,1259,248,34,13,534,30,26,592,414,0.263,0.349,0.337,0.685,88,*2H/3,o'neist01,C
59,Jack Clements,0,20.5,2204,12.5,26.5,0.884,23.5,3.7,28.5,4.6,10.6,0,0,0,0,0,0,0,0,17,1884,1900,0,1160,4721,4295,619,1231,226,60,77,687,55,,341,317,0.287,0.348,0.421,0.769,117,*2O/356,clemeja01,C
63,Chris Hoiles,0,22.3,1758,12.5,23.5,0.876,22.9,4.3,23.1,5.3,11.9,0,0,0,0.03,0,0,1,0.1,10,1989,1998,0,894,3339,2820,415,739,122,2,151,449,5,7,435,616,0.262,0.366,0.467,0.833,119,*2DH/35,hoilech01,C
72,Deacon McGuire,0,17.5,2976,12.5,24.4,0.858,21,2.2,32.4,2.1,0.6,0,0,0,0,0,0,0,0,26,1884,1912,0,1781,6948,6291,770,1750,300,79,45,840,118,0,515,442,0.278,0.341,0.372,0.713,101,*23O/H561,mcguide01,C
81,Mike Stanley,0,19.5,2598,12.5,20.9,0.84,20.2,2.3,26.9,-5.2,3.8,0,0,0,0.04,0,0,0,0,15,1986,2000,1,1467,4989,4222,625,1138,220,7,187,702,13,4,652,929,0.27,0.37,0.458,0.827,117,*2*D*3H/57,stanlmi02,C
133,Jake Stenzel,0,21.7,2044,12.5,21.5,0.736,21.6,4.5,24,-5.2,9.8,0,0,0,0,0,0,0,0,9,1890,1899,0,768,3427,3031,664,1024,190,71,32,533,292,,300,110,0.338,0.408,0.479,0.887,134,*O/2346,stenzja01,C
90,Vladimir Guerrero Jr.,0,25.8,2396,0,26.5,0.822,26.2,4.2,26.5,-5.1,12.3,0,1,2,0.93,0,0,2,0.5,8,2019,2026,5,1022,4418,3906,599,1126,218,6,186,611,29,13,453,667,0.288,0.366,0.49,0.856,135,*3D5/H,guerrvl02,1B
67,Mule Suttles,0,25,2451,0,36.5,0.868,30.7,6.5,35.6,-3.1,24.9,0,0,0,0,0,2,5,2,21,1924,1944,5,909,3623,3220,720,1093,213,75,180,883,85,,370,,0.339,0.41,0.62,1.03,172,*379/45816,suttlmu99,1B
81,Dave Orr,0,27.4,1814,0,27.8,0.84,27.6,5.7,26.8,1.1,19.4,0,0,0,0,0,1,3,0.7,8,1883,1890,0,791,3411,3289,536,1125,198,108,37,627,66,,98,86,0.342,0.366,0.502,0.867,162,*3/O1,orrda01,1B
87,Brandon Belt,0,22.8,2901,0,29.9,0.828,26.4,3.4,25.4,-3.5,12.5,0,0,0,0,0,0,0,0,13,2011,2023,1,1413,5483,4729,681,1232,290,36,194,627,47,21,678,1346,0.261,0.357,0.46,0.817,124,*3H7D/9,beltbr01,1B
88,Henry Larkin,0,24,2688,0,28.7,0.826,26.3,3.9,32.7,-6.2,15.7,0,0,0,0,0,0,1,0.3,10,1884,1893,0,1184,5303,4718,925,1429,259,114,53,836,129,,484,182,0.303,0.38,0.44,0.82,142,*3*O/45,larkihe01,1B
99,Travis Hafner,0,24.6,2631,0,24.8,0.804,24.7,3.4,25.2,-9.8,7.9,0,1,2,0.56,0,0,2,0.4,12,2002,2013,0,1183,4782,4058,619,1107,250,13,213,731,11,7,598,976,0.273,0.376,0.498,0.874,134,*DH3,hafnetr01,1B
78,John Stone,0,24.6,2608,0,27,0.846,25.8,3.6,25,-2.4,8.9,0,0,0,0.08,0,0,0,0.1,11,1928,1938,0,1200,5009,4494,738,1391,268,105,77,710,45,40,463,352,0.31,0.376,0.467,0.843,116,*7*98H,stonejo01,LF
87,Tillie Walker,0,23.7,2708,0,25.8,0.828,24.7,2.9,26,-5.9,3.6,0,0,0,0.14,0,0,0,0.1,13,1911,1923,0,1421,5680,5067,696,1423,244,71,118,679,129,48,416,583,0.281,0.339,0.427,0.766,115,*7*8H9/4,walketi01,LF
90,Joe Rudi,0,23.7,2764,0,25.5,0.822,24.6,2.7,21.1,-2.8,4.6,0,2,2,1.08,0,0,1,0.2,16,1967,1982,3,1547,6077,5556,684,1468,287,39,179,810,25,15,369,870,0.264,0.311,0.427,0.738,112,*73HD9/85,rudijo01,LF
102,Charlie Jamieson,0,21.2,3405,0,24.1,0.798,22.7,2.2,22.4,-6,-5,0,1,2,0.8,0,0,0,0,18,1915,1932,0,1779,7511,6560,1062,1990,322,80,18,550,131,110,748,345,0.303,0.378,0.385,0.763,101,*79H8/13,jamiech01,LF
117,George Bell,0,21.5,3271,0,20,0.768,20.8,2,22,-9.2,-1.6,1,3,4,1.92,0,0,0,0,12,1981,1993,3,1587,6592,6123,814,1702,308,34,265,1002,67,36,331,771,0.278,0.316,0.469,0.785,113,*7*D9H/54,bellge02,LF
119,Tommy Davis,0,20.7,3439,0,20.4,0.764,20.5,1.6,24.1,-14.7,-7.8,0,1,3,0.96,0,0,1,0.1,18,1959,1976,3,1999,7739,7223,811,2121,272,35,153,1052,136,59,381,754,0.294,0.329,0.405,0.733,108,*7*DH5839/4,davisto02,LF
90,John Titus,0,24.7,2672,0,30.2,0.822,27.5,3.5,31.1,-8.5,11.4,0,0,0,0,0,0,1,0.2,11,1903,1913,0,1402,5842,4960,738,1401,253,72,38,564,140,7,620,389,0.282,0.373,0.385,0.758,128,*97H/8,titusjo01,RF
97,Elmer Valo,0,22.5,3020,0,28.9,0.808,25.7,2.6,28.8,-6.4,10.1,0,0,0,0.01,0,0,0,0.1,20,1940,1961,0,1806,6092,5029,768,1420,228,73,58,601,110,79,942,284,0.282,0.398,0.391,0.79,115,*9*H*78,valoel01,RF
98,Bing Miller,0,21.5,3373,0,29.6,0.806,25.6,2.6,26.5,-3.7,3.3,0,0,0,0.08,0,0,0,0,16,1921,1936,0,1820,6896,6212,946,1934,389,96,116,993,127,83,383,340,0.311,0.359,0.461,0.82,108,*9*78H/3,millebi02,RF
158,Bill Buckner,0,16.4,4466,0,15.1,0.686,15.7,1,12.9,-11.5,-17.2,0,0,2,0.26,0,0,0,0,22,1969,1990,1,2517,10037,9397,1077,2715,498,49,174,1208,183,73,450,453,0.289,0.321,0.408,0.729,100,*3*7H9D,bucknbi01,1B
75,Davey Johnson,0,23.4,2530,2.5,27.5,0.852,25.5,3.1,27.1,4.4,8.8,0,0,0,0.12,0,0,0,0,13,1965,1978,4,1435,5465,4797,564,1252,242,18,136,609,33,25,559,675,0.261,0.34,0.404,0.744,110,*43H65,johnsda02,2B
77,Brian Dozier,0,24.1,2497,2.5,24.4,0.848,24.2,3.5,25.3,3.1,8.1,0,0,0,0.08,0,0,0,0.1,9,2012,2020,1,1144,4900,4316,664,1055,231,21,192,561,105,36,488,973,0.244,0.325,0.441,0.767,107,*46/HD1,doziebr01,2B
82,Tom Daly,0,20.9,3270,2.5,26.4,0.838,23.7,2.7,31.1,-1.3,3.7,0,0,0,0,0,0,0,0,17,1884,1903,0,1567,6512,5700,1025,1583,262,103,49,811,385,,687,596,0.278,0.361,0.386,0.746,107,*4*25O3/6H,dalyto01,2B
84,Mark Grudzielanek,0,20.7,3270,2.5,26.5,0.834,23.6,2.4,24,9.4,3,0,0,0,0.01,0,0,0,0,15,1995,2010,1,1802,7603,7052,946,2040,391,36,90,640,133,52,364,954,0.289,0.332,0.393,0.725,90,*4*6H5/D,grudzma01,2B
95,Jim Ray Hart,0,24.9,2165,2.5,24.9,0.812,24.9,3.6,30.3,-6.5,9.4,0,0,0,0.11,0,0,1,0.2,12,1963,1974,1,1125,4236,3783,518,1052,148,29,170,578,17,17,380,573,0.278,0.345,0.467,0.813,127,*57DH/9,hartji01,3B
98,Ray Boone,0,23.4,2596,2.5,25.8,0.806,24.6,3,27.5,-0.2,9.6,0,0,1,0.23,0,1,1,0.6,13,1948,1960,2,1373,5299,4589,644,1260,162,46,151,737,21,19,608,463,0.275,0.361,0.429,0.789,114,*5*63H/4,boonera01,3B
122,Matty Alou,0,23.4,2673,2.5,23,0.758,23.2,2.2,26,-7.3,1.9,0,0,1,0.26,0,0,0,0,15,1960,1974,2,1667,6220,5789,780,1777,236,50,31,427,156,80,311,377,0.307,0.345,0.381,0.726,105,*8*9H73/D1,alouma01,CF
123,Michael Bourn,0,23.6,2495,2.5,22.8,0.756,23.2,2.7,15.1,9.9,6.6,0,0,0,0.03,0,0,1,0.2,11,2006,2016,2,1361,5323,4784,678,1272,191,69,36,361,341,94,445,1124,0.266,0.329,0.357,0.687,87,*87H9/D,bournmi01,CF
144,Charlie Blackmon,0,18.8,3589,2.5,21.5,0.714,20.2,2.1,28.7,-10,0.4,0,1,1,0.49,0,0,0,0.1,14,2011,2024,4,1624,6825,6165,996,1805,334,68,227,801,148,59,485,1142,0.293,0.353,0.479,0.832,111,*8*9DH7,blackch02,CF
125,José Offerman,0,18.5,3062,7.5,17.1,0.752,17.8,1.7,23.6,-3.1,-4.1,0,0,0,0,0,0,0,0,15,1990,2005,2,1651,6582,5681,840,1551,252,72,57,537,172,100,772,914,0.273,0.36,0.373,0.732,94,*6*43HD/798,offerjo01,SS
87,Jack Rowe,0,23.3,2001,7.5,28.4,0.828,25.9,4.4,29.4,5.2,13,0,0,0,0,0,0,0,0.1,12,1879,1890,0,1044,4626,4386,764,1256,202,88,28,644,59,,224,177,0.286,0.323,0.392,0.715,115,*62O/5,roweja01,SS
97,Jack Barry,0,24.5,1806,7.5,25.7,0.808,25.1,3.4,20.4,12.3,6.2,0,0,1,0.33,0,0,0,0.1,11,1908,1919,0,1223,4924,4146,532,1009,142,38,10,429,153,34,396,342,0.243,0.321,0.303,0.624,88,*6*4/H5,barryja01,SS
103,Gene Alley,0,24.1,1755,7.5,24.2,0.796,24.1,3.3,16.4,14.7,8.8,0,0,0,0.1,0,0,0,0.1,11,1963,1973,2,1195,4332,3927,442,999,140,44,55,342,63,30,300,622,0.254,0.31,0.354,0.665,88,*64H5,alleyge01,SS
108,Dickie Thon,0,22.1,2181,7.5,23.9,0.786,23,2.8,22.6,8.5,7.7,0,0,1,0.2,0,1,2,0.8,15,1979,1993,1,1387,4871,4449,496,1176,193,42,71,435,167,63,348,658,0.264,0.317,0.374,0.691,95,*6H45D/3,thondi01,SS
112,Freddie Patek,0,20.4,2697,7.5,24,0.778,22.2,2.4,21.9,13.6,2.4,0,0,1,0.23,0,0,0,0,14,1968,1981,3,1650,6247,5530,736,1340,216,55,41,490,385,131,523,787,0.242,0.309,0.324,0.633,79,*6H/459D7,patekfr01,SS
115,Rick Burleson,0,21.3,2345,7.5,22.8,0.772,22,2.7,18.1,13.9,4.5,0,0,0,0.11,0,0,1,0.2,13,1974,1987,4,1346,5717,5139,656,1401,256,23,50,449,72,68,420,477,0.273,0.328,0.361,0.689,87,*64DH/5,burleri01,SS
117,Woodie Held,0,21.9,2216,7.5,22,0.768,21.9,2.6,21.2,3.8,7.5,0,0,0,0.01,0,0,0,0.1,14,1954,1969,0,1390,4647,4019,524,963,150,22,179,559,14,11,508,944,0.24,0.331,0.421,0.753,108,*68H4579,heldwo01,SS
118,Chico Carrasquel,0,22.5,2108,7.5,21.3,0.766,21.9,2.6,14.4,14.6,5.2,0,0,0,0.06,0,0,1,0.3,10,1950,1959,4,1325,5264,4644,568,1199,172,25,55,474,31,28,491,467,0.258,0.333,0.342,0.674,82,*65H/43,carrach01,SS
119,Alexei Ramírez,0,22,2421,7.5,21.8,0.764,21.9,2.6,20,9.7,2.5,0,0,0,0,0,0,0,0.1,9,2008,2016,1,1371,5505,5134,601,1387,249,17,115,590,143,63,263,650,0.27,0.307,0.392,0.7,89,*64/H8D951,ramiral03,SS
131,Granny Hamner,0,20.2,2623,7.5,19.4,0.74,19.8,2.1,19.8,9,-4.6,0,0,1,0.31,0,0,0,0,17,1944,1962,3,1531,6293,5839,711,1529,272,62,104,708,35,20,351,432,0.262,0.303,0.383,0.686,84,*6*4H5/1,hamnegr01,SS
143,Royce Clayton,0,17.5,3503,7.5,19.5,0.716,18.5,1.5,14.7,16.3,-6.3,0,0,0,0,0,0,0,0,17,1991,2007,1,2108,8164,7379,935,1904,363,55,110,723,231,100,565,1415,0.258,0.312,0.367,0.679,78,*6H/5D,claytro01,SS
50,Charles Zimmer,0,20.1,2218,12.5,29.5,0.902,24.8,3.7,19.9,17.2,12.2,0,0,0,0,0,0,0,0,19,1884,1903,0,1280,5081,4546,617,1225,222,76,26,625,151,,390,511,0.269,0.339,0.369,0.708,96,*2/3O5H6,zimmech01,C
52,Jack Meyers,0,23.4,1388,12.5,26.1,0.898,24.8,4.3,24.6,7.8,15.8,0,2,3,0.87,0,0,0,0.1,9,1909,1917,0,992,3241,2834,276,826,120,41,14,369,44,13,274,174,0.291,0.367,0.378,0.744,117,*2H,meyerch01,C
61,Will Smith,0,22.9,1599,12.5,23.2,0.88,23.1,4.9,22.9,4.9,13.2,0,0,0,0.01,0,0,0,0,8,2019,2026,3,762,3099,2642,429,695,131,10,132,461,12,4,345,582,0.263,0.357,0.47,0.827,126,*2HD/35,smithwi05,C
66,Carlos Ruiz,0,21.1,1813,12.5,22.5,0.87,21.8,3.2,18.5,10.8,9.9,0,0,0,0.04,0,0,0,0,12,2006,2017,1,1136,4069,3539,405,935,223,7,71,415,25,10,403,499,0.264,0.35,0.391,0.742,100,*2H/5D31,ruizca01,C
68,Charles Johnson,0,20.4,2141,12.5,22.6,0.866,21.5,3.1,15.7,13.8,8.8,0,0,0,0.06,0,0,0,0,12,1994,2005,2,1188,4386,3836,465,940,211,4,167,570,6,10,475,997,0.245,0.33,0.433,0.762,97,*2H/D,johnsch04,C
73,John Roseboro,0,19.5,2410,12.5,22.5,0.856,21,2.3,22.4,8.8,1.6,0,0,0,0.12,0,0,0,0,14,1957,1970,6,1585,5529,4847,512,1206,190,44,104,548,67,56,547,677,0.249,0.326,0.371,0.697,95,*2H/3758,rosebjo01,C
76,Terry Kennedy,0,19.4,2291,12.5,21.6,0.85,20.5,2.3,18.5,11.3,3.3,0,0,1,0.17,0,0,0,0,14,1978,1991,4,1491,5421,4979,474,1313,244,12,113,628,6,15,365,855,0.264,0.314,0.386,0.699,96,*2H/73,kennete02,C
77,Ramón Hernández,0,18.8,2569,12.5,22.1,0.848,20.5,2.3,22,8.9,2.9,0,0,0,0,0,0,0,0,15,1999,2013,1,1526,5701,5105,580,1345,262,8,169,757,9,5,430,734,0.263,0.327,0.417,0.744,96,*2H3/D5,hernara02,C
85,Yasmani Grandal,0,18.8,2448,12.5,20.2,0.832,19.5,2.5,24.4,2.4,4.5,0,0,0,0.02,0,0,0,0,13,2012,2024,2,1307,4885,4138,535,977,183,7,194,592,13,7,679,1124,0.236,0.345,0.424,0.769,110,*2H3D,grandya01,C
87,Kurt Suzuki,0,18.3,2564,12.5,19.6,0.828,18.9,1.9,21,9.1,-1.7,0,0,0,0,0,0,0,0,16,2007,2022,1,1635,6163,5563,594,1421,295,6,143,730,20,11,387,751,0.255,0.314,0.388,0.702,90,*2HD/3,suzukku01,C
88,George Miller,0,18.7,2513,12.5,19.1,0.826,18.9,2.4,22.9,0,0.6,0,0,0,0,0,0,0,0,13,1884,1896,0,1318,5695,5171,839,1381,192,57,33,567,260,,467,129,0.267,0.333,0.345,0.678,97,*2*O564/3,milledo01,C
55,Mike Napoli,0,22,2861,0,26.4,0.892,24.2,3.1,27.8,-2.7,7.6,0,0,0,0,0,0,0,0,12,2006,2017,1,1392,5330,4572,697,1125,224,11,267,744,39,24,650,1468,0.246,0.346,0.475,0.821,117,*3*2DH/7,napolmi01,1B
91,Ferris Fain,0,24.2,2506,0,27.3,0.82,25.7,3.8,25.5,-3.7,12.7,0,0,2,0.55,0,0,0,0.1,9,1947,1955,5,1151,4905,3930,595,1139,213,30,48,570,46,28,904,261,0.29,0.424,0.396,0.82,121,*3H/97,fainfe01,1B
104,Pete Alonso,0,24.1,2478,0,24.2,0.794,24.1,3.7,24.9,-6.2,9.8,0,0,2,0.55,0,0,0,0.1,8,2019,2026,5,1056,4521,3945,607,992,195,8,272,738,19,4,440,1035,0.251,0.339,0.512,0.851,134,*3D/H,alonspe01,1B
110,Jason Thompson,0,22.5,2929,0,24.9,0.782,23.7,2.8,24.2,-7.2,5.6,0,0,0,0.06,0,0,0,0,11,1976,1986,3,1418,5686,4802,640,1253,204,12,208,782,8,7,816,862,0.261,0.366,0.438,0.804,122,*3HD,thompja01,1B
112,John Reilly,0,23.9,2454,0,23.4,0.778,23.6,3.3,24.5,-1.3,10.4,0,0,0,0,0,1,2,0.6,10,1880,1891,0,1142,4935,4684,898,1352,215,139,69,740,245,,157,241,0.289,0.325,0.438,0.763,129,*3O/6,reilljo01,1B
113,Mike Sweeney,0,21.8,3095,0,24.8,0.776,23.3,2.8,25.6,-7.7,4.3,0,0,0,0.09,0,0,0,0,16,1995,2010,5,1454,5848,5188,759,1540,325,5,215,909,53,25,522,613,0.297,0.366,0.486,0.851,118,*D*32H,sweenmi01,1B
114,Tommy Tucker,0,20.9,3251,0,24.4,0.774,22.7,2.3,25.7,-1.2,1.4,0,0,0,0,0,0,1,0.3,13,1887,1899,0,1688,7279,6482,1084,1882,240,85,42,932,352,,481,394,0.29,0.364,0.373,0.737,103,*3/O1,tucketo01,1B
118,Hal Chase,0,18.9,3538,0,24.4,0.766,21.6,2.1,32.2,-15.3,-3.1,0,0,0,0,0,0,0,0.1,15,1905,1919,0,1919,7950,7417,980,2158,322,124,57,941,363,37,276,660,0.291,0.319,0.391,0.71,112,*34H/876951,chaseha01,1B
151,Ryan Howard,0,19.3,3661,0,14.5,0.7,16.9,1.5,22.8,-17.5,-5.4,1,4,6,2.49,0,0,0,0,13,2004,2016,3,1572,6531,5707,848,1475,277,21,382,1194,12,5,709,1843,0.258,0.343,0.515,0.859,125,*3H/D,howarry01,1B
83,Johnny Ray,0,23,2460,2.5,24.2,0.836,23.6,2.9,22.1,6.2,5,0,0,0,0,0,0,0,0.1,10,1981,1990,1,1353,5664,5188,604,1502,294,36,53,594,80,49,353,329,0.29,0.333,0.391,0.724,101,*4H7/D,rayjo01,2B
73,Ezra Sutton,0,23.8,2309,2.5,32.9,0.856,28.4,4.2,35.1,2.5,13,0,0,0,0,0,0,1,0.3,18,1871,1888,0,1263,5537,5360,994,1574,227,97,25,672,70,18,169,182,0.294,0.316,0.386,0.702,120,*56O43/12,suttoez01,3B
109,Chone Figgins,0,22.5,2588,2.5,22,0.784,22.3,2.8,21.9,2.9,3.6,0,0,1,0.12,0,1,1,0.4,12,2002,2014,1,1282,5360,4701,708,1298,188,58,35,403,341,119,540,832,0.276,0.349,0.363,0.712,92,*5487H/69D,figgich01,3B
64,Monte Irvin,0,25.1,2260,0,32.1,0.874,28.6,5,28.6,0.9,17.5,0,1,1,0.53,0,1,3,1,18,1938,1956,7,1044,4062,3523,580,1076,155,43,139,684,52,9,474,220,0.305,0.391,0.492,0.883,135,*7936H85/4,irvinmo01,LF
76,Yordan Alvarez,0,26,1905,0,26.1,0.85,26.1,5.8,26.8,-5.8,16,0,1,2,0.77,0,1,1,0.6,8,2019,2026,3,726,3080,2632,459,784,167,6,185,524,10,2,377,600,0.298,0.391,0.577,0.968,165,*D7/H,alvaryo01,LF
83,Rondell White,0,22.5,2931,0,28.2,0.836,25.3,3.1,23.3,1.8,9.5,0,0,0,0,0,0,0,0,15,1993,2007,1,1474,5852,5357,756,1519,296,34,198,768,94,47,360,925,0.284,0.336,0.462,0.799,108,*7*8DH,whitero02,LF
88,John Anderson,0,21.1,3217,0,28.3,0.826,24.7,2.8,28.5,-6.9,3.3,0,0,0,0,0,0,0,0.1,14,1894,1908,0,1636,6785,6345,871,1843,328,124,50,978,338,,310,356,0.29,0.329,0.405,0.734,114,*O*3798H/5,anderjo01,1B
97,Hank Sauer,0,22.2,2952,0,25.2,0.808,23.7,2.9,27.9,-8,4.5,1,1,1,0.7,0,0,1,0.1,15,1941,1959,2,1399,5417,4796,709,1278,200,19,288,876,11,12,561,714,0.266,0.347,0.496,0.843,123,*79H3,sauerha01,LF
100,Richie Zisk,0,22,2936,0,25.1,0.802,23.6,2.8,25.9,-9.2,6.4,0,0,1,0.26,0,0,0,0,13,1971,1983,2,1453,5737,5144,681,1477,245,26,207,792,8,15,533,910,0.287,0.353,0.466,0.818,127,*9*D*7H,ziskri01,RF
104,Bobby Higginson,0,21.5,2973,0,23.1,0.794,22.3,2.7,24.4,-6,3.4,0,0,0,0,0,0,0,0,11,1995,2005,0,1362,5664,4910,736,1336,270,33,187,709,91,53,649,796,0.272,0.358,0.455,0.813,113,*7*9DH/8,higgibo02,LF
133,Jeff Conine,0,17.8,3806,0,19.5,0.736,18.7,1.6,19.8,-9.8,-5.7,0,0,0,0.01,0,0,0,0,17,1990,2007,2,2024,7782,6957,870,1982,385,36,214,1071,54,29,671,1168,0.285,0.347,0.443,0.789,107,*3*7H9D5,coninje01,1B
109,Brandon Nimmo,0,23.8,2299,2.5,27.3,0.784,25.5,4,28.2,-1.6,12.9,0,0,0,0,0,0,0,0,11,2016,2026,0,1111,4564,3899,611,1020,196,34,139,476,55,19,543,1013,0.262,0.363,0.436,0.799,124,*8*79H/D,nimmobr01,CF
110,Johnny Hopp,0,24.8,2356,0,26.2,0.782,25.5,3,25.6,-3.1,8.8,0,0,1,0.36,0,0,1,0.2,14,1939,1952,1,1393,4809,4260,698,1262,216,74,46,458,128,51,464,378,0.296,0.368,0.414,0.782,113,*3*8H79,hoppjo01,1B
114,Johnny Mostil,0,24.7,2087,2.5,24.5,0.774,24.6,4.1,20.1,2,9,0,1,2,0.68,0,0,1,0.3,10,1918,1929,0,972,4103,3507,618,1054,209,82,23,375,176,104,415,336,0.301,0.386,0.427,0.812,113,*8H9/7456,mostijo01,CF
92,Fernando Tatis Jr.,1,26.7,1830,0,26.7,0.818,26.7,6,23.8,2.9,16.9,0,2,3,1.26,0,1,3,0.9,7,2019,2026,3,717,3136,2775,492,760,141,13,152,408,135,33,312,738,0.274,0.351,0.498,0.85,132,*96/48DH,tatisfe02,RF
96,Terry Puhl,0,23.7,2607,0,28.3,0.81,26,3,23.6,-0.3,10.1,0,0,0,0,0,0,1,0.2,15,1977,1991,1,1531,5480,4855,676,1361,226,56,62,435,217,99,505,507,0.28,0.349,0.388,0.737,112,*9*8H7/3D,puhlte01,RF
108,Danny Tartabull,0,20.5,3290,0,23.3,0.786,21.9,2.7,35.5,-18.4,3.8,0,0,0,0.11,0,0,0,0,14,1984,1997,1,1406,5842,5011,756,1366,289,22,262,925,37,30,768,1362,0.273,0.368,0.496,0.864,133,*9*DH4/675,tartada01,RF
120,Jack Tobin,0,20.3,3245,0,20.9,0.762,20.6,2.1,23.6,-9.8,-1.4,0,0,0,0,0,0,0,0,13,1914,1927,0,1619,6879,6174,936,1906,294,99,64,585,147,64,508,267,0.309,0.364,0.42,0.784,109,*97H8/3,tobinja01,RF
129,Jay Bruce,0,19.3,3453,0,19.7,0.744,19.5,1.9,16.4,-3.6,-1,0,0,2,0.17,0,0,0,0,14,2008,2021,3,1650,6642,5964,839,1455,312,32,319,951,65,40,600,1572,0.244,0.314,0.467,0.781,108,*9H378/D,bruceja01,RF
76,Ozzie Albies,0,22.9,2360,2.5,25.8,0.85,24.4,3.9,23.7,5.8,11.2,0,0,0,0.04,0,0,0,0.1,10,2017,2026,3,1076,4676,4274,654,1137,243,33,165,607,98,26,321,761,0.266,0.32,0.454,0.774,106,*4/H,albieoz01,2B
91,Tom Herr,0,21.3,2685,2.5,23.6,0.82,22.5,2.5,24,3.9,3.2,0,1,1,0.37,0,0,0,0.1,13,1979,1991,1,1514,6116,5349,676,1450,254,41,28,574,188,64,627,584,0.271,0.347,0.35,0.696,95,*4H/65D8,herrto01,2B
93,Carlos Baerga,0,22,2648,2.5,19.6,0.816,20.8,1.9,23.6,-0.8,0.2,0,0,1,0.21,0,0,0,0.1,14,1990,2005,3,1630,5895,5439,731,1583,279,17,134,774,59,24,291,580,0.291,0.332,0.423,0.754,100,*4*H53D6,baergca01,2B
94,Tony Taylor,0,18.2,3549,2.5,23.2,0.814,20.7,1.7,26.6,1.8,-7.6,0,0,0,0.04,0,0,0,0,19,1958,1976,2,2195,8501,7680,1005,2007,298,86,75,598,234,111,613,1083,0.261,0.321,0.352,0.673,88,*4*5*H3/76D,tayloto02,2B
96,Whitey Kurowski,0,24.7,1857,2.5,24.6,0.81,24.7,4.4,25.1,-0.1,11.4,0,1,2,0.43,0,0,3,0.4,9,1941,1949,4,916,3693,3229,518,925,162,32,106,529,19,12,369,332,0.286,0.366,0.455,0.821,125,*5H/647,kurowwh01,3B
99,Ossie Bluege,0,20.2,3153,2.5,28.7,0.804,24.5,2.5,21.9,12.4,0.8,0,0,1,0.21,0,0,0,0,18,1922,1939,1,1867,7458,6440,883,1751,276,67,43,848,140,89,723,515,0.272,0.352,0.356,0.707,85,*564H/37,bluegos01,3B
100,Todd Frazier,0,22.8,2466,2.5,25.8,0.802,24.3,3.4,22.9,4.4,9.9,0,0,0,0,0,0,0,0,11,2011,2021,2,1244,4949,4392,604,1059,212,15,218,640,73,38,438,1085,0.241,0.318,0.445,0.763,107,*53H/D74619,frazito01,3B
101,Corey Koskie,0,23.7,2086,2.5,24.6,0.8,24.2,4,21,5.4,10.8,0,0,0,0,0,0,1,0.1,9,1998,2006,0,989,3950,3399,516,936,223,13,124,506,71,36,458,795,0.275,0.367,0.458,0.825,113,*5HD/9,koskico01,3B
103,Casey Blake,0,22.2,2468,2.5,24.8,0.796,23.5,3.2,22,3.3,7.6,0,0,0,0,0,0,0,0,13,1999,2011,0,1265,5091,4500,644,1186,264,18,167,616,36,37,445,1037,0.264,0.336,0.442,0.778,107,*593H/D746,blakeca01,3B
108,Willie Jones,0,19.9,3185,2.5,24.8,0.786,22.3,2.4,28.9,-2.3,-1,0,0,0,0.01,0,0,0,0,15,1947,1961,2,1691,6718,5826,786,1502,252,33,190,812,40,22,755,541,0.258,0.343,0.41,0.753,102,*5H/34,joneswi01,3B
111,Milt Stock,0,21,2868,2.5,23.1,0.78,22.1,2.3,27.5,1.9,1,0,0,0,0,0,0,1,0.1,14,1913,1926,0,1628,6955,6249,839,1806,270,58,22,696,155,75,455,321,0.289,0.339,0.361,0.7,97,*546/H,stockmi01,3B
140,Todd Zeile,0,15,4204,2.5,19.4,0.722,17.2,1.5,26.7,-6.8,-7.7,0,0,0,0,0,0,0,0,16,1989,2004,0,2158,8649,7573,986,2004,397,23,253,1110,53,51,945,1279,0.265,0.346,0.423,0.769,104,*5*32H/D71,zeileto01,3B
122,Marco Scutaro,0,20.9,2426,7.5,22.1,0.758,21.5,2.6,23.7,4,3.7,0,0,0,0,0,0,0,0,13,2002,2014,1,1391,5486,4887,683,1355,269,21,77,509,55,22,474,570,0.277,0.341,0.388,0.729,95,*6*45H/7D93,scutama01,SS
118,Bill Lange,0,23.6,2217,2.5,23.6,0.766,23.6,4.7,22.4,-1.3,11.2,0,0,0,0,0,0,0,0,7,1893,1899,0,813,3622,3202,691,1056,134,80,39,579,400,,350,123,0.33,0.4,0.458,0.858,123,*O4/3562,langebi01,2B
119,Stan Javier,0,21.4,2658,2.5,25.5,0.764,23.4,2.3,21.8,1,6.8,0,0,0,0,0,0,0,0,17,1984,2001,0,1763,5755,5047,781,1358,225,40,57,503,246,51,578,839,0.269,0.345,0.363,0.708,93,*8*9*7*H3/D45,javiest01,CF
120,Carlos Gómez,0,22.4,2529,2.5,24.4,0.762,23.4,2.7,16.3,10,7,0,0,1,0.13,0,1,1,0.6,13,2007,2019,2,1461,5227,4724,675,1189,236,41,145,546,268,74,319,1259,0.252,0.313,0.411,0.724,94,*8H97/D41,gomezca01,CF
121,Al Bumbry,0,22,2633,2.5,24.5,0.76,23.3,2.6,24.5,-1.8,6.1,0,0,0,0.07,0,0,0,0.1,14,1972,1985,1,1496,5619,5053,778,1422,220,52,54,402,254,92,471,709,0.281,0.343,0.378,0.721,104,*8*7HD9,bumbral01,CF
124,Stan Spence,0,23.4,2232,2.5,22.9,0.754,23.2,3.3,26.2,-4.9,9.8,0,0,2,0.4,0,0,1,0.3,9,1940,1949,4,1112,4447,3871,541,1090,196,60,95,575,21,23,520,248,0.282,0.369,0.437,0.806,125,*8H97/3,spencst01,CF
126,Austin Jackson,0,23.5,2152,2.5,21.9,0.75,22.7,3.2,19.5,5.2,6.2,0,0,0,0,0,0,0,0.1,9,2010,2018,0,1115,4653,4200,621,1145,218,53,65,381,114,45,374,1120,0.273,0.333,0.396,0.729,100,*8H79/D,jacksau01,CF
136,Carl Everett,0,21.2,2769,2.5,20.4,0.73,20.8,2.4,20.7,-2.5,2.5,0,0,0,0.03,0,0,0,0.1,14,1993,2006,2,1405,5395,4809,707,1304,258,26,202,792,107,54,442,1021,0.271,0.341,0.462,0.802,107,*8*9DH7,evereca01,CF
138,Gorman Thomas,0,21.4,2840,2.5,19.8,0.726,20.6,2.2,22.6,-4.8,1.8,0,0,2,0.33,0,0,0,0,13,1973,1986,1,1436,5486,4677,681,1051,212,13,268,782,50,49,697,1339,0.225,0.324,0.448,0.772,114,*8D9H7/35,thomago01,CF
152,José Cardenal,0,17.2,3689,2.5,20.8,0.698,19,1.7,25.7,-10.3,-4.5,0,0,0,0.02,0,0,0,0,18,1963,1980,0,2017,7698,6964,936,1913,333,46,138,775,329,137,608,807,0.275,0.333,0.395,0.728,103,*8*9*7H3/546,cardejo02,CF
175,Juan Pierre,0,16.7,3792,2.5,17.3,0.652,17,1.4,19.1,-1.9,-7.6,0,0,1,0.11,0,0,0,0,14,2000,2013,0,1994,8280,7525,1075,2217,255,94,18,517,614,203,464,479,0.295,0.343,0.361,0.704,84,*8*7H/D,pierrju01,CF
64,Biz Mackey,0,20,1806,12.5,25.8,0.874,22.9,4.6,25,2.5,14.1,0,0,0,0,0,2,3,1.2,22,1920,1947,5,900,3442,3081,497,1011,167,57,52,604,60,5,298,9,0.328,0.39,0.47,0.86,131,*26354/9718,mackebi99,C
69,Fred Carroll,0,20.8,1664,12.5,21.9,0.864,21.4,4.7,23,-0.3,12.3,0,0,0,0,0,0,0,0.1,8,1884,1891,0,754,3290,2892,546,820,146,66,27,366,137,,348,136,0.284,0.37,0.408,0.778,136,*2*O3/56,carrofr01,C
78,Bob O'Farrell,0,18.9,2172,12.5,21.7,0.846,20.3,2.4,20.1,6.1,6.2,1,1,1,0.99,0,1,2,0.6,21,1915,1935,0,1492,4745,4101,517,1120,201,58,51,549,35,19,547,408,0.273,0.36,0.388,0.748,98,*2H,o'farbo01,C
80,Muddy Ruel,0,19.5,2166,12.5,21,0.842,20.3,2.3,17.5,8.3,0.7,0,0,1,0.45,0,0,0,0,19,1915,1934,0,1468,5299,4514,494,1242,187,29,4,536,61,65,606,238,0.275,0.365,0.332,0.697,83,*2H/3,ruelmu01,C
96,Jonathan Lucroy,0,18.7,2122,12.5,17.5,0.81,18.1,2.3,20.3,4.1,2.7,0,1,1,0.4,0,0,1,0.3,12,2010,2021,2,1210,4591,4140,483,1134,217,24,108,548,30,9,369,662,0.274,0.335,0.416,0.752,102,*2H3/D,lucrojo01,C
106,Charlie Hollocher,0,23.4,1527,7.5,23.4,0.79,23.4,5,19.9,9.1,12.9,0,0,0,0,0,1,2,0.6,7,1918,1924,0,760,3394,2936,411,894,145,35,14,241,99,80,277,94,0.304,0.37,0.392,0.762,110,*6/H,holloch01,SS
121,Buck Weaver,0,21.4,2063,7.5,21.6,0.76,21.5,2.8,21.3,8.3,1.3,0,0,1,0.17,0,0,0,0,9,1912,1920,0,1254,5299,4809,623,1308,198,69,21,420,173,90,183,377,0.272,0.307,0.355,0.662,92,*6*5/H4,weavebu01,SS
129,Ozzie Guillén,0,19.4,2669,7.5,21,0.744,20.2,1.7,10.4,23,-2.7,0,0,0,0.03,0,0,0,0,16,1985,2000,3,1993,7133,6686,773,1764,275,69,28,619,169,108,239,511,0.264,0.287,0.338,0.626,69,*6H/534D7,guilloz01,SS
149,Tommy Corcoran,0,14.7,3732,7.5,20.4,0.704,17.5,1.5,14.4,19.9,-10.8,0,0,0,0,0,0,0,0,18,1890,1907,0,2205,9404,8824,1189,2259,289,155,34,1137,388,,384,447,0.256,0.29,0.335,0.625,74,*64/H,corcoto01,SS
153,Ian Desmond,0,18.5,2894,7.5,15.8,0.696,17.2,1.7,21,-1.1,-2.9,0,0,0,0.03,0,0,0,0,11,2009,2019,2,1478,5944,5442,724,1432,277,37,181,711,181,56,387,1402,0.263,0.315,0.427,0.742,95,*6837H/4D91,desmoia01,SS
100,Socks Seybold,0,25.2,1923,0,24.1,0.802,24.7,3.9,23.5,-5,8.5,0,0,0,0,0,0,0,0,9,1899,1908,0,997,4122,3685,478,1085,218,54,51,556,66,,293,298,0.294,0.353,0.424,0.777,130,*938/H7,seyboso01,RF
107,Ripper Collins,0,23.3,2235,0,24.6,0.788,24,3.7,23.2,-3.3,10.4,0,0,1,0.47,0,0,1,0.3,9,1931,1941,3,1084,4205,3784,615,1121,205,65,135,659,18,23,356,373,0.296,0.36,0.492,0.852,126,*3H9/7,colliri02,1B
108,John Kruk,0,22.8,2444,0,25.1,0.786,24,3.4,25.5,-7.3,10.3,0,0,0,0.05,0,0,0,0,10,1986,1995,3,1200,4603,3897,582,1170,199,34,100,592,58,31,649,701,0.3,0.397,0.446,0.842,134,*3*7H9D/8,krukjo01,1B
109,Bill Skowron,0,20.6,2947,0,26.9,0.784,23.8,2.6,23.2,-4.3,8,0,0,1,0.18,0,0,1,0.2,14,1954,1967,8,1658,6047,5547,682,1566,243,53,211,888,16,18,383,870,0.282,0.332,0.459,0.792,119,*3H/54,skowrbi01,1B
115,Jack Doyle,0,19.7,3288,0,24.8,0.772,22.3,2.6,27.8,-2.9,2.5,0,0,0,0,0,0,0,0,17,1889,1905,0,1569,6596,6055,977,1811,316,64,25,971,518,,440,281,0.299,0.351,0.385,0.736,105,*32O465/9,doyleja01,1B
121,Gus Suhr,0,20.6,2985,0,22.4,0.76,21.5,2.5,22.9,-7.1,2.2,0,0,0,0,0,0,0,0.1,11,1930,1940,1,1435,5997,5176,714,1446,288,114,84,818,53,52,718,433,0.279,0.368,0.428,0.796,113,*3H/9,suhrgu01,1B
123,Alvin Davis,0,21.9,2601,0,20,0.756,21,2.7,22.6,-9.6,3.8,0,0,0,0.08,0,0,0,0.1,9,1984,1992,1,1206,5010,4240,568,1189,220,10,160,683,7,16,685,558,0.28,0.38,0.45,0.83,127,*3*DH,davisal01,1B
128,George McQuinn,0,19.8,3180,0,21.6,0.746,20.7,2.3,20,-5.8,0.9,0,0,1,0.34,0,0,0,0,12,1936,1948,6,1550,6597,5747,832,1588,315,64,135,794,32,32,712,634,0.276,0.357,0.424,0.781,110,*3H,mcquige02,1B
139,Richie Sexson,0,18.9,3100,0,18,0.724,18.5,2.1,22.8,-11.8,-0.5,0,0,0,0.07,0,0,0,0,12,1997,2008,2,1367,5604,4928,748,1286,260,17,306,943,14,13,588,1313,0.261,0.344,0.507,0.851,120,*37DH/9,sexsori01,1B
71,Ross Barnes,0,26.6,1337,2.5,28,0.86,27.3,9.1,24.5,5.2,19.6,0,0,0,0,0,2,5,1.5,9,1871,1881,0,499,2507,2391,698,860,146,47,6,346,103,27,116,65,0.36,0.389,0.468,0.857,167,*46/5O1,barnero01,2B
85,Dave Cash,0,21.6,2533,2.5,25.6,0.832,23.6,2.9,20.8,9.1,7.2,0,0,0,0.14,0,0,0,0,12,1969,1980,3,1422,6057,5554,732,1571,243,56,21,426,120,74,424,309,0.283,0.334,0.358,0.692,93,*4H5/6,cashda01,2B
87,Billy Goodman,0,19.7,2841,2.5,26.9,0.828,23.3,2.7,24.5,2.7,7.6,0,1,1,0.69,0,0,0,0,16,1947,1962,2,1623,6448,5644,807,1691,299,44,19,591,37,30,669,329,0.3,0.376,0.378,0.754,99,*4*3*5H79/6,goodmbi01,2B
95,Adam Kennedy,0,20.3,2680,2.5,20.9,0.812,20.6,2,15.8,8.4,0.3,0,0,0,0,0,0,0,0,14,1999,2012,0,1691,6055,5473,682,1488,288,42,80,571,179,62,401,839,0.272,0.327,0.384,0.711,88,*4H53/D9786,kennead01,2B
97,Damion Easley,0,20.4,2840,2.5,20.5,0.808,20.4,1.9,20.9,4.2,-0.6,0,0,0,0,0,0,0,0,17,1992,2008,1,1706,6211,5484,735,1386,287,27,163,684,114,56,510,935,0.253,0.329,0.404,0.733,92,*4H65/3D978,easleda01,2B
108,Dan Uggla,0,20.2,2780,2.5,18.4,0.786,19.3,2.2,25.1,-3.5,1.7,0,0,0,0.03,0,0,0,0,10,2006,2015,3,1346,5509,4759,759,1149,238,18,235,706,26,21,626,1341,0.241,0.336,0.447,0.783,107,*4H/D3,ugglada01,2B
110,José Vidro,0,20.2,2774,2.5,17.4,0.782,18.8,2,23.8,-5.8,-0.3,0,0,0,0,0,0,0,0,12,1997,2008,3,1418,5708,5113,720,1524,341,12,128,654,23,16,478,556,0.298,0.359,0.445,0.804,108,*4DH53/7,vidrojo01,2B
127,Eric Young Sr.,0,16.8,3512,2.5,18.8,0.748,17.8,1.8,19.5,1.5,-2,0,0,0,0,0,0,0,0,15,1992,2006,1,1730,6996,6119,996,1731,327,46,79,543,465,168,660,462,0.283,0.359,0.39,0.749,92,*47H/D8695,younger01,2B
130,Juan Samuel,0,17.7,3388,2.5,17,0.742,17.3,1.6,28.5,-8.9,-4.7,0,0,0,0.06,0,0,0,0,16,1983,1998,3,1720,6664,6081,873,1578,287,102,161,703,396,143,440,1442,0.259,0.315,0.42,0.735,101,*48HD397/5,samueju01,2B
104,Eddie Foster,0,21.5,2564,2.5,25.4,0.794,23.4,2.7,23.9,6.6,1.3,0,0,1,0.23,0,0,0,0.1,13,1910,1923,0,1500,6335,5652,732,1490,191,71,6,451,195,67,528,316,0.264,0.329,0.326,0.655,88,*54H/6,fosteed02,3B
105,Austin Riley,0,23.3,1903,2.5,22.9,0.792,23.1,4.3,20.8,3.9,11.2,0,0,3,0.7,0,0,3,0.7,8,2019,2026,2,869,3688,3325,504,889,176,11,176,511,10,5,278,963,0.267,0.331,0.486,0.817,119,*57/3H9D,rileyau01,3B
110,Ken Oberkfell,0,21.9,2374,2.5,22.4,0.782,22.2,2.3,19.2,5.4,3.5,0,0,0,0,0,0,0,0,16,1977,1992,0,1602,5528,4874,558,1354,237,44,29,446,62,47,546,356,0.278,0.351,0.362,0.713,97,*5*4H3/6D,oberkke01,3B
77,George Stone,0,25.8,1709,0,25.8,0.848,25.8,4.9,24.8,-4.4,12.1,0,0,0,0,0,1,1,0.5,7,1903,1910,0,848,3677,3271,426,984,106,68,23,268,132,,282,425,0.301,0.36,0.396,0.756,144,*7/9H8,stonege01,LF
101,Sam Mertes,0,21.9,2569,0,23.6,0.8,22.8,3.2,23.7,-4.5,6.6,0,0,0,0,0,0,0,0,10,1896,1906,0,1190,5020,4405,695,1227,188,108,40,721,396,,422,378,0.279,0.346,0.398,0.744,113,*O*743/689251,mertesa01,LF
103,Rusty Greer,0,22.1,2381,0,22.4,0.796,22.3,3.5,25.9,-6.8,7.3,0,0,0,0.01,0,0,0,0,9,1994,2002,0,1027,4420,3829,643,1166,258,25,119,614,31,15,519,555,0.305,0.387,0.478,0.865,119,*798H/D3,greerru01,LF
105,Bernard Gilkey,0,22.8,2342,0,21.6,0.792,22.2,2.8,14.5,2.6,7.6,0,0,0,0.03,0,1,1,0.7,12,1990,2001,0,1239,4626,4061,606,1115,244,24,118,546,115,71,466,708,0.275,0.352,0.434,0.785,110,*7H9/D38,gilkebe01,LF
110,Geoff Jenkins,0,21.2,2753,0,21.9,0.782,21.6,2.6,17.1,-0.1,6.2,0,0,0,0,0,0,0,0,11,1998,2008,1,1349,5254,4700,688,1293,303,22,221,733,32,14,418,1186,0.275,0.344,0.49,0.834,114,*7*9H/D,jenkige01,LF
114,Hideki Matsui,0,21.3,2611,0,21.2,0.774,21.3,2.8,24.2,-9.3,3.3,0,0,0,0.03,0,0,0,0.1,10,2003,2012,2,1236,5066,4442,656,1253,249,12,175,760,13,9,547,689,0.282,0.36,0.462,0.822,118,*7*D8H/9,matsuhi01,LF
122,Kyle Schwarber,0,19.5,3217,0,21.4,0.758,20.4,2.6,27.5,-13.1,3.9,0,1,1,0.66,0,0,0,0,12,2015,2026,3,1338,5597,4722,833,1091,183,15,360,820,38,19,795,1597,0.231,0.347,0.505,0.852,128,*7*DH/239,schwaky01,LF
124,Whitey Lockman,0,20.7,2915,0,19.5,0.754,20.1,1.9,19.6,-5.9,-5.1,0,0,0,0.08,0,0,0,0.1,15,1945,1960,1,1666,6592,5940,836,1658,222,49,114,563,43,40,552,383,0.279,0.342,0.391,0.732,95,*3*7H8/495,lockmwh01,1B
129,Frank Thomas,0,19.1,3352,0,18.7,0.744,18.9,1.7,24.2,-10,-7.8,0,1,1,0.54,0,0,0,0,16,1951,1966,3,1766,6917,6285,792,1671,262,31,286,962,15,22,484,894,0.266,0.32,0.454,0.774,107,*7*5*83H9/4,thomafr03,LF
154,Dave Kingman,0,16,3884,0,17.4,0.694,16.7,1.4,23.2,-16.7,-6.9,0,0,0,0.26,0,0,0,0,16,1971,1986,3,1941,7429,6677,901,1575,240,25,442,1210,85,49,608,1816,0.236,0.302,0.478,0.78,115,*3*7*DH59/1,kingmda01,1B
111,Cool Papa Bell,0,19.6,2941,2.5,30.9,0.78,25.2,4.2,31.7,-3.9,16.8,0,0,0,0,0,0,2,0.7,21,1922,1946,8,1202,5361,4767,1152,1548,262,72,57,596,285,,531,,0.325,0.394,0.446,0.84,126,*8713/945,bellco99,CF
115,Pete Reiser,0,24.4,1627,2.5,24.6,0.772,24.5,4.6,23.6,-0.3,13.1,0,1,3,0.98,1,1,2,1.1,10,1940,1952,3,861,3054,2662,473,786,155,41,58,368,87,39,343,369,0.295,0.38,0.45,0.829,128,*87H5/96,reisepe01,CF
125,Bill Bruton,0,19.5,3067,2.5,26.4,0.752,23,2.7,24.7,1.8,3.2,0,0,0,0,0,0,0,0,12,1953,1964,0,1610,6671,6056,937,1651,241,102,94,545,207,89,482,793,0.273,0.328,0.393,0.72,96,*8H/79,brutobi01,CF
129,AJ Pollock,0,22.1,2169,2.5,22.1,0.744,22.1,3.3,19.7,2.6,8.7,0,0,0,0.05,0,0,1,0.1,12,2012,2023,1,1087,4152,3787,575,1032,225,32,145,485,122,29,291,736,0.273,0.328,0.464,0.791,111,*87HD/9,polloaj01,CF
130,Barney McCosky,0,22.3,2284,2.5,21.7,0.742,22,3,20.7,-2,7.3,0,0,0,0.2,0,0,0,0,11,1939,1953,0,1170,4761,4172,664,1301,214,71,24,397,58,31,497,261,0.312,0.386,0.414,0.801,111,*8*7H/9,mccosba01,CF
132,Ruppert Jones,0,20.5,2512,2.5,22.7,0.738,21.6,2.8,20,1.5,6,0,0,0,0,0,0,0,0,12,1976,1987,2,1331,5041,4415,643,1103,215,38,147,579,143,84,534,817,0.25,0.33,0.416,0.746,106,*879HD/3,jonesru01,CF
184,Gus Bell,0,17.1,3384,2.5,15.6,0.634,16.3,1.5,24.5,-12.4,-10.9,0,0,0,0.01,0,0,0,0,15,1950,1964,4,1741,7073,6478,865,1823,311,66,206,942,30,35,470,636,0.281,0.33,0.445,0.775,103,*8*97H,bellgu01,CF
190,Tom Brown,0,15.5,4073,0,16.5,0.622,16,1.5,17.3,-8.8,-9.2,0,0,0,0,0,0,0,0.1,17,1882,1898,0,1791,8221,7387,1524,1958,240,138,64,742,658,,749,784,0.265,0.336,0.361,0.697,100,*O/1,brownto01,Unknown
102,Ival Goodman,0,23.7,2178,0,24.7,0.798,24.2,3.6,21.7,-1.9,9.4,0,0,0,0.04,0,1,2,0.5,10,1935,1944,2,1107,4441,3928,609,1104,188,85,95,525,49,58,382,380,0.281,0.352,0.445,0.797,119,*9H7/8,goodmiv01,RF
103,Josh Reddick,0,23,2334,0,25,0.796,24,3.1,16.7,3.6,8,0,0,0,0.04,0,0,0,0,13,2009,2021,0,1305,4879,4408,597,1157,219,33,146,575,61,18,393,791,0.262,0.321,0.426,0.747,104,*97H8D/31,reddijo01,RF
110,Jim Northrup,0,21.4,2503,0,22,0.782,21.7,2.6,21,-4.4,3.8,0,0,0,0.05,0,0,1,0.1,12,1964,1975,0,1392,5215,4692,603,1254,218,42,153,610,39,38,449,635,0.267,0.333,0.429,0.763,116,*9*8*7H3/D,northji01,RF
111,Curt Walker,0,20.9,2767,0,22.1,0.78,21.5,2.6,20.2,-3.6,4.1,0,0,0,0.01,0,0,0,0.1,12,1919,1930,0,1359,5576,4858,718,1475,235,117,64,688,96,79,535,254,0.304,0.374,0.44,0.813,110,*987H/3,walkecu01,RF
116,Frank Schulte,0,19,3356,0,23.1,0.77,21.1,2.1,23.5,-10.4,-0.9,1,1,1,0.45,0,0,0,0.1,15,1904,1918,0,1806,7432,6533,906,1766,288,124,92,793,233,36,545,757,0.27,0.332,0.395,0.726,115,*9*7H/8,schulfr01,RF
117,Jay Buhner,0,19.1,3272,0,23,0.768,21,2.5,30.8,-12.5,2.5,0,1,1,0.36,0,0,0,0,15,1987,2001,1,1472,5927,5013,797,1273,233,19,310,965,6,24,792,1406,0.254,0.359,0.494,0.852,124,*9HD8/73,buhneja01,RF
123,Al Smith,0,19.8,3126,0,20.9,0.756,20.4,2.2,26.3,-9.8,1.8,0,1,2,0.83,0,0,0,0.1,15,1946,1964,3,1556,6331,5499,866,1500,263,51,168,701,70,43,687,768,0.273,0.358,0.431,0.789,114,*9*7*5H86/4,smithal04,RF
124,Tom Brunansky,0,18.5,3567,0,22,0.754,20.3,2,18.1,-2.6,-1.7,0,0,0,0,0,0,0,0.1,14,1981,1994,1,1800,7169,6289,804,1543,306,33,271,919,69,70,770,1187,0.245,0.327,0.434,0.761,106,*978HD3,brunato01,RF
132,Jeromy Burnitz,0,18.6,3561,0,19.9,0.738,19.2,1.9,20.7,-6.4,-0.4,0,0,0,0.02,0,0,0,0,14,1993,2006,1,1694,6580,5710,917,1447,298,29,315,981,74,58,739,1376,0.253,0.345,0.481,0.826,112,*98H7/D,burnije01,RF
137,Claudell Washington,0,17.8,3628,0,19.6,0.728,18.7,1.7,26.4,-13,-5.5,0,0,0,0.07,0,0,0,0,17,1974,1990,2,1912,7367,6787,926,1884,334,69,164,824,312,134,468,1266,0.278,0.325,0.42,0.745,106,*9*7*8HD,washicl01,RF
148,Tommy McCarthy,0,18.9,2926,2.5,16.2,0.706,17.6,2.1,13.5,-3.1,-1.3,0,0,0,0,0,0,1,0.1,13,1884,1896,0,1273,5739,5120,1066,1493,191,53,44,732,468,,536,185,0.292,0.364,0.375,0.74,102,*O45/61,mccarto01,2B
70,Rick Dempsey,0,17.2,2240,12.5,25.2,0.862,21.2,2.3,17.8,17.4,7.4,0,0,0,0,0,0,0,0,24,1969,1992,0,1765,5407,4692,525,1093,223,12,96,471,20,19,592,736,0.233,0.319,0.347,0.666,87,*2H/D97315,dempsri01,C
71,Johnny Bassler,0,20.9,1288,12.5,21,0.86,21,4.2,18.6,5.1,9.9,0,1,3,0.81,0,0,0,0,9,1913,1927,0,811,2867,2319,250,704,99,16,1,319,13,8,437,81,0.304,0.416,0.361,0.777,104,*2H/59,bassljo01,C
75,John Romano,0,20.1,1646,12.5,20.9,0.852,20.5,3.7,22.5,3.3,10.8,0,0,0,0,0,0,0,0.1,10,1958,1967,4,905,3256,2767,355,706,112,10,129,417,7,9,414,485,0.255,0.354,0.443,0.797,122,*2H/73,romanjo01,C
79,Joe Ferguson,0,19.6,1812,12.5,21,0.844,20.3,3.4,21,3.9,9.4,0,0,0,0.02,0,0,0,0,14,1970,1983,0,1013,3624,3001,407,719,121,11,122,445,22,12,562,607,0.24,0.358,0.409,0.767,116,*29H/73,fergujo01,C
82,Virgil Davis,0,17.6,2223,12.5,22.2,0.838,19.9,2.5,21.9,4.3,6.4,0,0,0,0.01,0,0,0,0,16,1928,1945,0,1458,4718,4255,388,1312,244,22,77,647,6,13,386,326,0.308,0.369,0.43,0.799,110,*2H/35,davissp01,C
83,Andy Seminick,0,17.8,2241,12.5,21.5,0.836,19.7,2.7,22.5,3.7,4,0,0,0,0.07,0,0,0,0,15,1943,1957,1,1304,4575,3921,495,953,139,26,164,556,23,22,582,780,0.243,0.347,0.417,0.764,107,*2H/75,seminan01,C
90,Earl Battey,0,18.6,1899,12.5,18.9,0.822,18.8,2.7,18.9,6.5,6.1,0,0,3,0.45,0,0,0,0,13,1955,1967,5,1141,4105,3586,393,969,150,17,104,449,13,12,421,470,0.27,0.349,0.409,0.757,106,*2H,batteea01,C
92,Hank Severeid,0,18.1,1950,12.5,19,0.818,18.6,2.2,20.5,4.5,0.7,0,0,1,0.27,0,0,0,0,15,1911,1926,0,1390,4792,4312,408,1245,204,42,17,538,35,19,331,169,0.289,0.342,0.367,0.709,92,*2H/3758,severha01,C
93,Paul Lo Duca,0,18.6,1876,12.5,17.8,0.816,18.2,2.7,14.9,7.9,4.9,0,0,0,0.01,0,0,0,0,11,1998,2008,4,1082,4302,3892,483,1112,222,8,80,481,20,19,266,295,0.286,0.337,0.409,0.746,97,*23H7/D95,loducpa01,C
94,Ernie Whitt,0,18.1,2004,12.5,18.3,0.814,18.2,2.2,16.5,9.5,4.5,0,0,0,0,0,0,0,0,15,1976,1991,1,1328,4271,3774,447,938,176,15,134,534,22,26,436,491,0.249,0.324,0.41,0.734,99,*2H/D,whitter01,C
110,Brad Ausmus,0,15.1,2893,12.5,16.5,0.782,15.8,1.4,8.9,18.7,-5.6,0,0,0,0,0,0,0,0,18,1993,2010,1,1971,7102,6279,718,1579,270,34,80,607,102,53,634,1034,0.251,0.325,0.344,0.669,75,*2H/3456,ausmubr01,C
99,Ronnie Belliard,0,19.7,2626,2.5,20.8,0.804,20.2,2.3,18.7,5.1,2.9,0,0,0,0,0,0,0,0,13,1998,2010,1,1484,5641,5045,685,1377,328,24,114,601,43,28,488,797,0.273,0.338,0.415,0.753,96,*4H53/6D,belliro01,2B
100,Jorge Polanco,0,19.5,2262,7.5,20.4,0.802,19.9,3,24.9,-1.4,5.2,0,0,0,0.05,0,0,0,0,13,2014,2026,1,1102,4583,4100,553,1073,225,20,155,572,61,34,398,871,0.262,0.328,0.44,0.768,111,*6*4DH/53,polanjo01,SS
103,Daniel Murphy,0,18.7,2847,2.5,20.8,0.796,19.7,2.3,25.6,-4.9,2.9,0,1,1,0.59,0,0,0,0,12,2008,2020,3,1452,5755,5308,710,1572,371,29,138,735,68,25,364,709,0.296,0.341,0.455,0.796,113,*4*3H57/D,murphda08,2B
117,Mark McLemore,0,17.2,3257,2.5,19.6,0.768,18.4,1.7,16.3,6.2,-5.1,0,0,0,0,0,0,0,0,19,1986,2004,0,1832,7239,6192,943,1602,255,47,53,615,272,119,875,983,0.259,0.349,0.341,0.69,82,*47H956D/8,mclemma01,2B
112,Doug Rader,0,19.6,2655,2.5,24.3,0.778,21.9,2.7,24.6,2.3,5,0,0,0,0,0,0,0,0,11,1967,1977,0,1465,5832,5186,631,1302,245,39,155,722,37,33,528,1055,0.251,0.322,0.403,0.725,106,*53HD/69,raderdo02,3B
116,Don Hoak,0,21.1,2300,2.5,21.2,0.77,21.2,2.7,20.7,2.9,2.2,0,1,1,0.59,0,0,0,0.1,11,1954,1964,1,1263,4946,4322,598,1144,214,44,89,498,64,47,523,530,0.265,0.345,0.396,0.741,98,*5H/46,hoakdo01,3B
126,Pablo Sandoval,0,20.7,2411,2.5,19,0.75,19.9,2.2,21.8,-1.7,3.2,0,0,1,0.22,0,0,1,0.2,14,2008,2021,2,1380,5052,4609,548,1279,262,21,153,639,12,13,357,757,0.278,0.33,0.443,0.773,111,*5H3D/241,sandopa01,3B
102,Dobie Moore,0,24.3,1134,7.5,24.3,0.798,24.3,8.7,19.4,7.5,17.9,0,0,0,0,0,3,3,1.5,7,1920,1926,0,453,1988,1821,371,637,118,49,34,386,66,,113,,0.35,0.393,0.524,0.917,148,*6/4329,mooredo02,SS
114,Jack Wilson,0,20.9,2101,7.5,23.5,0.774,22.2,2.8,9.2,21,7.1,0,0,0,0,0,0,0,0,12,2001,2012,1,1370,5339,4890,565,1294,243,34,61,426,43,32,270,619,0.265,0.306,0.366,0.671,76,*6H4/5D,wilsoja02,SS
120,J.P. Crawford,0,21,1800,7.5,22.3,0.762,21.7,3.7,21.7,6.4,9.1,0,0,0,0.01,0,0,0,0.1,10,2017,2026,0,971,4061,3511,488,867,178,15,73,360,36,17,470,751,0.247,0.341,0.369,0.71,103,*6/5H4D,crawfjp01,SS
124,George McBride,0,21,2010,7.5,21.2,0.754,21.1,2.1,10.1,23.3,-3.2,0,0,0,0.2,0,0,0,0.1,16,1901,1920,0,1660,6254,5526,516,1203,140,47,7,447,133,31,419,707,0.218,0.281,0.264,0.544,65,*6/5H43,mcbrige01,SS
125,Eddie Miller,0,19.1,2295,7.5,22.3,0.752,20.7,2.4,13.8,19,1.4,0,0,1,0.2,0,0,0,0,14,1936,1950,7,1510,5818,5337,539,1270,263,28,97,640,64,45,351,465,0.238,0.29,0.352,0.643,80,*64H/5,milleed03,SS
126,Bo Bichette,0,20.9,1763,7.5,20.5,0.75,20.7,4.2,22.5,2.3,9.4,0,0,0,0.08,0,0,1,0.2,8,2019,2026,2,795,3501,3267,459,946,196,8,114,458,61,21,202,673,0.29,0.333,0.459,0.792,118,*65D/H,bichebo01,SS
130,David Eckstein,0,19,2290,7.5,20.9,0.742,20,2.6,22.2,4.7,2.6,0,0,0,0.09,0,0,0,0,10,2001,2010,2,1311,5705,5041,701,1414,232,20,35,392,123,45,376,418,0.28,0.345,0.355,0.701,87,*64HD,eckstda01,SS
132,Jeff Blauser,0,18.3,2470,7.5,20.9,0.738,19.6,2.4,27.7,0.2,4.8,0,0,0,0.03,0,0,1,0.1,13,1987,1999,2,1407,5271,4522,691,1187,217,33,122,513,65,41,569,937,0.262,0.354,0.406,0.76,102,*6H45/8D7,blausje01,SS
133,Lyn Lary,0,19,2579,7.5,20.1,0.736,19.6,2.5,24.2,3.3,1.3,0,0,0,0.06,0,0,0,0,12,1929,1940,0,1302,5426,4603,805,1239,247,56,38,526,162,49,705,470,0.269,0.369,0.372,0.741,91,*65H/347,laryly01,SS
135,Germany Smith,0,17.1,2823,7.5,21.5,0.732,19.3,2,8.5,22.8,0.2,0,0,0,0,0,0,0,0,15,1884,1898,0,1712,7012,6562,907,1597,252,95,47,800,235,,408,390,0.243,0.289,0.332,0.622,75,*64/5O21,smithge01,SS
150,Rich Aurilia,0,16.8,2952,7.5,18.2,0.702,17.5,1.8,19.3,4.1,-0.8,0,0,0,0.04,0,0,1,0.1,15,1995,2009,1,1652,6278,5721,745,1576,301,22,186,756,23,18,450,861,0.275,0.328,0.433,0.762,99,*635H4/D,aurilri01,SS
156,Starlin Castro,0,15.8,2962,7.5,18.2,0.69,17,1.9,23.8,1.3,-2.6,0,0,0,0,0,0,0,0,12,2010,2021,4,1573,6579,6148,698,1722,319,40,138,678,89,52,338,1108,0.28,0.319,0.412,0.732,97,*6*45H/D,castrst01,SS
113,Cristóbal Torriente,0,24,1586,2.5,25.7,0.776,24.8,6.4,24.4,-0.9,16,0,0,0,0,0,3,4,1.6,10,1920,1932,0,646,2613,2235,471,759,140,53,55,532,93,,323,,0.34,0.427,0.523,0.951,158,*8971/534,torricr99,CF
134,Jerry Mumphrey,0,19.9,2631,2.5,22.3,0.734,21.1,2.3,23.1,-3.1,4,0,0,0,0.01,0,0,0,0,15,1974,1988,1,1585,5545,4993,660,1442,217,55,70,575,174,80,478,688,0.289,0.349,0.396,0.745,108,*8*7H9,mumphje01,CF
98,Matt Wieters,0,17.3,2011,12.5,18.2,0.806,17.8,2.5,14.8,10.6,2.8,0,0,0,0.01,0,0,0,0,12,2009,2020,4,1167,4428,3994,440,996,190,5,146,550,9,4,368,847,0.249,0.313,0.409,0.722,93,*2HD/3,wietema01,C
80,Jud Wilson,0,22.1,2134,0,33.3,0.842,27.7,5.9,32.1,-0.5,22.5,0,0,0,0,0,3,6,1.9,21,1923,1945,3,911,3563,3082,625,1080,203,50,77,728,104,,416,,0.35,0.434,0.524,0.958,154,*3*594/76,wilsoju99,1B
94,Joe Harris,0,23.7,1882,0,26.2,0.814,25,4.4,24.6,-2.1,12.7,0,0,0,0.08,0,0,0,0,10,1914,1928,0,970,3588,3035,461,963,201,64,47,516,36,20,413,188,0.317,0.404,0.472,0.877,132,*37H9/865,harrijo03,1B
124,Earl Sheely,0,21.8,2378,0,20,0.754,20.9,2.6,18.9,-4.1,0.6,0,0,1,0.27,0,0,0,0,9,1921,1931,0,1234,5274,4471,572,1340,244,27,48,745,33,39,563,205,0.3,0.383,0.399,0.782,104,*3/H,sheelea01,1B
127,Norm Siebern,0,20.5,2621,0,21,0.748,20.8,2.4,21.7,-7.4,4.7,0,0,1,0.22,0,0,1,0.3,12,1956,1968,4,1406,5269,4481,662,1217,206,38,132,636,18,25,708,748,0.272,0.369,0.423,0.792,118,*3*7H/89,siebeno01,1B
131,Pete O'Brien,0,19.5,2889,0,19.2,0.74,19.4,2,12.5,-1.3,-1.1,0,0,0,0.01,0,0,0,0,12,1982,1993,0,1567,6168,5437,654,1421,254,21,169,736,24,34,641,563,0.261,0.336,0.409,0.745,104,*3DH7/9,o'bripe03,1B
140,Eric Hosmer,0,17.4,3347,0,19.1,0.722,18.3,1.8,21.2,-10.9,-4.6,0,0,0,0.04,0,0,0,0,13,2011,2023,1,1689,6977,6349,812,1753,322,20,198,893,76,30,562,1235,0.276,0.335,0.427,0.762,107,*3HD/9,hosmeer01,1B
91,Charley Jones,0,22.8,1918,0,26.4,0.82,24.6,4.8,24.6,-2.8,15.4,0,0,0,0,0,0,3,0.7,12,1875,1888,0,895,4012,3741,733,1115,172,103,56,553,20,1,237,162,0.298,0.345,0.444,0.789,150,*O/31,jonesch01,1B
107,Tom Tresh,0,22,2342,0,22,0.788,22,3,23.5,-1.7,6.2,0,0,1,0.35,0,0,0,0.1,9,1961,1969,3,1192,4897,4251,595,1041,179,34,153,530,45,25,550,698,0.245,0.335,0.411,0.746,113,*7*685H/9,treshto01,LF
109,Bibb Falk,0,20.8,2547,0,22.7,0.784,21.8,2.7,22.8,-5.7,2.4,0,0,0,0.09,0,0,1,0.2,12,1920,1931,0,1353,5269,4652,655,1463,300,59,69,784,47,50,412,279,0.314,0.372,0.449,0.821,113,*7H9/8,falkbi01,LF
115,Duffy Lewis,0,21,2522,0,21.4,0.772,21.2,2.4,18.8,-5.7,-2.3,0,0,0,0.06,0,0,0,0,11,1910,1921,0,1459,6016,5351,612,1518,289,68,38,791,113,66,352,546,0.284,0.333,0.384,0.717,108,*7H/8951,lewisdu01,LF
136,Joe Vosmik,0,18.9,2933,0,18,0.73,18.4,2.1,16.6,-4.2,-3.4,0,1,1,0.51,0,0,0,0.1,13,1930,1944,1,1414,6087,5472,818,1682,335,92,65,874,23,28,514,272,0.307,0.369,0.438,0.807,104,*79H/8,vosmijo01,LF
145,Pat Burrell,0,16.6,3539,0,18.9,0.712,17.7,1.9,23.1,-11,-1,0,0,1,0.17,0,0,0,0,12,2000,2011,0,1640,6520,5503,767,1393,299,16,292,976,7,3,932,1564,0.253,0.361,0.472,0.834,116,*7DH3/9,burrepa01,LF
104,George Selkirk,0,23.2,1882,0,23.5,0.794,23.3,4.5,20.5,-0.2,12.1,0,0,0,0,0,0,1,0.1,9,1934,1942,2,846,3323,2790,503,810,131,41,108,576,49,32,486,319,0.29,0.4,0.483,0.883,127,*9*7H/8,selkige01,RF
105,Buck Freeman,0,21.8,2306,0,23.9,0.792,22.9,3.4,26.4,-7.8,6.4,0,0,0,0,0,0,1,0.1,11,1891,1907,0,1126,4626,4208,588,1235,199,131,82,713,92,,272,388,0.293,0.346,0.462,0.808,132,*93/H15487,freembu01,RF
106,Bake McBride,0,22.5,2050,0,22.7,0.79,22.6,3.4,18.4,1.5,9.1,0,0,1,0.11,0,0,0,0,11,1973,1983,1,1071,4202,3853,548,1153,167,55,63,430,183,63,248,457,0.299,0.345,0.42,0.765,109,*9*8H/D7,mcbriba01,RF
112,Oscar Gamble,0,20.1,2702,0,22.9,0.778,21.5,2.3,27.1,-12.5,5.5,0,0,0,0,0,0,0,0,17,1969,1985,0,1584,5197,4502,656,1195,188,31,200,666,47,37,610,546,0.265,0.356,0.454,0.811,127,*D*9*H78/3,gamblos01,RF
116,Wes Parker,0,20.8,2152,0,22.9,0.77,21.8,2.9,17.8,-3,5.7,0,1,1,0.28,0,0,0,0,9,1964,1972,0,1288,4835,4157,548,1110,194,32,64,470,60,34,532,615,0.267,0.351,0.375,0.726,111,*3H987,parkewe01,1B
120,Joe Cunningham,0,20.8,2016,0,22.3,0.762,21.5,3.2,23.2,-6.2,7.9,0,0,0,0.07,0,0,0,0,12,1954,1966,2,1141,4062,3362,525,980,177,26,64,436,16,27,599,369,0.291,0.403,0.417,0.82,120,*3*9H7,cunnijo01,1B
122,Zeke Bonura,0,21.2,2169,0,21.2,0.758,21.2,3.7,19.5,-2,7.2,0,0,0,0.1,0,0,0,0,7,1934,1940,0,917,4029,3582,600,1099,232,29,119,704,19,12,404,180,0.307,0.38,0.487,0.867,122,*3/H,bonurze01,1B
129,Donn Clendenon,0,19.9,2525,0,20,0.744,20,2.4,19.4,-7.3,1.2,0,0,0,0.08,0,0,0,0,12,1961,1972,0,1362,5112,4648,594,1273,192,57,159,682,90,57,379,1140,0.274,0.328,0.442,0.771,117,*3H/7958,clenddo01,1B
136,Fred Merkle,0,17.9,2941,0,19.5,0.73,18.7,1.9,21.3,-7.8,-1.3,0,0,1,0.36,0,0,0,0,16,1907,1926,0,1638,6438,5782,720,1580,290,81,61,740,272,38,454,645,0.273,0.331,0.383,0.714,109,*3H/87945,merklfr01,1B
147,Cecil Fielder,0,17.4,3179,0,17.2,0.708,17.3,1.9,20.3,-12.1,-3.1,0,2,3,1.67,0,0,1,0.2,13,1985,1998,3,1470,5939,5157,744,1313,200,7,319,1008,2,6,693,1316,0.255,0.345,0.482,0.827,119,*3*DH/547,fieldce01,1B
161,Chris Davis,0,18.7,2857,0,11.5,0.68,15.1,1.3,15.5,-11.1,-8.1,0,1,1,0.63,0,1,1,0.5,13,2008,2020,1,1417,5630,4978,707,1160,228,5,295,780,19,11,555,1852,0.233,0.315,0.459,0.774,106,*3D59H/71,davisch02,1B
86,Nico Hoerner,0,23.4,1431,2.5,23.7,0.83,23.5,5.1,17.8,9,13.9,0,0,0,0.01,0,0,2,0.4,8,2019,2026,0,751,3092,2806,401,787,140,15,40,307,140,27,214,332,0.28,0.34,0.384,0.724,103,*46/H587D,hoernni01,2B
88,Randy Velarde,0,20.5,2272,2.5,24.9,0.826,22.7,3.2,23,5.5,8.4,0,0,0,0,0,1,1,0.4,16,1987,2002,0,1273,4813,4244,633,1171,214,23,100,445,78,37,463,853,0.276,0.352,0.408,0.76,101,*4567H/D398,velarra01,2B
90,Jeff McNeil,0,21.5,1750,2.5,23.4,0.822,22.5,3.9,21,3.2,11.2,0,0,0,0.01,0,0,0,0.1,9,2018,2026,2,967,3778,3384,444,958,202,18,81,381,38,12,273,450,0.283,0.35,0.425,0.775,115,*479H58/D36,mcneije01,2B
92,Kolten Wong,0,21.7,1927,2.5,22.9,0.818,22.3,3.1,16.9,8.9,9.2,0,0,0,0,0,0,0,0,11,2013,2023,0,1189,4283,3796,511,973,186,31,86,405,120,38,328,687,0.256,0.33,0.39,0.719,96,*4H/87D96,wongko01,2B
96,Bip Roberts,0,20.5,2235,2.5,20.5,0.81,20.5,2.8,20.3,-0.2,5.6,0,0,1,0.19,0,0,1,0.2,12,1986,1998,1,1202,4631,4147,663,1220,203,31,30,352,264,95,396,548,0.294,0.358,0.38,0.737,100,*4*7H58D6/9,roberbi01,2B
98,Jason Kipnis,0,19.5,2436,2.5,21.1,0.806,20.3,2.9,25.6,-1,4.2,0,0,0,0.11,0,0,0,0,10,2011,2020,2,1165,4984,4404,607,1147,260,24,126,545,136,33,467,951,0.26,0.333,0.416,0.75,102,*4D/8H3,kipnija01,2B
104,Gleyber Torres,0,19.3,2190,2.5,20,0.794,19.7,3,23.6,0.2,5.4,0,0,0,0.02,0,0,0,0,9,2018,2026,3,1065,4445,3929,557,1036,178,4,156,526,57,25,443,869,0.264,0.339,0.43,0.769,112,*46D/H,torregl01,2B
105,Jim Gantner,0,16.7,2695,2.5,22.4,0.792,19.6,2,19.2,9.9,0.4,0,0,0,0,0,0,0,0,17,1976,1992,0,1801,6787,6189,726,1696,262,38,47,568,137,78,383,501,0.274,0.319,0.351,0.671,88,*4*5H/D631,gantnji01,2B
107,Neil Walker,0,18.7,2445,2.5,20,0.788,19.3,2.5,23.5,-1.4,3.8,0,0,0,0,0,0,0,0,12,2009,2020,0,1306,5152,4583,611,1224,238,22,149,609,32,22,460,931,0.267,0.338,0.426,0.764,109,*43H5/9D71,walkene01,2B
113,Jerry Priddy,0,18.9,2427,2.5,18.6,0.776,18.7,2.3,20.5,3.6,2.3,0,0,0,0.14,0,0,0,0.1,11,1941,1953,0,1296,5428,4720,612,1252,232,46,61,541,44,44,624,639,0.265,0.353,0.373,0.725,98,*453/H6,priddje01,2B
115,Mark Loretta,0,17.7,2896,2.5,19.3,0.772,18.5,1.8,22.9,-0.1,-0.8,0,0,1,0.11,0,0,0,0.1,15,1995,2009,2,1726,6558,5812,768,1713,309,22,76,629,47,35,555,605,0.295,0.36,0.395,0.754,98,*4*65H3/D17,loretma01,2B
116,Dots Miller,0,18.9,2638,0,18.1,0.77,18.5,1.8,14.8,2,-2.9,0,1,2,0.45,0,0,0,0,12,1909,1921,0,1589,6481,5805,711,1526,232,108,32,714,177,43,391,503,0.263,0.314,0.357,0.671,96,*3*465H/87,milledo02,1B
118,Bobby Lowe,0,16.5,3324,2.5,20.1,0.766,18.3,1.8,13.4,8.5,-7.1,0,0,0,0,0,0,0,0,18,1890,1907,0,1821,7782,7078,1135,1934,230,85,71,989,303,,474,436,0.273,0.325,0.36,0.685,87,*4O56/7H3981,lowebo01,2B
121,Frank Bolling,0,19.3,2536,2.5,16.9,0.76,18.1,1.8,15.6,6.3,-4.2,0,0,0,0.04,0,0,0,0,12,1954,1966,4,1540,6190,5562,692,1415,221,40,106,556,40,38,462,558,0.254,0.313,0.366,0.679,85,*4H,bollifr01,2B
129,Hughie Critz,0,17.9,2476,2.5,17,0.744,17.4,1.9,4.1,18,-3.4,0,2,2,1.27,0,0,0,0,12,1924,1935,0,1478,6415,5930,832,1591,195,95,38,531,97,87,289,257,0.268,0.303,0.352,0.656,74,*4/H6,critzhu01,2B
132,Harold Reynolds,0,18.5,2362,2.5,15.8,0.738,17.2,1.9,13.6,7.1,-1.8,0,0,0,0,0,0,0,0,12,1983,1994,2,1374,5398,4782,640,1233,230,53,21,353,250,138,480,417,0.258,0.327,0.341,0.668,83,*4H/D7,reynoha01,2B
153,Jed Lowrie,0,16.1,2385,7.5,15.4,0.696,15.8,1.9,22.4,-3.4,-2.4,0,0,0,0.01,0,0,0,0,14,2008,2022,1,1307,5196,4615,590,1185,292,17,121,594,8,3,503,895,0.257,0.33,0.406,0.736,102,*6*45DH/3,lowrije01,SS
113,Bill Mueller,0,19.7,2356,2.5,23.9,0.776,21.8,3.2,23.7,2.5,8.2,0,0,0,0.11,0,0,0,0,11,1996,2006,0,1216,4886,4223,663,1229,265,22,85,493,20,18,543,571,0.291,0.373,0.425,0.797,109,*5H4/D6,muellbi02,3B
115,Hans Lobert,0,19.8,2382,2.5,22.5,0.772,21.2,2.8,30.3,-1.8,5.5,0,0,0,0.06,0,0,0,0.1,14,1903,1917,0,1317,5231,4563,640,1252,159,82,32,481,316,36,395,302,0.274,0.337,0.366,0.703,109,*56H/748,loberha01,3B
118,George Pinkney,0,20.4,2379,2.5,21.1,0.766,20.7,2.9,21.6,2.9,7,0,0,0,0,0,0,0,0.1,10,1884,1893,0,1163,5189,4610,874,1212,170,56,21,539,296,,526,177,0.263,0.345,0.338,0.683,103,*54/61,pinknge01,3B
119,Bob Horner,0,19.1,2269,2.5,21.9,0.764,20.5,3.5,28.2,-7.4,7.4,0,0,1,0.13,0,0,0,0,10,1978,1988,1,1020,4213,3777,560,1047,169,8,218,685,14,18,369,512,0.277,0.34,0.499,0.839,127,*5*3/H,hornebo01,3B
120,Jerry Denny,0,19.6,2201,2.5,20.9,0.762,20.2,2.7,18.7,6.8,2.5,0,0,0,0,0,0,0,0,13,1881,1894,0,1237,5140,4946,714,1286,238,76,74,667,130,,173,602,0.26,0.287,0.384,0.671,99,*56/34O21,dennyje01,3B
124,Joe Randa,0,18.6,2785,2.5,21.4,0.754,20,2.3,19.6,4.4,1,0,0,0,0,0,0,0,0,12,1995,2006,0,1522,6007,5428,697,1543,327,36,123,739,42,26,432,738,0.284,0.339,0.426,0.765,96,*5H4D/3,randajo01,3B
127,Jimmy Austin,0,17.4,2529,2.5,21.9,0.748,19.6,2.2,23.6,4.7,-3,0,0,0,0.03,0,0,0,0,18,1909,1929,0,1580,6319,5388,661,1328,174,76,13,390,244,61,592,658,0.246,0.326,0.314,0.64,90,*56H/49,austiji01,3B
129,Brandon Inge,0,19.6,2414,2.5,19.2,0.744,19.4,2,9.9,14.4,-0.8,0,0,0,0,0,0,0,0,13,2001,2013,1,1532,5617,5014,563,1166,228,38,152,648,45,40,443,1306,0.233,0.301,0.384,0.685,82,*5*2H8/4793D6,ingebr01,3B
130,Dave Hollins,0,20.3,1917,2.5,17.8,0.742,19.1,2.9,20.7,-2.5,5.4,0,0,0,0.01,0,0,1,0.2,12,1990,2002,1,983,3911,3346,578,870,166,17,112,482,47,27,464,687,0.26,0.358,0.42,0.779,106,*53HD/96,hollida01,3B
137,Phil Nevin,0,19.1,2443,2.5,15.9,0.728,17.5,2.1,19.5,-5.5,1.2,0,0,0,0.01,0,0,0,0,12,1995,2006,1,1217,4703,4188,584,1131,209,6,208,743,18,5,449,1019,0.27,0.343,0.472,0.814,114,*5*3D27H9,nevinph01,3B
154,Larry Parrish,0,15.8,3542,2.5,15.6,0.694,15.7,1.3,23.9,-11.1,-8.4,0,1,1,0.38,0,0,0,0,15,1974,1988,2,1891,7451,6792,850,1789,360,33,256,992,30,36,529,1359,0.263,0.318,0.439,0.757,107,*5*9*DH3/746,parrila01,3B
111,George Wright,0,22,1258,7.5,23.2,0.78,22.6,6.4,17.7,8.9,13.9,0,0,0,0,0,0,4,1,12,1871,1882,0,591,2941,2873,665,866,124,60,11,326,47,20,68,119,0.301,0.318,0.398,0.715,125,*64/135,wrighge01,SS
123,Gunnar Henderson,0,21.4,1288,7.5,21.4,0.756,21.4,6.4,20.3,3.9,14,0,1,2,0.68,0,2,2,0.8,5,2022,2026,1,544,2340,2083,339,550,110,23,96,284,68,15,226,550,0.264,0.339,0.477,0.817,130,*65/DH4,hendegu01,SS
136,Bud Harrelson,0,18.2,2127,7.5,20.3,0.73,19.3,2.1,15.3,14.2,2,0,0,0,0.05,0,0,0,0,16,1965,1980,2,1533,5516,4744,539,1120,136,45,7,267,127,60,633,653,0.236,0.327,0.288,0.616,76,*6H4/57,harrebu01,SS
137,Frank Fennelly,0,19.2,1702,7.5,19.2,0.728,19.2,4,18.5,5.3,11.5,0,0,0,0,0,0,0,0.1,7,1884,1890,0,786,3451,3042,609,781,102,82,34,408,175,,378,242,0.257,0.345,0.378,0.723,118,*6/45O,fennefr01,SS
138,Jason Bartlett,0,19.6,1548,7.5,18.4,0.726,19,3.3,15.9,7.3,6.2,0,0,0,0.02,0,0,0,0.1,10,2004,2014,1,892,3521,3141,435,849,156,26,31,286,123,37,275,526,0.27,0.336,0.366,0.702,91,*6H/D74,bartlja01,SS
139,Sam Wise,0,17.4,2462,7.5,20.3,0.724,18.9,2.8,27.1,-1.9,3.5,0,0,0,0,0,0,0,0,12,1881,1893,0,1175,5140,4715,834,1281,221,112,48,672,203,,389,643,0.272,0.332,0.397,0.729,114,*6*435O,wisesa01,SS
142,Tony Kubek,0,18.8,1764,7.5,18.4,0.718,18.6,2.7,11.4,12.4,4.7,0,0,0,0.09,0,0,0,0,9,1957,1965,4,1092,4494,4167,522,1109,178,30,57,373,29,23,217,441,0.266,0.303,0.364,0.667,85,*67H589/43,kubekto01,SS
145,Al Bridwell,0,18.5,1922,7.5,18,0.712,18.3,2.3,19.2,7.7,3.1,0,0,0,0,0,0,1,0.2,11,1905,1915,0,1252,4953,4169,457,1064,95,32,2,350,136,16,557,210,0.255,0.347,0.295,0.642,90,*645/H9738,bridwal01,SS
147,Eddie Bressoud,0,19.3,1839,7.5,17.1,0.708,18.2,2.3,18.7,5.2,3.2,0,0,0,0.03,0,0,0,0.1,12,1956,1967,1,1186,4108,3672,443,925,184,40,94,365,9,13,359,723,0.252,0.319,0.401,0.719,96,*6H45/37,bressed01,SS
148,Didi Gregorius,0,18.2,1926,7.5,17.3,0.706,17.8,2.6,19.6,3.8,2.9,0,0,0,0.02,0,0,0,0,11,2012,2022,0,1077,4259,3893,503,999,180,27,134,530,37,16,254,612,0.257,0.308,0.42,0.728,95,*6H/45D,gregodi01,SS
154,Tim Anderson,0,18.7,1878,7.5,15.4,0.694,17,2.5,17.7,3.4,1.7,0,0,1,0.3,0,1,1,0.4,10,2016,2025,2,991,4139,3939,552,1088,185,18,98,350,122,32,153,980,0.276,0.307,0.407,0.714,94,*6/4HD,anderti01,SS
159,Stephen Drew,0,17.1,2338,7.5,15.8,0.684,16.5,2,16.8,5,0.4,0,0,0,0,0,0,0,0,12,2006,2017,0,1268,4917,4403,565,1109,258,63,123,524,41,19,435,926,0.252,0.318,0.423,0.741,94,*64H/5D,drewst01,SS
160,Monte Cross,0,16.4,2770,7.5,16.4,0.682,16.4,1.6,20.6,7.4,-8.1,0,0,0,0,0,0,0,0,15,1892,1907,0,1684,6729,5828,719,1365,232,68,31,621,328,,616,719,0.234,0.316,0.313,0.629,79,*6/H4,crossmo01,SS
166,Red Kress,0,15.9,2655,7.5,14.8,0.67,15.4,1.7,19.3,0,-6.5,0,0,0,0.13,0,0,0,0,14,1927,1946,0,1391,5672,5087,691,1454,298,58,89,799,46,56,474,453,0.286,0.347,0.42,0.767,97,*6539H4/71,kressre01,SS
167,Hubie Brooks,0,17.3,2858,0,13,0.668,15.2,1.3,17.3,-4.7,-9,0,0,0,0.03,0,0,0,0.1,15,1980,1994,2,1645,6476,5974,656,1608,290,31,149,824,64,56,387,1005,0.269,0.315,0.403,0.717,100,*9*5*6HD/347,brookhu01,RF
168,Zoilo Versalles,0,17.6,2302,7.5,12.6,0.666,15.1,1.5,13.9,8,-4.9,1,1,1,1.01,0,1,1,0.7,12,1959,1971,2,1400,5579,5141,650,1246,230,63,95,471,97,48,318,810,0.242,0.29,0.367,0.657,82,*654H,versazo01,SS
171,Ed Brinkman,0,16.8,2286,7.5,13.2,0.66,15,1.2,5.5,20.4,-9.3,0,0,1,0.2,0,0,0,0,15,1961,1975,1,1846,6642,6045,550,1355,201,38,60,461,30,35,444,845,0.224,0.28,0.3,0.58,65,*6H/547,brinked01,SS
174,Paul Radford,0,15.4,2671,7.5,14.3,0.654,14.8,1.7,15.5,-3,-5.9,0,0,0,0,0,0,1,0.1,12,1883,1894,0,1361,5822,4979,945,1206,176,57,13,462,346,,790,449,0.242,0.351,0.308,0.66,91,*O*654/1,radfopa01,SS
179,Cristian Guzmán,0,16.3,2451,7.5,12.6,0.644,14.5,1.5,16.1,3.8,-6.4,0,0,0,0.01,0,0,0,0,11,1999,2010,2,1406,5785,5382,727,1459,238,89,62,467,125,68,265,783,0.271,0.307,0.383,0.69,80,*64H/D9,guzmacr01,SS
106,Ian Happ,0,20.3,2441,0,23.8,0.79,22.1,3.3,21.3,-0.2,9.1,0,0,0,0,0,0,0,0,10,2017,2026,1,1185,4657,4016,602,988,223,17,183,577,72,25,575,1241,0.246,0.344,0.447,0.79,116,*78H945D/31,happia01,LF
108,John Briggs,0,19.6,2441,0,24,0.786,21.8,2.8,26,-7.2,6.8,0,0,0,0.02,0,0,0,0,12,1964,1975,0,1366,4838,4117,601,1041,170,43,139,507,64,49,663,785,0.253,0.355,0.416,0.771,121,*78H39/D,briggjo02,LF
112,Yoenis Céspedes,0,21.5,1869,0,21.4,0.778,21.4,4.2,20.3,-1.6,9.6,0,0,2,0.27,0,0,0,0,8,2012,2020,2,834,3490,3191,475,870,173,24,165,528,43,20,240,742,0.273,0.327,0.497,0.824,125,*78D/H,cespeyo01,LF
116,Irish Meusel,0,19.7,2657,0,21.9,0.77,20.8,2.8,23.3,-7.2,4.6,0,0,0,0.08,0,0,0,0,11,1914,1927,0,1289,5311,4900,701,1521,250,93,106,819,113,60,269,199,0.31,0.348,0.464,0.813,119,*79H8/43,meuseir01,LF
123,Bob Bescher,0,18.5,2640,0,21.8,0.756,20.2,2.9,21.7,-6.4,5.4,0,1,1,0.33,0,0,0,0,11,1908,1918,0,1228,5280,4536,749,1171,190,74,28,345,428,54,619,549,0.258,0.353,0.351,0.704,108,*78H/9,beschbo01,LF
126,Cleon Jones,0,20.7,2175,0,18.1,0.75,19.4,2.4,18.5,-6.2,1.9,0,0,1,0.24,0,0,0,0.1,13,1963,1976,1,1213,4730,4263,565,1196,183,33,93,524,91,48,360,702,0.281,0.339,0.404,0.744,110,*789H3/D,jonescl01,LF
132,Tommy Pham,0,19.1,2449,0,18.5,0.738,18.8,2.4,19,-3.9,2.9,0,0,0,0.06,0,0,1,0.3,13,2014,2026,0,1250,4842,4228,653,1081,200,25,149,522,131,38,540,1129,0.256,0.344,0.421,0.764,109,*78HD9,phamth01,LF
117,Julio Rodríguez,0,23.8,1507,2.5,23.8,0.768,23.8,6,23.1,2.6,14.9,0,1,3,1.05,0,1,3,0.9,5,2022,2026,3,639,2811,2579,393,703,119,9,120,362,121,30,186,678,0.273,0.33,0.465,0.795,128,*8/DH,rodriju01,CF
131,Bryan Reynolds,0,21.4,2140,0,21.9,0.74,21.6,3.6,23.4,-3.5,8.4,0,0,0,0.08,0,0,1,0.1,8,2019,2026,2,995,4203,3726,529,1008,201,31,142,510,44,13,399,950,0.271,0.348,0.455,0.803,119,*7*89D/H,reynobr01,LF
135,Johnny Bates,0,20.2,2165,2.5,22,0.732,21.1,3.1,24.4,-6.8,7.3,0,0,0,0,0,0,0,0.1,9,1906,1914,0,1154,4609,3913,565,1087,167,73,25,417,187,9,503,428,0.278,0.367,0.377,0.744,122,*897H,batesjo02,CF
137,David DeJesus,0,18.2,2725,2.5,23.4,0.728,20.8,2.6,23.4,-1.8,3.2,0,0,0,0,0,0,0,0,13,2003,2015,0,1472,5916,5220,740,1434,288,65,99,573,66,62,510,838,0.275,0.349,0.412,0.761,105,*8*7*9HD,dejesda01,CF
139,Mookie Wilson,0,18.6,2576,2.5,22.4,0.724,20.5,2.6,21,0.5,3.9,0,0,0,0,0,0,0,0,12,1980,1991,0,1403,5442,5094,731,1397,227,71,67,438,327,98,282,866,0.274,0.314,0.386,0.7,96,*8H79D,wilsomo01,CF
141,Jim Landis,0,20,2336,2.5,20.6,0.72,20.3,2.5,17.4,2,5.1,0,0,1,0.2,0,0,1,0.3,11,1957,1967,2,1346,5025,4288,625,1061,169,50,93,467,139,51,588,767,0.247,0.344,0.375,0.719,99,*8H97,landiji01,CF
142,Terry Moore,0,19.1,2365,2.5,21.5,0.718,20.3,2.7,18.5,1.7,3,0,0,0,0.23,0,0,0,0.1,11,1935,1948,4,1298,5206,4700,719,1318,263,28,80,513,82,47,406,368,0.28,0.34,0.399,0.739,99,*8H/5791,moorete01,CF
146,Curt Welch,0,19.6,2381,2.5,20.5,0.71,20.1,3,13.9,1.8,8.4,0,0,0,0,0,0,0,0.1,10,1884,1893,0,1107,4939,4385,915,1152,215,66,16,503,453,,381,151,0.263,0.345,0.353,0.698,108,*O4/3261,welchcu01,2B
147,Aaron Rowand,0,18.7,2232,2.5,20.9,0.708,19.8,2.5,17.6,5.1,5.4,0,0,0,0.01,0,0,1,0.2,11,2001,2011,1,1358,4817,4374,613,1193,267,18,136,536,67,30,261,914,0.273,0.33,0.435,0.765,99,*87H9/D,rowanaa01,CF
149,Roberto Kelly,0,18.5,2615,2.5,20.5,0.704,19.5,2.5,24,-3.1,3.1,0,0,0,0,0,0,0,0.1,14,1987,2000,2,1337,5243,4797,687,1390,241,30,124,585,235,84,317,862,0.29,0.337,0.43,0.767,106,*879H/D,kellyro01,CF
155,Ron LeFlore,0,19.3,2564,2.5,18.1,0.692,18.7,2.7,26.7,-9.1,2.4,0,0,0,0.09,0,0,0,0,9,1974,1982,1,1099,4872,4458,731,1283,172,57,59,353,455,142,363,888,0.288,0.342,0.392,0.734,104,*87DH,lefloro01,CF
156,Bill Virdon,0,17.5,2757,2.5,19.6,0.69,18.6,2,15,4.1,-5.1,0,0,0,0.04,0,0,0,0,12,1955,1968,0,1583,6522,5980,735,1596,237,81,91,502,47,54,442,647,0.267,0.316,0.379,0.696,89,*8H9/7,virdobi01,CF
157,Dave Martinez,0,17.7,3004,2.5,19.2,0.688,18.5,1.6,16.3,-0.5,-2.5,0,0,0,0,0,0,0,0,16,1986,2001,0,1918,6480,5795,795,1599,238,72,91,580,183,94,567,893,0.276,0.341,0.389,0.73,95,*8*9*H37/D1,martida01,CF
164,Dexter Fowler,0,16.7,2993,2.5,19.2,0.674,18,2.1,28.8,-7.8,1,0,0,0,0,0,0,0,0,14,2008,2021,1,1460,5902,5040,817,1306,253,82,127,517,149,68,740,1326,0.259,0.358,0.417,0.775,104,*89H/D,fowlede01,CF
165,José Cruz,0,16.4,2874,2.5,19.5,0.672,18,2.3,19.6,-1.2,1.3,0,0,0,0,0,0,0,0,12,1997,2008,0,1388,5448,4724,713,1167,252,36,204,624,113,39,658,1147,0.247,0.337,0.445,0.783,102,*8*97H/D,cruzjo02,CF
170,B.J. Upton,0,17.8,2967,2.5,16.5,0.662,17.1,1.8,21.8,-2.4,-3.7,0,0,0,0,0,0,0,0,12,2004,2016,0,1469,5858,5175,723,1260,262,32,164,586,300,92,589,1561,0.243,0.321,0.402,0.723,97,*87H54/D69,uptonbj01,CF
173,Sam Chapman,0,16.8,2786,2.5,17.1,0.656,17,2,17.5,-2.5,-0.4,0,0,0,0.07,0,0,0,0.1,11,1938,1951,1,1368,5600,4988,754,1329,210,52,180,773,41,38,562,682,0.266,0.342,0.438,0.78,107,*87H/39,chapmsa01,CF
176,Chris Young,0,17,2680,2.5,16.6,0.65,16.8,1.8,14.5,2.3,-0.1,0,0,0,0,0,0,0,0,13,2006,2018,1,1465,5316,4710,668,1109,288,24,191,590,142,46,520,1192,0.235,0.314,0.428,0.743,95,*87H9D,youngch04,CF
177,Ken Henderson,0,18.8,2477,2.5,14.9,0.648,16.8,1.7,14.1,-3.8,-2.9,0,0,0,0.04,0,0,0,0,16,1965,1980,0,1444,5227,4553,595,1168,216,26,122,576,86,42,589,763,0.257,0.343,0.396,0.739,106,*8*7*9HD/53,hendeke01,CF
200,Brian McRae,0,16.9,2709,2.5,14.3,0.602,15.6,1.7,17.3,0.2,-3.8,0,0,0,0,0,0,0,0,10,1990,1999,0,1354,5737,5114,734,1336,264,58,103,532,196,86,488,824,0.261,0.331,0.396,0.726,92,*8H/D,mcraebr01,CF
236,Doc Cramer,0,13.6,4064,2.5,13.2,0.53,13.4,1,17.4,-6.2,-18.5,0,0,1,0.3,0,0,0,0,20,1929,1948,5,2239,9934,9140,1357,2705,396,109,37,842,62,73,572,345,0.296,0.34,0.375,0.715,87,*8H97/16,cramedo01,CF
113,Trot Nixon,0,21.5,2218,0,21.2,0.776,21.4,3.1,19,-0.7,6.3,0,0,0,0,0,0,0,0,12,1996,2008,0,1092,4224,3627,579,995,222,28,137,555,30,13,504,689,0.274,0.364,0.464,0.828,112,*9H8/D7,nixontr01,RF
115,Billy Southworth,0,20.4,2347,0,21.7,0.772,21.1,3,18.3,-1.7,5.6,0,0,0,0.06,0,0,0,0.1,13,1913,1929,0,1192,4927,4359,661,1296,173,91,52,561,138,98,402,148,0.297,0.359,0.415,0.773,111,*987H/4,southbi01,RF
118,Carl Reynolds,0,19.8,2430,0,22.1,0.766,20.9,2.9,19.3,-1.1,4.1,0,0,0,0.13,0,0,0,0.1,13,1927,1939,0,1222,4880,4495,672,1357,247,107,80,699,112,49,260,308,0.302,0.346,0.458,0.804,108,*9*87H,reynoca01,RF
119,Pepper Martin,0,19.7,2339,2.5,21.7,0.764,20.7,3,25.4,-4.8,6.8,0,1,2,0.6,0,0,1,0.2,13,1928,1944,4,1189,4525,4117,756,1227,270,75,59,501,146,54,369,438,0.298,0.358,0.443,0.801,113,*5*89H7/1,martipe01,3B
125,Andre Ethier,0,18.9,2772,0,21.5,0.752,20.2,2.4,24.5,-8.1,4.9,0,0,1,0.25,0,0,0,0,12,2006,2017,2,1455,5425,4800,641,1367,303,34,162,687,29,28,519,938,0.285,0.359,0.463,0.822,122,*97H8/D3,ethiean01,RF
146,Patsy Donovan,0,15.8,3637,0,19.4,0.71,17.6,1.7,19.7,-9.4,-8,0,0,0,0,0,0,0,0,17,1890,1907,0,1824,8181,7505,1321,2256,208,75,16,738,518,,457,334,0.301,0.348,0.355,0.702,98,*O*9/H8,donovpa01,RF
149,Chicken Wolf,0,16.7,2338,7.5,18.3,0.704,17.5,2.5,16.1,-2.3,5.4,0,0,0,0,0,0,1,0.3,11,1882,1892,0,1196,5230,4959,779,1439,212,109,18,592,186,,229,120,0.29,0.327,0.388,0.715,118,*O632/541,wolfji01,SS
153,Jeff Burroughs,0,16.4,3280,0,17.8,0.696,17.1,1.7,29.1,-19.1,-3.6,1,1,1,0.79,0,0,0,0,16,1970,1985,2,1689,6449,5536,720,1443,230,20,240,882,16,22,831,1135,0.261,0.355,0.439,0.795,121,*9*7DH/3,burroje01,RF
65,Hank Gowdy,0,19,1349,12.5,24.6,0.872,21.8,3.8,18.4,10.6,14.3,0,0,0,0,0,0,0,0,17,1910,1930,0,1050,3145,2735,270,738,124,27,21,321,59,7,311,247,0.27,0.351,0.358,0.709,104,*2H3,gowdyha01,C
84,John Stearns,0,19.5,1420,12.5,19.7,0.834,19.6,3.9,16,8.1,9.6,0,0,0,0,0,0,0,0,11,1974,1984,4,810,3083,2681,334,696,152,10,46,312,91,51,323,294,0.26,0.341,0.375,0.717,102,*2H3/57,stearjo01,C
86,Ed McFarland,0,17.3,1428,12.5,20.7,0.83,19,3.8,19.2,7.2,8.4,0,0,0,0,0,0,0,0,14,1893,1908,0,894,3394,3007,398,826,146,49,13,383,65,,254,174,0.275,0.335,0.369,0.704,103,*2H/O354,mcfared01,C
89,John Milligan,0,17.5,1535,12.5,20.3,0.824,18.9,4.3,17.2,6.6,12.1,0,0,0,0,0,0,0,0,10,1884,1893,0,772,3210,2964,440,848,189,50,49,497,41,,210,190,0.286,0.341,0.433,0.774,123,*23/O5,millijo01,C
91,Cal Raleigh,0,18.7,1405,12.5,18.7,0.82,18.7,4.6,18.2,4.1,10.1,0,1,1,0.83,0,1,1,0.7,6,2021,2026,1,664,2646,2325,329,515,99,2,160,394,23,6,284,753,0.222,0.309,0.472,0.781,122,*2DH,raleica01,C
95,Yan Gomes,0,17.9,1770,12.5,18.5,0.812,18.2,2.7,13.3,11.9,4.7,0,0,0,0,0,0,0,0,13,2012,2024,1,1118,4082,3756,443,923,192,10,137,517,8,0,216,958,0.246,0.295,0.412,0.706,90,*2HD/357,gomesya01,C
99,Frank Snyder,0,16.7,1839,12.5,17.7,0.804,17.2,2.1,14.3,9.3,2.6,0,0,0,0,0,0,1,0.1,16,1912,1927,0,1392,4619,4229,331,1122,170,44,47,525,37,22,281,416,0.265,0.313,0.36,0.672,89,*2H3/46,snydefr01,C
101,Don Slaught,0,14.8,2002,12.5,19.4,0.8,17.1,2.4,21.9,4.8,5.1,0,0,0,0,0,0,0,0,16,1982,1997,0,1327,4503,4063,415,1151,235,28,77,476,18,15,311,559,0.283,0.338,0.412,0.749,104,*2H/D5,slaugdo01,C
103,Mike Grady,0,16.2,1703,12.5,17.2,0.796,16.7,3,24.5,-3.9,5.3,0,0,0,0,0,0,0,0,11,1894,1906,0,922,3443,3008,489,884,155,67,35,461,114,,311,276,0.294,0.374,0.425,0.799,126,*235O/H647,gradymi01,C
104,Jody Davis,0,17,1784,12.5,15.9,0.794,16.4,2.4,11.1,11.1,2.2,0,0,1,0.15,0,0,0,0,10,1981,1990,2,1082,3984,3585,364,877,164,11,127,490,7,16,333,712,0.245,0.307,0.403,0.71,92,*2H/3,davisjo02,C
114,Miguel Montero,0,16.3,2013,12.5,14.2,0.774,15.3,1.9,17.5,3.5,0.7,0,0,0,0,0,0,0,0,13,2006,2018,2,1185,4343,3801,458,973,197,7,126,550,5,9,446,881,0.256,0.34,0.411,0.751,100,*2H/D13,montemi01,C
116,Chris Iannetta,0,15.1,2033,12.5,14.9,0.77,15,2,19,3.2,1.1,0,0,0,0,0,0,0,0,14,2006,2019,0,1197,4253,3563,449,820,181,11,141,502,11,10,576,1024,0.23,0.345,0.406,0.751,98,*2H/3D5,iannech01,C
118,Johnny Edwards,0,15.1,2095,12.5,14.8,0.766,15,1.6,13.2,9.9,-3.7,0,0,0,0,0,0,0,0,14,1961,1974,3,1470,5132,4577,430,1106,202,32,81,524,15,23,465,635,0.242,0.311,0.353,0.664,85,*2H,edwarjo01,C
120,Mike Lieberthal,0,14.6,2225,12.5,15.3,0.762,14.9,2,19,3.2,1,0,0,0,0,0,0,0,0,14,1994,2007,2,1212,4695,4218,534,1155,257,10,150,610,8,7,335,571,0.274,0.337,0.446,0.783,101,*2H/D,liebemi01,C
146,Todd Hundley,0,15.4,2137,12.5,10.9,0.71,13.2,1.4,16,0.7,-2.2,0,0,0,0.02,0,0,0,0,14,1990,2003,2,1225,4305,3769,495,883,167,7,202,599,14,11,453,988,0.234,0.32,0.443,0.763,102,*2H7/D,hundlto01,C
162,Frankie Hayes,0,14,2392,12.5,10.4,0.678,12.2,1.2,18.4,-3.5,-6.2,0,0,0,0.09,0,0,0,0,14,1933,1947,5,1364,5129,4493,545,1164,213,32,119,628,30,20,564,627,0.259,0.343,0.4,0.744,101,*2H/3,hayesfr01,C
146,Dick Schofield,0,17.8,1924,7.5,18.8,0.71,18.3,2.2,14.3,13.6,2.7,0,0,0,0,0,0,0,0,14,1983,1996,0,1368,4928,4299,505,989,137,32,56,353,120,41,446,684,0.23,0.308,0.316,0.624,73,*6/H45D,schofdi02,SS
162,Walt Weiss,0,16.1,2280,7.5,16.5,0.678,16.3,1.8,15,10.3,-0.8,0,0,0,0,0,0,0,0,14,1987,2000,1,1495,5516,4686,623,1207,182,31,25,386,96,35,658,658,0.258,0.351,0.326,0.677,78,*6H/D,weisswa01,SS
86,Joe Start,0,20.8,1926,0,32.4,0.83,26.6,4.9,30.2,2.8,15.6,0,0,0,0,0,0,1,0.5,16,1871,1886,0,1070,4907,4743,852,1417,148,67,15,544,18,9,164,109,0.299,0.322,0.368,0.69,121,*3/O,startjo01,1B
96,Buck Leonard,0,19.6,1718,0,30,0.81,24.8,8,27.8,-0.6,22.6,0,0,0,0,0,6,7,3.6,14,1935,1948,13,604,2614,2163,549,748,144,50,97,548,32,,403,,0.346,0.453,0.593,1.046,180,*3/7,leonabu99,1B
117,Charlie Hickman,0,20.8,1977,0,22.6,0.768,21.7,3.4,27.5,-7.2,6.7,0,0,0,0,0,0,0,0,12,1897,1908,0,1081,4281,3982,478,1176,217,91,59,614,72,,153,396,0.295,0.331,0.44,0.771,132,*3945H71/68,hickmch01,1B
125,Don Mincher,0,18.5,2441,0,23.1,0.752,20.8,2.7,21.2,-4.8,7.2,0,0,0,0.01,0,0,0,0,13,1960,1972,2,1400,4726,4026,530,1003,176,16,200,643,24,32,606,668,0.249,0.348,0.45,0.798,127,*3H/97,minchdo01,1B
126,John Morrill,0,18.1,2222,0,23.5,0.75,20.8,3,23.8,1.5,3.7,0,0,0,0,0,0,0,0,15,1876,1890,0,1265,5274,4912,821,1275,239,80,43,643,61,,358,656,0.26,0.31,0.367,0.677,111,*3546/O21,morrijo01,1B
130,Glenn Davis,0,20.2,2136,0,19.7,0.742,19.9,3.1,19.3,-6.2,5.4,0,1,3,1.09,0,0,0,0.1,10,1984,1993,2,1015,4189,3719,510,965,177,13,190,603,28,11,370,613,0.259,0.332,0.467,0.8,123,*3D/H9,davisgl01,1B
132,Dick Hoblitzell,0,18.1,2341,0,20.5,0.738,19.3,2.5,20.9,-4.9,2.1,0,0,0,0.03,0,0,0,0,11,1908,1918,0,1318,5377,4706,591,1310,194,88,27,593,173,38,407,321,0.278,0.341,0.374,0.715,111,*3H/48,hoblidi01,1B
133,Fred Luderus,0,18.4,2424,0,20.1,0.736,19.2,2.4,22.1,-6.9,2.7,0,0,0,0.02,0,0,1,0.2,12,1909,1920,0,1346,5412,4851,570,1344,251,54,84,642,55,16,414,429,0.277,0.34,0.403,0.743,114,*3/H,luderfr01,1B
134,Chick Gandil,0,17.9,1962,0,19.6,0.734,18.8,2.8,15.2,0.1,0.9,0,0,1,0.33,0,0,0,0,9,1910,1919,0,1147,4724,4245,449,1176,173,78,11,556,151,49,273,316,0.277,0.327,0.362,0.689,103,*3/H7,gandich01,1B
137,Yandy Díaz,0,17.8,1974,0,19.4,0.728,18.6,3.3,22.8,-7,6.5,0,0,1,0.33,0,0,0,0.1,10,2017,2026,1,948,3949,3466,497,1010,190,8,107,455,12,8,425,581,0.291,0.372,0.443,0.816,129,*35DH/74,diazya01,1B
141,Dan Driessen,0,15.6,3166,0,20.5,0.72,18.1,1.9,23.5,-11.4,-0.5,0,0,0,0,0,0,0,0,15,1973,1987,0,1732,6344,5479,746,1464,282,23,153,763,154,63,761,719,0.267,0.356,0.411,0.767,113,*35H7/9,driesda01,1B
142,Gregg Jefferies,0,16.2,2993,0,19.6,0.718,17.9,2.2,22.7,-5.7,0.4,0,0,0,0.08,0,0,0,0,14,1987,2000,2,1465,6072,5520,761,1593,300,27,126,663,196,63,472,348,0.289,0.344,0.421,0.765,107,*3*7*45HD,jeffegr01,1B
144,Bruce Bochte,0,15.9,2766,0,19.5,0.714,17.7,2,21.7,-9.2,-0.5,0,0,0,0,0,0,0,0,12,1974,1986,1,1538,5994,5233,643,1478,250,21,100,658,43,41,653,662,0.282,0.36,0.396,0.756,113,*3*7HD8/9,bochtbr01,1B
150,Christian Walker,0,17.3,2072,0,17.1,0.702,17.2,2.7,13,-1,3.7,0,0,0,0,0,0,0,0,12,2014,2026,0,1035,4108,3641,526,906,192,8,185,562,27,7,376,957,0.249,0.326,0.458,0.784,112,*3HD/7,walkech02,1B
152,Lyle Overbay,0,16.7,2845,0,16.3,0.698,16.5,1.7,13.6,-4.9,-3.1,0,0,0,0,0,0,0,0,14,2001,2014,0,1587,5802,5102,645,1355,356,12,151,675,19,7,638,1108,0.266,0.347,0.429,0.776,106,*3H/D91,overbly01,1B
154,Sean Casey,0,16.4,2762,0,16.4,0.694,16.4,1.9,16.2,-7,-1.1,0,0,0,0.05,0,0,0,0,12,1997,2008,3,1405,5644,5066,690,1531,322,12,130,735,18,8,477,577,0.302,0.367,0.447,0.814,109,*3HD,caseyse01,1B
156,Vic Power,0,16.9,2806,0,15.3,0.69,16.1,1.5,9.3,-0.8,-4.4,0,0,1,0.29,0,0,0,0.1,12,1954,1965,6,1627,6461,6046,765,1716,290,49,126,658,45,35,279,247,0.284,0.315,0.411,0.725,97,*345H87/96,powervi01,1B
169,Adam LaRoche,0,14.3,3245,0,14.4,0.664,14.3,1.4,15.1,-10.1,-5.2,0,0,1,0.19,0,0,0,0,12,2004,2015,0,1605,6329,5593,752,1452,340,13,255,882,13,11,649,1407,0.26,0.336,0.462,0.798,111,*3HD/1,larocad01,1B
170,Kendrys Morales,0,15.2,2622,0,13.1,0.662,14.2,1.6,11.9,-8.6,-5.6,0,1,1,0.45,0,0,0,0,13,2006,2019,0,1363,5357,4856,584,1289,257,7,213,740,6,15,417,978,0.265,0.327,0.453,0.78,111,*D*3H/915,moralke01,1B
171,Tony Clark,0,15.8,2729,0,12.3,0.66,14.1,1.3,14.5,-8.4,-5,0,0,0,0.03,0,0,0,0,15,1995,2009,1,1559,5120,4532,629,1188,233,11,251,824,6,9,527,1209,0.262,0.339,0.485,0.824,112,*3*HD/7,clarkto02,1B
188,Charlie Grimm,0,12.6,3781,0,12.5,0.626,12.6,0.9,11.3,-8.3,-16.3,0,0,1,0.48,0,0,0,0,20,1916,1936,0,2166,8750,7917,908,2299,394,108,79,1077,57,76,578,410,0.29,0.341,0.397,0.738,95,*3H/9758,grimmch01,1B
196,Eric Karros,0,13.6,3533,0,10.4,0.61,12,1,11.8,-11.2,-11.1,0,1,1,0.37,0,0,0,0,14,1991,2004,0,1755,7100,6441,797,1724,324,11,284,1027,59,30,552,1167,0.268,0.325,0.454,0.779,107,*3H/D,karroer01,1B
224,Deron Johnson,0,13.4,3091,0,6.3,0.554,9.9,0.6,12.4,-15,-17,0,1,1,0.42,0,0,0,0,16,1960,1976,0,1765,6620,5941,706,1447,247,33,245,923,11,18,585,1318,0.244,0.311,0.42,0.731,102,*3*5D7H9/8,johnsde01,1B
101,Craig Counsell,0,17.4,2324,2.5,22.4,0.8,19.9,2.2,8.1,18.8,5.9,0,0,0,0,0,0,0,0.1,16,1995,2011,0,1624,5488,4741,647,1208,218,40,42,390,103,49,589,663,0.255,0.342,0.344,0.686,79,*4*6*5*H/37,counscr01,2B
112,Glenn Hubbard,0,18.3,2126,2.5,19.2,0.778,18.7,2.3,14.9,8.4,1.7,0,0,0,0,0,0,0,0,12,1978,1989,1,1354,5122,4441,545,1084,214,22,70,448,35,35,539,640,0.244,0.328,0.349,0.677,85,*4H/D,hubbagl01,2B
114,Jonathan Schoop,0,18.2,2059,2.5,19,0.774,18.6,2.6,13.9,7.8,3.5,0,0,0,0.05,0,0,1,0.1,11,2013,2023,1,1188,4616,4319,557,1095,218,7,174,544,15,4,195,1029,0.254,0.293,0.428,0.721,95,*43H5/6D1,schoojo01,2B
119,Jim Delahanty,0,17.4,2054,2.5,19.2,0.764,18.3,2.6,29.4,-10.3,2.2,0,0,0,0,0,0,0,0,13,1901,1915,0,1186,4722,4091,520,1159,191,59,19,489,151,7,378,369,0.283,0.357,0.373,0.73,122,*4573H/9681,delahji01,2B
122,Don Blasingame,0,17.7,2388,2.5,18.4,0.758,18,2.1,16.6,6.9,-2.8,0,0,0,0.08,0,0,1,0.1,12,1955,1966,1,1444,5938,5296,731,1366,178,62,21,308,105,60,552,462,0.258,0.329,0.327,0.656,79,*4H6/5,blasido01,2B
126,Félix Millán,0,17.9,2373,2.5,17.7,0.75,17.8,1.9,18.6,3.5,-2.5,0,0,0,0.04,0,0,0,0,12,1966,1977,3,1480,6325,5791,699,1617,229,38,22,403,67,43,318,242,0.279,0.322,0.343,0.665,87,*4H/56,millafe01,2B
128,Whit Merrifield,0,17.7,2378,2.5,17.8,0.746,17.8,2.5,18.7,0.5,1.8,0,0,0,0.01,0,0,0,0,9,2016,2024,3,1147,4866,4467,632,1249,256,29,94,485,218,56,315,774,0.28,0.328,0.413,0.741,101,*4978HD/531,merriwh01,2B
135,Sparky Adams,0,15.9,2567,2.5,17.8,0.732,16.9,2,12.9,10.3,-1.5,0,0,1,0.23,0,0,1,0.1,13,1922,1934,0,1424,6177,5557,844,1588,249,48,9,394,154,123,453,223,0.286,0.343,0.353,0.695,82,*4*56H/79,adamssp01,2B
138,Ted Sizemore,0,17.3,2138,2.5,16.2,0.726,16.7,1.9,11,9.5,-2,0,0,0,0.01,0,0,0,0,12,1969,1980,0,1411,5648,5011,577,1311,188,21,23,430,59,46,469,350,0.262,0.325,0.321,0.646,80,*46H/7952,sizemte01,2B
141,Omar Infante,0,16.2,2415,2.5,17,0.72,16.6,1.8,14.7,6.6,-2,0,0,0,0,0,0,0,0,15,2002,2016,1,1507,5698,5271,609,1427,260,53,82,542,80,33,296,776,0.271,0.308,0.387,0.695,87,*465H78/D9,infanom01,2B
142,Johnny Temple,0,16,2618,2.5,17.1,0.718,16.6,2,23.6,-0.9,-3.7,0,0,0,0.1,0,0,0,0,13,1952,1964,6,1420,6039,5218,720,1484,208,36,22,395,140,48,648,338,0.284,0.363,0.351,0.713,92,*4H5/396,templjo01,2B
146,Jody Reed,0,17.1,2177,2.5,15.9,0.71,16.5,2,16.1,4.8,-1,0,0,0,0.02,0,0,0,0,11,1987,1997,0,1284,5248,4554,566,1231,263,10,27,392,40,44,542,407,0.27,0.349,0.35,0.7,91,*46H/5D9,reedjo01,2B
148,Glenn Beckert,0,17.2,2106,2.5,15.6,0.706,16.4,1.9,17.5,1.8,-3.2,0,0,1,0.25,0,0,0,0.1,11,1965,1975,4,1320,5572,5208,685,1473,196,31,22,360,49,25,260,243,0.283,0.318,0.345,0.663,82,*4H/586,beckegl01,2B
149,Kelly Johnson,0,16.1,2518,2.5,16.4,0.704,16.3,1.9,18.1,-0.4,0.1,0,0,0,0,0,0,0,0,11,2005,2016,0,1399,5139,4543,632,1140,230,40,155,550,87,36,516,1145,0.251,0.33,0.422,0.751,101,*4H753D/96,johnske05,2B
161,Jorge Orta,0,15.2,2981,2.5,14.9,0.68,15.1,1.4,25.6,-12.5,-6.7,0,0,0,0,0,0,0,0,16,1972,1987,2,1755,6458,5829,733,1619,267,63,130,745,79,60,500,715,0.278,0.334,0.412,0.746,108,*4*DH975/68,ortajo01,2B
117,Eric Soderholm,0,20.2,1531,2.5,21.5,0.768,20.9,3.9,17,6.2,10.2,0,0,0,0,0,0,0,0,9,1971,1980,0,894,3255,2894,402,764,120,14,102,383,18,21,295,359,0.264,0.335,0.421,0.756,110,*5DH/364,soderer01,3B
121,Pete Ward,0,20.1,1631,2.5,20.3,0.76,20.2,3.4,17.4,2.7,8.9,0,0,2,0.43,0,0,1,0.2,9,1962,1970,0,973,3512,3060,345,776,136,17,98,427,20,17,371,539,0.254,0.339,0.405,0.744,115,*5H739/46,wardpe01,3B
125,Wid Conroy,0,17.7,2270,2.5,22.1,0.752,19.9,2.6,20.2,5.1,0.6,0,0,0,0,0,0,0,0,11,1901,1911,0,1374,5615,5061,605,1257,176,82,22,452,262,,345,481,0.248,0.301,0.329,0.629,91,*5*6784/H93,conrowi01,3B
128,Ed Charles,0,19.6,1800,2.5,19.6,0.746,19.6,3.2,18.2,3.9,6.9,0,0,0,0,0,0,0,0.1,8,1962,1969,0,1005,3909,3482,438,917,147,30,86,421,86,35,332,525,0.263,0.33,0.397,0.727,103,*5H/3476,charled01,3B
131,Mike Mowrey,0,17.4,2047,2.5,20,0.74,18.7,2.5,18.9,6.4,4.9,0,0,0,0,0,0,0,0,13,1905,1917,0,1276,4992,4291,485,1099,183,54,7,461,167,15,469,366,0.256,0.334,0.329,0.663,97,*5H/647,mowremi01,3B
132,Sammy Strang,0,19,1686,2.5,18.1,0.738,18.6,3.2,20.5,-1.2,6.1,0,0,0,0,0,0,0,0,10,1896,1908,0,903,3555,2933,479,790,112,28,16,253,216,,464,394,0.269,0.377,0.343,0.72,113,*549H86/73,stransa01,3B
133,Bill Melton,0,18,2166,2.5,18.8,0.736,18.4,2.7,22.7,-2.5,2.7,0,0,0,0.05,0,0,0,0.1,10,1968,1977,1,1144,4558,3971,496,1004,162,9,160,591,23,24,479,669,0.253,0.337,0.419,0.756,112,*5D9H3/7,meltobi01,3B
134,Grady Hatton,0,17,2261,2.5,18.7,0.734,17.9,2.3,20.4,-0.4,0.2,0,0,0,0.05,0,0,0,0,12,1946,1960,1,1312,4913,4206,562,1068,166,33,91,533,42,21,646,430,0.254,0.354,0.374,0.728,96,*5H4/376,hattogr01,3B
141,Jimmy Johnston,0,16.8,2454,2.5,17.3,0.72,17.1,2,20.7,-1.9,-0.6,0,0,0,0.04,0,0,0,0.1,13,1911,1926,0,1377,5630,5070,754,1493,185,75,22,410,169,87,391,247,0.294,0.347,0.374,0.721,100,*5469H873,johnsji01,3B
145,Frank Malzone,0,17.2,2517,2.5,16.4,0.712,16.8,1.8,14.3,5.3,-1.6,0,0,1,0.25,0,0,0,0,12,1955,1966,8,1441,5869,5428,647,1486,239,21,133,728,14,14,337,434,0.274,0.315,0.399,0.714,92,*5H,malzofr01,3B
148,Billy Shindle,0,16.3,2783,2.5,17.1,0.706,16.7,1.9,15.6,6.2,-2.3,0,0,0,0,0,0,0,0,13,1886,1898,0,1424,6351,5815,993,1564,226,97,31,759,318,,388,334,0.269,0.323,0.357,0.68,89,*56/O,shindbi01,3B
150,Pinky Whitney,0,15.3,2840,2.5,17.2,0.702,16.2,1.8,19.4,1.4,-3.7,0,0,0,0.23,0,0,0,0,12,1928,1939,1,1539,6318,5765,696,1701,303,56,93,927,45,70,400,438,0.295,0.343,0.415,0.758,97,*54H/36,whitnpi01,3B
151,Brook Jacoby,0,16.9,2287,2.5,14.9,0.7,15.9,1.8,16.8,-0.4,-1.6,0,0,0,0,0,0,0,0,11,1981,1992,2,1311,5027,4520,535,1220,204,24,120,545,16,25,439,764,0.27,0.334,0.405,0.739,104,*53H/D46,jacobbr01,3B
153,Aurelio Rodríguez,0,16.5,2680,2.5,15.1,0.696,15.8,1.2,6.1,14.7,-9.5,0,0,0,0,0,0,1,0.2,17,1967,1983,0,2017,7085,6611,612,1570,287,46,124,648,35,31,324,943,0.237,0.275,0.351,0.626,76,*5H/64D3,rodriau01,3B
128,Tom Burns,0,18.5,2230,2.5,22.4,0.746,20.4,2.9,20.7,7.7,3.4,0,0,0,0,0,0,0,0,13,1880,1892,0,1251,5198,4920,722,1307,236,69,39,683,162,,270,454,0.266,0.305,0.365,0.67,97,*5*64/O21,burnsto01,3B
111,Shane Mack,0,21.2,1650,0,21.6,0.78,21.4,3.8,19.5,0.6,10.6,0,0,0,0,0,0,1,0.2,9,1987,1998,0,923,3218,2857,436,853,155,28,80,398,90,43,256,509,0.299,0.364,0.456,0.821,121,*7*89HD,macksh01,LF
118,Hurley McNair,0,19.8,1717,0,21.7,0.766,20.7,4.8,19.9,-1.6,11.7,0,0,0,0,0,1,2,0.6,10,1920,1937,0,728,3120,2754,557,890,129,70,44,511,119,,307,,0.323,0.395,0.469,0.864,135,*9*78/16,mcnaihu01,RF
121,Matty McIntyre,0,20.4,1915,0,20.5,0.76,20.4,3.1,15.9,-1.8,3.5,0,0,0,0,0,0,1,0.2,10,1901,1912,0,1072,4559,3958,562,1066,140,69,4,319,120,4,439,423,0.269,0.346,0.343,0.689,110,*798H,mcintma01,LF
125,Charlie Maxwell,0,20.2,1964,0,19.7,0.752,19.9,2.8,16.1,-0.9,8.1,0,0,0,0.04,0,0,2,0.3,14,1950,1964,2,1133,3796,3245,480,856,110,26,148,532,18,7,484,545,0.264,0.36,0.451,0.811,116,*7H93/8,maxwech01,LF
127,Steve Kemp,0,19,2362,0,19.5,0.748,19.3,2.7,23.1,-7.9,4,0,0,0,0.05,0,0,0,0,11,1977,1988,1,1168,4714,4058,581,1128,179,25,130,634,39,24,576,605,0.278,0.367,0.431,0.797,119,*7HD9/3,kempst01,LF
128,Dale Mitchell,0,18.9,2049,0,19.5,0.746,19.2,2.8,18.3,-3.2,6.6,0,0,0,0.06,0,0,0,0,11,1946,1956,2,1127,4358,3984,555,1244,169,61,41,403,45,47,346,119,0.312,0.368,0.416,0.784,114,*7H8/39,mitchda01,LF
130,Randy Arozarena,0,18.8,1834,0,19,0.742,18.9,3.6,19.3,-3.6,7.5,0,0,0,0,0,0,0,0.1,8,2019,2026,2,850,3565,3089,485,783,173,11,122,409,143,51,347,917,0.253,0.346,0.435,0.781,122,*79DH/8,arozara01,LF
131,Gene Richards,0,19,1962,0,18.7,0.74,18.8,3,18.3,-3.4,5.7,0,0,0,0,0,0,0,0,8,1977,1984,0,1026,3958,3549,502,1028,127,63,26,255,247,89,356,436,0.29,0.357,0.383,0.739,112,*78H3/9,richage01,LF
134,Phil Bradley,0,18.6,2144,0,18.6,0.734,18.6,3,23.5,-7.9,5,0,0,0,0.03,0,0,0,0,8,1983,1990,1,1022,4255,3695,565,1058,179,43,78,376,155,62,432,718,0.286,0.369,0.421,0.79,119,*78H9/D,bradlph01,LF
135,Gary Ward,0,19.3,2338,0,17.7,0.732,18.5,2.2,14.5,-0.9,1.9,0,0,0,0,0,0,0,0,12,1979,1990,2,1287,4892,4479,594,1236,196,41,130,597,83,30,351,775,0.276,0.328,0.425,0.753,105,*78H9D3/5,wardga01,LF
137,Lee Lacy,0,16.5,2424,0,20.2,0.728,18.3,2.1,20.3,-3.9,4,0,0,0,0,0,0,0,0,16,1972,1987,0,1523,5004,4549,650,1303,207,42,91,458,185,86,372,657,0.286,0.339,0.41,0.75,108,*9*7*H485/D6,lacyle01,RF
138,Jo-Jo Moore,0,17.4,2610,0,19.1,0.726,18.2,2.3,18.5,-5.7,-0.5,0,1,1,0.54,0,0,0,0,12,1930,1941,6,1335,5850,5427,809,1615,258,53,79,513,46,59,348,247,0.298,0.344,0.408,0.752,104,*7H8/9,moorejo02,LF
139,Abner Dalrymple,0,17.9,1972,0,18.5,0.724,18.2,3.2,18.6,-5,3.8,0,0,0,0,0,0,0,0.1,12,1878,1891,0,951,4384,4172,813,1202,217,81,43,407,58,,204,359,0.288,0.323,0.41,0.732,122,*O,dalryab01,Unknown
140,Josh Willingham,0,17.5,2407,0,18.9,0.722,18.2,2.7,21.8,-7.8,3.9,0,0,0,0,0,0,0,0,11,2004,2014,0,1147,4616,3912,564,988,216,15,195,632,35,9,553,1036,0.253,0.358,0.465,0.823,121,*7DH9/23,willijo03,LF
142,Jim Russell,0,18,1999,0,18,0.718,18,2.8,17.2,-2.2,2.9,0,0,0,0,0,0,0,0,10,1942,1951,0,1035,4147,3595,554,959,175,51,67,428,59,51,503,427,0.267,0.36,0.4,0.76,108,*7*8H9/3,russeji01,LF
144,George Wood,0,16,2694,2.5,19.7,0.714,17.8,2.5,19.8,-5.9,0.6,0,0,0,0,0,0,0,0,13,1880,1892,0,1280,5821,5371,965,1467,228,132,68,601,113,,418,547,0.273,0.329,0.403,0.732,117,*O5/6143,woodge01,3B
146,Patsy Dougherty,0,16.9,2278,0,18,0.71,17.5,2.4,23,-12.3,-1.4,0,0,0,0,0,0,0,0,10,1902,1911,0,1233,5130,4558,678,1294,138,78,17,413,261,,378,460,0.284,0.346,0.36,0.705,117,*7H/59,doughpa01,LF
148,Bob Skinner,0,18.1,2372,0,16.5,0.706,17.3,1.9,20.1,-8.9,-2,0,0,0,0.06,0,0,0,0,12,1954,1966,3,1381,4874,4318,642,1198,197,58,103,531,67,36,485,646,0.277,0.351,0.421,0.773,108,*7*H39/5,skinnbo01,LF
149,Roy Johnson,0,17,2531,0,17.4,0.704,17.2,2.4,18,-5,-0.4,0,0,0,0.1,0,0,0,0,10,1929,1938,0,1155,4892,4359,716,1292,275,83,58,555,135,83,489,380,0.296,0.369,0.437,0.806,108,*7*9H8/5,johnsro02,LF
159,Andrew Benintendi,0,17,2363,0,15.9,0.684,16.4,2.2,15.2,-3.3,-0.4,0,0,0,0,0,0,0,0,11,2016,2026,1,1190,4925,4384,591,1167,246,24,121,575,86,29,453,885,0.266,0.336,0.416,0.752,104,*7D8H/9,beninan01,LF
165,Dave Collins,0,15.4,2584,0,15.8,0.672,15.6,1.5,14.5,-3.7,-2.4,0,0,0,0.01,0,0,0,0,16,1975,1990,0,1701,5507,4907,667,1335,187,52,32,373,395,139,467,660,0.272,0.338,0.351,0.689,93,*7*H983D,collida02,LF
172,Tito Francona,0,16.1,2652,0,13.9,0.658,15,1.3,17.3,-10.6,-4.4,0,1,1,0.3,0,0,0,0.1,15,1956,1970,1,1719,5777,5121,650,1395,224,34,125,656,46,21,544,694,0.272,0.343,0.403,0.746,107,*7*3*H*98,francti01,LF
175,Gee Walker,0,13.3,3467,0,16.4,0.652,14.9,1.5,15.5,-4.2,-8.2,0,0,0,0.25,0,0,0,0,15,1931,1945,1,1784,7213,6771,955,1991,399,76,124,998,223,88,330,600,0.294,0.331,0.43,0.761,99,*7*8*9H/5,walkege02,LF
179,Lou Piniella,0,16.2,2798,0,12.5,0.644,14.4,1.2,17.2,-13,-9.6,0,0,0,0.05,0,0,0,0,18,1964,1984,1,1747,6362,5867,651,1705,305,41,102,766,32,41,368,541,0.291,0.333,0.409,0.741,109,*79HD/83,pinielo01,LF
140,Gary Pettis,0,18.6,2000,2.5,22.1,0.722,20.3,3,14.1,9.9,8.4,0,0,0,0,0,0,0,0,11,1982,1992,0,1183,4237,3629,568,855,109,49,21,259,354,104,521,958,0.236,0.332,0.31,0.642,80,*8H/D97,pettiga01,CF
143,Mack Jones,0,19.9,1819,2.5,20.7,0.716,20.3,3.3,21.8,-3.7,7.5,0,0,0,0,0,0,0,0,10,1961,1971,0,1002,3584,3091,485,778,132,31,133,415,65,40,383,756,0.252,0.347,0.444,0.79,120,*8*7H9/3,jonesma01,CF
145,Jimmy Barrett,0,20.3,1770,2.5,20,0.712,20.2,3.7,19,-1.9,6.2,0,0,0,0,0,0,0,0.1,10,1899,1908,0,866,3863,3306,580,962,83,47,16,255,143,,440,427,0.291,0.379,0.359,0.738,117,*87/H9,barreji01,CF
148,Colby Rasmus,0,18.9,2011,2.5,20.4,0.706,19.6,3,15.8,5.4,6.5,0,0,0,0,0,0,0,0,10,2009,2018,0,1092,4119,3704,536,891,183,21,166,491,35,17,362,1106,0.241,0.31,0.436,0.745,102,*87H9/D,rasmuco01,CF
150,Adam Eaton,0,20.1,1840,0,18.8,0.702,19.5,3.3,18.4,-0.3,6.3,0,0,0,0,0,0,0,0.1,10,2012,2021,0,914,3910,3439,566,950,167,46,66,319,87,32,346,679,0.276,0.354,0.409,0.763,108,*9*87H/D31,eatonad02,RF
158,Bug Holliday,0,18.4,2254,0,18.5,0.686,18.4,3.2,20,-5.4,4.9,0,0,0,0,0,0,0,0,10,1889,1898,0,930,4052,3658,735,1141,162,72,65,621,252,,360,226,0.312,0.377,0.449,0.826,126,*O/3641,hollibu01,1B
159,Ira Flagstead,0,18.1,2222,2.5,18.7,0.684,18.4,2.5,18.1,-2.3,0.6,0,0,1,0.4,0,0,0,0,13,1917,1930,0,1218,4798,4139,644,1202,262,50,40,456,71,63,467,288,0.29,0.37,0.407,0.776,103,*89H67/45,flagsir01,CF
162,Ángel Pagán,0,18.5,2160,2.5,17.8,0.678,18.2,2.6,18.6,-0.5,4.2,0,0,0,0,0,0,0,0,11,2006,2016,0,1124,4465,4084,584,1143,220,55,64,414,176,51,319,638,0.28,0.33,0.408,0.738,102,*87H9/D,paganan01,CF
163,Vince DiMaggio,0,18.7,2082,2.5,17.4,0.676,18.1,2.5,15.9,0.6,2.6,0,0,0,0.03,0,0,0,0,10,1937,1946,2,1110,4314,3849,491,959,209,24,125,584,79,39,412,837,0.249,0.324,0.413,0.737,108,*8H/97456,dimagvi01,CF
167,Steve Brodie,0,15.8,2881,2.5,19.5,0.668,17.6,2.2,17.8,-3.9,-2.4,0,0,0,0,0,0,0,0,12,1890,1902,0,1438,6343,5703,886,1728,191,89,25,900,289,,420,233,0.303,0.365,0.381,0.745,102,*O8/475,brodist01,CF
168,Jackie Bradley Jr.,0,18.6,1854,2.5,16.6,0.666,17.6,2.3,8.4,9.9,2.3,0,0,0,0,0,0,0,0.1,11,2013,2023,1,1181,4192,3735,514,839,204,27,109,449,69,18,361,1066,0.225,0.303,0.381,0.684,82,*89H7/D1,bradlja02,CF
169,Milton Bradley,0,18,2171,2.5,16.9,0.664,17.4,2.6,17.9,-2.6,3,0,0,0,0.02,0,0,0,0,12,2000,2011,1,1042,4181,3605,541,976,202,17,125,481,88,40,496,817,0.271,0.364,0.44,0.804,113,*89D7H,bradlmi01,CF
174,Del Unser,0,17.2,2413,2.5,16.7,0.654,17,1.5,13.2,0.4,-2.6,0,0,0,0.01,0,0,0,0,15,1968,1982,0,1799,5813,5215,617,1344,179,42,87,481,64,60,481,675,0.258,0.319,0.358,0.677,94,*8*H937,unserde01,CF
178,Fred Schulte,0,17,2257,2.5,16.5,0.646,16.7,2.3,15.8,-1.2,-1.4,0,0,0,0.05,0,0,0,0,11,1927,1937,0,1179,4812,4259,686,1241,249,54,47,593,56,57,462,361,0.291,0.362,0.408,0.77,99,*8H9/73,schulfr02,CF
181,Mike Kreevich,0,16.3,2388,2.5,16.8,0.64,16.5,2.2,12.8,2.9,-0.2,0,0,2,0.28,0,0,0,0,12,1931,1945,1,1241,5248,4676,676,1321,221,75,45,514,115,53,446,339,0.283,0.346,0.391,0.737,92,*89H/75,kreevmi01,CF
201,Otis Nixon,0,14.6,2813,2.5,16.6,0.6,15.6,1.6,16.1,1.1,-1.9,0,0,0,0,0,0,0,0,17,1983,1999,0,1709,5800,5115,878,1379,142,27,11,318,620,186,585,694,0.27,0.343,0.314,0.658,77,*8*7*H9/D6,nixonot01,CF
203,Duff Cooley,0,15.9,2631,0,15.1,0.596,15.5,1.9,16.2,-6,-4.7,0,0,0,0,0,0,0,0,13,1893,1905,0,1317,5867,5368,849,1579,180,102,26,557,224,,366,366,0.294,0.342,0.38,0.722,103,*O*738/526H4,cooledu01,LF
114,Danny Green,0,20.5,1869,0,21.8,0.774,21.1,3.8,20.3,-3,7.2,0,0,0,0,0,0,0,0,8,1898,1905,0,923,3949,3484,552,1021,124,65,29,423,192,,315,386,0.293,0.359,0.391,0.75,123,*98/7H,greenda01,RF
122,Willie Crawford,0,19.6,1879,0,21.3,0.758,20.4,2.8,17.5,-1.3,8.4,0,0,0,0,0,0,0,0,14,1964,1977,0,1210,3926,3435,507,921,152,35,86,419,47,36,431,664,0.268,0.349,0.408,0.757,116,*9*7H8/D,crawfwi01,RF
126,Mike Mitchell,0,19.8,2127,0,19.9,0.75,19.9,2.9,16.7,-3,4.8,0,0,0,0.14,0,0,1,0.2,8,1907,1914,0,1124,4625,4095,514,1138,130,104,27,514,202,25,368,403,0.278,0.34,0.38,0.72,114,*978/H3,mitchmi01,RF
127,Max Kepler,0,18.5,2274,0,20.6,0.748,19.6,2.8,15.2,2.1,4.8,0,0,0,0,0,0,0,0,11,2015,2025,0,1199,4725,4178,612,983,224,16,179,560,38,16,460,882,0.235,0.316,0.425,0.741,101,*987H/D3,keplema01,RF
128,Willard Marshall,0,19.1,2263,0,20,0.746,19.5,2.6,19.7,-4.5,1.7,0,0,0,0.07,0,0,0,0.1,11,1942,1955,3,1246,4737,4233,583,1160,163,39,130,604,14,23,458,219,0.274,0.347,0.423,0.77,109,*97H8,marshwi01,RF
131,Casey Stengel,0,17.9,2327,0,20.9,0.74,19.4,2.7,21.5,-6.6,5.1,0,0,0,0,0,0,0,0,14,1912,1925,0,1277,4871,4288,575,1219,182,89,60,535,131,60,437,453,0.284,0.356,0.41,0.766,120,*98H/7,stengca01,RF
133,Richard Hidalgo,0,18.8,2100,0,19.2,0.736,19,3.1,11.7,5.3,7.1,0,0,0,0.02,0,0,0,0.1,9,1997,2005,0,987,3929,3459,531,929,214,19,171,560,48,34,358,737,0.269,0.345,0.49,0.835,110,*9*87H/D,hidalri01,RF
134,George Harper,0,19.6,1994,0,18.1,0.734,18.9,2.7,17.5,-3.5,5,0,0,0,0.04,0,0,1,0.1,11,1916,1929,0,1073,3930,3398,505,1030,158,43,91,530,58,59,389,208,0.303,0.38,0.455,0.836,118,*97H8,harpege02,RF
135,Yasiel Puig,0,18.8,1807,0,18.8,0.732,18.8,3.5,16,-0.1,8,0,0,0,0.04,0,0,0,0,7,2013,2019,1,861,3376,3015,441,834,159,21,132,415,79,38,297,681,0.277,0.348,0.475,0.823,122,*98H/7D,puigya01,RF
140,Teoscar Hernández,0,17.4,2400,0,19.2,0.722,18.3,2.7,21.5,-6.2,4,0,0,0,0.03,0,0,0,0,11,2016,2026,2,1142,4582,4201,594,1095,229,15,222,684,60,26,320,1324,0.261,0.317,0.481,0.798,119,*9*78DH,hernate01,RF
141,Floyd Robinson,0,18.6,1792,0,17.9,0.72,18.2,2.9,18.6,-5.3,6.2,0,0,1,0.18,0,0,0,0,9,1960,1968,0,1011,3770,3284,458,929,140,36,67,426,42,21,408,282,0.283,0.365,0.409,0.773,118,*97H/8,robinfl01,RF
142,Wally Post,0,18.2,2294,0,18.1,0.718,18.2,2.4,18.6,-4.8,1.4,0,0,0,0.07,0,0,0,0.1,15,1949,1964,0,1204,4398,4007,594,1064,194,28,210,699,19,13,331,813,0.266,0.323,0.485,0.808,110,*97H/8,postwa01,RF
143,George Case,0,18.4,2572,0,17.9,0.716,18.1,2.4,15.5,-2.5,1.3,0,0,1,0.35,0,0,0,0.1,11,1937,1947,3,1226,5516,5016,785,1415,233,43,21,377,349,109,426,297,0.282,0.341,0.358,0.699,95,*7*98H,casege01,LF
150,Frank Demaree,0,17.6,2111,0,17.1,0.702,17.4,2.4,17.9,-4.7,1.1,0,0,1,0.39,0,0,0,0,12,1932,1944,2,1155,4618,4144,578,1241,190,36,72,591,33,45,359,269,0.299,0.357,0.415,0.772,110,*9*87H,demarfr02,RF
156,Michael Cuddyer,0,15.4,3132,0,17.8,0.69,16.6,1.9,27.8,-15,-3.2,0,0,0,0.02,0,0,0,0,15,2001,2015,2,1536,6102,5488,809,1522,333,42,197,794,75,22,527,1101,0.277,0.344,0.461,0.805,113,*935H47D/81,cuddymi01,RF
158,Orlando Merced,0,16.7,2246,0,16.2,0.686,16.4,1.9,12.3,-1.9,2,0,0,0,0,0,0,0,0,13,1990,2003,0,1391,4532,3998,564,1108,229,28,103,585,57,29,487,661,0.277,0.355,0.426,0.781,107,*9*3*H7/D52,merceor01,RF
159,Tony Armas,0,17,2615,0,15.8,0.684,16.4,1.8,12.8,0.4,-2,0,1,2,0.64,0,0,0,0.1,14,1976,1989,2,1432,5502,5164,614,1302,204,39,251,815,18,20,260,1201,0.252,0.287,0.453,0.74,103,*9*87DH/36,armasto01,RF
162,Kevin Bass,0,17.4,2498,0,14.7,0.678,16.1,1.5,14.6,-5.3,-2.9,0,0,1,0.22,0,0,1,0.1,14,1982,1995,1,1571,5291,4839,609,1308,248,40,118,611,151,73,357,668,0.27,0.323,0.411,0.735,105,*9*H78/D,basske01,RF
164,Pete Fox,0,15.5,2887,0,16.3,0.674,15.9,1.8,15.6,-4.7,-4.2,0,0,0,0.08,0,0,0,0,13,1933,1945,1,1461,6169,5636,895,1678,314,75,65,693,158,81,392,471,0.298,0.347,0.415,0.762,98,*98H7,foxpe01,RF
167,Al Cowens,0,15.8,2739,0,15.2,0.668,15.5,1.6,14.5,-4.2,-4.9,0,1,1,0.55,0,0,0,0,13,1974,1986,0,1584,6038,5534,704,1494,276,68,108,717,120,74,389,659,0.27,0.319,0.403,0.722,99,*98HD7/5,cowenal01,RF
168,Kole Calhoun,0,16.4,2338,0,14.7,0.666,15.5,1.9,14.1,-3.8,-2.4,0,0,0,0,0,0,0,0,12,2012,2023,0,1239,4988,4448,636,1076,205,18,179,582,34,17,450,1126,0.242,0.315,0.417,0.732,101,*9HD37/8,calhoko01,RF
179,Derek Bell,0,16.4,2473,0,13.2,0.644,14.8,1.8,15.2,-4.6,-2.3,0,0,0,0.03,0,0,0,0,11,1991,2001,0,1210,5068,4578,642,1262,232,15,134,668,170,51,377,955,0.276,0.336,0.421,0.757,100,*9*8H7/5D1,bellde01,RF
192,Matt Stairs,0,12.9,3228,0,14.1,0.618,13.5,1.2,23,-17,-6.4,0,0,0,0.01,0,0,0,0,19,1992,2011,0,1895,6024,5204,770,1366,294,13,265,899,30,24,717,1122,0.262,0.356,0.477,0.832,117,*9*H*D37/84,stairma01,RF
197,Nick Castellanos,0,14,3488,0,12.1,0.608,13.1,1.1,26.8,-17.7,-11.4,0,0,0,0.06,0,0,0,0,14,2013,2026,2,1718,7046,6503,834,1760,404,43,253,938,43,22,436,1644,0.271,0.319,0.463,0.782,110,*9*5DH/73,casteni01,RF
212,José Guillén,0,16.4,2940,0,6.4,0.578,11.4,0.6,12.1,-12.3,-14.9,0,0,0,0,0,0,0,0,14,1997,2010,0,1650,6418,5888,748,1591,305,25,214,887,31,26,321,1103,0.27,0.321,0.44,0.761,99,*97DH/8,guilljo01,RF
97,John Clapp,0,16.9,1025,12.5,19.1,0.808,18,5.3,17.1,4.5,9.9,0,0,0,0,0,0,1,0.3,11,1872,1883,0,588,2635,2523,459,713,92,35,7,279,17,11,112,51,0.283,0.313,0.355,0.668,118,*2O/364,clappjo01,C
100,Heinie Peitz,0,14.4,1989,12.5,19.9,0.802,17.1,2.6,18.3,8,3.5,0,0,0,0,0,0,0,0,16,1892,1913,0,1235,4675,4124,532,1117,191,66,16,560,91,0,410,261,0.271,0.342,0.361,0.703,93,*2534/HO619,peitzhe01,C
102,Ivey Wingo,0,15.4,1774,12.5,18.2,0.798,16.8,2.2,16,9.1,4,0,0,0,0,0,0,0,0,17,1911,1929,0,1327,4378,4003,362,1039,147,81,25,455,87,36,264,285,0.26,0.307,0.355,0.662,90,*2H/73948,wingoiv01,C
105,Bubbles Hargrave,0,16.4,1390,12.5,16.4,0.792,16.4,3.1,18.9,0.1,7,0,0,1,0.43,0,0,1,0.2,12,1913,1930,0,852,2853,2533,314,786,155,58,29,376,29,19,217,165,0.31,0.372,0.452,0.824,118,*2H,hargrbu01,C
106,Steve Yeager,0,14.8,1628,12.5,17.9,0.79,16.3,2.3,9.6,15.4,4.8,0,0,0,0,0,0,0,0,15,1972,1986,0,1269,4015,3584,357,816,118,16,102,410,14,18,342,726,0.228,0.298,0.355,0.653,83,*2H,yeagest01,C
107,William Contreras,0,16.2,1380,12.5,16.2,0.788,16.2,4.1,17,1.9,7.7,0,1,1,0.4,0,0,0,0.1,7,2020,2026,2,642,2712,2379,368,651,130,5,88,342,23,7,302,569,0.274,0.357,0.443,0.801,120,*2D/H73,contrwi02,C
108,Adley Rutschman,0,15.9,1105,12.5,15.9,0.786,15.9,4.8,14.2,3.8,8.6,0,0,1,0.15,0,0,0,0.1,5,2022,2026,2,536,2286,1995,275,510,112,5,68,256,6,2,263,368,0.256,0.343,0.419,0.762,117,*2D/H,rutscad01,C
109,Alex Avila,0,15,1738,12.5,16.7,0.784,15.9,2.6,16.3,6.5,4.2,0,0,0,0.03,0,0,0,0,13,2009,2021,1,1052,3638,3060,352,714,155,9,105,397,8,8,528,1068,0.233,0.348,0.393,0.74,101,*2H3/D145,avilaal01,C
111,Clay Dalrymple,0,14.8,1409,12.5,16.8,0.78,15.8,2.5,9.5,13,3.4,0,0,0,0,0,0,0,0,12,1960,1971,0,1079,3532,3042,243,710,98,23,55,327,3,13,387,403,0.233,0.322,0.335,0.657,85,*2H,dalrycl01,C
112,Sean Murphy,0,15.8,1088,12.5,15.6,0.778,15.7,4.1,13.5,5.6,8,0,0,0,0,0,0,0,0,8,2019,2026,1,608,2313,2007,268,456,109,3,93,285,1,0,237,567,0.227,0.324,0.424,0.747,109,*2DH,murphse01,C
113,Stan Lopata,0,15.8,1586,12.5,15.3,0.776,15.5,2.9,18.3,0,3.7,0,0,0,0.03,0,0,0,0,13,1948,1960,2,853,3035,2601,375,661,116,25,116,397,18,13,393,497,0.254,0.351,0.452,0.803,114,*2H3,lopatst01,C
115,Jim Pagliaroni,0,14.6,1338,12.5,15.8,0.772,15.2,3,17,3.4,5.6,0,0,0,0,0,0,0,0,11,1955,1969,0,849,2853,2465,269,622,98,7,90,326,4,7,330,494,0.252,0.344,0.407,0.751,110,*2H/39,pagliji01,C
117,Harry Danning,0,15.2,1432,12.5,14.7,0.768,15,2.7,14,3.4,3.6,0,0,2,0.47,0,0,0,0,10,1933,1942,4,890,3194,2971,363,847,162,26,57,397,13,16,187,217,0.285,0.33,0.415,0.745,104,*2H/3,danniha01,C
119,Wilson Ramos,0,14.7,1755,12.5,15.3,0.764,15,2.5,15.6,5.8,3.1,0,0,0,0.01,0,0,0,0,12,2010,2021,2,990,3786,3492,362,946,151,2,136,534,1,3,245,638,0.271,0.318,0.432,0.75,102,*2H/D,ramoswi01,C
121,Art Wilson,0,14.9,1090,12.5,14.9,0.76,14.9,3,15,4.4,8.6,0,0,0,0,0,0,2,0.4,14,1908,1921,0,812,2445,2056,237,536,96,22,24,227,50,5,292,295,0.261,0.357,0.364,0.721,114,*2H/53,wilsoar01,C
122,Gary Sánchez,0,14.9,1725,12.5,14.8,0.758,14.9,2.7,15.9,2.1,3,0,0,0,0,0,0,0,0,12,2015,2026,2,889,3421,3013,432,674,123,4,194,524,6,2,332,910,0.224,0.31,0.46,0.771,108,*2DH/31,sanchga02,C
123,George Gibson,0,14.8,1504,12.5,14.8,0.756,14.8,2,13.3,10.1,1,0,0,0,0.06,0,0,0,0,14,1905,1918,0,1213,4201,3776,295,893,142,49,15,346,40,3,286,270,0.236,0.295,0.312,0.607,81,*2/H3,gibsoge01,C
124,Milt May,0,12.9,1680,12.5,16.5,0.754,14.7,2.2,14.4,8.9,2.9,0,0,0,0,0,0,0,0,15,1970,1984,0,1192,4075,3693,313,971,147,11,77,443,4,13,305,361,0.263,0.318,0.371,0.689,93,*2H,maymi01,C
125,Lou Criger,0,13.5,1295,12.5,15.9,0.752,14.7,2.5,8.8,13.7,2.2,0,0,0,0,0,0,0,0,16,1896,1912,0,1012,3648,3202,337,709,86,50,11,342,58,0,309,225,0.221,0.295,0.29,0.584,72,*2/3H57,crigelo01,C
126,Jerry Grote,0,14.1,1827,12.5,15.1,0.75,14.6,1.7,12.1,11.3,-1.4,0,0,0,0,0,0,0,0,16,1963,1981,2,1421,4844,4339,352,1092,160,22,39,404,15,23,399,600,0.252,0.316,0.326,0.642,83,*2H/597,groteje01,C
127,Buddy Rosar,0,14.7,1399,12.5,14.1,0.748,14.4,2.3,6.2,11.1,3.1,0,0,0,0.03,0,0,0,0,13,1939,1951,5,988,3573,3198,335,836,147,15,18,367,17,18,315,161,0.261,0.33,0.334,0.663,84,*2H,rosarbu01,C
128,Ron Hassey,0,13.7,1712,12.5,14.7,0.746,14.2,2,16,4.3,2.1,0,0,0,0,0,0,0,0,14,1978,1991,0,1192,3906,3440,348,914,172,7,71,438,14,10,385,378,0.266,0.34,0.382,0.722,100,*2HD/3,hassero01,C
129,Gus Triandos,0,14.2,2055,12.5,14.1,0.744,14.1,1.9,16,2.6,0.2,0,0,0,0.12,0,0,0,0,13,1953,1965,4,1206,4426,3907,389,954,147,6,167,608,1,0,440,636,0.244,0.322,0.413,0.735,103,*23H/5,triangu01,C
130,Mike Macfarlane,0,13.6,1855,12.5,14.7,0.742,14.1,2,16.9,4.2,0.7,0,0,0,0,0,0,0,0,13,1987,1999,0,1164,4047,3602,458,906,221,17,129,514,12,16,295,700,0.252,0.322,0.43,0.752,99,*2HD,macfami01,C
131,Rick Wilkins,0,14.2,1154,12.5,14,0.74,14.1,3.1,9.5,7.9,6.5,0,0,0,0,0,1,1,0.4,11,1991,2001,0,720,2435,2114,280,515,95,7,81,275,9,12,278,571,0.244,0.332,0.41,0.742,100,*2H/3D,wilkiri01,C
132,Phil Masi,0,13.4,1739,12.5,14.5,0.738,13.9,1.9,14.4,3.5,0.6,0,0,0,0.03,0,0,0,0,14,1939,1952,3,1229,3949,3468,420,917,164,31,47,417,45,28,410,311,0.264,0.344,0.37,0.714,97,*2H/3957,masiph01,C
133,Ray Fosse,0,15.1,1302,12.5,12.8,0.736,13.9,2.2,13.6,5.2,1.4,0,0,0,0.02,0,0,0,0,12,1967,1979,2,924,3228,2957,299,758,117,13,61,324,15,19,203,363,0.256,0.306,0.367,0.673,90,*2H/3D4,fossera01,C
134,Ron Karkovice,0,13.2,1251,12.5,14.6,0.734,13.9,2.5,8.5,11.6,4.5,0,0,0,0,0,0,0,0,12,1986,1997,0,939,2948,2597,336,574,120,6,96,335,24,14,233,749,0.221,0.289,0.383,0.672,81,*2H/D79,karkoro01,C
135,Al Lopez,0,11.2,2594,12.5,16.5,0.732,13.9,1.4,9.5,12.9,-5.9,0,0,2,0.56,0,0,0,0,19,1928,1947,2,1950,6611,5916,613,1547,206,43,51,652,46,32,556,538,0.261,0.326,0.337,0.663,83,*2H/453,lopezal01,C
136,Shanty Hogan,0,13.2,1518,12.5,14.5,0.73,13.8,2.4,12.7,4.8,3.1,0,0,1,0.21,0,0,0,0,13,1925,1937,0,989,3475,3180,288,939,146,12,61,474,6,11,220,188,0.295,0.348,0.406,0.754,100,*2H/97,hogansh01,C
137,Ray Mueller,0,13.5,1334,12.5,14,0.728,13.7,2.3,9.6,7.4,2.4,0,0,1,0.3,0,0,0,0,14,1935,1951,1,985,3239,2911,281,733,123,23,56,373,14,10,250,322,0.252,0.314,0.368,0.681,90,*2H,muellra01,C
139,Larry McLean,0,14.2,1010,12.5,12.9,0.724,13.6,2.4,10.3,7.9,3.7,0,0,0,0,0,0,0,0,13,1901,1915,0,862,2841,2647,183,694,90,26,6,298,20,0,136,127,0.262,0.301,0.323,0.623,86,*2H3,mcleala01,C
140,Ellie Rodríguez,0,13.7,1018,12.5,13.4,0.722,13.5,2.8,12.2,6,4.1,0,0,0,0,0,0,0,0,9,1968,1976,2,775,2622,2173,220,533,76,6,16,203,17,18,332,291,0.245,0.356,0.308,0.664,94,*2H/D,rodriel01,C
141,Dan Wilson,0,14.1,1901,12.5,12.9,0.72,13.5,1.6,9.7,10.9,-3.1,0,0,0,0,0,0,0,0,14,1992,2005,1,1299,4616,4186,441,1097,211,13,88,519,23,14,280,763,0.262,0.309,0.382,0.691,80,*2H/35,wilsoda01,C
142,Gregg Zaun,0,13.1,1856,12.5,13.7,0.718,13.4,1.8,13.8,6,-0.1,0,0,0,0,0,0,0,0,16,1995,2010,0,1232,4042,3489,437,878,194,9,88,446,23,19,479,544,0.252,0.344,0.388,0.732,91,*2HD/34,zaungr01,C
143,Sandy Alomar,0,13.1,2078,12.5,13.7,0.716,13.4,1.6,13.9,7.9,-3.2,0,0,0,0.06,0,0,0,0,20,1988,2007,6,1377,4865,4530,520,1236,249,10,112,588,25,24,212,499,0.273,0.309,0.406,0.716,86,*2H/D3,alomasa02,C
144,Jack Warner,0,12,1303,12.5,14.7,0.714,13.4,2.2,8.9,12.5,1.2,0,0,0,0,0,0,0,0,14,1895,1908,0,1074,3837,3497,348,870,81,35,6,302,83,,181,248,0.249,0.303,0.297,0.6,73,*2/H34,warnejo01,C
145,Bob Brenly,0,13.9,1416,12.5,12.8,0.712,13.3,2.4,15.4,1,2.4,0,0,0,0,0,0,0,0,9,1981,1989,1,871,3002,2615,321,647,119,7,91,333,45,38,318,438,0.247,0.33,0.403,0.733,106,*2H35/D79,brenlbo01,C
148,Wes Westrum,0,13.3,1365,12.5,12.7,0.706,13,2.2,11.1,4.7,1.7,0,0,0,0.01,0,0,0,0,11,1947,1957,2,919,2850,2322,302,503,59,8,96,315,10,7,489,514,0.217,0.356,0.373,0.729,94,*2/H5,westrwe01,C
149,Mike Heath,0,12.5,1878,12.5,13.4,0.704,13,1.6,14.1,5.7,-1.6,0,0,0,0,0,0,0,0,14,1978,1991,0,1325,4586,4212,462,1061,173,27,86,469,54,40,278,616,0.252,0.3,0.367,0.667,88,*29H7D5/3648,heathmi02,C
150,Robinson Chirinos,0,13.3,1125,12.5,12.6,0.702,13,2.9,11.1,6,4.2,0,0,0,0,0,0,0,0,11,2011,2022,0,714,2457,2124,275,480,114,5,95,306,5,4,231,664,0.226,0.319,0.419,0.738,97,*2H/D354,chiriro01,C
151,Brian Harper,0,13.6,1461,12.5,12.3,0.7,13,2,14,1.9,0.6,0,0,0,0,0,0,0,0,16,1979,1995,0,1001,3386,3151,339,931,186,7,63,428,8,17,133,188,0.295,0.329,0.419,0.748,103,*2HD7/953,harpebr01,C
153,Babe Phelps,0,12.8,1169,12.5,13,0.696,12.9,2.9,15.8,-0.9,4.9,0,0,0,0.05,0,0,0,0,11,1931,1942,3,726,2308,2117,239,657,143,19,54,345,9,7,160,157,0.31,0.362,0.472,0.835,125,*2H/39,phelpba01,C
154,Ossee Schrecongost,0,13.2,1208,12.5,12.4,0.694,12.8,2.2,13.3,4.3,0.2,0,0,0,0,0,0,0,0,11,1897,1908,0,895,3230,3057,304,829,136,31,9,338,52,,102,146,0.271,0.297,0.345,0.642,90,*23H/486,schreos01,C
155,Dick Dietz,0,12.9,1162,12.5,12.6,0.692,12.7,3.1,18.4,-2.9,4.9,0,0,0,0,0,0,0,0,8,1966,1973,1,646,2244,1829,226,478,89,6,66,301,4,6,381,402,0.261,0.39,0.425,0.815,129,*2H3,dietzdi01,C
157,Duke Sims,0,12.6,1316,12.5,12.8,0.688,12.7,2.5,15.2,1.2,3.1,0,0,0,0,0,0,0,0,11,1964,1974,0,843,2810,2422,263,580,80,6,100,310,6,16,338,483,0.239,0.34,0.401,0.741,112,*2H37/9D,simsdu01,C
158,Bo Díaz,0,13.8,1474,12.5,11.5,0.686,12.7,1.9,9.6,7.9,-0.6,0,0,0,0,0,0,0,0,13,1977,1989,2,993,3538,3274,327,834,162,5,87,452,9,17,198,429,0.255,0.297,0.387,0.684,87,*2H/D,diazbo01,C
159,Cy Perkins,0,13.3,1587,12.5,11.8,0.684,12.6,1.6,6.8,9.3,-3.6,0,0,0,0.04,0,0,0,0,17,1915,1934,0,1171,4026,3604,329,933,175,35,30,409,18,33,301,221,0.259,0.319,0.352,0.67,76,*2H/6345,perkicy01,C
160,Randy Hundley,0,13.4,1486,12.5,11.7,0.682,12.5,1.8,6,12,-1.5,0,0,0,0.03,0,0,0,0,14,1964,1977,1,1061,3801,3442,311,813,118,13,82,381,12,17,271,565,0.236,0.292,0.35,0.642,77,*2H/D,hundlra01,C
161,Jason Castro,0,12.6,1506,12.5,12,0.68,12.3,2,12.8,4.9,0.6,0,0,0,0,0,0,0,0,12,2010,2022,1,952,3381,2981,368,678,166,9,97,325,6,2,347,970,0.227,0.312,0.387,0.699,92,*2HD/3,castrja01,C
164,Welington Castillo,0,12.2,1236,12.5,12.1,0.674,12.1,2.7,11.1,5.2,3.3,0,0,0,0,0,0,0,0,10,2010,2019,0,726,2701,2462,251,626,126,1,98,339,5,0,183,691,0.254,0.313,0.426,0.738,98,*2HD/3,castiwe01,C
166,Geovany Soto,0,11.9,1411,12.5,11.9,0.67,11.9,2.4,13.4,3.4,2.8,0,0,0,0.09,0,0,0,0,13,2005,2017,1,797,2876,2522,308,619,146,4,108,361,3,5,311,673,0.245,0.33,0.435,0.765,102,*2H/D53,sotoge01,C
167,Gus Mancuso,0,12.7,2008,12.5,10.6,0.668,11.6,1.2,10,5,-6.4,0,0,2,0.65,0,0,0,0,17,1928,1945,2,1460,5030,4505,386,1194,197,16,53,543,8,15,418,264,0.265,0.328,0.351,0.679,84,*2H,mancugu01,C
169,Rich Gedman,0,13.4,1498,12.5,9.6,0.664,11.5,1.5,9.3,6.6,-1.5,0,0,0,0,0,0,0,0,13,1980,1992,2,1033,3468,3159,331,795,176,12,88,382,3,4,236,509,0.252,0.304,0.399,0.703,90,*2H/D,gedmari01,C
175,Jimmie Wilson,0,10.6,2212,12.5,11.2,0.652,10.9,1.2,8.9,6.8,-6.1,0,0,1,0.45,0,0,0,0,18,1923,1940,2,1525,5258,4778,580,1358,252,32,32,621,86,60,356,280,0.284,0.336,0.37,0.707,82,*2H/34879,wilsoji01,C
176,Bengie Molina,0,10.9,2189,12.5,10.7,0.65,10.8,1.3,9.4,9.3,-6.6,0,0,0,0,0,0,0,0,13,1998,2010,0,1362,5159,4812,457,1317,217,6,144,711,3,7,208,471,0.274,0.307,0.411,0.718,86,*2HD,molinbe01,C
179,Alan Ashby,0,10,1957,12.5,11.1,0.644,10.5,1.3,17,2.4,-5,0,0,0,0,0,0,0,0,17,1973,1989,0,1370,4699,4123,397,1010,183,13,90,513,7,10,461,622,0.245,0.32,0.361,0.681,93,*2H/35D,ashbyal01,C
195,Jack O'Connor,0,10.8,2329,12.5,8.8,0.612,9.8,1,6.5,6,-10.1,0,0,0,0,0,0,0,0,21,1887,1910,0,1452,5798,5383,714,1418,201,66,19,738,219,,302,285,0.263,0.307,0.336,0.643,79,*2*O3/64H59,o'conja01,C
208,Rick Cerone,0,10.4,1721,12.5,8,0.586,9.2,1,8.2,8.2,-6.6,0,0,1,0.2,0,0,0,0,18,1975,1992,0,1329,4504,4069,393,998,190,15,59,436,6,22,320,450,0.245,0.301,0.343,0.644,78,*2H/D31459,ceronri01,C
211,Ed Kirkpatrick,0,10.2,1748,12.5,8.2,0.58,9.2,1,8,-1.4,-5.5,0,0,0,0,0,0,0,0,16,1962,1977,0,1311,4009,3467,411,824,143,18,85,424,34,39,456,518,0.238,0.327,0.363,0.69,97,*H*29738/D54,kirkped01,C
309,Luke Sewell,0,7.5,2389,12.5,4.7,0.384,6.1,0.5,2.7,6.9,-17.7,0,1,2,0.66,0,0,0,0,20,1921,1942,1,1630,6047,5383,653,1393,272,56,20,698,66,45,486,307,0.259,0.323,0.341,0.665,70,*2H/39745,sewellu01,C
138,Dave Magadan,0,15.9,2296,2.5,21.1,0.726,18.5,2.2,19,-1.2,5.2,0,0,0,0.01,0,0,0,0,16,1986,2001,0,1582,4963,4159,516,1197,218,13,42,495,11,11,718,546,0.288,0.39,0.377,0.767,112,*5*3*HD/64,magadda01,3B
143,Perry Werden,0,17.7,1568,0,17.7,0.716,17.7,4.1,14.3,3.6,9.8,0,0,0,0,0,0,1,0.2,7,1884,1897,0,695,3079,2746,444,774,109,87,26,439,151,,282,161,0.282,0.358,0.413,0.772,118,*3/1O,werdepe01,1B
145,Jake Stahl,0,17.8,1709,0,17.2,0.712,17.5,2.8,20,-6.5,1.9,0,0,0,0,0,0,0,0,9,1903,1913,0,981,3852,3425,405,894,149,87,31,437,178,22,221,652,0.261,0.323,0.382,0.706,120,*37/82H,stahlja01,1B
148,Jim Gentile,0,17.5,1899,0,17.1,0.706,17.3,3,18.2,-5.7,6.1,0,1,1,0.62,0,1,1,0.4,9,1957,1966,6,936,3479,2922,434,759,113,6,179,549,3,1,475,663,0.26,0.368,0.486,0.854,136,*3H,gentiji01,1B
153,Jeff King,0,16,2328,2.5,16.9,0.696,16.4,2.3,11.9,3.2,1.6,0,0,0,0,0,0,0,0,11,1989,1999,0,1201,4812,4262,600,1091,222,18,154,709,75,32,442,584,0.256,0.324,0.425,0.749,99,*5*34H/D69,kingje01,3B
155,Leon Durham,0,16,2255,0,16.3,0.692,16.1,2.5,19.4,-8.4,2.2,0,0,0,0.11,0,0,0,0,10,1980,1989,2,1067,4067,3587,522,992,192,40,147,530,106,61,444,679,0.277,0.356,0.475,0.831,125,*3987H,durhale01,1B
157,Nick Etten,0,16.1,1907,0,15.9,0.688,16,2.7,19.4,-8.3,3.6,0,0,1,0.27,0,0,0,0.1,9,1938,1947,0,937,3841,3320,426,921,167,25,89,526,22,25,480,199,0.277,0.371,0.423,0.794,126,*3H,ettenni01,1B
159,Nate Colbert,0,17.2,1978,0,14.2,0.684,15.7,2.3,15.7,-7.4,1.5,0,0,1,0.13,0,0,0,0,10,1966,1976,3,1004,3863,3422,481,833,141,25,173,520,52,31,383,902,0.243,0.322,0.451,0.772,119,*3H7/8D95,colbena01,1B
160,Cliff Johnson,0,14.4,2389,0,16.2,0.682,15.3,1.9,20.9,-11.6,1.4,0,0,0,0,0,0,0,0,15,1972,1986,0,1369,4603,3945,539,1016,188,10,196,699,9,12,568,719,0.258,0.355,0.459,0.815,125,*D*H327/9,johnscl01,1B
162,Eddie Robinson,0,15.3,2413,0,14.7,0.678,15,1.8,15.1,-6,0,0,0,0,0.18,0,0,0,0,13,1942,1957,4,1315,4893,4282,546,1146,172,24,172,723,10,12,521,359,0.268,0.353,0.44,0.793,113,*3H,robined01,1B
172,Willie Upshaw,0,14.9,2301,0,13,0.658,14,1.7,10.8,-3.8,-2.1,0,0,0,0.12,0,0,0,0,10,1978,1988,0,1264,4736,4203,596,1103,199,45,123,528,88,59,452,642,0.262,0.335,0.419,0.754,103,*3HD7/98,upshawi01,1B
174,Kevin Millar,0,13.4,2691,0,14.2,0.654,13.8,1.6,16.7,-9.3,-4.1,0,0,0,0,0,0,0,0,12,1998,2009,0,1427,5382,4688,648,1284,296,15,170,699,7,9,564,838,0.274,0.358,0.452,0.81,110,*379HD5,millake01,1B
178,Adam Lind,0,13.5,2530,0,12.8,0.646,13.1,1.5,15.2,-10.3,-4.7,0,0,0,0.04,0,0,0,0,12,2006,2017,0,1344,5029,4577,588,1247,259,12,200,723,7,5,393,945,0.272,0.33,0.465,0.795,112,*3*D7H,lindad01,1B
191,Billy Butler,0,13,2757,0,11.8,0.62,12.4,1.3,14.4,-13.7,-8.4,0,0,0,0,0,0,0,0,10,2007,2016,1,1414,5686,5105,592,1479,322,5,147,728,5,3,500,840,0.29,0.354,0.441,0.795,116,*D*3H/7,butlebi03,1B
195,David Segui,0,13.7,2686,0,10.4,0.612,12.1,1.2,14.8,-12,-7.8,0,0,0,0,0,0,0,0,15,1990,2004,0,1456,5451,4847,683,1412,284,16,139,684,17,19,524,687,0.291,0.359,0.443,0.802,110,*3DH7/9,seguida01,1B
198,J.T. Snow,0,12.8,3187,0,11,0.606,11.9,1,13.7,-10.8,-9.7,0,0,0,0,0,0,0,0,16,1992,2008,0,1716,6553,5641,798,1509,293,19,189,877,20,23,760,1142,0.268,0.357,0.427,0.784,105,*3H/D,snowj.01,1B
102,George Scales,0,16.8,1533,2.5,22.9,0.798,19.9,5.4,22.5,0.9,15,0,0,0,0,0,1,3,0.9,20,1921,1946,1,683,2613,2178,444,697,158,31,64,499,48,,376,,0.32,0.424,0.509,0.933,147,54369/781,scalege01,3B
106,Andrés Giménez,0,19.5,1180,2.5,19.5,0.79,19.5,4.4,12.1,10.2,10.6,0,0,1,0.34,0,1,1,0.6,7,2020,2026,1,713,2678,2418,302,610,106,13,61,282,116,17,139,496,0.252,0.313,0.383,0.696,95,*46H/5D,gimenan01,2B
109,Tommy Edman,0,19.1,1394,2.5,19.1,0.784,19.1,4.2,14.4,7.1,9.5,0,0,0,0,0,0,1,0.1,7,2019,2025,0,730,2955,2712,412,701,139,21,72,291,115,18,181,490,0.258,0.312,0.405,0.717,97,*46589H/7D,edmanto01,2B
111,Brandon Lowe,0,17.9,1703,2.5,19.7,0.78,18.8,4.1,22.2,-1.3,9.1,0,0,2,0.33,0,0,1,0.3,9,2018,2026,2,786,3177,2815,441,696,136,13,169,477,33,5,305,859,0.247,0.327,0.485,0.812,124,*4DH/793,lowebr01,2B
120,Newt Allen,0,16.1,1825,2.5,20.2,0.762,18.2,3.4,15.3,7.4,7.3,0,0,0,0,0,1,2,0.7,20,1923,1947,5,952,4017,3662,613,1053,153,52,21,476,140,,312,,0.288,0.346,0.375,0.721,99,*46573/981,allenne02,2B
123,Jack Farrell,0,17.4,1488,2.5,18.7,0.756,18,3.4,14.4,6.9,6,0,0,0,0,0,0,1,0.2,11,1879,1889,0,884,3815,3613,584,877,148,55,23,370,87,,197,254,0.243,0.283,0.333,0.616,94,*46/5O,farreja02,2B
124,Luis Arraez,0,17.5,1695,2.5,18.3,0.754,17.9,3.3,18.2,-1,6.3,0,0,1,0.2,0,0,0,0,8,2019,2026,3,885,3728,3420,457,1085,178,20,38,325,35,17,243,222,0.317,0.363,0.414,0.778,115,*43D57H/6,arraelu01,2B
131,Jim Lefebvre,0,17.2,1470,2.5,17.1,0.74,17.2,3,14.7,4.8,4.9,0,0,0,0.06,0,0,0,0,8,1965,1972,1,922,3417,3014,313,756,126,18,74,404,8,15,322,447,0.251,0.323,0.378,0.701,104,*45H/37,lefebji01,2B
133,Connie Ryan,0,16.6,2008,2.5,17.5,0.736,17.1,2.4,17.5,5.3,0.3,0,0,0,0.01,0,0,0,0,12,1942,1954,1,1184,4597,3982,535,988,181,42,56,381,69,42,518,514,0.248,0.337,0.357,0.694,90,*45H/639,ryanco01,2B
134,Josh Harrison,0,17.5,1859,2.5,16.4,0.734,17,2.2,13.2,5.2,1.9,0,0,1,0.12,0,0,0,0.1,13,2011,2023,2,1208,4347,3997,500,1080,218,32,73,388,91,37,187,662,0.27,0.316,0.396,0.712,95,*4*5H796/D183,harrijo05,2B
136,Frank LaPorte,0,15.1,1976,2.5,18.5,0.73,16.8,2.5,20.9,-2.3,3.1,0,0,0,0.03,0,0,0,0,11,1905,1915,0,1194,4687,4212,501,1185,198,78,16,560,101,10,288,369,0.281,0.331,0.377,0.708,110,*459H7/83,laporfr01,2B
139,Marcus Giles,0,16.7,1648,2.5,16.7,0.724,16.7,3.4,15.1,3.5,6.7,0,0,0,0.03,0,1,1,0.4,7,2001,2007,1,792,3340,2934,468,813,187,16,76,333,70,25,318,523,0.277,0.353,0.429,0.782,103,*4H/5,gilesma01,2B
140,Danny Richardson,0,17.4,1986,2.5,15.9,0.722,16.7,2.3,9.2,9.5,-0.1,0,0,0,0,0,0,0,0,11,1884,1894,0,1131,4755,4451,676,1129,149,52,32,558,225,,283,289,0.254,0.301,0.332,0.633,81,*4*6O5/1,richada01,2B
143,Danny O'Connell,0,15.9,1896,2.5,17.2,0.716,16.5,2.4,14,7.3,0.5,0,0,0,0.03,0,0,0,0,10,1950,1962,0,1143,4597,4035,527,1049,181,35,39,320,48,27,431,396,0.26,0.333,0.351,0.684,85,*4*56H/3,o'conda02,2B
144,Bump Wills,0,16.5,1597,2.5,16.5,0.714,16.5,3.2,15.2,4.5,5.2,0,0,0,0,0,0,0,0,6,1977,1982,0,831,3440,3030,472,807,128,24,36,302,196,65,310,441,0.266,0.335,0.36,0.695,94,*4H/D63,willsbu01,2B
145,Julio Cruz,0,16.2,1973,2.5,16.9,0.712,16.5,2.4,11.2,10.3,2.6,0,0,0,0,0,0,0,0,10,1977,1986,0,1156,4438,3859,557,916,113,27,23,279,343,78,478,508,0.237,0.321,0.299,0.62,71,*4H/D65,cruzju01,2B
147,Jamey Carroll,0,15.9,1725,2.5,17,0.708,16.4,2.2,14.2,6.4,3.4,0,0,0,0,0,0,0,0,12,2002,2013,0,1275,4225,3671,560,1000,148,27,13,265,74,36,410,581,0.272,0.349,0.338,0.687,85,*4*56H/79D81,carroja01,2B
150,Bucky Harris,0,16.3,2315,2.5,16.2,0.702,16.2,2.1,18,2,-4.8,0,0,0,0.08,0,0,0,0,12,1919,1931,0,1263,5568,4736,722,1297,224,64,9,508,167,97,472,310,0.274,0.352,0.354,0.706,86,*4/H659,harribu01,2B
151,Hobe Ferris,0,15.7,1884,2.5,16.4,0.7,16.1,2.1,9.2,8.6,-3.3,0,0,0,0,0,0,0,0,9,1901,1909,0,1279,5125,4797,472,1145,192,89,40,550,89,,160,550,0.239,0.265,0.341,0.606,84,*45/6,ferriho01,2B
152,Freddy Sanchez,0,16.1,1598,2.5,15.9,0.698,16,2.8,14.4,3.7,4.8,0,0,0,0.01,0,0,0,0,10,2002,2011,3,904,3686,3402,434,1012,215,17,48,371,13,9,180,420,0.297,0.335,0.413,0.748,98,*45H6/D,sanchfr01,2B
154,Gene DeMontreville,0,16.1,1749,2.5,15.2,0.694,15.6,2.7,15.3,2.9,1.3,0,0,0,0,0,0,0,0,11,1894,1904,0,922,3935,3615,537,1096,130,35,17,497,228,,174,231,0.303,0.34,0.373,0.712,97,*4*6/5H3,demonge01,2B
155,Horace Clarke,0,15.3,2023,2.5,15.7,0.692,15.5,2,14.1,6.2,-2,0,0,0,0,0,0,0,0,10,1965,1974,0,1272,5243,4813,548,1230,150,23,27,304,151,58,365,362,0.256,0.308,0.313,0.621,83,*4H6/5D,clarkho01,2B
157,Cass Michaels,0,14.8,2170,2.5,15.9,0.688,15.3,2,17.3,3.8,0.7,0,0,0,0,0,0,1,0.1,12,1943,1954,2,1288,5024,4367,508,1142,147,46,53,501,64,32,566,406,0.262,0.349,0.353,0.702,93,*465H/8,michaca01,2B
158,Jack Crooks,0,15.2,1728,2.5,15.4,0.686,15.3,3.1,15.9,1.2,4.7,0,0,0,0,0,0,0,0.1,8,1889,1898,0,795,3471,2783,537,671,74,44,21,314,220,,612,223,0.241,0.386,0.322,0.708,100,*45/6O2,crookja01,2B
159,Rennie Stennett,0,16.4,1903,2.5,13.9,0.684,15.1,1.8,8.6,8.7,-1.2,0,0,0,0.03,0,0,0,0,11,1971,1981,0,1237,4810,4521,500,1239,177,41,41,432,75,54,207,348,0.274,0.306,0.359,0.665,86,*4H67/958,stennre01,2B
160,George Cutshaw,0,14.1,2506,2.5,16.2,0.682,15.1,1.7,13.3,4.7,-4.5,0,0,0,0.07,0,0,0,0,12,1912,1923,0,1516,6218,5621,629,1487,195,89,25,653,271,85,300,242,0.265,0.305,0.344,0.649,87,*4/H56,cutshge01,2B
163,Jack Burdock,0,15,1748,2.5,15,0.676,15,2,12.2,5.7,-2.5,0,0,0,0,0,0,0,0.1,18,1872,1891,0,1187,5065,4915,778,1231,164,50,18,501,59,15,140,367,0.25,0.273,0.315,0.588,86,*456/2O,burdoja01,2B
166,Pop Smith,0,16.4,1822,2.5,13.3,0.67,14.9,1.9,11.4,5.8,-0.8,0,0,0,0,0,0,0,0.1,12,1880,1891,0,1112,4623,4238,643,941,141,87,24,358,169,,325,345,0.222,0.287,0.313,0.6,86,*4*65/O12,smithpo01,2B
168,Jerry Lumpe,0,13.7,2197,2.5,15.4,0.666,14.6,1.8,15.5,4.6,-1.3,0,0,0,0.03,0,0,0,0,12,1956,1967,1,1371,5441,4912,620,1314,190,52,47,454,20,15,428,411,0.268,0.325,0.356,0.681,87,*4H56,lumpeje01,2B
169,Aaron Ward,0,15.1,1757,2.5,14,0.664,14.5,2.1,10.1,7.1,-2,0,0,0,0,0,0,0,0,12,1917,1928,0,1059,4146,3611,457,966,158,54,50,446,36,38,339,457,0.268,0.335,0.383,0.717,85,*45H6/389,wardaa01,2B
170,Lou Bierbauer,0,14.9,2499,2.5,13.9,0.662,14.4,1.6,6.7,9.9,-3.3,0,0,0,0,0,0,0,0,13,1886,1898,0,1385,6034,5713,821,1524,209,95,34,839,206,,268,160,0.267,0.301,0.354,0.656,84,*4/5216,bierblo01,2B
173,Julián Javier,0,14.3,2478,2.5,13.9,0.656,14.1,1.4,15.1,3.3,-9,0,0,1,0.15,0,0,0,0,13,1960,1972,2,1622,6197,5722,722,1469,216,55,78,506,135,63,314,812,0.257,0.296,0.355,0.651,78,*4H/563,javieju01,2B
175,Dee Strange-Gordon,0,15.1,1911,2.5,13,0.652,14,2.1,14.4,1.7,-0.1,0,0,0,0.01,0,0,0,0,11,2011,2022,2,1024,4163,3906,538,1118,125,55,18,236,336,102,168,618,0.286,0.319,0.36,0.679,89,*46H8/7D1,gordode01,2B
176,Tony Bernazard,0,14.7,1973,2.5,13.2,0.65,14,2,18.2,-0.7,-0.2,0,0,0,0,0,0,0,0,10,1979,1991,0,1071,4243,3700,523,970,177,30,75,391,113,55,428,606,0.262,0.339,0.387,0.726,100,*4H/6D,bernato01,2B
177,William Robinson,0,14.9,2050,2.5,12.8,0.648,13.9,2.1,16.2,-1.6,3,0,0,0,0,0,0,0,0.1,10,1882,1892,0,981,4179,3436,700,827,148,44,16,400,272,,667,309,0.241,0.376,0.323,0.699,105,*456O/213,robinya01,2B
193,Rickie Weeks,0,13.9,2520,2.5,11.6,0.616,12.7,1.4,24.7,-11.2,-3.7,0,0,0,0,0,0,0,0,14,2003,2017,1,1324,5112,4417,733,1087,219,33,161,474,132,32,533,1230,0.246,0.344,0.42,0.764,103,*4H7D/39,weeksri01,2B
205,Cookie Rojas,0,13.2,2596,2.5,9.2,0.592,11.2,0.8,14.2,-0.4,-15.3,0,0,0,0.07,0,0,0,0,16,1962,1977,5,1822,6871,6309,713,1660,254,25,54,593,74,68,396,489,0.263,0.306,0.337,0.643,83,*4H8756/D9231,rojasco01,2B
122,Lee Tannehill,0,19.5,1323,2.5,20.9,0.758,20.2,3.1,7.5,18.6,4.5,0,0,0,0,0,0,0,0,10,1903,1912,0,1090,4187,3778,331,833,135,27,3,346,63,0,229,375,0.22,0.269,0.273,0.542,70,*5*6/34H,tannele01,3B
135,David Freese,0,16.3,1969,2.5,18.8,0.732,17.6,2.6,19.1,0.6,5.2,0,0,0,0,0,0,0,0,11,2009,2019,1,1184,4229,3758,481,1041,197,7,113,535,8,11,370,974,0.277,0.351,0.423,0.775,112,*5H3/D42,freesda01,3B
136,Jim Davenport,0,16.8,2022,2.5,18.3,0.73,17.5,2,17.2,5.5,-0.6,0,0,0,0.01,0,0,0,0,13,1958,1970,2,1501,4982,4427,552,1142,177,37,77,456,16,25,382,673,0.258,0.318,0.367,0.684,90,*56H4/37,davenji01,3B
138,Rance Mulliniks,0,17.5,1926,2.5,17,0.726,17.3,2.1,16.7,0.4,3.8,0,0,0,0,0,0,0,0,16,1977,1992,0,1325,4089,3569,445,972,226,17,73,435,15,12,460,555,0.272,0.354,0.407,0.76,107,*5*DH6/43,mullira01,3B
139,Dewey Creacy,0,16.6,1932,2.5,17.8,0.724,17.2,3,19.2,0.5,5,0,0,0,0,0,0,0,0.2,15,1924,1938,0,957,3922,3509,600,1022,146,60,85,632,51,,338,,0.291,0.357,0.44,0.796,112,*54/7693,creacde01,3B
142,Kelly Gruber,0,17.6,1642,2.5,16.4,0.718,17,2.8,15,3.2,5,0,1,1,0.45,0,0,0,0,10,1984,1993,2,939,3442,3159,431,818,148,24,117,443,80,33,197,504,0.259,0.307,0.432,0.739,102,*5H/469D78,grubeke01,3B
143,Chris Sabo,0,17.4,1888,2.5,16.6,0.716,17,3,16.5,0.7,4.7,0,0,0,0.03,0,0,0,0.1,9,1988,1996,3,911,3714,3354,494,898,214,17,116,426,120,49,274,460,0.268,0.326,0.445,0.772,109,*5H/D9736,saboch01,3B
144,Ryan McMahon,0,17.1,1976,2.5,16.9,0.714,17,2.5,8.6,10.6,3.4,0,0,0,0,0,0,0,0,10,2017,2026,1,1109,4142,3660,480,867,178,11,147,483,33,19,435,1213,0.237,0.32,0.412,0.732,90,*54H3/D6,mcmahry01,3B
146,Steve Buechele,0,17,2107,2.5,16.5,0.71,16.8,2,13.4,5.4,1.3,0,0,0,0,0,0,0,0,11,1985,1995,0,1334,4790,4266,501,1046,183,21,137,547,17,28,408,842,0.245,0.316,0.394,0.71,94,*54H/367D,buechst01,3B
147,Wayne Garrett,0,16.6,1719,2.5,16.8,0.708,16.7,2.5,14,5.4,4.2,0,0,0,0,0,0,0,0,10,1969,1978,0,1092,3917,3285,438,786,107,22,61,340,38,30,561,529,0.239,0.35,0.341,0.691,95,*54H6,garrewa01,3B
149,Harry Lord,0,16.7,1749,2.5,16.5,0.704,16.6,2.7,20.2,-0.3,1.6,0,0,0,0,0,0,0,0,9,1907,1915,0,972,4154,3691,509,1026,107,70,14,294,208,35,226,253,0.278,0.326,0.356,0.682,104,*57/H986,lordha01,3B
152,Scott Brosius,0,15.9,2045,2.5,15.7,0.698,15.8,2.2,12.3,5.2,0.6,0,0,0,0,0,0,0,0,11,1991,2001,1,1146,4356,3889,544,1001,200,8,141,531,57,30,348,699,0.257,0.323,0.422,0.744,94,*5983H67/4D,brosisc01,3B
156,David Bell,0,15.3,2358,2.5,15.2,0.69,15.3,1.8,8.3,9.9,-2.1,0,0,0,0,0,0,0,0,12,1995,2006,0,1403,5380,4826,587,1239,267,18,123,589,19,20,428,687,0.257,0.32,0.396,0.716,85,*5*4H/63D7,bellda01,3B
158,Odell Hale,0,15.4,2042,2.5,14.8,0.686,15.1,2.3,15.1,2.6,0.3,0,0,0,0,0,0,0,0,10,1931,1941,0,1062,4127,3701,551,1071,240,51,73,573,57,45,353,315,0.289,0.352,0.441,0.793,101,*4*5H/6,haleod01,2B
163,Joe Stripp,0,15.2,1945,2.5,14.1,0.676,14.6,2,14.4,0.9,-1.4,0,0,0,0.01,0,0,0,0,11,1928,1938,0,1146,4632,4211,575,1238,219,43,24,464,50,45,280,226,0.294,0.34,0.384,0.724,96,*53H/9764,stripjo01,3B
165,Tony Batista,0,15.4,2403,2.5,13.8,0.672,14.6,1.7,11.2,5.7,-3.1,0,0,0,0,0,0,0,0,11,1996,2007,2,1309,4959,4568,625,1146,226,17,221,718,47,26,287,790,0.251,0.299,0.453,0.752,93,*56H4D/3,batisto01,3B
166,Ray Knight,0,15.8,2240,2.5,13.2,0.67,14.5,1.4,13.4,-1.1,-4.7,0,1,1,0.27,0,0,0,0,13,1974,1988,2,1495,5291,4829,490,1311,266,27,84,595,14,25,343,579,0.271,0.321,0.39,0.711,99,*5*3HD/4769,knighra01,3B
168,Aaron Boone,0,15.3,2055,2.5,13.6,0.666,14.4,1.9,13.6,1.5,-0.2,0,0,0,0,0,0,0,0,12,1997,2009,1,1152,4333,3871,519,1017,216,17,126,555,107,30,303,707,0.263,0.326,0.425,0.751,94,*53H6/4D,booneaa01,3B
175,Mike Moustakas,0,15.2,2603,2.5,12.7,0.652,13.9,1.4,15.3,-0.6,-6.4,0,0,0,0.01,0,0,0,0,13,2011,2023,3,1427,5577,5060,595,1252,274,6,215,683,21,10,399,968,0.247,0.307,0.431,0.739,97,*534DH,moustmi01,3B
178,Dean Palmer,0,14,2865,2.5,13.3,0.646,13.7,1.6,22.8,-8.4,-6,0,0,0,0,0,0,0,0,14,1989,2003,1,1357,5513,4902,734,1229,231,15,275,849,48,31,502,1332,0.251,0.324,0.472,0.796,107,*5DH/736,palmede01,3B
180,Bobby Byrne,0,14.2,2193,2.5,12.9,0.642,13.6,1.6,14.7,3.2,-4.2,0,0,0,0,0,0,0,0,11,1907,1917,0,1283,5496,4831,667,1225,186,60,10,331,176,31,456,401,0.254,0.324,0.323,0.647,91,*54H/6,byrnebo01,3B
181,Héctor López,0,13.9,2360,0,12.7,0.64,13.3,1.4,14.3,-3.9,-3.2,0,0,0,0,0,0,0,0,12,1955,1966,0,1450,5181,4644,623,1251,193,37,136,591,16,23,418,696,0.269,0.33,0.415,0.745,103,*7*5H49/863,lopezhe01,LF
182,Eduardo Escobar,0,14,2390,2.5,12.4,0.638,13.2,1.5,17.9,-1.8,-4.6,0,0,0,0,0,0,0,0,13,2011,2023,1,1363,5121,4691,593,1185,247,46,164,636,23,18,351,1043,0.253,0.305,0.43,0.735,98,*5*64HD7/31289,escobed01,3B
191,Enos Cabell,0,14,2699,2.5,11.3,0.62,12.7,1.1,15.2,-6.4,-9.3,0,0,0,0.01,0,0,0,0,15,1972,1986,0,1688,6304,5952,753,1647,263,56,60,596,238,124,259,691,0.277,0.308,0.37,0.678,93,*5*3H97/D648,cabelen01,3B
134,John Beckwith,0,18.3,1263,2.5,20.7,0.734,19.5,6.8,20.6,1.3,14.6,0,0,0,0,0,0,2,0.4,12,1920,1935,0,491,2009,1824,373,636,138,31,76,461,40,,159,,0.349,0.403,0.583,0.986,161,5632/9714,beckwjo02,3B
140,Dick Lundy,0,17.4,1222,7.5,19.8,0.722,18.6,5.9,17.6,5,12.7,0,0,0,0,0,1,4,1.5,12,1923,1937,2,548,2235,2016,396,667,123,32,36,422,63,,197,,0.331,0.394,0.477,0.871,129,*6/453791,lundydi01,SS
141,Rey Sánchez,0,16.6,1903,7.5,20.6,0.72,18.6,2.2,6.6,20.8,3.4,0,0,0,0,0,0,0,0,15,1991,2005,0,1490,5246,4850,549,1317,193,32,15,389,55,32,229,508,0.272,0.308,0.334,0.642,69,*6*4H/5D,sanchre01,SS
144,Jeremy Peña,0,18.4,1122,7.5,18.4,0.714,18.4,5.1,15.1,6.9,10.4,0,0,1,0.08,0,0,0,0.1,5,2022,2026,1,579,2436,2239,304,605,114,9,64,248,65,19,128,474,0.27,0.32,0.415,0.735,105,*6/HD,penaje02,SS
151,Miguel Rojas,0,15.4,1739,7.5,19.5,0.7,17.5,2.4,12,12.7,5.3,0,0,0,0,0,0,0,0,13,2014,2026,0,1324,4236,3871,440,1008,197,11,58,370,67,24,271,523,0.26,0.314,0.362,0.676,86,*64H53/1D7,rojasmi02,SS
152,Bucky Dent,0,17.2,1794,7.5,17.5,0.698,17.4,2,11.1,16.5,0.6,0,0,0,0,0,0,0,0,12,1973,1984,3,1392,5026,4512,451,1114,169,23,40,423,17,29,328,349,0.247,0.297,0.321,0.618,74,*6/H45D,dentbu01,SS
155,Bill Riggins,0,15.9,1409,7.5,18.1,0.692,17,4.3,15.3,6.2,8.8,0,0,0,0,0,0,1,0.3,10,1920,1929,0,677,2877,2561,479,750,119,41,41,403,95,,240,,0.293,0.358,0.419,0.777,108,*65/4371,riggibi01,SS
157,Heinie Wagner,0,16.5,1540,7.5,16.8,0.688,16.7,2.8,18.7,4.4,2,0,0,1,0.28,0,0,0,0,12,1902,1918,0,983,3789,3333,402,834,128,47,10,343,144,24,310,311,0.25,0.319,0.326,0.645,95,*64/H57,wagnehe01,SS
158,Everett Scott,0,16.2,2151,7.5,17,0.686,16.6,1.7,6.8,21.8,-7.9,0,0,0,0.2,0,0,0,0,13,1914,1926,0,1654,6386,5837,552,1455,208,58,20,555,69,60,243,282,0.249,0.281,0.315,0.596,65,*6/H54,scottev01,SS
161,Davy Force,0,15.1,1450,7.5,17.6,0.68,16.3,2.8,12.4,10.7,1.7,0,0,0,0,0,0,2,0.5,15,1871,1886,0,1029,4406,4250,653,1059,143,27,1,376,35,5,156,268,0.249,0.276,0.296,0.572,81,*645/1O,forceda01,SS
163,Topper Rigney,0,16,1320,7.5,16,0.676,16,3.7,17.9,2.5,5,0,0,0,0.05,0,0,0,0,6,1922,1927,0,694,2842,2326,325,669,113,39,13,312,44,37,377,176,0.288,0.388,0.387,0.775,104,*6H/5,rigneto01,SS
164,Isiah Kiner-Falefa,0,15.9,1381,7.5,15.8,0.674,15.8,2.7,8.9,11,4.7,0,0,0,0,0,0,0,0,9,2018,2026,0,940,3416,3151,376,824,131,16,36,290,103,30,183,538,0.262,0.31,0.348,0.658,81,*6542H87/19D3,kineris01,SS
165,Brendan Ryan,0,16,1078,7.5,15,0.672,15.5,2.7,4.2,15,5.6,0,0,0,0,0,0,0,0,10,2007,2016,0,896,2886,2591,304,604,116,18,19,203,67,25,198,490,0.233,0.294,0.314,0.607,69,*64H5/39D71,ryanbr01,SS
169,Zack Cozart,0,15.7,1471,7.5,14.4,0.664,15.1,2.8,9.8,8.8,3.7,0,0,0,0,0,0,0,0,9,2011,2019,1,839,3388,3088,408,764,158,24,87,305,21,4,219,549,0.247,0.3,0.399,0.699,88,*65H/4D,cozarza01,SS
170,Jack Nelson,0,14.1,1409,7.5,16,0.662,15,3.2,16.3,3.1,6.3,0,0,0,0,0,0,0,0.2,13,1872,1890,0,817,3673,3294,648,833,93,27,3,208,68,2,352,45,0.253,0.33,0.3,0.63,101,*64O5/32,nelsoca01,SS
173,Arthur Irwin,0,14.5,1582,7.5,15.2,0.656,14.9,2.4,12.8,9,0.6,0,0,0,0,0,0,0,0.1,13,1880,1894,0,1010,4190,3871,552,934,141,45,5,396,93,,309,378,0.241,0.299,0.305,0.604,81,*65/412,irwinar01,SS
175,Mickey Doolin,0,15.1,2370,7.5,14.5,0.652,14.8,1.4,9.2,17.9,-5.2,0,0,0,0.18,0,0,0,0,13,1905,1918,0,1728,6612,5977,513,1376,244,81,15,554,173,8,370,663,0.23,0.279,0.306,0.585,72,*64/H,doolami01,SS
177,Clint Barmes,0,14.1,1700,7.5,15,0.648,14.5,2,3.5,16.2,2.3,0,0,0,0,0,0,0,0,13,2003,2015,0,1186,4167,3805,434,932,208,17,89,415,43,30,216,734,0.245,0.294,0.379,0.673,75,*6*4H/5839,barmecl01,SS
178,Marwin González,0,14.5,1713,7.5,14.4,0.646,14.5,2.1,9.6,5.2,1.4,0,0,0,0.01,0,0,0,0,11,2012,2022,0,1138,3882,3526,420,888,183,8,107,415,44,28,261,812,0.252,0.31,0.399,0.709,94,*63754H9/D81,gonzama01,SS
180,Julio Lugo,0,14.7,2462,7.5,13.5,0.642,14.1,1.6,19.5,0.6,-4.4,0,0,0,0,0,0,0,0,12,2000,2011,0,1352,5338,4758,688,1279,238,34,80,475,198,69,439,876,0.269,0.333,0.384,0.716,87,*64H5/7D98,lugoju01,SS
182,José Hernández,0,14.7,2354,7.5,13.3,0.638,14,1.4,9.7,8.4,-2.3,0,0,0,0,0,0,0,0,15,1991,2006,1,1587,5089,4618,623,1166,193,33,168,603,41,38,384,1391,0.252,0.312,0.418,0.729,88,*6*5H4378/9D,hernajo01,SS
184,Jose Iglesias,0,13.5,1930,7.5,13.7,0.634,13.6,1.7,15.9,4.2,-2,0,0,0,0,0,0,0,0,13,2011,2025,1,1293,4677,4346,506,1212,247,15,54,428,70,38,209,597,0.279,0.321,0.38,0.701,89,*645HD/7,iglesjo01,SS
185,Daryl Spencer,0,13.3,1863,7.5,13.7,0.632,13.5,2,16.8,2.6,-2.4,0,0,0,0,0,0,0,0,10,1952,1963,0,1098,4208,3689,457,901,145,20,105,428,13,7,449,516,0.244,0.327,0.38,0.707,89,*6*45H,spencda01,SS
186,Paul DeJong,0,13.8,1592,7.5,13.1,0.63,13.5,2.3,10.9,6.9,1.9,0,0,0,0,0,0,0,0,9,2017,2025,1,925,3500,3164,413,723,147,4,146,423,29,15,247,975,0.229,0.294,0.416,0.71,92,*65H4/D3,dejonpa01,SS
187,Jonathan Villar,0,14.2,1984,7.5,12.4,0.628,13.3,1.9,15.1,1.2,-0.4,0,0,0,0,0,0,0,0,10,2013,2022,0,1032,3934,3530,482,899,161,19,101,343,239,66,344,1045,0.255,0.322,0.397,0.719,93,*6*45H/D87,villajo01,SS
189,Craig Reynolds,0,13.1,1826,7.5,13.3,0.624,13.2,1.4,12.2,8.8,-3.8,0,0,0,0,0,0,0,0,15,1975,1989,2,1491,4863,4466,480,1142,143,65,42,377,58,32,227,406,0.256,0.291,0.345,0.636,80,*6H45/3719,reynocr01,SS
192,Spike Owen,0,13.1,2333,7.5,12.6,0.618,12.9,1.3,16.2,5.5,-5.6,0,0,0,0,0,0,0,0,13,1983,1995,0,1544,5616,4930,587,1211,215,59,46,439,82,62,569,519,0.246,0.324,0.341,0.665,83,*6H5/4D3,owensp01,SS
196,Iván de Jesús,0,12.5,2161,7.5,11.1,0.61,11.8,1.3,12.2,7.1,-5.8,0,0,0,0,0,0,0,0,15,1974,1988,0,1371,5193,4602,595,1167,175,48,21,324,194,88,466,664,0.254,0.323,0.326,0.649,77,*6H5,dejesiv01,SS
203,Alcides Escobar,0,12.6,2417,7.5,10.2,0.596,11.4,1.1,13,6.1,-10.9,0,0,0,0,0,0,0,0,13,2008,2022,1,1552,6182,5750,670,1486,249,58,45,478,178,45,253,864,0.258,0.295,0.345,0.64,74,*6/54H8719,escobal02,SS
205,Shawon Dunston,0,11,2878,7.5,11.6,0.592,11.3,1,20.8,-1.7,-8.6,0,0,0,0,0,0,0,0,18,1985,2002,2,1814,6276,5927,736,1597,292,62,150,668,212,82,203,1000,0.269,0.296,0.416,0.712,89,*6H789/43D5,dunstsh01,SS
209,Alex Gonzalez,0,11.3,2437,7.5,11.2,0.584,11.2,1.3,10.7,8.1,-7.3,0,0,0,0,0,0,0,0,13,1994,2006,0,1396,5528,4977,623,1209,274,27,137,536,97,48,392,1165,0.243,0.302,0.391,0.694,79,*65H/D37,gonzaal01,SS
211,Álex González,0,12.8,2613,7.5,9.4,0.58,11.1,0.9,7,10.4,-10.1,0,0,0,0,0,0,0,0,16,1998,2014,1,1609,6248,5776,667,1418,332,31,157,690,30,22,300,1168,0.245,0.29,0.395,0.685,79,*6H/35,gonzaal02,SS
222,Don Kessinger,0,11.3,3171,7.5,8.9,0.558,10.1,0.7,12.2,10,-18.9,0,0,0,0.04,0,0,0,0,16,1964,1979,6,2078,8530,7651,899,1931,254,80,14,527,100,85,684,759,0.252,0.314,0.312,0.626,73,*64H/53,kessido01,SS
290,Alfredo Griffin,0,9.9,2691,7.5,3,0.422,6.4,0.2,6.1,9.8,-20.5,0,0,0,0,0,0,0,0,18,1976,1993,1,1962,7331,6780,759,1688,245,78,24,527,192,134,338,664,0.249,0.285,0.319,0.604,67,*6H4/D5,griffal01,SS
141,Rube Bressler,0,17.1,2100,0,19.2,0.72,18.2,2.4,18.3,-3.5,1.6,0,0,0,0.08,0,0,0,0,19,1914,1932,0,1305,4499,3881,544,1170,164,87,32,586,47,40,449,246,0.301,0.378,0.413,0.791,110,*7H319/8,bressru01,LF
147,Danny Litwhiler,0,16.3,1839,0,18.5,0.708,17.4,2.8,16.9,-2.9,4.4,0,0,0,0.01,0,0,0,0,11,1940,1951,1,1057,3862,3494,428,982,162,32,107,451,11,29,299,377,0.281,0.342,0.438,0.78,119,*79H/58,litwhda01,LF
150,Michael Conforto,0,16.4,2270,0,17.5,0.702,17,2.4,19.2,-5.2,3.1,0,0,0,0,0,0,0,0,11,2015,2026,1,1178,4495,3871,579,953,210,7,182,567,23,12,524,1072,0.246,0.344,0.445,0.789,117,*7*98HD,confomi01,LF
155,Chris Taylor,0,17.2,1913,0,16.2,0.692,16.7,2.3,16.7,0.7,3.5,0,0,0,0,0,0,0,0,12,2014,2025,1,1123,3909,3465,516,860,200,31,110,443,91,24,370,1145,0.248,0.327,0.419,0.746,102,*7684H59/D,tayloch03,LF
156,Bob Nieman,0,15.9,2082,0,17.4,0.69,16.7,2.5,21.8,-8.8,5,0,0,1,0.16,0,0,0,0,12,1951,1962,0,1113,3947,3452,455,1018,180,32,125,544,10,30,435,512,0.295,0.373,0.474,0.847,132,*79H,niemabo01,LF
157,Steve Braun,0,15.8,1962,0,17.5,0.688,16.6,2,18.6,-3.2,2.4,0,0,0,0,0,0,0,0,15,1971,1985,0,1425,4295,3650,466,989,155,19,52,388,45,27,579,433,0.271,0.371,0.367,0.738,109,*H*7*5D49/638,braunst01,LF
158,Warren Cromartie,0,16.5,1955,0,16.4,0.686,16.4,2.4,7.9,2.9,2.2,0,0,0,0.01,0,0,0,0,10,1974,1991,0,1107,4318,3927,459,1104,229,32,61,391,50,37,325,403,0.281,0.336,0.402,0.739,105,*793H/D,cromawa01,LF
162,David Peralta,0,14.4,2250,0,17,0.678,15.7,2.2,16.1,-3.5,2,0,0,0,0,0,0,0,0,11,2014,2024,0,1232,4590,4188,526,1166,238,48,125,569,39,16,336,891,0.278,0.335,0.448,0.782,108,*79HD/81,peralda01,LF
163,Jimmy Slagle,0,15.4,2478,2.5,15.8,0.676,15.6,2,13.3,-2.6,-3.2,0,0,0,0,0,0,0,0.1,10,1899,1908,0,1300,5827,5005,781,1343,124,56,2,344,274,,619,421,0.268,0.352,0.317,0.668,97,*8*79/H,slaglji01,CF
167,Mark Canha,0,16.4,1909,0,14.5,0.668,15.4,2.1,18,-7.6,0.8,0,0,0,0,0,0,0,0,11,2015,2025,0,1095,4128,3543,523,879,179,14,121,465,50,12,410,845,0.248,0.346,0.409,0.755,111,*7389DH/5,canhama01,LF
168,Gary Redus,0,14.4,2244,0,16.3,0.666,15.3,2.3,17.3,-5.3,2.8,0,0,0,0,0,0,0,0,13,1982,1994,0,1159,4066,3513,591,886,183,51,90,352,322,83,481,688,0.252,0.342,0.41,0.752,107,*7H389/D4,redusga01,LF
170,Dan Gladden,0,14.8,2279,0,15.5,0.662,15.2,2.1,13.9,-0.8,-1.2,0,0,0,0,0,0,0,0,11,1983,1993,0,1196,4962,4501,663,1215,203,40,74,446,222,93,337,625,0.27,0.324,0.382,0.707,95,*7*8H/D9145,gladdda01,LF
173,Ralph Garr,0,15.3,2545,0,14.8,0.656,15,1.8,19.7,-11.1,-2.6,0,0,0,0.05,0,0,0,0,13,1968,1980,1,1317,5456,5108,717,1562,212,64,75,408,172,83,246,445,0.306,0.339,0.416,0.755,108,*7*9H8D,garrra01,LF
176,Walt Wilmot,0,14.8,2343,0,14.2,0.65,14.5,2.4,13.2,-3.6,-0.7,0,0,0,0,0,0,0,0,10,1888,1898,0,962,4384,3988,727,1100,152,92,58,594,383,,350,233,0.276,0.337,0.404,0.741,104,*O,wilmowa01,Unknown
177,Peanuts Lowrey,0,15.4,2015,0,13.6,0.648,14.5,1.6,12.7,-1.8,-4.5,0,0,0,0.03,0,0,0,0,13,1942,1955,1,1401,4832,4317,564,1177,186,45,37,479,48,27,403,226,0.273,0.336,0.362,0.698,92,*7*8*H594/63,lowrepe01,LF
178,Larry Herndon,0,13.8,2438,0,15.2,0.646,14.5,1.6,11.6,-1.1,-2,0,0,0,0,0,0,0,0,14,1974,1988,0,1537,5319,4877,605,1334,186,76,107,550,92,57,353,793,0.274,0.322,0.409,0.731,103,*7*8HD9,herndla01,LF
183,Hoot Evers,0,14.9,2078,0,13,0.636,14,1.8,11.4,-1.7,0,0,0,0,0.15,0,0,1,0.1,12,1941,1956,2,1142,4310,3801,555,1055,187,41,98,565,45,36,415,420,0.278,0.353,0.426,0.778,107,*7*8H9,eversho01,LF
193,Vince Coleman,0,13.2,3092,0,12.5,0.616,12.9,1.5,13.1,-5.5,-6.6,0,0,0,0.11,0,0,0,0,13,1985,1997,2,1371,5970,5406,849,1425,176,89,28,346,752,177,477,960,0.264,0.324,0.345,0.668,83,*78H/9D,colemvi01,LF
195,Leon Wagner,0,13.5,2504,0,11.8,0.612,12.6,1.4,22.3,-16.3,-4.2,0,1,1,0.37,0,0,0,0,12,1958,1969,3,1352,4952,4426,636,1202,150,15,211,669,54,24,435,656,0.272,0.34,0.455,0.795,120,*7H9,wagnele01,LF
207,Jeffrey Leonard,0,13.9,2576,0,9.9,0.588,11.9,1.1,12.6,-9.2,-8.9,0,0,0,0.01,0,0,0,0,14,1977,1990,2,1415,5476,5045,614,1342,223,37,144,723,163,61,342,1000,0.266,0.312,0.411,0.723,102,*7D9H8/3,leonaje01,LF
151,Happy Felsch,0,19.2,1497,2.5,19.2,0.7,19.2,4.1,16.9,0.1,7,0,0,0,0,0,0,0,0.1,6,1915,1920,0,749,3135,2812,385,825,135,64,38,443,88,31,207,251,0.293,0.347,0.427,0.774,123,*87/H9,felscha01,CF
153,Daulton Varsho,0,18.9,1260,2.5,18.9,0.696,18.9,4.4,9.8,9.5,10.5,0,0,0,0,0,0,0,0,7,2020,2026,0,693,2561,2307,338,528,111,20,104,310,56,16,213,626,0.229,0.298,0.43,0.728,100,*8792H/D,varshda01,CF
160,Ender Inciarte,0,18.5,1552,2.5,17.9,0.682,18.2,3.3,9.3,9.3,7.3,0,0,0,0,0,0,0,0,9,2014,2022,1,868,3422,3125,447,875,138,28,42,263,118,45,239,447,0.28,0.333,0.382,0.715,91,*879H/D,inciaen01,CF
161,Milt Thompson,0,17.7,1950,2.5,18.6,0.68,18.2,2.2,12.6,3.8,5.1,0,0,0,0.02,0,0,0,0,13,1984,1996,0,1359,4155,3761,491,1029,156,37,47,357,214,66,336,635,0.274,0.335,0.372,0.708,95,*8*7*H9,thompmi02,CF
166,Franklin Gutiérrez,0,17.4,1543,2.5,18.4,0.67,17.9,3.1,11.6,6.5,6.5,0,0,0,0,0,0,1,0.2,12,2005,2017,0,954,3335,3032,394,778,150,9,97,361,78,19,228,736,0.257,0.311,0.408,0.719,96,*8*9H7D,gutiefr01,CF
171,Ramón Laureano,0,16.5,1485,2.5,17.7,0.66,17.1,3.6,14.5,2.4,7.7,0,0,0,0,0,0,0,0,9,2018,2026,0,786,3015,2702,398,678,153,13,111,347,76,23,219,817,0.251,0.321,0.44,0.762,112,*897H/D,laurera01,CF
172,Harrison Bader,0,16.6,1452,2.5,17.4,0.658,17,3,10.4,8.4,7.3,0,0,0,0,0,0,0,0,10,2017,2026,0,945,3126,2821,400,692,134,14,92,331,105,33,217,766,0.245,0.31,0.401,0.71,95,*8H79/D,baderha01,CF
179,Enrique Hernández,0,15.7,1872,2.5,17.8,0.644,16.7,2.3,10.9,8.6,3.5,0,0,0,0,0,0,0,0,12,2014,2025,0,1275,4152,3719,515,877,200,15,130,470,17,6,358,840,0.236,0.305,0.403,0.707,91,*8*4H67593/1D,hernaen02,CF
180,Johnny Frederick,0,16.6,1712,2.5,16.6,0.642,16.6,3.3,17.2,-2.4,5.9,0,0,0,0.03,0,0,0,0,6,1929,1934,0,805,3364,3102,498,954,200,35,85,377,23,24,210,176,0.308,0.357,0.477,0.833,117,*89H7/3,fredejo01,CF
182,Sollyman,0,16.5,2063,2.5,16.5,0.638,16.5,2.2,13.5,0.6,2.7,0,0,0,0,0,0,1,0.3,14,1903,1916,0,1194,4712,4072,554,1095,162,60,19,498,208,3,421,323,0.269,0.34,0.352,0.692,104,*843976H/5,hofmaso01,CF
183,Emmet Heidrick,0,16.4,1548,2.5,16.3,0.636,16.3,3.5,15.3,-1.4,4.5,0,0,0,0,0,0,0,0,8,1898,1908,0,757,3310,3047,468,914,108,73,16,342,186,,146,202,0.3,0.333,0.399,0.732,114,*8/H75216,heidrem01,CF
185,Darryl Hamilton,0,15.9,2420,2.5,16.7,0.632,16.3,2,17.7,-0.7,-0.1,0,0,0,0,0,0,0,0,13,1988,2001,0,1328,5177,4577,707,1333,204,37,51,454,163,73,493,494,0.291,0.36,0.385,0.746,96,*897H/D,hamilda02,CF
186,Ned Hanlon,0,14.1,2526,2.5,18.1,0.63,16.1,2.3,19.5,-6.6,-0.8,0,0,0,0,0,0,0,0,13,1880,1892,0,1270,5577,5087,931,1318,159,79,30,518,329,,472,357,0.259,0.324,0.339,0.663,102,*O/46,hanlone01,2B
187,Harry Rice,0,16.1,2009,2.5,16.1,0.628,16.1,2.5,15.7,-2.6,0.1,0,1,1,0.45,0,0,0,0,10,1923,1933,0,1034,4248,3740,620,1118,186,63,48,501,59,60,376,194,0.299,0.368,0.421,0.789,105,*8*9H5/73462,riceha01,CF
188,Charlie Hemphill,0,16.2,2191,2.5,15.9,0.626,16.1,2.1,18.1,-7.4,-3.3,0,0,0,0,0,0,0,0,11,1899,1911,0,1242,5128,4541,580,1230,117,68,22,421,207,,435,429,0.271,0.337,0.341,0.678,106,*8*9H7/4,hemphch01,CF
189,Mickey Stanley,0,14.7,2306,2.5,17.4,0.624,16,1.9,15.5,1.3,-1.7,0,0,0,0.01,0,0,0,0,15,1964,1978,0,1516,5477,5022,641,1243,201,48,117,500,44,23,371,564,0.248,0.298,0.377,0.675,90,*8H3967/5D4,stanlmi01,CF
192,Wally Judnich,0,15.9,1665,2.5,15.9,0.618,15.9,3.3,17,-2.3,5.9,0,0,0,0.06,0,0,0,0.1,7,1940,1949,0,790,3207,2786,424,782,150,29,90,420,20,24,385,298,0.281,0.369,0.452,0.822,120,*83H/97,judniwa01,CF
193,Kevin Pillar,0,15.6,1959,2.5,16.1,0.616,15.8,2.1,10.7,6.5,1.1,0,0,0,0,0,0,0,0.1,13,2013,2025,0,1234,4409,4131,533,1053,245,16,114,469,111,36,176,767,0.255,0.293,0.405,0.697,87,*87H9/D1,pillake01,CF
194,Vic Davalillo,0,15.8,1801,2.5,15.7,0.614,15.8,1.7,12.2,1.4,1.9,0,0,0,0.02,0,0,0,0,16,1963,1980,1,1458,4296,4017,510,1122,160,37,36,329,125,58,212,422,0.279,0.315,0.364,0.68,94,*8*H973/D1,davalvi01,CF
195,Mike Devereaux,0,16.9,1881,2.5,14.6,0.612,15.8,2.2,10.9,4.7,0.8,0,0,1,0.28,0,0,0,0,12,1987,1998,0,1086,4102,3740,491,949,170,33,105,480,85,56,296,635,0.254,0.308,0.401,0.709,92,*89H7/D,devermi01,CF
196,Cedric Mullins,0,16.1,1676,2.5,15.4,0.61,15.8,2.9,16.1,1.6,4.3,0,0,1,0.21,0,0,1,0.2,9,2018,2026,1,866,3371,3004,420,733,146,22,106,351,157,41,278,686,0.244,0.313,0.413,0.726,103,*8H/D79,mullice01,CF
197,Mitch Webster,0,17.1,1855,2.5,14.3,0.608,15.7,1.8,12.3,-0.6,1.5,0,0,0,0,0,0,0,0,13,1983,1995,0,1265,3851,3419,504,900,150,55,70,342,160,73,325,578,0.263,0.33,0.401,0.73,101,*8*9*H7/D3,webstmi01,CF
198,Lee Mazzilli,0,15.7,2425,2.5,15.6,0.606,15.7,1.7,22.5,-10,-0.3,0,0,0,0,0,0,0,0,14,1976,1989,1,1475,4831,4124,571,1068,191,24,93,460,197,90,642,627,0.259,0.359,0.385,0.744,110,*8*H37D9,mazzile01,CF
199,Johnny Grubb,0,14.7,2308,2.5,16.6,0.604,15.7,1.9,23.6,-11.5,1.1,0,0,0,0,0,0,0,0,16,1972,1987,1,1424,4823,4154,553,1153,207,29,99,475,27,33,566,558,0.278,0.366,0.413,0.779,121,*8*7H9D/35,grubbjo01,CF
202,Irv Noren,0,16.1,1648,2.5,15,0.598,15.6,2.2,10.8,1.5,3.9,0,0,0,0.11,0,0,0,0,11,1950,1960,1,1093,3508,3119,443,857,157,35,65,453,34,24,335,350,0.275,0.348,0.41,0.758,105,*8*7H93,norenir01,CF
204,Jay Payton,0,15.3,2069,2.5,15.4,0.594,15.3,2,10.6,3.8,0.7,0,0,0,0,0,0,0,0,12,1998,2010,0,1259,4490,4154,561,1157,193,30,119,522,47,32,255,503,0.279,0.323,0.425,0.748,93,*8*7H9/D,paytoja01,CF
206,Ken Berry,0,15,1766,2.5,15.2,0.59,15.1,1.8,8,5.1,-0.5,0,0,0,0,0,0,0,0,14,1962,1975,1,1384,4545,4136,422,1053,150,23,58,343,45,46,298,569,0.255,0.308,0.344,0.652,91,*879H/D4,berryke01,CF
208,Gary Matthews,0,15.8,2212,2.5,14.2,0.586,15,1.8,12.4,1.8,-1.4,0,0,0,0,0,0,0,0.1,12,1999,2010,1,1281,4617,4103,612,1056,225,29,108,484,95,36,454,849,0.257,0.332,0.405,0.737,93,*897H/D,matthga02,CF
209,Fred Snodgrass,0,15.2,1710,2.5,14.6,0.584,14.9,2.6,13.2,-1.4,3,0,0,0,0,0,0,0,0.1,9,1908,1916,0,923,3669,3101,453,852,143,42,11,353,212,34,386,365,0.275,0.367,0.359,0.725,110,*873H9/245,snodgfr01,CF
210,Joc Pederson,0,15.4,2433,2.5,14.3,0.582,14.9,1.6,18.7,-8.9,-0.9,0,0,0,0,0,0,0,0,13,2014,2026,2,1411,4741,4057,620,957,194,18,221,585,31,27,552,1118,0.236,0.338,0.456,0.794,117,*8*7*DH9/3,pederjo01,CF
213,Ping Bodie,0,15.2,1848,2.5,14.2,0.576,14.7,2.2,15.1,-4.9,-2.1,0,0,0,0,0,0,0,0,9,1911,1921,0,1050,4182,3670,393,1011,169,72,43,514,83,39,312,381,0.275,0.335,0.396,0.731,110,*8*79H/43,bodiepi01,CF
215,Rube Oldring,0,14.7,2109,2.5,14.5,0.572,14.6,1.9,15.7,-5.9,-5.3,0,0,0,0,0,0,0,0,13,1905,1918,0,1239,5108,4690,616,1268,205,76,27,471,197,36,206,407,0.27,0.307,0.364,0.671,103,*8*759H/643,oldriru01,CF
220,Jack Smith,0,14.4,2307,2.5,13.9,0.562,14.1,1.6,15.7,-6.8,-2.5,0,0,0,0,0,0,0,0,15,1915,1929,0,1406,5032,4532,783,1301,182,71,40,382,228,76,334,348,0.287,0.339,0.385,0.724,103,*8*9H7,smithja03,CF
227,Whitey Witt,0,13.9,2084,2.5,13.6,0.548,13.8,1.9,17.5,-4.1,-4.2,0,0,0,0,0,0,0,0,10,1916,1926,0,1139,4780,4171,632,1195,144,62,18,300,78,43,489,309,0.287,0.362,0.364,0.726,98,*869H47/5,wittwh01,CF
234,Bobby Tolan,0,16.7,2071,2.5,10.1,0.534,13.4,1.3,8.4,-2,-4.9,0,0,0,0.07,0,0,0,0,13,1965,1979,0,1282,4664,4238,572,1121,173,34,86,497,193,100,258,587,0.265,0.314,0.382,0.696,95,*8*9H73,tolanbo01,CF
238,Chad Curtis,0,12.7,2313,2.5,14,0.526,13.4,1.9,15.8,-1.9,-1.9,0,0,0,0,0,0,0,0,10,1992,2001,0,1204,4650,4017,648,1061,195,16,101,461,212,98,510,676,0.264,0.349,0.396,0.745,95,*8*7H9D/4,curtich01,CF
243,Taylor Douthit,0,13.6,2094,2.5,12.8,0.516,13.2,1.9,9.8,1,-2,0,0,0,0.27,0,0,0,0,11,1923,1933,0,1074,4729,4127,665,1201,220,38,29,396,67,54,443,312,0.291,0.364,0.384,0.748,93,*8H/79,douthta01,CF
246,Mule Haas,0,13.6,2175,2.5,12.5,0.51,13,1.7,12.5,-2.2,-5.2,0,0,0,0,0,0,0,0,12,1925,1938,0,1168,4976,4303,706,1257,254,45,43,496,12,16,433,299,0.292,0.359,0.402,0.761,94,*89H3/7,haasmu01,CF
257,Juan Beníquez,0,13.4,2214,2.5,10,0.488,11.7,1.1,10.3,-2.5,-7.3,0,0,0,0.01,0,0,0,0,17,1971,1988,0,1500,5151,4651,610,1274,190,30,79,476,104,76,349,551,0.274,0.327,0.379,0.705,96,*87H9D356/4,beniqju01,CF
270,Omar Moreno,0,12.1,2587,2.5,9.6,0.462,10.8,1.1,6.4,2.7,-7.8,0,0,0,0.07,0,0,0,0,12,1975,1986,0,1382,5481,4992,699,1257,171,87,37,386,487,182,387,885,0.252,0.306,0.343,0.649,79,*8H9/7D,morenom01,CF
130,Merv Rettenmund,0,18.9,1550,0,20,0.742,19.5,3.2,17.4,-1.1,9.4,0,0,0,0.02,0,0,0,0.1,13,1968,1980,0,1023,3074,2555,393,693,114,16,66,329,68,28,445,382,0.271,0.381,0.406,0.786,123,*9*H78D/5,retteme01,RF
136,Orator Shafer,0,18,1564,0,19.4,0.73,18.7,3.6,14.3,0.4,8,0,0,0,0,0,1,2,0.7,13,1874,1890,0,871,3784,3552,601,1000,164,53,11,317,34,0,227,226,0.282,0.326,0.367,0.692,121,*O/345,shaffor01,1B
139,Branch Russell,0,16.8,1781,0,19.9,0.724,18.3,4.2,19.8,-2.1,9.1,0,0,0,0,0,0,0,0.1,11,1922,1932,0,767,3297,2883,633,890,134,73,57,492,71,,369,,0.309,0.391,0.465,0.856,128,*94567/8,russebr01,RF
144,Corbin Carroll,0,18,1342,0,18,0.714,18,5.5,17,-0.1,10.9,0,1,2,0.59,0,0,1,0.4,5,2022,2026,2,532,2272,1977,389,514,104,48,89,272,129,21,232,481,0.26,0.345,0.496,0.841,130,*987/HD,carroco02,RF
147,Bernie Carbo,0,16.7,1732,0,18.4,0.708,17.6,3,15.5,-1.5,7.2,0,0,0,0,0,0,0,0,12,1969,1980,0,1010,3320,2733,372,722,140,9,96,358,26,18,538,611,0.264,0.387,0.427,0.814,126,*97HD/5,carbobe01,RF
151,Ed Swartwood,0,17.3,1596,0,17.4,0.7,17.3,3.9,18.6,-4.4,9.6,0,0,0,0,0,0,3,0.6,9,1881,1892,0,725,3248,2880,608,863,120,63,14,229,120,,325,52,0.3,0.379,0.4,0.779,142,*O3/2156,swarted01,1B
152,Ellis Valentine,0,17.5,1688,0,17.1,0.698,17.3,3.1,12.3,1.1,6,0,0,0,0.01,0,0,1,0.1,10,1975,1985,1,894,3392,3166,380,881,169,15,123,474,59,37,180,462,0.278,0.315,0.458,0.773,113,*98H/7D,valenel01,RF
154,Mike Yastrzemski,0,17,1640,0,17.1,0.694,17.1,3.1,13.6,1.3,6.1,0,0,1,0.19,0,0,0,0.1,8,2019,2026,0,884,3279,2878,452,683,168,24,125,376,26,12,340,799,0.237,0.323,0.443,0.766,111,*987H/D1,yastrmi01,RF
155,Braggo Roth,0,16.8,1703,0,17.1,0.692,17,3.4,20.2,-6.7,4.4,0,0,0,0,0,0,0,0,8,1914,1921,0,811,3290,2831,427,804,138,73,30,422,190,41,335,389,0.284,0.367,0.416,0.783,124,*98H75,rothbr01,RF
157,Taffy Wright,0,16.4,1892,0,16.8,0.688,16.6,2.6,16.9,-4.2,4.3,0,0,0,0.03,0,0,0,0,9,1938,1949,0,1029,3982,3583,465,1115,175,55,38,553,32,33,346,155,0.311,0.376,0.423,0.799,115,*97H,wrighta01,RF
161,Gene Moore,0,17,1765,0,15.4,0.68,16.2,2.4,11.5,-0.7,2.2,0,0,0,0,0,0,1,0.2,14,1931,1945,1,1042,3914,3543,497,958,179,53,58,436,31,31,317,401,0.27,0.333,0.4,0.733,105,*9H87/3,moorege03,RF
163,Steve Evans,0,16,1813,0,16,0.676,16,2.7,18.8,-8,5.8,0,0,0,0,0,0,1,0.2,8,1908,1915,0,978,3900,3359,478,963,175,67,32,466,86,5,359,353,0.287,0.374,0.407,0.782,128,*93H7/8,evansst01,RF
165,Jay Johnstone,0,15.4,2330,0,16.5,0.672,15.9,1.5,13.5,-1.7,-1.1,0,0,0,0,0,0,0,0,20,1966,1985,0,1748,5229,4703,578,1254,215,38,102,531,50,54,429,632,0.267,0.329,0.394,0.722,103,*9*8*H73/D4,johnsja01,RF
171,Bruce Campbell,0,13.4,2770,0,17,0.66,15.2,2,19.6,-7.5,-1.4,0,0,0,0.01,0,0,0,0,13,1930,1942,0,1360,5370,4762,759,1382,295,87,106,766,53,50,548,584,0.29,0.367,0.455,0.822,110,*9H7,campbbr01,RF
172,Corey Hart,0,16,2153,0,14.4,0.658,15.2,2.2,15.5,-5.6,1.9,0,0,0,0,0,0,0,0,11,2004,2015,2,1048,4114,3729,549,1009,221,33,162,538,85,40,286,853,0.271,0.329,0.478,0.806,112,*93HD8/7,hartco01,RF
176,Owen Wilson,0,15.8,2147,0,14,0.65,14.9,1.8,10.2,-2.9,-2.3,0,0,1,0.2,0,0,0,0,9,1908,1916,0,1280,5044,4624,520,1246,157,114,59,570,98,25,241,539,0.269,0.311,0.391,0.702,105,*98/H7,wilsoch01,RF
181,Matt Joyce,0,14.6,2175,0,14.6,0.64,14.6,1.7,15.5,-6.1,-0.5,0,0,0,0,0,0,0,0,14,2008,2021,1,1400,4355,3718,537,898,206,15,149,503,35,23,559,935,0.242,0.342,0.425,0.767,111,*9*7*HD/8,joycema01,RF
183,Red Murray,0,14.5,2261,0,14.5,0.636,14.5,1.9,14.5,-6.4,-1.1,0,0,0,0.14,0,0,0,0,11,1906,1917,0,1264,4797,4334,554,1170,168,96,37,575,321,33,299,381,0.27,0.323,0.379,0.702,108,*9*78H/24,murrare01,RF
184,Matt Lawton,0,13.7,2834,0,15.2,0.634,14.4,1.8,21.1,-10.1,-3.8,0,0,0,0,0,0,0,0,12,1995,2006,2,1334,5570,4763,756,1273,267,17,138,631,165,66,681,613,0.267,0.368,0.417,0.785,105,*9*78HD,lawtoma02,RF
204,Max Flack,0,12.8,2596,0,12.3,0.594,12.5,1.4,11.8,-7,-4.4,0,0,0,0,0,0,0,0,12,1914,1925,0,1411,5913,5252,783,1461,212,72,35,391,200,71,474,253,0.278,0.342,0.366,0.708,101,*97H/8,flackma01,RF
213,Shano Collins,0,13.1,2886,0,9.7,0.576,11.4,0.9,6.8,-5.3,-17.9,0,0,0,0,0,0,0,0,16,1910,1925,0,1799,7050,6390,747,1687,310,133,22,708,226,103,331,575,0.264,0.306,0.364,0.671,90,*9*3*8H7/4,collish01,RF
237,Jeff Francoeur,0,13,2526,0,6.7,0.528,9.9,0.7,1.7,-0.5,-11.4,0,0,0,0,0,0,0,0,12,2005,2016,0,1480,5661,5260,626,1373,281,27,160,698,54,39,284,1080,0.261,0.303,0.416,0.719,91,*9H7/D851,francje02,RF
138,Bill Carrigan,0,13.6,862,12.5,13.7,0.726,13.7,3.1,12.7,5.4,4.6,0,0,0,0.05,0,0,0,0,10,1906,1916,0,709,2300,1970,194,506,67,14,6,235,37,14,206,187,0.257,0.334,0.314,0.648,94,*2H/3,carribi02,C
147,Mike LaValliere,0,12.2,1162,12.5,13.9,0.708,13.1,2.6,8.7,10,4.4,0,0,0,0,0,0,0,0,12,1984,1995,0,879,2871,2473,185,663,109,5,18,294,5,15,321,244,0.268,0.351,0.338,0.689,93,*2H/5,lavalmi01,C
152,Francisco Cervelli,0,11.8,1149,12.5,14.1,0.698,13,3.1,13.8,4.8,5.5,0,0,0,0,0,0,0,0,13,2008,2020,0,730,2618,2256,281,605,102,16,41,275,17,13,270,505,0.268,0.358,0.382,0.74,101,*2H/3D54,cervefr01,C
156,Ted Easterly,0,12.7,945,12.5,12.7,0.69,12.7,2.9,13.7,1.9,6,0,0,0,0,0,0,0,0.1,7,1909,1915,0,706,2195,2020,215,607,88,38,8,261,43,8,107,145,0.3,0.338,0.394,0.732,116,*2H9/87,eastete01,C
163,Aaron Robinson,0,12.1,1094,12.5,12.1,0.676,12.1,3.2,11.7,2.2,5.6,0,0,0,0.04,0,0,0,0,8,1943,1951,1,610,2191,1839,208,478,74,11,61,272,0,6,337,194,0.26,0.375,0.412,0.787,112,*2H,robinaa01,C
165,Les Nunamaker,0,12.3,886,12.5,11.9,0.672,12.1,2.7,11.5,4.3,3.1,0,0,0,0,0,0,0,0,12,1911,1922,0,716,2235,1990,194,533,75,30,2,216,36,14,176,200,0.268,0.332,0.339,0.67,95,*2H/39,nunamle01,C
168,Earl Smith,0,11.4,1242,12.5,11.6,0.666,11.5,2.2,14.9,-0.8,3.1,0,0,0,0,0,0,0,0,12,1919,1930,0,860,2576,2264,225,686,115,19,46,355,18,12,247,106,0.303,0.374,0.432,0.806,111,*2H/4,smithea02,C
170,Danny Jansen,0,10.9,989,12.5,11.9,0.662,11.4,3.1,10.4,5.3,4.8,0,0,0,0,0,0,0,0,9,2018,2026,0,629,2149,1873,255,408,87,2,90,265,1,2,219,452,0.218,0.31,0.411,0.721,99,*2H/D,janseda01,C
171,Alejandro Kirk,0,11.1,944,12.5,11.1,0.66,11.1,3.2,9.1,4.6,4.2,0,0,0,0,0,0,0,0,7,2020,2026,2,569,2091,1842,186,492,83,1,52,265,1,0,210,241,0.267,0.343,0.398,0.741,107,*2DH,kirkal01,C
172,Mitchell Murray,0,10.6,880,12.5,11.4,0.658,11,3.4,10.5,2.1,4.9,0,0,0,0,0,0,0,0,12,1920,1932,0,540,1824,1626,268,490,85,14,29,275,34,,156,,0.301,0.37,0.424,0.795,115,*2/319,murrami02,C
173,Jim Essian,0,11,883,12.5,10.9,0.656,11,2.5,8.8,6,3.7,0,0,0,0,0,0,0,0,12,1973,1984,0,710,2146,1855,194,453,85,3,33,207,9,13,231,171,0.244,0.327,0.347,0.673,90,*2H/5D374,essiaji01,C
174,John Jaso,0,11.2,1240,12.5,10.7,0.654,10.9,2.1,13.5,-3,1.8,0,0,0,0,0,0,0,0,9,2008,2017,0,808,2591,2224,295,573,143,12,55,281,16,10,319,412,0.258,0.356,0.407,0.763,112,*2HD39/7,jasojo01,C
177,Tommy Clarke,0,10.1,869,12.5,11.1,0.648,10.6,2.5,13.3,1.7,4.8,0,0,0,0.02,0,0,0,0,10,1909,1918,0,700,1990,1708,169,453,66,37,6,191,42,4,216,183,0.265,0.351,0.358,0.709,108,*2H/3,clarkto01,C
178,Jimmy Archer,0,10.4,1042,12.5,10.7,0.646,10.5,2,6.6,9.1,1.5,0,0,0,0.19,0,0,0,0,12,1904,1918,0,847,2883,2646,247,660,106,34,16,299,36,11,124,283,0.249,0.288,0.333,0.621,80,*23H/457,archeji01,C
180,Dave Nilsson,0,10.4,1616,12.5,10.6,0.642,10.5,2,12.3,-2.7,-0.1,0,0,0,0,0,0,0,0,8,1992,1999,1,837,3153,2779,389,789,157,10,105,470,15,18,320,424,0.284,0.356,0.461,0.817,110,*23D97H,nilssda01,C
181,Jim Keenan,0,10.7,867,12.5,10,0.64,10.3,3.1,6.3,6.2,5,0,0,0,0,0,0,0,0,11,1875,1891,0,527,2079,1881,254,451,60,36,22,208,41,0,177,179,0.24,0.312,0.345,0.657,98,*23/O516,keenaji01,C
182,Mike González,0,10.5,1200,12.5,10.1,0.638,10.3,1.6,7.9,6.1,-0.2,0,0,0,0,0,0,0,0,17,1912,1932,0,1042,3154,2829,283,717,123,19,13,263,52,11,231,198,0.253,0.314,0.324,0.638,81,*2H3/97,gonzami01,C
183,Mike Zunino,0,11.4,1356,12.5,9,0.636,10.2,1.6,9.7,5.4,-1.6,0,0,0,0,0,0,0,0,11,2013,2023,1,892,3098,2798,326,557,121,5,149,372,2,4,219,1088,0.199,0.271,0.406,0.676,87,*2H/D,zuninmi01,C
184,Matt Nokes,0,10.5,1415,12.5,9.8,0.634,10.2,1.8,12.5,0.8,-0.2,0,0,0,0,0,0,0,0,11,1985,1995,1,902,2997,2735,310,695,96,4,136,422,8,7,200,395,0.254,0.308,0.441,0.75,106,*2HD/3795,nokesma01,C
185,Dave Valle,0,10.3,1297,12.5,10,0.632,10.1,1.7,9,6.5,-0.7,0,0,0,0,0,0,0,0,13,1984,1996,0,970,3147,2775,314,658,121,12,77,350,5,7,258,413,0.237,0.314,0.373,0.687,86,*2H/3D9,valleda01,C
186,Shea Langeliers,0,10.1,976,12.5,10.1,0.63,10.1,3.4,11.3,1.4,4,0,0,0,0,0,0,1,0.2,5,2022,2026,0,477,1892,1726,229,422,89,7,100,264,14,5,137,483,0.244,0.302,0.478,0.78,115,*2D/H,langesh01,C
187,Bill Killefer,0,9.9,1043,12.5,10.3,0.628,10.1,1.6,2.4,14.1,-0.9,0,0,0,0,0,0,0,0,13,1909,1921,0,1035,3406,3150,237,751,86,21,4,240,39,12,113,159,0.238,0.273,0.283,0.555,63,*2H/37,killebi01,C
188,Gabriel Moreno,0,10,559,12.5,10,0.626,10,4.7,6.5,5.6,6.1,0,0,0,0,0,0,0,0,5,2022,2026,0,342,1210,1080,139,302,57,3,24,156,13,5,109,209,0.28,0.345,0.405,0.75,108,*2H/D547,morenga01,C
189,Jack O'Brien,0,10.3,1056,12.5,9.7,0.624,10,2.8,10.8,0.6,4.1,0,0,0,0,0,0,1,0.1,8,1882,1890,0,555,2380,2169,366,577,106,42,11,308,76,,180,31,0.266,0.331,0.369,0.7,116,23O5/64,o'brija01,C
190,Andy Etchebarren,0,9.1,1156,12.5,10.8,0.622,9.9,1.8,9.7,6.9,0.5,0,0,0,0.03,0,0,0,0,15,1962,1978,2,948,2934,2618,245,615,101,17,49,309,13,14,246,529,0.235,0.306,0.343,0.649,88,*2H,etchean01,C
191,Charlie Moore,0,9.5,1830,12.5,10.3,0.62,9.9,1.2,13.4,1.4,-4.5,0,0,0,0,0,0,0,0,15,1973,1987,0,1334,4483,4033,456,1052,187,43,36,408,51,57,346,470,0.261,0.319,0.355,0.675,89,*2*9H7/D845,moorech02,C
192,Ryan Jeffers,0,9.9,949,12.5,9.9,0.618,9.9,2.9,10.7,1.8,3.3,0,0,0,0,0,0,0,0,7,2020,2026,0,552,2003,1760,233,428,90,5,75,249,8,4,188,490,0.243,0.328,0.428,0.755,109,*2DH,jeffery01,C
193,David Ross,0,9.7,1255,12.5,10,0.616,9.9,1.8,7.3,7.2,2,0,0,0,0,0,0,0,0,15,2002,2016,0,883,2644,2280,254,521,116,5,106,314,3,5,287,735,0.229,0.316,0.423,0.739,94,*2H/1D,rossda01,C
194,Mitch Garver,0,10,1195,12.5,9.7,0.614,9.9,2.3,11.2,-1,1.8,0,0,0,0,0,0,0,0,10,2017,2026,0,674,2419,2099,293,484,93,7,107,312,5,2,278,652,0.231,0.326,0.434,0.761,111,*2DH/371,garvemi01,C
196,Clyde McCullough,0,10.2,1410,12.5,9.3,0.61,9.8,1.4,8.4,4.2,-3.6,0,0,0,0,0,0,0,0,15,1940,1956,2,1098,3462,3121,308,785,121,28,52,339,27,16,265,398,0.252,0.314,0.358,0.672,85,*2H/53,mcculcl01,C
197,Bill Rariden,0,10.6,1243,12.5,8.4,0.608,9.5,1.4,9.3,5.4,-0.5,0,0,0,0,0,0,1,0.3,12,1909,1920,0,982,3318,2877,272,682,105,24,7,275,47,1,340,256,0.237,0.32,0.298,0.618,81,*2H/54,raridbi01,C
198,Frank Duncan,0,8.5,1280,12.5,10.6,0.606,9.5,2,6.7,5.5,0.4,0,0,0,0,0,0,0,0,22,1920,1945,1,863,3139,2691,410,693,116,26,14,340,58,,319,,0.258,0.342,0.336,0.677,84,*23/978,duncafr02,C
199,Jay Clarke,0,9.9,666,12.5,9,0.604,9.4,2.9,10.1,2.3,2.4,0,0,0,0,0,0,0,0,9,1905,1920,0,506,1726,1536,157,390,64,20,6,127,16,0,138,186,0.254,0.318,0.333,0.652,102,*2H/3,clarkni01,C
200,Admiral Schlei,0,9.5,777,12.5,9.4,0.602,9.4,2.4,7.4,6.4,1.9,0,0,0,0,0,0,0,0,8,1904,1911,0,636,2187,1918,195,455,52,21,6,209,38,,172,178,0.237,0.307,0.296,0.603,83,*2H3/7,schlead01,C
201,Ozzie Virgil,0,9.8,1191,12.5,9,0.6,9.4,2,11.9,1.1,0.2,0,0,0,0,0,0,0,0,11,1980,1990,2,739,2555,2258,258,549,84,6,98,307,4,5,248,453,0.243,0.324,0.416,0.74,102,*2H/D,virgioz02,C
202,Charlie O'Brien,0,9.1,998,12.5,9.7,0.598,9.4,2,3.5,10.6,1.4,0,0,0,0,0,0,0,0,15,1985,2000,0,800,2560,2232,216,493,119,4,56,261,1,10,209,354,0.221,0.303,0.353,0.656,76,*2H,o'brich01,C
203,Ryan Doumit,0,9.9,1579,12.5,9,0.596,9.4,1.5,12.6,-1.9,-1.9,0,0,0,0,0,0,0,0,10,2005,2014,0,980,3407,3093,350,818,191,7,104,413,12,6,232,621,0.264,0.324,0.432,0.756,103,*2HD93/7,doumiry01,C
204,Ken O'Dea,0,9.5,1097,12.5,9.3,0.594,9.4,1.8,8.8,2.5,0.7,0,0,0,0,0,0,0,0,12,1935,1946,0,832,2514,2195,262,560,101,20,40,323,3,6,273,251,0.255,0.338,0.374,0.712,95,*2H,o'deake01,C
205,Joe Azcue,0,10.2,1186,12.5,8.6,0.592,9.4,1.5,7.8,6.3,-1.7,0,0,0,0,0,0,0,0,11,1960,1972,1,909,3095,2828,201,712,94,9,50,304,5,12,207,344,0.252,0.304,0.344,0.648,85,*2H,azcuejo01,C
206,John Grim,0,9.6,1118,12.5,9.2,0.59,9.4,2.1,6.1,6.6,-0.3,0,0,0,0,0,0,0,0,11,1888,1899,0,708,2812,2644,351,707,119,37,16,332,83,,87,84,0.267,0.303,0.359,0.661,82,*24/365O1,grimjo01,C
207,Ryan Hanigan,0,9.7,911,12.5,9,0.588,9.3,2.1,6.6,6.5,1.8,0,0,0,0,0,0,0,0,11,2007,2017,0,680,2269,1959,192,492,71,1,30,214,1,1,255,290,0.251,0.344,0.334,0.679,84,*2H/D,hanigry01,C
209,A.J. Ellis,0,9.3,968,12.5,9.2,0.584,9.2,2.2,9.2,3.9,1.9,0,0,0,0,0,0,0,0,11,2008,2018,0,672,2303,1948,194,466,82,3,44,229,2,4,280,414,0.239,0.34,0.352,0.693,94,*2H/D7,ellisaj01,C
210,Carson Kelly,0,9.7,1038,12.5,8.7,0.582,9.2,2,8.6,4.1,0.8,0,0,0,0,0,0,0,0,11,2016,2026,0,701,2353,2074,254,484,90,3,73,274,5,0,234,470,0.233,0.317,0.385,0.702,94,*2H/D135,kellyca02,C
212,Jim Leyritz,0,10.4,1392,12.5,8,0.578,9.2,1.4,11.5,-4,-2.2,0,0,0,0,0,0,0,0,11,1990,2000,0,903,2962,2527,325,667,107,2,90,387,7,7,337,581,0.264,0.362,0.415,0.777,106,*2DH359/74,leyriji01,C
213,Jack Lapp,0,9.3,735,12.5,9,0.576,9.2,2.6,11.7,0.7,1.8,0,0,0,0,0,0,0,0,9,1908,1916,0,567,1820,1581,168,416,59,26,5,166,16,15,177,175,0.263,0.34,0.343,0.683,104,*2H/3,lappja01,C
214,Frankie Pytlak,0,9.6,1173,12.5,8.6,0.574,9.1,1.7,6.8,4.2,-0.8,0,0,0,0,0,0,0,0,12,1932,1946,0,795,2718,2399,316,677,100,36,7,272,56,29,247,97,0.282,0.355,0.363,0.718,84,*2H/9,pytlafr01,C
215,Jason LaRue,0,9.3,1329,12.5,8.9,0.572,9.1,1.6,5.4,8.4,-0.7,0,0,0,0,0,0,0,0,12,1999,2010,0,922,3103,2719,307,628,148,7,96,348,14,11,237,760,0.231,0.315,0.396,0.712,84,*2H/3579D,larueja01,C
216,Frank Bowerman,0,8.9,1281,12.5,9.3,0.57,9.1,1.4,7.5,7.8,-3.7,0,0,0,0,0,0,0,0,15,1895,1909,0,1037,3662,3410,345,853,102,38,13,393,81,,130,242,0.25,0.287,0.314,0.601,77,*23H/46581,bowerfr01,C
217,Pop Snyder,0,10.3,1204,12.5,7.5,0.568,8.9,1.3,4,8.8,-3.5,0,0,0,0,0,0,1,0.2,18,1873,1891,0,930,3736,3643,433,855,124,41,9,384,33,9,83,203,0.235,0.254,0.299,0.552,72,*23/O64,snydepo01,C
218,Derek Norris,0,8.9,969,12.5,8.9,0.566,8.9,2.4,8.5,4,1.6,0,0,0,0,0,0,0,0,6,2012,2017,1,610,2195,1967,242,453,98,4,63,247,26,6,195,541,0.23,0.304,0.38,0.684,90,*2H/3D,norride01,C
219,Tom Pagnozzi,0,9.9,1247,12.5,7.7,0.564,8.8,1.3,2.2,10.1,-2.1,0,0,0,0,0,0,0,0,12,1987,1998,1,927,3142,2896,247,733,153,11,44,320,18,21,189,450,0.253,0.299,0.359,0.658,80,*2H3/5,pagnoto01,C
220,Chad Kreuter,0,9.8,1260,12.5,7.7,0.562,8.7,1.3,7.9,4.5,-2.3,0,0,0,0,0,0,0,0,16,1988,2003,0,944,2932,2505,289,593,123,8,54,274,5,7,361,593,0.237,0.335,0.357,0.692,84,*2H/D37,kreutch01,C
221,Travis d'Arnaud,0,9,1633,12.5,8.5,0.56,8.7,1.4,13.7,0.5,-3.2,0,0,0,0,0,0,0,0,14,2013,2026,1,967,3603,3280,395,802,171,6,130,462,3,1,255,763,0.245,0.306,0.419,0.725,97,*2HD/345,darnatr01,C
222,Yainer Diaz,0,8.6,774,12.5,8.6,0.558,8.6,3.3,7.8,2,3.1,0,0,0,0,0,0,0,0,5,2022,2026,0,427,1678,1591,184,439,82,4,61,229,3,2,59,294,0.276,0.302,0.448,0.75,107,*2DH/3,diazya02,C
223,Earl Williams,0,9.4,1597,12.5,7.9,0.556,8.6,1.4,12.4,-3.6,-3.6,0,0,0,0,0,0,0,0,8,1970,1977,0,889,3431,3058,361,756,115,6,138,457,2,5,298,574,0.247,0.318,0.424,0.742,106,*2*3H5D,williea02,C
224,Silver Flint,0,9.5,1013,12.5,7.8,0.554,8.6,1.7,4.4,8,-3,0,0,0,0,0,0,0,0.1,13,1875,1889,0,760,2968,2913,380,687,129,34,21,295,12,0,54,471,0.236,0.25,0.325,0.575,76,*2O/35,flintsi01,C
225,Billy Sullivan,0,8.5,1293,12.5,8.7,0.552,8.6,1.2,3.5,12.7,-6.4,0,0,0,0,0,0,0,0,16,1899,1916,0,1147,3994,3647,363,777,119,33,21,378,98,2,170,565,0.213,0.254,0.281,0.535,63,*2/H345796,sullibi03,C
226,Patsy Gharrity,0,9,937,12.5,8.3,0.55,8.6,2,7.3,2.3,-0.3,0,0,0,0,0,0,0,0,10,1916,1930,0,676,2247,1961,237,513,92,26,20,249,32,13,188,231,0.262,0.331,0.366,0.696,90,*2H37/89,gharrpa01,C
227,James McCann,0,9.3,1443,12.5,7.9,0.548,8.6,1.3,8.3,5.5,-4.5,0,0,0,0,0,0,0,0,13,2014,2026,1,980,3506,3224,338,777,137,10,97,396,15,10,203,897,0.241,0.293,0.38,0.673,83,*2HD/31,mccanja02,C
228,Damian Miller,0,8.2,1616,12.5,8.9,0.546,8.6,1.5,7.4,7.1,-2.1,0,0,0,0,0,0,0,0,11,1997,2007,1,989,3558,3182,361,834,205,4,87,406,5,5,303,772,0.262,0.329,0.411,0.74,89,*2H/D39,milleda02,C
229,Pat Moran,0,9.4,1019,12.5,7.7,0.544,8.6,1.5,6.7,6.3,-2,0,0,0,0,0,0,0,0,14,1901,1914,0,818,2871,2634,198,618,102,24,18,262,55,0,142,327,0.235,0.283,0.312,0.595,78,*2H5/3964,moranpa01,C
230,Darrin Fletcher,0,9.2,1907,12.5,7.7,0.542,8.5,1,10.3,3.6,-6.2,0,0,0,0,0,0,0,0,14,1989,2002,1,1245,4271,3902,377,1048,214,8,124,583,2,6,255,399,0.269,0.318,0.423,0.74,92,*2H/D,fletcda01,C
231,Kelly Shoppach,0,8.6,823,12.5,8.3,0.54,8.5,2.3,8.3,3.4,1.7,0,0,0,0,0,0,0,0,9,2005,2013,0,572,1855,1616,208,361,92,2,70,216,1,0,155,624,0.223,0.312,0.413,0.725,95,*2H/D,shoppke01,C
232,Christian Vázquez,0,9,1483,12.5,7.8,0.538,8.4,1.2,6.5,7.7,-4.4,0,0,0,0,0,0,0,0,12,2014,2026,0,1022,3612,3328,368,831,161,5,74,362,33,18,226,672,0.25,0.299,0.368,0.667,80,*2HD/354,vazquch01,C
233,Ira Thomas,0,8.4,518,12.5,8.4,0.536,8.4,2.8,5.6,5.6,2.6,0,0,1,0.19,0,0,0,0,10,1906,1915,0,484,1502,1352,124,327,46,17,3,155,20,1,82,141,0.242,0.296,0.308,0.604,82,*2H/3,thomair01,C
234,Jack Hiatt,0,8.1,638,12.5,8.5,0.534,8.3,2.9,8.4,1.6,3.7,0,0,0,0,0,0,0,0,9,1964,1972,0,483,1387,1142,110,287,51,5,22,154,0,1,224,295,0.251,0.374,0.363,0.737,109,*2H3/7,hiattja01,C
235,Butch Henline,0,8.8,1079,12.5,7.7,0.532,8.3,1.7,9,0.7,-0.1,0,0,0,0,0,0,0,0,11,1921,1931,0,740,2385,2101,258,611,96,21,40,268,18,12,192,156,0.291,0.361,0.414,0.774,97,*2H/738,henlibu01,C
236,Miguel Olivo,0,8.5,1780,12.5,8,0.53,8.2,1.2,8.8,5.4,-5.4,0,0,0,0,0,0,0,0,13,2002,2014,0,1124,3993,3765,435,905,177,26,145,490,53,34,158,1060,0.24,0.275,0.417,0.691,82,*2HD/3,olivomi01,C
237,Roberto Pérez,0,8.6,738,12.5,7.8,0.528,8.2,2.5,3.3,7.9,1.8,0,0,0,0,0,0,0,0,10,2014,2023,0,516,1769,1520,165,314,57,4,55,193,2,1,192,527,0.207,0.298,0.358,0.655,75,*2/HD3,perezro02,C
238,Jake Early,0,8.3,1060,12.5,8.1,0.526,8.2,1.8,6.2,4.2,0.4,0,0,0,0.02,0,0,0,0,9,1939,1949,1,747,2519,2208,216,532,98,23,32,264,7,8,281,259,0.241,0.33,0.35,0.679,89,*2H,earlyja01,C
239,Evan Gattis,0,8.2,1332,12.5,8.2,0.524,8.2,1.9,9.7,-3.3,-0.8,0,0,0,0,0,0,0,0,6,2013,2018,0,706,2662,2443,299,605,116,12,139,410,3,3,167,575,0.248,0.3,0.476,0.775,111,*D2H7/3,gattiev01,C
240,Barney Gilligan,0,9.2,664,12.5,7.2,0.522,8.2,2.2,4.4,5.8,-0.2,0,0,0,0,0,0,0,0,10,1879,1888,0,521,2012,1865,215,386,68,23,3,167,8,,147,235,0.207,0.265,0.273,0.538,70,*2O/6534,gilliba01,C
241,Joe Garagiola,0,8.2,993,12.5,8,0.52,8.1,1.9,8.9,1.3,-0.3,0,0,0,0,0,0,0,0,9,1946,1954,0,676,2170,1872,198,481,82,16,42,255,5,5,267,173,0.257,0.354,0.385,0.739,97,*2H,garagjo01,C
242,Clarence Palm,0,7.5,809,12.5,8.7,0.518,8.1,2.8,8.5,1.2,3.6,0,0,0,0,0,0,0,0,19,1927,1946,0,495,1583,1451,208,424,62,18,50,285,22,,115,,0.292,0.345,0.463,0.808,116,*2/79,palmcl01,C
243,Emil Gross,0,8,472,12.5,8,0.516,8,5.3,9.9,-0.2,4.5,0,0,0,0,0,0,0,0,5,1879,1884,0,248,1038,987,141,291,67,21,7,107,,,51,52,0.295,0.329,0.427,0.756,146,2/O,grossem01,C
244,Joe Sugden,0,8,1095,12.5,8.1,0.514,8,1.6,8.2,4.3,-3,0,0,0,0,0,0,0,0,13,1893,1912,0,836,3083,2729,303,696,72,25,3,283,48,0,220,165,0.255,0.318,0.303,0.621,78,*23/OH561,sugdejo01,C
245,Bruce Benedict,0,8.7,1200,12.5,7.3,0.512,8,1.2,3.2,9.9,-3.9,0,0,0,0,0,0,0,0,12,1978,1989,2,982,3295,2878,214,696,98,6,18,260,12,20,328,251,0.242,0.32,0.299,0.619,71,*2/H,benedbr01,C
246,Harry Bemis,0,8.6,862,12.5,7.5,0.51,8,1.7,10.4,1.4,-1.9,0,0,0,0,0,0,0,0,9,1902,1910,0,704,2415,2229,214,569,92,29,5,234,49,,79,263,0.255,0.292,0.329,0.621,91,*2H/3459,bemisha01,C
247,Pop Schriver,0,7.8,1239,12.5,8.1,0.508,8,1.6,9.7,2.4,-2.5,0,0,0,0,0,0,0,0,14,1886,1901,0,803,3042,2733,368,721,117,40,16,377,46,,227,167,0.264,0.33,0.353,0.683,88,*23/O5H46,schripo01,C
248,Tyler Stephenson,0,7.9,986,12.5,7.9,0.506,7.9,2.2,9,1.4,1,0,0,0,0,0,0,0,0,7,2020,2026,0,597,2116,1873,259,479,98,3,66,271,2,2,203,537,0.256,0.334,0.417,0.751,101,*2HD3/7,stephty01,C
249,Connie Mack,0,8.9,1106,12.5,6.9,0.504,7.9,1.6,5.7,4.8,-2.7,0,0,0,0,0,0,0,0,11,1886,1896,0,724,2949,2698,392,659,79,28,5,265,127,,170,127,0.244,0.305,0.3,0.604,72,*23O/46,mackco01,C
250,Tyler Flowers,0,7.9,1190,12.5,7.9,0.502,7.9,1.6,9.9,3,-1.4,0,0,0,0,0,0,0,0,12,2009,2020,0,802,2776,2456,267,582,111,5,86,301,2,6,227,852,0.237,0.319,0.391,0.71,91,*2H/D3,flowety01,C
251,Elrod Hendricks,0,8.4,911,12.5,7.4,0.5,7.9,1.7,7,4.1,-0.1,0,0,0,0,0,0,0,0,12,1968,1979,0,710,2155,1888,205,415,66,7,62,230,1,5,229,319,0.22,0.306,0.361,0.666,90,*2H/3D1,hendrel01,C
252,Bill Salkeld,0,7.8,556,12.5,7.8,0.498,7.8,3.6,8.2,0.7,3.9,0,0,0,0.02,0,0,0,0,6,1945,1950,0,356,1050,850,111,232,39,2,31,132,6,8,182,101,0.273,0.402,0.433,0.835,128,2H,salkebi01,C
253,Clint Courtney,0,8.4,1291,12.5,7.1,0.496,7.8,1.2,8.1,2.4,-2.7,0,0,0,0.02,0,0,0,0,11,1951,1961,0,946,3147,2796,260,750,126,17,38,313,3,16,264,143,0.268,0.339,0.366,0.705,94,*2H,courtcl01,C
254,Alex Treviño,0,7.6,1034,12.5,7.9,0.494,7.8,1.4,7.1,5.2,-1.3,0,0,0,0,0,0,0,0,13,1978,1990,0,939,2701,2430,245,604,117,10,23,244,19,11,205,317,0.249,0.31,0.333,0.643,81,*2H5/4379,trevial01,C
255,Dioner Navarro,0,8.4,1466,12.5,7,0.492,7.7,1.1,8.1,4.7,-5.3,0,0,0,0,0,0,0,0,13,2004,2016,1,1009,3551,3207,322,802,142,6,77,367,14,12,265,518,0.25,0.309,0.37,0.679,83,*2HD,navardi01,C
256,Nick Hundley,0,8.1,1488,12.5,7.3,0.49,7.7,1.2,9.9,3.1,-3.3,0,0,0,0,0,0,0,0,12,2008,2019,0,974,3373,3097,319,766,169,20,93,376,15,18,219,810,0.247,0.299,0.405,0.703,91,*2H/D7,hundlni01,C
257,Billy Sullivan,0,7.6,1393,12.5,7.6,0.488,7.6,1.3,8.3,0.3,-3.1,0,0,0,0.04,0,0,0,0,12,1931,1947,0,962,3130,2840,346,820,152,32,29,388,30,33,240,119,0.289,0.346,0.395,0.742,92,*2H3597/4,sullibi04,C
258,Eddie Ainsmith,0,8.3,1338,12.5,6.9,0.486,7.6,1,7.9,4.3,-6,0,0,0,0,0,0,0,0,15,1910,1924,0,1078,3430,3048,300,707,108,54,22,320,86,19,263,407,0.232,0.296,0.324,0.62,76,*2H/3719,ainsmed01,C
259,Stephen Vogt,0,8.4,1168,12.5,6.8,0.484,7.6,1.4,8.3,0.7,-2,0,0,0,0,0,0,0,0,10,2012,2022,2,794,2598,2348,259,560,121,13,82,313,5,5,210,491,0.239,0.301,0.406,0.707,93,*2H3D/97,vogtst01,C
260,Brian Schneider,0,8.4,1502,12.5,6.8,0.482,7.6,1.1,5.2,7.3,-4,0,0,0,0,0,0,0,0,13,2000,2012,0,1048,3570,3165,284,781,167,9,67,387,4,8,331,526,0.247,0.32,0.369,0.689,81,*2H/3D79,schnebr01,C
261,Pinky Hargrave,0,8,842,12.5,7.2,0.48,7.6,1.8,7.4,1.2,0.4,0,0,0,0,0,0,0,0,10,1923,1933,0,650,1786,1601,177,445,91,16,39,268,17,4,140,165,0.278,0.339,0.428,0.767,99,*2H/57,hargrpi01,C
262,Fred Jacklitsch,0,7.8,666,12.5,7.1,0.478,7.4,2.3,7,2.9,2.7,0,0,0,0,0,0,0,0,13,1900,1917,0,490,1592,1344,160,327,64,12,5,153,35,,201,258,0.243,0.349,0.32,0.669,98,*2H/348596,jacklfr01,C
263,Red Dooin,0,9.2,1480,12.5,5.7,0.476,7.4,0.7,7.9,6.3,-8.7,0,0,0,0,0,0,0,0,15,1902,1916,0,1290,4285,4004,333,961,139,31,10,344,133,6,155,328,0.24,0.272,0.298,0.57,72,*2H/738954,dooinre01,C
264,Dave Duncan,0,8.3,1288,12.5,6.5,0.474,7.4,1.1,9.8,2.7,-4.8,0,0,0,0,0,0,0,0,11,1964,1976,1,929,3192,2885,274,617,79,4,109,341,5,13,252,677,0.214,0.279,0.357,0.636,85,*2H/D3,duncada01,C
265,Greg Myers,0,7.4,1472,12.5,7.3,0.472,7.4,1.1,6.7,5,-4.2,0,0,0,0,0,0,0,0,18,1987,2005,0,1108,3352,3042,333,776,150,7,87,396,3,12,268,539,0.255,0.313,0.395,0.708,86,*2HD,myersgr01,C
266,George Mitterwald,0,8.6,1194,12.5,6.1,0.47,7.3,1.1,4.6,6.3,-3.8,0,0,0,0,0,0,0,0,11,1966,1977,0,887,2919,2645,251,623,93,7,76,301,14,17,222,607,0.236,0.296,0.362,0.658,80,*2H3/D7,mittege01,C
267,Clyde Kluttz,0,7.3,810,12.5,7.3,0.468,7.3,1.8,4.9,4.4,0,0,0,0,0,0,0,0,0,9,1942,1952,0,656,2077,1903,172,510,90,8,19,212,5,3,132,119,0.268,0.318,0.354,0.671,86,*2H,kluttcl01,C
268,Charlie Ganzel,0,6.5,1207,12.5,8,0.466,7.3,1.6,4,7.2,-3.1,0,0,0,0,0,0,0,0,14,1884,1897,0,787,3184,2987,421,774,91,45,10,412,60,,162,124,0.259,0.301,0.33,0.631,73,*2O43/65,ganzech01,C
269,Mike Redmond,0,8.2,957,12.5,6.3,0.464,7.2,1.3,6.1,4,-1.8,0,0,0,0,0,0,0,0,13,1998,2010,0,764,2503,2264,208,649,117,3,13,243,1,2,145,255,0.287,0.342,0.358,0.7,86,*2H/D35,redmomi01,C
270,Boss Schmidt,0,7.2,513,12.5,7.2,0.462,7.2,2.4,5.1,5.4,1,0,0,0,0,0,0,0,0,6,1906,1911,0,477,1611,1480,137,360,41,22,3,124,23,,36,109,0.243,0.27,0.307,0.577,80,*2H/9,schmibo01,C
271,Gerald Laird,0,7.9,1080,12.5,6.5,0.46,7.2,1.3,5.1,6.3,-3.1,0,0,0,0,0,0,0,0,13,2003,2015,0,799,2734,2452,314,597,137,9,38,238,21,11,193,494,0.243,0.305,0.353,0.658,74,*2H/D3597,lairdge01,C
272,Bob Wood,0,7.2,563,12.5,7.2,0.458,7.2,3,7.6,1.6,2.2,0,0,0,0,0,0,0,0,7,1898,1905,0,383,1374,1246,149,350,73,15,2,168,15,,89,33,0.281,0.338,0.368,0.707,101,2/53H9476,woodbo01,C
273,Wilbert Robinson,0,7.7,2238,12.5,6.5,0.456,7.1,0.8,11.8,2.4,-10.2,0,0,0,0,0,0,0,0,17,1886,1902,0,1371,5433,5075,637,1388,212,51,18,722,196,,286,323,0.273,0.316,0.346,0.662,83,*23/OH,robinwi01,C
274,Larry Brown,0,6.6,1031,12.5,7.5,0.454,7.1,1.6,6.9,2.2,-0.7,0,0,0,0,0,0,0,0,22,1923,1947,7,741,2499,2182,258,568,89,31,13,281,19,0,254,,0.26,0.343,0.347,0.69,88,*2/3957,brownla02,C
275,Tucker Barnhart,0,7.2,1269,12.5,6.9,0.452,7.1,1.2,4.3,7.9,-3.3,0,0,0,0,0,0,0,0,12,2014,2025,0,920,3103,2749,254,662,131,6,53,292,8,5,297,653,0.241,0.318,0.351,0.669,79,*2H/3159,barnhtu01,C
276,John Wockenfuss,0,6.9,1178,12.5,7.1,0.45,7,1.4,11.4,-5.2,-0.7,0,0,0,0,0,0,0,0,12,1974,1985,0,795,2373,2072,267,543,73,11,86,310,5,11,277,278,0.262,0.349,0.432,0.782,115,2H3D97/5,wockejo01,C
277,Gene Oliver,0,7.3,1185,12.5,6.5,0.448,6.9,1.3,10.4,-3.3,-2.9,0,0,0,0,0,0,0,0,10,1959,1969,0,786,2467,2216,268,546,111,5,93,320,24,21,215,420,0.246,0.315,0.427,0.742,103,*23H7/9,olivege01,C
278,Kirt Manwaring,0,8.7,1200,12.5,5.2,0.446,6.9,0.8,-0.1,10.5,-5.1,0,0,0,0,0,0,0,0,13,1987,1999,0,1008,3338,2982,248,733,111,20,21,278,10,19,243,505,0.246,0.311,0.318,0.629,69,*2/HD,manwaki01,C
279,Jonah Heim,0,6.9,940,12.5,6.9,0.444,6.9,1.8,6.1,4.3,-0.6,0,0,0,0,0,0,0,0,7,2020,2026,1,626,2261,2074,226,465,91,2,69,290,11,2,162,431,0.224,0.281,0.37,0.651,84,*2DH,heimjo01,C
280,Freddy Fermin,0,6.9,415,12.5,6.9,0.442,6.9,3.4,2.9,5.7,3.4,0,0,0,0,0,0,0,0,5,2022,2026,0,328,1050,963,110,246,41,1,20,97,3,4,63,205,0.255,0.304,0.362,0.666,86,2/DH4,fermifr01,C
281,Doug Allison,0,6.8,481,12.5,6.9,0.44,6.8,3.5,4.9,3.2,1.9,0,0,0,0,0,0,0,0,10,1871,1883,0,318,1431,1407,236,382,44,10,2,139,5,2,24,44,0.271,0.284,0.321,0.605,93,2O/3416,allisdo01,C
282,Poindexter Williams,0,6.9,690,12.5,6.8,0.438,6.8,2.4,6.7,0.9,1.7,0,0,0,0,0,0,0,0,10,1921,1933,0,448,1500,1397,169,415,62,25,22,247,10,,87,,0.297,0.343,0.424,0.768,106,*2/3957,willipo02,C
283,Frank Fernández,0,6.8,455,12.5,6.8,0.436,6.8,3.9,5.9,2.3,3.6,0,0,0,0,0,0,0,0,6,1967,1972,0,285,908,727,92,145,21,2,39,116,4,4,164,231,0.199,0.35,0.395,0.744,114,2H/97,fernafr01,C
284,Tom Young,0,6.9,583,12.5,6.6,0.434,6.8,3.1,6.3,1.1,2.7,0,0,0,0,0,0,0,0,10,1926,1941,1,346,1165,1058,183,314,56,24,11,190,33,,99,,0.297,0.359,0.426,0.785,111,2/87,youngto01,C
285,Gabby Street,0,7,520,12.5,6.5,0.432,6.8,2.1,3.8,6,0,0,0,0,0,0,0,0,0,8,1904,1931,0,504,1689,1501,98,312,44,11,2,105,17,0,119,144,0.208,0.273,0.256,0.529,66,*2/H,streega01,C
286,Jake Gibbs,0,6.8,674,12.5,6.7,0.43,6.7,2,3.8,6.1,0.5,0,0,0,0,0,0,0,0,10,1962,1971,0,538,1795,1639,157,382,53,8,25,146,28,22,120,231,0.233,0.289,0.321,0.61,81,*2H/5,gibbsja01,C
287,Martín Maldonado,0,7.2,1541,12.5,6.2,0.428,6.7,0.8,2.3,11.6,-7.3,0,0,0,0,0,0,0,0,15,2011,2025,0,1230,4028,3596,369,731,138,4,119,384,3,5,304,1107,0.203,0.277,0.343,0.62,69,*2H/31,maldoma01,C
288,Mack Eggleston,0,6.9,833,12.5,6.2,0.426,6.6,2,5.8,1.2,0.1,0,0,0,0,0,0,0,0.1,12,1920,1934,0,509,1867,1645,219,442,74,22,24,248,21,,180,,0.269,0.345,0.384,0.729,96,*295/734861,egglema01,C
289,Fran Healy,0,6.6,648,12.5,6.5,0.424,6.6,2.3,6.1,3.3,1.4,0,0,0,0,0,0,0,0,9,1969,1978,0,470,1496,1326,145,332,60,6,20,141,30,17,154,242,0.25,0.329,0.35,0.679,91,*2H/D,healyfr02,C
290,Verne Clemons,0,6.5,582,12.5,6.5,0.422,6.5,2.2,7.1,1.1,1.8,0,0,0,0,0,0,0,0,7,1916,1924,0,474,1415,1271,78,364,56,11,5,140,6,1,119,62,0.286,0.348,0.36,0.708,98,*2H,clemove01,C
291,Jarrod Saltalamacchia,0,7.1,1474,12.5,5.9,0.42,6.5,1.1,10,0.7,-5.1,0,0,0,0,0,0,0,0,12,2007,2018,0,895,3191,2852,377,662,161,6,110,381,5,7,304,984,0.232,0.306,0.408,0.715,91,*2H3D,saltaja01,C
292,Chris Fulmer,0,6.5,472,12.5,6.5,0.418,6.5,4.2,4.1,3.2,4.5,0,0,0,0,0,0,0,0,5,1884,1889,0,252,1004,876,176,216,37,9,1,85,76,,122,65,0.247,0.343,0.313,0.655,106,2O/31,fulmech02,C
293,Ed Taubensee,0,7.5,1501,12.5,5.5,0.416,6.5,0.9,12,-2,-4.2,0,0,0,0,0,0,0,0,11,1991,2001,0,975,3178,2874,351,784,151,9,94,419,11,10,255,574,0.273,0.331,0.43,0.761,99,*2H/3D79,taubeed01,C
294,Elias Díaz,0,7.2,1187,12.5,5.8,0.414,6.5,1.1,4.9,5.4,-3.3,0,0,0,0,0,0,0,0,12,2015,2026,1,839,2820,2591,278,638,132,4,72,329,2,2,191,558,0.246,0.3,0.384,0.684,81,*2H/D,diazel01,C
295,Omar Narváez,0,7.1,997,12.5,5.9,0.412,6.5,1.4,8.9,0.8,-1.8,0,0,0,0,0,0,0,0,10,2016,2025,1,681,2308,2023,229,509,83,2,53,206,0,2,242,436,0.252,0.335,0.373,0.708,95,*2HD/43,narvaom01,C
296,William Clarke,0,8.2,1322,12.5,4.8,0.41,6.5,0.8,6,3,-8.5,0,0,0,0,0,0,0,0,13,1893,1905,0,950,3684,3346,394,858,110,32,20,429,54,,176,218,0.256,0.31,0.326,0.637,75,*23/H,clarkbo02,C
297,Manny Piña,0,6.5,560,12.5,6.3,0.408,6.4,2.5,3.4,4.9,2.3,0,0,0,0,0,0,0,0,10,2011,2023,0,418,1255,1126,133,274,55,2,43,149,4,1,94,261,0.243,0.312,0.41,0.722,90,*2H/D35,pinama01,C
298,Charlie Berry,0,6.9,927,12.5,5.9,0.406,6.4,1.4,4.4,3.4,-2.3,0,0,0,0,0,0,0,0,11,1925,1938,0,709,2217,2018,196,539,88,29,23,256,13,7,160,196,0.267,0.322,0.374,0.696,84,*2H,berrych02,C
299,Curt Casali,0,6.2,676,12.5,6.6,0.404,6.4,2,5,4.3,1.4,0,0,0,0,0,0,0,0,11,2014,2024,0,543,1579,1367,157,298,61,1,48,162,2,2,169,423,0.218,0.312,0.369,0.682,85,*2H/3D45,casalcu01,C
300,Ed Herrmann,0,6.9,1260,12.5,5.9,0.402,6.4,1,8.8,2.2,-4.7,0,0,0,0,0,0,0,0,11,1967,1978,1,922,3057,2729,247,654,92,4,80,320,6,8,260,361,0.24,0.31,0.364,0.674,91,*2HD,herrmed01,C
301,Pat Collins,0,7.1,702,12.5,5.6,0.4,6.4,1.7,6.9,-0.1,-0.1,0,0,0,0,0,0,0,0,10,1919,1929,0,543,1480,1204,146,306,46,6,33,168,4,4,235,202,0.254,0.378,0.385,0.762,98,*2H/3,collipa01,C
302,Joe Greene,0,6.3,448,12.5,6.4,0.398,6.3,4.4,6.1,0.6,3.6,0,0,0,0,0,0,2,0.6,11,1932,1948,3,236,863,723,135,193,32,20,16,125,12,,123,,0.267,0.376,0.433,0.809,135,2/3791,greenjo04,C
303,Joe Girardi,0,7.1,1769,12.5,5.6,0.396,6.3,0.7,4.8,7.9,-8.8,0,0,0,0,0,0,0,0,15,1989,2003,1,1277,4535,4127,454,1100,186,26,36,422,44,31,279,607,0.267,0.315,0.35,0.666,72,*2H/D,girarjo01,C
304,Chris Cannizzaro,0,6.4,846,12.5,6.2,0.394,6.3,1.4,4.3,5.9,-1.7,0,0,0,0,0,0,0,0,13,1960,1974,1,740,2240,1950,132,458,66,12,18,169,3,17,241,354,0.235,0.319,0.309,0.628,78,*2H/9,cannich01,C
305,William Fischer,0,6.3,521,12.5,6.3,0.392,6.3,2.5,7.3,1.4,3,0,0,0,0,0,0,0,0,5,1913,1917,0,412,1226,1099,109,301,50,15,10,115,20,1,90,66,0.274,0.332,0.374,0.706,110,*2H/3,fischwi01,C
306,John Wathan,0,7.6,1163,12.5,4.9,0.39,6.2,0.9,6.2,1.4,-4,0,0,0,0,0,0,0,0,10,1976,1985,0,860,2764,2505,305,656,90,25,21,261,105,36,199,265,0.262,0.318,0.343,0.661,83,*23H9/7D,wathajo01,C
307,Rod Barajas,0,7.8,1618,12.5,4.6,0.388,6.2,0.7,5.5,5.6,-8,0,0,0,0,0,0,0,0,14,1999,2012,0,1114,3784,3460,396,812,187,1,136,480,2,2,207,638,0.235,0.284,0.407,0.691,79,*2H/3D,barajro01,C
308,Tom Lampkin,0,6.1,900,12.5,6.2,0.386,6.2,1.3,5,4,-0.4,0,0,0,0,0,0,0,0,13,1988,2002,0,777,2052,1796,224,422,78,8,56,236,23,17,193,286,0.235,0.319,0.381,0.7,86,*2H/7D93,lampkto01,C
310,Yorvit Torrealba,0,6.7,1332,12.5,5.4,0.382,6.1,1,5.9,4.7,-4.7,0,0,0,0,0,0,0,0,13,2001,2013,0,907,3183,2875,306,737,162,12,56,339,19,17,222,544,0.256,0.315,0.379,0.694,80,*2H/D37,torreyo01,C
311,Walter Schmidt,0,6.4,925,12.5,5.7,0.38,6.1,1.2,2.4,6.8,-2.9,0,0,0,0,0,0,0,0,10,1916,1925,0,766,2635,2411,216,619,63,20,3,234,57,16,137,105,0.257,0.301,0.303,0.604,69,*2H/9,schmiwa01,C
312,Jacob Stallings,0,7.4,755,12.5,4.6,0.378,6,1.3,2.5,5.6,-1.4,0,0,0,0,0,0,0,0,10,2016,2025,0,575,1922,1705,165,395,82,2,33,193,1,1,174,435,0.232,0.311,0.34,0.651,77,*2H/1D3,stallja01,C
313,John Henry,0,6.4,786,12.5,5.5,0.376,6,1.3,4.8,4.7,-3.4,0,0,0,0,0,0,0,0,9,1910,1918,0,687,2260,1920,161,397,54,15,2,171,55,12,244,271,0.207,0.303,0.254,0.557,65,*23/H,henryjo02,C
314,Ed Ott,0,6,812,12.5,5.9,0.374,5.9,1.7,5.1,4,-0.6,0,0,0,0,0,0,0,0,8,1974,1981,0,567,1961,1792,196,465,76,10,33,195,14,16,138,254,0.259,0.311,0.368,0.68,86,*2H/79,otted01,C
315,Lew Brown,0,5.9,599,12.5,5.9,0.372,5.9,2.5,5.3,2.2,0.9,0,0,0,0,0,0,0,0,7,1876,1884,0,378,1576,1531,205,379,83,31,10,169,,,45,155,0.248,0.269,0.362,0.631,103,23/O1,brownle01,C
316,Rollie Hemsley,0,7.8,2201,12.5,3.9,0.37,5.9,0.4,2.7,6,-14.8,0,0,1,0.22,0,0,0,0,19,1928,1947,5,1593,5513,5047,562,1321,257,72,31,555,29,22,357,395,0.262,0.311,0.36,0.671,74,*2H/7389,hemslro01,C
317,Ron Hodges,0,5.5,693,12.5,6.1,0.368,5.8,1.5,6.1,2.6,0.6,0,0,0,0,0,0,0,0,12,1973,1984,0,666,1683,1426,119,342,56,2,19,147,10,13,224,217,0.24,0.342,0.322,0.663,88,*2H,hodgero01,C
318,John Buck,0,5.7,1749,12.5,5.8,0.366,5.8,0.9,11,1.6,-7.9,0,0,0,0,0,0,0,0,11,2004,2014,1,1090,4009,3612,389,844,172,9,134,491,6,12,307,959,0.234,0.301,0.398,0.698,86,*2H/D3,buckjo01,C
319,Mickey Owen,0,6.8,1538,12.5,4.6,0.364,5.7,0.6,3.6,4.7,-9.7,0,1,1,0.31,0,0,0,0,13,1937,1954,4,1209,4074,3649,338,929,163,21,14,378,36,18,326,181,0.255,0.318,0.322,0.64,76,*2H/546,owenmi01,C
320,Buck Martinez,0,6.9,1175,12.5,4.5,0.362,5.7,0.7,3.2,7.6,-5.7,0,0,0,0,0,0,0,0,17,1969,1986,0,1049,3072,2743,245,618,128,10,58,321,5,10,230,419,0.225,0.284,0.343,0.627,73,*2H/D19,martibu01,C
321,Jerry May,0,6,643,12.5,5.3,0.36,5.7,1.6,3.6,4.9,-0.8,0,0,0,0,0,0,0,0,10,1964,1973,0,556,1716,1527,120,357,63,10,15,130,1,2,157,293,0.234,0.307,0.318,0.625,81,*2H,mayje01,C
322,Jeff Reed,0,6.9,1519,12.5,4.4,0.358,5.7,0.6,5.4,4.4,-6.8,0,0,0,0,0,0,0,0,17,1984,2000,0,1234,3566,3101,311,774,144,10,61,323,7,9,391,566,0.25,0.334,0.361,0.695,82,*2H/5D,reedje02,C
323,Sam Agnew,0,5.6,520,12.5,5.6,0.356,5.6,1.6,1.2,7.7,-1.3,0,0,0,0.03,0,0,0,0,7,1913,1919,0,563,1722,1537,105,314,41,14,2,98,29,10,102,216,0.204,0.265,0.253,0.518,56,*2/H,agnewsa01,C
324,Toby Hall,0,6.4,985,12.5,4.7,0.354,5.6,1.1,3,6.1,-4.2,0,0,0,0,0,0,0,0,9,2000,2008,0,686,2514,2350,211,616,123,1,46,269,2,8,104,216,0.262,0.297,0.374,0.671,78,*2/HD35,hallto02,C
325,Ronny Paulino,0,5.7,851,12.5,5.4,0.352,5.6,1.5,4.4,4,-0.8,0,0,0,0,0,0,0,0,8,2005,2012,0,573,2032,1867,181,508,93,1,33,216,4,2,145,328,0.272,0.324,0.376,0.7,85,*2H/D,pauliro01,C
326,Glenn Borgmann,0,5.5,589,12.5,5.6,0.35,5.5,1.9,4.2,4.6,0.2,0,0,0,0,0,0,0,0,9,1972,1980,0,474,1526,1294,137,296,42,4,16,151,4,3,191,191,0.229,0.325,0.304,0.63,79,*2/HD,borgmgl01,C
327,Drake Baldwin,0,5.5,355,12.5,5.5,0.348,5.5,5.2,6,0.3,3.4,0,0,0,0,0,0,0,0.1,2,2025,2026,0,172,662,593,95,168,24,2,32,118,1,1,62,112,0.283,0.356,0.492,0.849,138,2D/H,baldwdr01,C
328,Jim Stephens,0,5.5,448,12.5,5.5,0.346,5.5,2.1,3.5,4.6,0.1,0,0,0,0,0,0,0,0,6,1907,1912,0,428,1384,1252,95,276,30,21,3,97,14,2,77,169,0.22,0.273,0.285,0.558,73,*2H,stephji01,C
329,Del Rice,0,6.1,1746,12.5,4.7,0.344,5.4,0.6,4.4,5.1,-11.6,0,0,0,0,0,0,0,0,17,1945,1961,1,1309,4314,3826,342,908,177,20,79,441,2,3,382,522,0.237,0.312,0.356,0.668,78,*2H,ricede01,C
330,Bob Stinson,0,6.4,791,12.5,4.3,0.342,5.4,1.1,7.8,0.2,-2.2,0,0,0,0,0,0,0,0,12,1969,1980,0,652,1921,1634,166,408,61,7,33,180,8,10,201,254,0.25,0.337,0.356,0.693,93,*2H/7D93458,stinsbo01,C
331,Jim Hegan,0,6.2,2113,12.5,4.5,0.34,5.4,0.4,1.2,8.7,-11.7,0,0,0,0.04,0,0,0,0,17,1941,1960,5,1666,5322,4772,550,1087,187,46,92,525,15,24,456,742,0.228,0.295,0.344,0.639,74,*2H,heganji01,C
332,Kenji Johjima,0,5.3,734,12.5,5.3,0.338,5.3,1.9,6.7,1.6,-0.8,0,0,0,0,0,0,0,0,4,2006,2009,0,462,1722,1609,166,431,84,1,48,198,7,5,66,148,0.268,0.31,0.411,0.721,91,*2/HD,johjike01,C
333,Doug Mirabelli,0,5.9,761,12.5,4.8,0.336,5.3,1.4,4.5,2.9,-0.9,0,0,0,0,0,0,0,0,12,1996,2007,0,566,1655,1456,162,337,78,2,58,206,3,0,165,415,0.231,0.317,0.407,0.724,87,*2H/D3,mirabdo01,C
334,Jim Brown,0,5.5,1146,12.5,5.1,0.334,5.3,1.2,6,-1.3,-3.4,0,0,0,0,0,0,0,0,16,1920,1937,0,701,2552,2295,368,631,107,36,17,365,73,,212,,0.275,0.339,0.375,0.715,93,*239/758416,brownji04,C
335,Al Todd,0,6.3,1172,12.5,4.3,0.332,5.3,0.8,3.6,3.1,-5.9,0,0,0,0,0,0,0,0,11,1932,1943,0,863,2940,2785,286,768,119,29,35,366,18,17,104,243,0.276,0.307,0.377,0.684,83,*2H/7,toddal01,C
336,Iván Herrera,0,5.3,480,12.5,5.3,0.33,5.3,3.4,6.4,-1.5,2.2,0,0,0,0,0,0,0,0,5,2022,2026,0,249,987,842,122,237,39,1,28,118,14,2,104,190,0.281,0.375,0.43,0.805,130,D2/H7,herreiv01,C
337,Alva Williams,0,5.3,539,12.5,5.3,0.328,5.3,1.7,6.2,0,-0.1,0,0,0,0,0,0,0,0,7,1911,1918,0,497,1365,1186,111,314,51,23,2,145,27,8,95,123,0.265,0.328,0.352,0.68,97,2H3/957,williri01,C
338,Bill Perkins,0,6.1,825,12.5,4.4,0.326,5.3,1.4,4.9,0.2,-1.4,0,0,0,0,0,0,0,0.1,16,1928,1948,2,500,1835,1678,239,469,65,28,29,281,20,,128,,0.279,0.333,0.403,0.736,96,*279/3586,perkibi01,C
339,Ed Sweeney,0,6,754,12.5,4.5,0.324,5.3,1.1,6.6,1.9,-3.9,0,0,0,0,0,0,0,0,9,1908,1919,0,644,2128,1841,173,427,48,13,3,151,63,14,181,182,0.232,0.31,0.277,0.587,73,*2H/39,sweenje02,C
340,Tom Murphy,0,5.7,520,12.5,4.8,0.322,5.3,2.4,4.8,1.7,1.3,0,0,0,0,0,0,0,0,9,2015,2024,0,327,1055,945,117,226,46,2,49,128,3,1,94,339,0.239,0.31,0.448,0.757,104,2H/D17,murphto04,C
341,Oscar Stanage,0,6,1283,12.5,4.5,0.32,5.2,0.7,7.4,4.1,-10.7,0,0,0,0,0,0,0,0,14,1906,1925,0,1096,3857,3503,248,819,123,34,8,328,30,6,219,464,0.234,0.284,0.295,0.579,69,*2/H36,stanaos01,C
342,Red Wilson,0,5.9,867,12.5,4.6,0.318,5.2,1.2,5.2,2,-1.8,0,0,0,0,0,0,0,0,10,1951,1960,0,602,2038,1765,206,455,84,8,24,189,25,12,215,163,0.258,0.338,0.355,0.694,87,*2H,wilsore01,C
343,Keibert Ruiz,0,5.2,790,12.5,5.2,0.316,5.2,1.7,5.2,3.2,-1.1,0,0,0,0,0,0,0,0,7,2020,2026,0,503,1945,1816,175,450,92,0,48,222,11,5,93,215,0.248,0.291,0.378,0.669,88,*2H/D,ruizke01,C
344,Con Daily,0,6.3,967,12.5,4,0.314,5.2,1,5.7,1.6,-4.4,0,0,0,0,0,0,0,0,12,1885,1896,0,629,2454,2215,280,541,74,22,2,262,94,,208,208,0.244,0.315,0.3,0.615,76,*2O3/564,dailyco01,C
345,Joe Tipton,0,5.1,586,12.5,5.1,0.312,5.1,2,3.9,2.4,1.1,0,0,0,0,0,0,0,0,7,1948,1954,0,417,1325,1117,116,264,36,5,29,125,3,3,186,142,0.236,0.351,0.355,0.706,92,*2H,tiptojo01,C
346,Todd Pratt,0,6,855,12.5,4.3,0.31,5.1,1,5.6,1.3,-1.4,0,0,0,0,0,0,0,0,14,1992,2006,0,662,1869,1612,194,404,84,3,49,224,6,2,208,454,0.251,0.344,0.398,0.741,94,*2H/3D7,prattto02,C
347,Austin Barnes,0,5.7,731,12.5,4.4,0.308,5,1.2,4.4,3,-1.3,0,0,0,0,0,0,0,0,11,2015,2025,0,612,1757,1516,206,338,63,3,35,162,23,6,196,391,0.223,0.322,0.338,0.66,80,*2H4/D53,barneau01,C
348,Red Kleinow,0,5.1,643,12.5,4.9,0.306,5,1.3,4.5,4.1,-2.5,0,0,0,0,0,0,0,0,8,1904,1911,0,584,1884,1665,146,354,45,20,3,135,42,,153,214,0.213,0.282,0.269,0.551,71,*2/H3459,kleinre01,C
349,Glenn Myatt,0,6.3,1315,12.5,3.6,0.304,5,0.6,7,-1.2,-7.7,0,0,0,0,0,0,0,0,16,1920,1936,0,1004,3014,2678,346,722,137,37,38,387,20,18,248,195,0.27,0.334,0.391,0.725,85,*2*H9/78,myattgl01,C
350,Birdie Tebbetts,0,6.1,1745,12.5,3.8,0.302,5,0.5,3.1,4.2,-9.1,0,0,0,0.09,0,0,0,0,14,1936,1952,4,1162,4153,3704,357,1000,169,22,38,469,29,23,389,261,0.27,0.341,0.358,0.7,81,*2H,tebbebi01,C
351,Bruce Edwards,0,5.2,852,12.5,4.7,0.3,5,1.3,5.8,0.4,-2.8,0,1,1,0.48,0,0,0,0,10,1946,1956,2,591,1896,1675,191,429,67,20,39,241,9,10,190,179,0.256,0.335,0.39,0.725,93,*2H/7534,edwarbr01,C
352,Chris Snyder,0,5.4,1107,12.5,4.5,0.298,4.9,1,4.1,4.4,-2.9,0,0,0,0,0,0,0,0,10,2004,2013,0,715,2459,2087,227,467,98,1,77,298,0,3,309,560,0.224,0.328,0.382,0.71,84,*2/H3D7,snydech02,C
353,Pat Deasley,0,5.2,469,12.5,4.6,0.296,4.9,1.8,2.9,3.8,-0.4,0,0,0,0,0,0,0,0,8,1881,1888,0,402,1519,1466,161,358,37,9,0,120,7,,49,89,0.244,0.271,0.282,0.552,74,*2O/6534,deaslpa01,C
354,Michael Barrett,0,7,1771,12.5,2.7,0.294,4.9,0.4,10.1,-2,-9,0,0,0,0,0,0,0,0,12,1998,2009,0,1054,3873,3512,398,925,220,21,98,424,11,17,279,480,0.263,0.32,0.422,0.742,89,*25H/3D6,barremi01,C
355,Joe Oliver,0,5.9,1578,12.5,3.8,0.292,4.8,0.6,3.5,5.9,-8,0,0,0,0,0,0,0,0,13,1989,2001,0,1076,3698,3367,320,831,174,3,102,476,13,13,248,637,0.247,0.299,0.391,0.69,83,*2H/3D79,olivejo01,C
356,Carl Sawatski,0,5.4,774,12.5,4.2,0.29,4.8,1.1,5.5,0.8,-2.1,0,0,0,0,0,0,0,0,11,1948,1963,0,633,1661,1449,133,351,46,5,58,213,2,0,191,251,0.242,0.33,0.401,0.731,93,*2H/8,sawatca01,C
357,Pat Borders,0,6,1394,12.5,3.6,0.288,4.8,0.5,4.8,4.8,-8.4,0,0,0,0,0,0,0,0,17,1988,2005,0,1099,3499,3282,289,831,168,12,69,346,9,14,155,557,0.253,0.288,0.375,0.663,77,*2HD/534,bordepa01,C
358,Johnny Gooch,0,5.5,1056,12.5,4.2,0.286,4.8,0.8,4.4,2,-4.3,0,0,0,0,0,0,0,0,11,1921,1933,0,805,2615,2363,227,662,98,29,7,293,11,6,206,141,0.28,0.342,0.355,0.697,80,*2H,goochjo01,C
359,Sam Trott,0,4.9,527,12.5,4.7,0.284,4.8,2.1,4.5,2,0.7,0,0,0,0,0,0,0,0,8,1880,1888,0,360,1412,1354,166,338,73,22,3,123,9,,54,63,0.25,0.28,0.343,0.623,93,24/O365,trottsa01,C
360,Doc Bushong,0,5.9,767,12.5,3.6,0.282,4.8,0.9,-0.6,8.1,-3.9,0,0,0,0,0,0,0,0,13,1875,1890,0,672,2527,2397,287,514,58,13,2,184,39,0,124,125,0.214,0.255,0.252,0.507,56,*2/O53,bushodo01,C
361,Hank Foiles,0,4.7,743,12.5,4.8,0.28,4.7,1.3,5.3,2,-1.2,0,0,0,0,0,0,0,0,11,1953,1964,1,608,1655,1455,171,353,59,10,46,166,3,7,170,295,0.243,0.321,0.392,0.713,92,*2H,foileha01,C
362,Hal Smith,0,5.4,1260,12.5,4.1,0.278,4.7,0.8,7.8,-0.3,-5.7,0,0,0,0,0,0,0,0,10,1955,1964,0,879,2942,2682,269,715,148,10,58,323,7,10,196,361,0.267,0.317,0.394,0.711,94,*25H/3,smithha08,C
363,Devin Mesoraco,0,4.9,711,12.5,4.5,0.276,4.7,1.6,5.3,1.8,-0.5,0,0,0,0.01,0,0,0,0,8,2011,2018,1,468,1574,1402,152,325,66,2,58,192,4,7,138,316,0.232,0.309,0.406,0.715,95,*2H/D3,mesorde01,C
364,Farmer Vaughn,0,6.7,1505,12.5,2.7,0.274,4.7,0.5,3.5,2,-8.9,0,0,0,0,0,0,0,0,13,1886,1899,0,915,3648,3454,474,946,147,53,21,525,92,,151,166,0.274,0.307,0.365,0.672,81,*23O/5641,vaughfa01,C
365,Lew McCarty,0,4.8,617,12.5,4.6,0.272,4.7,1.4,7.8,-0.4,-0.8,0,0,0,0.05,0,0,0,0,9,1913,1921,0,532,1643,1479,113,393,47,20,5,138,20,4,102,109,0.266,0.318,0.335,0.653,97,*2H/3,mccarle01,C
366,Duffy Dyer,0,5.6,865,12.5,3.7,0.27,4.6,0.8,2.2,5.3,-3.7,0,0,0,0,0,0,0,0,14,1968,1981,0,722,2266,1993,151,441,74,11,30,173,10,4,228,415,0.221,0.306,0.315,0.62,73,*2H/D9,dyerdu01,C
367,Austin Nola,0,4.6,508,12.5,4.6,0.268,4.6,2.1,4.9,1.2,0.1,0,0,0,0,0,0,0,0,6,2019,2025,0,359,1237,1087,127,268,52,2,24,137,3,2,109,212,0.247,0.323,0.364,0.687,93,23/4HD5719,nolaau01,C
368,Don Pavletich,0,5.2,729,12.5,4,0.266,4.6,1.2,6.7,-1.8,-1.7,0,0,0,0,0,0,0,0,12,1957,1971,0,536,1549,1373,163,349,73,8,46,193,5,2,148,237,0.254,0.328,0.42,0.747,104,23H/5,pavledo01,C
369,Zack Taylor,0,5.9,1114,12.5,3.2,0.264,4.6,0.6,0,5.9,-6.9,0,0,0,0.01,0,0,0,0,16,1920,1935,0,918,3101,2865,258,748,113,28,9,311,9,9,161,192,0.261,0.304,0.329,0.634,68,*2H,tayloza02,C
370,Caleb Joseph,0,4.6,518,12.5,4.6,0.262,4.6,1.7,1.4,5.9,-0.1,0,0,0,0,0,0,0,0,7,2014,2020,0,425,1367,1263,133,281,58,4,32,127,2,2,73,320,0.222,0.27,0.351,0.621,69,*2/H35D1,josepca01,C
371,Barry Foote,0,5.6,929,12.5,3.5,0.26,4.6,0.8,1.8,5.6,-3.9,0,0,0,0,0,0,0,0,10,1973,1982,0,687,2300,2127,191,489,103,10,57,230,10,6,136,287,0.23,0.277,0.368,0.645,75,*2H/D35,footeba01,C
372,Doc Kennedy,0,4.5,211,12.5,4.5,0.258,4.5,4.6,3.3,2.3,2.2,0,0,0,0,0,0,0,0,5,1879,1883,0,160,630,615,67,160,25,4,1,53,,,15,37,0.26,0.278,0.319,0.596,97,2/O35,kennedo01,C
373,Don Padgett,0,4.8,974,12.5,4.1,0.256,4.5,1,7.5,-3.8,-3.6,0,0,0,0,0,0,0,0,8,1937,1948,0,699,2148,1991,247,573,111,16,37,338,6,6,141,130,0.288,0.336,0.415,0.752,102,2H97/38,padgedo01,C
374,Tony Eusebio,0,4.5,849,12.5,4.5,0.254,4.5,1.2,5.1,2,-1.5,0,0,0,0,0,0,0,0,9,1991,2001,0,598,1955,1739,179,479,87,5,30,241,1,5,182,324,0.275,0.346,0.383,0.729,91,*2H,eusebto01,C
375,Einar Díaz,0,5.7,831,12.5,3.3,0.252,4.5,0.8,2.3,4.8,-4.5,0,0,0,0,0,0,0,0,11,1996,2006,0,673,2257,2061,222,523,116,6,21,202,21,10,96,199,0.254,0.302,0.346,0.649,68,*2H/354,diazei01,C
376,Miguel Amaya,0,4.5,287,12.5,4.5,0.25,4.5,3.2,3.6,2.1,2.2,0,0,0,0,0,0,0,0,4,2023,2026,0,224,702,621,75,147,27,2,20,99,0,0,49,141,0.237,0.31,0.383,0.693,96,2/DH3,amayami01,C
377,Victor Caratini,0,4.6,961,12.5,4.2,0.248,4.4,0.9,5.2,1.4,-3.8,0,0,0,0,0,0,0,0,10,2017,2026,0,754,2360,2079,221,502,76,1,59,262,5,3,199,481,0.241,0.32,0.364,0.684,88,*2H3D/5179,caratvi01,C
378,Tommie Dukes,0,4.6,423,12.5,4.2,0.246,4.4,2.7,4.7,-0.1,1.4,0,0,0,0,0,0,0,0,10,1928,1945,1,252,911,824,129,248,37,13,13,131,5,,68,,0.301,0.359,0.425,0.784,114,2/73958,dukesto02,C
379,Dillon Dingler,0,4.4,320,12.5,4.4,0.244,4.4,3.7,3.9,1.8,2.1,0,0,0,0,0,0,0,0,3,2024,2026,0,195,725,669,74,172,35,4,22,96,0,0,39,172,0.257,0.31,0.42,0.73,102,2/HD,dingldi01,C
380,Dave Rader,0,4.7,1093,12.5,4.1,0.242,4.4,0.8,6.1,2.5,-4.5,0,0,0,0,0,0,0,0,10,1971,1980,0,846,2702,2405,254,619,107,12,30,235,8,4,245,180,0.257,0.326,0.349,0.675,86,*2H/D,raderda01,C
381,John Orsino,0,4.4,521,12.5,4.4,0.24,4.4,2.1,5.2,0.9,0.8,0,0,0,0,0,0,0,0,7,1961,1967,0,332,1135,1014,114,252,44,5,40,123,3,3,92,191,0.249,0.319,0.42,0.739,106,2H/3,orsinjo01,C
382,José Molina,0,5.7,1006,12.5,3.1,0.238,4.4,0.5,0.9,7.7,-6.9,0,0,0,0,0,0,0,0,15,1999,2014,0,947,2795,2546,240,592,117,3,39,223,20,7,154,576,0.233,0.282,0.327,0.608,64,*2/H3D5,molinjo01,C
383,Dick Buckley,0,4.5,750,12.5,4.3,0.236,4.4,1.3,4.1,3.1,-2.7,0,0,0,0,0,0,0,0,8,1888,1895,0,524,1974,1833,213,449,72,14,26,216,25,,98,188,0.245,0.291,0.342,0.633,80,*25/3O,buckldi01,C
384,Dan Kennard,0,4.3,344,12.5,4.3,0.234,4.3,3.5,4.5,0.4,2,0,0,0,0,0,0,0,0,5,1920,1925,0,202,715,641,87,188,42,11,13,121,10,,43,,0.293,0.351,0.454,0.805,122,2/9,kennada01,C
385,Buck Rodgers,0,5.2,1198,12.5,3.5,0.232,4.3,0.6,2.5,6.8,-7.3,0,0,0,0.02,0,0,0,0,9,1961,1969,0,932,3353,3033,259,704,114,18,31,288,17,27,234,409,0.232,0.288,0.312,0.6,74,*2H/7,rodgebu01,C
386,Lew Drill,0,4.3,433,12.5,4.3,0.23,4.3,2.3,7.1,-1.1,0.1,0,0,0,0,0,0,0,0,4,1902,1905,0,293,1057,896,87,231,41,10,2,100,21,,114,114,0.258,0.353,0.333,0.686,109,2/9H3485,drillle01,C
387,Kyle Higashioka,0,4.5,696,12.5,4,0.228,4.3,1.3,4.4,2.5,-1.2,0,0,0,0,0,0,0,0,10,2017,2026,0,515,1591,1479,163,322,63,2,70,221,5,2,92,413,0.218,0.263,0.405,0.668,85,*2D/H,higasky01,C
388,Fatty Briody,0,4.3,396,12.5,4.1,0.226,4.2,2.1,1.9,4.3,0,0,0,0,0,0,0,0,0,8,1880,1888,0,323,1231,1186,134,271,52,7,3,115,6,,44,119,0.228,0.257,0.292,0.548,69,*2/4O35,briodfa01,C
389,Geno Petralli,0,4.6,898,12.5,3.8,0.224,4.2,0.8,7.4,-0.4,-3.3,0,0,0,0,0,0,0,0,12,1982,1993,0,809,2131,1874,184,501,83,9,24,192,8,6,216,263,0.267,0.344,0.36,0.703,95,*2HD5/4397,petrage01,C
390,Bennie Tate,0,4.7,670,12.5,3.7,0.222,4.2,1.1,3.2,1.9,-2.8,0,0,0,0,0,0,0,0,10,1924,1934,0,566,1717,1560,144,435,68,16,4,172,5,16,118,51,0.279,0.33,0.351,0.681,79,*2H,tatebe01,C
391,Jerry McNertney,0,4.3,603,12.5,4,0.22,4.2,1.1,3.5,3.1,-1.5,0,0,0,0,0,0,0,0,9,1964,1973,0,590,1606,1423,129,337,51,6,27,163,3,5,119,199,0.237,0.298,0.338,0.636,81,*2H/3,mcnerje01,C
392,Connor Wong,0,4.1,510,12.5,4.1,0.218,4.1,1.8,4.3,2,0.1,0,0,0,0,0,0,0,0,6,2021,2026,0,368,1211,1102,141,271,67,4,23,110,19,10,76,326,0.246,0.304,0.377,0.681,88,*2H/3D457,wongco01,C
393,Earl Grace,0,4.1,875,12.5,4,0.216,4.1,1,4,1.8,-2.9,0,0,0,0,0,0,0,0,8,1929,1937,0,627,2088,1877,169,493,83,10,31,251,1,5,185,130,0.263,0.331,0.367,0.698,87,*2H/3,graceea01,C
394,Scott Servais,0,5.1,1120,12.5,3.1,0.214,4.1,0.6,3.4,4,-5.3,0,0,0,0,0,0,0,0,11,1991,2001,0,820,2778,2493,243,611,130,2,63,319,3,6,183,407,0.245,0.306,0.375,0.681,79,*2H/3D,servasc01,C
395,Josh Bard,0,4.9,860,12.5,3.3,0.212,4.1,0.9,5.5,1,-3.1,0,0,0,0,0,0,0,0,10,2002,2011,0,586,1981,1778,162,452,109,3,39,220,1,4,175,299,0.254,0.32,0.385,0.705,90,*2H/D,bardjo01,C
396,Al Evans,0,4.5,926,12.5,3.6,0.21,4.1,0.8,3.8,1.8,-3.4,0,0,0,0,0,0,0,0,12,1939,1951,0,704,2322,2053,188,514,70,23,13,211,14,9,243,206,0.25,0.332,0.326,0.658,82,*2H,evansal01,C
397,Brent Mayne,0,5.3,1647,12.5,2.8,0.208,4,0.3,3.9,5.4,-10.7,0,0,0,0,0,0,0,0,15,1990,2004,0,1279,4084,3614,359,951,178,8,38,403,18,27,370,580,0.263,0.332,0.348,0.68,76,*2H/5D31,maynebr01,C
398,Peaches Graham,0,4,449,12.5,4,0.206,4,1.7,5.9,0.4,-0.1,0,0,0,0,0,0,0,0,7,1902,1912,0,373,1173,999,99,265,34,6,1,85,21,,114,67,0.265,0.347,0.314,0.661,96,2H/4953716,grahape01,C
399,Val Picinich,0,5.6,1384,12.5,2.4,0.204,4,0.4,8.6,-2.8,-9.5,0,0,0,0,0,0,0,0,18,1916,1933,0,1037,3318,2877,298,743,166,26,26,298,31,23,314,382,0.258,0.334,0.361,0.695,86,*2H/3,picinva01,C
400,Cliff Bolton,0,4,496,12.5,4,0.202,4,1.9,4.3,0.7,0.1,0,0,0,0,0,0,0,0,7,1931,1941,0,335,1078,962,113,280,49,18,6,143,3,3,110,50,0.291,0.366,0.398,0.764,98,2H/9,boltocl01,C
401,Bob Kearney,0,4.1,545,12.5,3.8,0.2,4,1.3,2,4.8,-0.9,0,0,0,0,0,0,0,0,8,1979,1987,0,479,1474,1356,131,316,66,3,27,133,9,12,67,235,0.233,0.274,0.346,0.619,71,*2/HD,kearnbo01,C
402,Nat Hicks,0,3.9,385,12.5,3.9,0.198,3.9,2.5,4.8,0.5,0,0,0,0,0,0,0,0,0,6,1872,1877,0,257,1167,1142,172,301,35,6,1,116,9,3,25,23,0.264,0.279,0.307,0.587,91,2/O4,hicksna01,C
403,Dave Engle,0,4,763,12.5,3.8,0.196,3.9,1,3.4,0.1,-1.9,0,0,0,0,0,0,0,0,9,1981,1989,1,594,1784,1643,201,431,88,13,31,181,5,5,120,190,0.262,0.311,0.388,0.7,90,2H9D3/75,engleda01,C
404,John Hines,0,4,568,12.5,3.7,0.194,3.9,1.7,3.3,0,-0.6,0,0,0,0,0,0,0,0,9,1924,1934,0,356,1282,1177,165,331,59,17,7,184,29,,94,,0.281,0.339,0.378,0.717,96,29/87365,hinesjo01,C
405,Phil Roof,0,4.4,882,12.5,3.3,0.192,3.9,0.6,2.6,5.4,-5.1,0,0,0,0,0,0,0,0,15,1961,1977,0,857,2405,2151,190,463,69,13,43,210,11,10,184,504,0.215,0.283,0.319,0.603,73,*2/H3D,roofph01,C
406,Gus Niarhos,0,4.2,372,12.5,3.4,0.19,3.8,1.8,2.7,1.4,0.9,0,0,0,0,0,0,0,0,9,1946,1955,0,315,858,691,114,174,26,5,1,59,6,7,153,56,0.252,0.39,0.308,0.699,89,2H,niarhgu01,C
407,Vance Wilson,0,3.8,407,12.5,3.7,0.188,3.8,1.5,2.1,3.4,0.4,0,0,0,0,0,0,0,0,8,1999,2006,0,403,1054,953,104,238,42,2,25,129,2,8,46,189,0.25,0.302,0.377,0.679,78,*2H/3,wilsova01,C
408,Lou Berberet,0,3.8,630,12.5,3.8,0.186,3.8,1.4,2.3,3.4,-0.7,0,0,0,0,0,0,0,0,7,1954,1960,0,448,1449,1224,118,281,34,10,31,153,2,3,200,195,0.23,0.337,0.35,0.687,86,*2H,berbelo01,C
409,Bill Haselman,0,4.1,780,12.5,3.4,0.184,3.8,0.9,4.6,1.4,-2.7,0,0,0,0,0,0,0,0,13,1990,2003,0,589,1747,1606,185,416,94,3,47,210,9,9,114,300,0.259,0.311,0.409,0.72,84,*2HD/9375,haselbi01,C
410,Lenny Webster,0,4.2,685,12.5,3.3,0.182,3.7,0.9,4.7,1.2,-2.1,0,0,0,0,0,0,0,0,12,1989,2000,0,587,1617,1450,157,368,73,2,33,176,1,3,140,209,0.254,0.324,0.375,0.699,84,*2H/D,webstle01,C
411,Sammy White,0,5.6,1553,12.5,1.9,0.18,3.7,0.3,1.4,4.9,-10,0,0,0,0.01,0,0,0,0,11,1951,1962,1,1043,3792,3502,324,916,167,20,66,421,14,15,218,381,0.262,0.305,0.377,0.682,80,*2/H,whitesa02,C
412,Pinch Thomas,0,4.5,424,12.5,2.9,0.178,3.7,1,4.5,0.6,-1.9,0,0,0,0,0,0,0,0,10,1912,1921,0,481,1206,1035,88,245,27,8,2,102,12,2,118,85,0.237,0.318,0.284,0.602,78,*2H/3,thomapi01,C
413,Earle Brucker,0,3.7,409,12.5,3.7,0.176,3.7,2.5,3.8,0.6,0.9,0,0,0,0.01,0,0,0,0,5,1937,1943,0,241,811,707,87,205,53,8,12,105,2,4,97,65,0.29,0.376,0.438,0.815,108,2H/3,bruckea01,C
414,Bill Cash,0,3.7,455,12.5,3.7,0.174,3.7,2.1,3.5,0.8,0.7,0,0,0,0,0,0,0,0,6,1943,1948,2,279,1057,930,137,254,36,17,8,131,4,,103,,0.273,0.347,0.374,0.722,99,2/75394,cashbi01,C
415,Jose Trevino,0,3.8,616,12.5,3.5,0.172,3.7,1.1,1.8,4.8,-2.4,0,0,0,0,0,0,0,0,9,2018,2026,1,503,1608,1501,163,352,73,1,36,165,4,2,77,269,0.235,0.273,0.356,0.629,72,*2/H1D3,trevijo01,C
416,Joey Bart,0,3.7,488,12.5,3.7,0.17,3.7,1.7,4.4,1.3,-0.2,0,0,0,0,0,0,0,0,7,2020,2026,0,356,1179,1053,127,253,40,3,30,119,3,2,96,365,0.24,0.319,0.369,0.688,92,*2/HD,bartjo01,C
417,Eric Haase,0,4.2,546,12.5,3.1,0.168,3.6,1.3,3.5,0.9,-1.1,0,0,0,0,0,0,0,0,9,2018,2026,0,392,1250,1158,139,264,43,3,50,164,6,1,77,383,0.228,0.278,0.4,0.678,88,2H7D/39,haaseer01,C
418,Johnny Oates,0,3.9,664,12.5,3.3,0.166,3.6,0.9,1.5,4.8,-2.7,0,0,0,0,0,0,0,0,11,1970,1981,0,593,1820,1637,146,410,56,2,14,126,11,19,141,149,0.25,0.309,0.313,0.622,73,*2H,oatesjo01,C
419,Larry Woodall,0,4.3,613,12.5,2.9,0.164,3.6,0.8,3.7,0.5,-3,0,0,0,0,0,0,0,0,10,1920,1929,0,548,1526,1317,161,353,52,15,1,161,16,6,159,67,0.268,0.347,0.333,0.68,78,*2H,woodala01,C
420,Tim Laudner,0,4,989,12.5,3.2,0.162,3.6,0.7,5.5,1.6,-4.1,0,0,0,0,0,0,0,0,9,1981,1989,1,734,2268,2038,221,458,97,5,77,263,3,3,190,553,0.225,0.292,0.391,0.682,84,*2HD/3,laudnti01,C
421,René Rivera,0,5,622,12.5,2.2,0.16,3.6,0.7,1.2,3.9,-3.2,0,0,0,0,0,0,0,0,13,2004,2021,0,542,1629,1492,120,330,65,2,43,176,1,1,93,446,0.221,0.273,0.354,0.627,72,*2H/3D,riverre01,C
422,Fergy Malone,0,3.6,390,12.5,3.6,0.158,3.6,2.6,3.5,1,0.1,0,0,0,0,0,0,0,0,7,1871,1884,0,220,1084,1052,200,288,32,7,1,157,21,5,32,19,0.274,0.295,0.32,0.616,89,23/O6,malonfe01,C
423,Earl Averill,0,3.6,587,12.5,3.6,0.156,3.6,1.3,4.8,-0.3,-0.5,0,0,0,0,0,0,0,0,7,1956,1963,0,449,1218,1031,137,249,41,0,44,159,3,3,162,220,0.242,0.346,0.409,0.755,102,2H75/43,averiea02,C
424,Francisco Alvarez,0,3.6,558,12.5,3.6,0.154,3.6,1.7,5.8,-0.2,-0.3,0,0,0,0,0,0,0,0,5,2022,2026,0,341,1184,1060,137,245,44,3,52,153,3,1,104,301,0.231,0.307,0.425,0.733,104,*2H/D,alvarfr01,C
425,Paddy Livingston,0,3.5,211,12.5,3.5,0.152,3.5,2.7,1.9,2.9,0.9,0,0,0,0,0,0,0,0,7,1901,1917,0,206,665,574,48,120,17,12,0,45,9,1,41,60,0.209,0.287,0.28,0.568,72,2/H,livinpa01,C
426,Henry Williams,0,3.6,485,12.5,3.4,0.15,3.5,1.6,3.3,0.6,-0.1,0,0,0,0,0,0,0,0,8,1923,1937,0,333,1074,1019,153,293,52,15,16,159,14,0,48,,0.288,0.321,0.415,0.737,95,2/37495816,willihe01,C
427,Duane Josephson,0,3.5,635,12.5,3.5,0.148,3.5,1.2,4.9,1.2,-2.3,0,0,0,0,0,0,0,0,8,1965,1972,1,470,1631,1505,147,388,58,12,23,164,4,10,92,174,0.258,0.303,0.358,0.661,89,*2H/3,josepdu01,C
428,Forrest Cady,0,3.4,358,12.5,3.4,0.146,3.4,1.6,3.7,1.6,-0.5,0,0,0,0,0,0,0,0,7,1912,1919,0,355,1005,901,83,216,47,11,1,74,4,5,66,107,0.24,0.297,0.32,0.616,82,*2H/3,cadyhi01,C
429,Malachi Kittridge,0,5.3,1481,12.5,1.5,0.144,3.4,0.2,-0.2,9.1,-14.6,0,0,0,0,0,0,0,0,16,1890,1906,0,1216,4473,4029,375,882,108,31,17,391,64,,314,274,0.219,0.277,0.274,0.55,56,*2/H1,kittrma01,C
430,Max Stassi,0,4.6,529,12.5,2.2,0.142,3.4,0.9,2.4,2.3,-2,0,0,0,0,0,0,0,0,10,2013,2022,0,403,1285,1137,136,241,42,2,41,128,0,0,119,379,0.212,0.295,0.361,0.656,80,*2H/D31,stassma01,C
431,Klondike Douglass,0,3.9,1250,0,2.9,0.14,3.4,0.6,8.7,-5.3,-7.9,0,0,0,0,0,0,0,0,9,1896,1904,0,748,3138,2800,368,766,85,29,10,275,84,,227,109,0.274,0.337,0.335,0.672,91,*32O/57H68,douglkl01,1B
432,Hunter Goodman,0,3.4,540,12.5,3.4,0.138,3.4,2,3.7,0.1,-0.1,0,0,0,0,0,0,0,0,4,2023,2026,1,280,1061,987,131,245,49,8,56,163,4,5,58,304,0.248,0.295,0.484,0.779,104,2D9/H37,goodmhu01,C
433,Patrick Bailey,0,3.4,509,12.5,3.4,0.136,3.4,1.4,1.8,4,-1,0,0,0,0,0,0,0,0,4,2023,2026,0,387,1354,1229,127,274,53,5,22,155,8,0,98,357,0.223,0.281,0.328,0.609,73,*2H/D,bailepa01,C
434,George Dixon,0,3.8,486,12.5,2.9,0.134,3.4,1.3,3.1,0.7,-1.1,0,0,0,0,0,0,0,0,11,1920,1934,0,362,1210,1051,150,267,38,14,8,175,12,,117,,0.254,0.338,0.34,0.678,85,*2/937,dixonge01,C
435,Buck Crouse,0,3.3,560,12.5,3.4,0.132,3.3,1.2,1.9,2.7,-2.3,0,0,0,0,0,0,0,0,8,1923,1930,0,470,1472,1306,128,342,54,6,8,162,14,9,114,68,0.262,0.326,0.331,0.657,72,*2H,crousbu01,C
436,Bob Melvin,0,4.2,760,12.5,2.5,0.13,3.3,0.6,0.5,5.4,-4.7,0,0,0,0,0,0,0,0,10,1985,1994,0,692,2095,1955,174,456,85,6,35,212,4,13,98,396,0.233,0.268,0.337,0.604,69,*2H/D35,melvibo01,C
437,Ramón Castro,0,3.6,758,12.5,3,0.128,3.3,0.9,3.5,2.1,-2,0,0,0,0,0,0,0,0,13,1999,2011,0,567,1603,1426,155,338,66,0,67,217,2,0,151,375,0.237,0.31,0.424,0.734,91,*2H/D,castrra01,C
438,Tubby Spencer,0,4.1,470,12.5,2.5,0.126,3.3,0.9,4.7,0.7,-3.1,0,0,0,0,0,0,0,0,9,1905,1918,0,449,1459,1326,106,298,43,10,3,134,13,,87,127,0.225,0.281,0.279,0.56,76,*2H/3,spenctu01,C
439,Hobie Landrith,0,3.7,889,12.5,2.9,0.124,3.3,0.6,2.4,3.8,-5.4,0,0,0,0,0,0,0,0,14,1950,1963,0,772,2228,1929,179,450,69,5,34,203,5,12,253,188,0.233,0.32,0.327,0.647,75,*2H,landrho01,C
440,Mickey O'Neil,0,4,731,12.5,2.6,0.122,3.3,0.6,-1.3,6.1,-4.7,0,0,0,0,0,0,0,0,9,1919,1927,0,672,2203,1995,177,475,41,23,4,179,18,16,139,127,0.238,0.292,0.288,0.579,59,*2/H4,o'neimi02,C
441,Dick Brown,0,3.7,835,12.5,2.9,0.12,3.3,0.7,2.8,3.4,-3.3,0,0,0,0,0,0,0,0,9,1957,1965,0,636,2031,1866,175,455,62,3,62,223,7,6,119,356,0.244,0.291,0.38,0.671,82,*2H,browndi01,C
442,John Flaherty,0,5,1456,12.5,1.6,0.118,3.3,0.2,1.9,5.7,-10.8,0,0,0,0,0,0,0,0,14,1992,2005,0,1047,3640,3372,319,849,176,3,80,395,10,19,175,514,0.252,0.29,0.377,0.667,74,*2/HD3,flahejo01,C
443,Mike Tresh,0,4.4,1318,12.5,2.2,0.116,3.3,0.3,1.5,3.9,-9.3,0,0,0,0.11,0,0,0,0,12,1938,1949,0,1027,3640,3169,326,788,75,14,2,297,19,21,402,263,0.249,0.335,0.283,0.619,71,*2/H,treshmi01,C
444,Mike Fitzgerald,0,4.4,1125,12.5,2.1,0.114,3.3,0.4,6.3,0,-6.9,0,0,0,0,0,0,0,0,10,1983,1992,0,848,2667,2316,220,545,95,9,48,293,31,20,292,432,0.235,0.321,0.346,0.667,87,*2H/79534D,fitzgmi02,C
445,Hal Wagner,0,3.9,880,12.5,2.5,0.112,3.2,0.6,5.1,-0.6,-4,0,0,0,0,0,0,0,0,12,1937,1949,2,672,2142,1849,179,458,90,12,15,228,10,6,253,152,0.248,0.343,0.334,0.677,88,*2H,wagneha01,C
446,Ken Suarez,0,3.2,300,12.5,3.2,0.11,3.2,1.8,2.4,2.3,0.5,0,0,0,0,0,0,0,0,7,1966,1973,0,295,785,661,57,150,29,1,5,60,5,3,99,97,0.227,0.33,0.297,0.626,81,2/H457,suareke01,C
447,Bobby Estalella,0,3.9,534,12.5,2.5,0.108,3.2,1.3,3.9,0.1,-0.7,0,0,0,0,0,0,0,0,9,1996,2004,0,310,1056,904,126,195,49,5,48,147,6,2,130,290,0.216,0.315,0.44,0.755,92,2/HD,estalbo02,C
448,Bill DeLancey,0,3.2,368,12.5,3.2,0.106,3.2,2.4,3.8,-0.1,1,0,0,0,0,0,0,0,0,4,1932,1940,0,219,686,598,79,173,32,10,19,85,1,7,85,74,0.289,0.38,0.472,0.851,122,2H,delanbi02,C
449,Ray Lamanno,0,3.1,596,12.5,3.1,0.104,3.1,1.1,2.8,1.7,-2.9,0,0,0,0.01,0,0,0,0,5,1941,1948,1,442,1548,1408,122,355,57,5,18,150,2,3,118,151,0.252,0.314,0.338,0.653,82,*2H,lamanra01,C
450,Logan O'Hoppe,0,3.1,557,12.5,3.1,0.102,3.1,1.5,3.7,1.5,-1.2,0,0,0,0,0,0,0,0,5,2022,2026,0,341,1293,1188,132,271,32,2,54,138,4,5,84,370,0.228,0.287,0.395,0.681,89,*2/HD,ohopplo01,C
451,Elmer Sutcliffe,0,3.1,623,12.5,3.1,0.1,3.1,1.4,5.8,-1.7,-1.2,0,0,0,0,0,0,0,0,7,1884,1892,0,344,1417,1322,177,381,43,24,6,174,41,,92,87,0.288,0.336,0.371,0.707,106,23O6/54,sutclsy01,C
452,Tom Needham,0,3.5,534,12.5,2.7,0.098,3.1,0.8,2.6,3.4,-2.9,0,0,0,0,0,0,0,0,11,1904,1914,0,523,1663,1491,114,311,50,10,8,119,20,0,109,187,0.209,0.274,0.272,0.546,67,*2H/348579,needhto01,C
453,Jim French,0,3.1,283,12.5,3.1,0.096,3.1,2.1,1.9,2.5,0.5,0,0,0,0,0,0,0,0,7,1965,1971,0,234,741,607,53,119,17,4,5,51,3,6,121,78,0.196,0.328,0.262,0.59,75,2/H7,frencji01,C
454,Harry McCurdy,0,3.4,589,12.5,2.7,0.094,3.1,0.8,4.4,-0.7,-1.9,0,0,0,0,0,0,0,0,10,1922,1934,0,543,1316,1157,148,326,71,12,9,148,12,10,129,108,0.282,0.355,0.387,0.743,92,*2H/3,mccurha01,C
455,Billy Earle,0,3,299,12.5,3,0.092,3,3.5,2.9,0.6,1.5,0,0,0,0,0,0,0,0,5,1889,1894,0,142,538,465,102,133,20,12,6,74,41,,63,36,0.286,0.378,0.419,0.798,115,2O/3456,earlebi01,C
456,Frank House,0,4,878,12.5,2,0.09,3,0.5,1.5,3.1,-4.8,0,0,0,0,0,0,0,0,10,1950,1961,0,653,2188,1994,201,494,64,11,47,235,6,7,151,147,0.248,0.302,0.362,0.663,79,*2H,housefr03,C
457,Luis Torrens,0,3.6,506,12.5,2.4,0.088,3,0.9,1.3,2.2,-2.2,0,0,0,0,0,0,0,0,9,2017,2026,0,432,1289,1174,108,265,58,4,27,134,1,1,93,307,0.226,0.287,0.351,0.638,79,*2DH/31457,torrelu01,C
458,Mickey Livingston,0,3.8,636,12.5,2.2,0.086,3,0.6,2.6,1.1,-3.8,0,0,0,0,0,0,0,0,10,1938,1951,0,561,1667,1490,128,354,56,9,19,153,7,7,144,141,0.238,0.31,0.326,0.636,82,*2H/3,livinmi01,C
459,Johnny Hayes,0,3.3,428,12.5,2.7,0.084,3,1.4,2.3,1,-0.5,0,0,0,0,0,0,0,0,12,1934,1948,2,300,1055,904,109,228,33,5,11,109,7,,117,,0.252,0.342,0.336,0.679,85,2/19,hayesjo01,C
460,Dick Bertell,0,3,517,12.5,3,0.082,3,1.1,0.5,4.9,-2.7,0,0,0,0,0,0,0,0,7,1960,1967,0,444,1447,1310,91,327,34,9,10,112,2,4,106,188,0.25,0.305,0.312,0.617,70,*2/H,bertedi01,C
461,Bob Scheffing,0,3.2,597,12.5,2.8,0.08,3,0.9,3.5,0.7,-3,0,0,0,0,0,0,0,0,8,1941,1951,0,517,1474,1357,105,357,53,9,20,187,6,6,103,127,0.263,0.316,0.36,0.676,86,*2H,schefbo01,C
462,Les Moss,0,4.5,1107,12.5,1.5,0.078,3,0.3,3.9,-0.2,-6.2,0,0,0,0,0,0,0,0,13,1946,1958,0,824,2550,2234,210,552,75,4,63,276,1,5,282,316,0.247,0.333,0.369,0.702,87,*2H,mossle01,C
463,Bo Naylor,0,3,495,12.5,3,0.076,3,1.4,2.8,2.4,-0.8,0,0,0,0,0,0,0,0,5,2022,2026,0,346,1131,1003,122,200,47,3,40,125,12,5,110,300,0.199,0.279,0.372,0.651,82,*2H/D,naylobo01,C
464,Otto Ray,0,2.9,329,12.5,2.9,0.074,2.9,2.4,3.5,-0.4,0.7,0,0,0,0,0,0,0,0,5,1920,1924,0,195,662,589,104,171,33,19,5,83,18,,54,,0.29,0.354,0.436,0.79,118,2/9738,rayot01,C
465,Ben Davis,0,2.9,715,12.5,2.9,0.072,2.9,1,2.6,3,-2.5,0,0,0,0,0,0,0,0,7,1998,2004,0,486,1698,1512,168,358,77,2,38,204,9,8,153,385,0.237,0.306,0.366,0.672,78,*2H/3D,davisbe01,C
466,Kelly Stinnett,0,4.1,976,12.5,1.8,0.07,2.9,0.4,2.7,2.7,-5.3,0,0,0,0,0,0,0,0,14,1994,2007,0,734,2290,2033,228,476,91,4,65,230,10,5,196,567,0.234,0.313,0.379,0.692,78,*2H/D,stinnke01,C
467,Brook Fordyce,0,4,828,12.5,1.8,0.068,2.9,0.5,4.9,0.4,-5,0,0,0,0,0,0,0,0,10,1995,2004,0,623,1973,1807,172,467,103,4,41,188,8,6,119,295,0.258,0.309,0.388,0.697,82,*2H/D,fordybr01,C
468,John Bateman,0,4.8,1349,12.5,1,0.066,2.9,0.2,3.9,3,-11.8,0,0,0,0,0,0,0,0,10,1963,1972,0,1017,3585,3330,250,765,123,18,81,375,10,10,172,610,0.23,0.271,0.35,0.621,77,*2H,batemjo01,C
469,Marc Hill,0,3.4,760,12.5,2.3,0.064,2.9,0.5,-0.2,6.2,-4.2,0,0,0,0,0,0,0,0,14,1973,1986,0,737,2047,1809,146,404,62,3,34,198,1,7,185,243,0.223,0.295,0.317,0.612,70,*2H/35D,hillma01,C
470,Mark Parent,0,4,589,12.5,1.8,0.062,2.9,0.6,0.9,3.2,-2.8,0,0,0,0,0,0,0,0,13,1986,1998,0,474,1428,1303,112,279,50,0,53,168,3,3,98,319,0.214,0.268,0.375,0.642,71,*2H/3D,parenma01,C
471,Fred Carisch,0,2.9,249,12.5,2.8,0.06,2.9,2,1,3.1,0.1,0,0,0,0,0,0,0,0,8,1903,1923,0,226,718,655,43,149,17,9,1,57,16,3,46,63,0.227,0.28,0.285,0.566,66,2/3H,carisfr01,C
472,George Kottaras,0,2.9,421,12.5,2.9,0.058,2.9,1.5,3.9,0.4,0.1,0,0,0,0,0,0,0,0,7,2008,2014,0,313,858,722,92,155,40,3,32,101,3,1,121,203,0.215,0.326,0.411,0.737,98,2H/3D59,kottage01,C
473,Austin Wells,0,2.9,483,12.5,2.9,0.056,2.9,1.6,4.1,0.8,-0.7,0,0,0,0,0,0,0,0,4,2023,2026,0,296,1067,935,112,204,47,2,41,144,6,3,99,251,0.218,0.294,0.404,0.698,93,2/HD,wellsau01,C
474,Carlos Narváez,0,2.8,251,12.5,2.8,0.054,2.8,3,2.1,1.8,1,0,0,0,0,0,0,0,0,3,2024,2026,0,155,559,505,61,120,32,0,17,53,2,1,46,144,0.238,0.304,0.402,0.706,99,2/HD,narvaca01,C
475,Bill Schroeder,0,3,601,12.5,2.7,0.052,2.8,1.2,3.9,0.5,-1.7,0,0,0,0,0,0,0,0,8,1983,1990,0,376,1356,1262,153,303,49,1,61,152,6,5,58,343,0.24,0.281,0.426,0.707,91,*23/DH,schrobi01,C
476,Cam Carreon,0,2.8,444,12.5,2.8,0.05,2.8,1.3,3.4,1.1,-0.6,0,0,0,0,0,0,0,0,8,1959,1966,0,354,1100,986,113,260,43,4,11,114,3,4,97,117,0.264,0.331,0.349,0.679,88,*2H,carreca01,C
477,Pedro Severino,0,3.4,525,12.5,2.2,0.048,2.8,1,2.5,1.7,-1.9,0,0,0,0,0,0,0,0,8,2015,2022,0,370,1241,1113,107,261,51,1,33,134,5,1,107,290,0.235,0.306,0.371,0.677,81,*2H/D3,severpe01,C
478,Cameron Rupp,0,2.8,507,12.5,2.8,0.046,2.8,1.5,3,1.7,-0.8,0,0,0,0,0,0,0,0,5,2013,2017,0,296,1127,1027,100,240,57,2,39,124,2,1,87,323,0.234,0.298,0.407,0.705,88,2/H,ruppca01,C
479,Kevin Plawecki,0,3.4,554,12.5,2.2,0.044,2.8,0.8,2.8,1.8,-2.3,0,0,0,0,0,0,0,0,8,2015,2022,0,447,1426,1268,119,298,63,3,22,137,2,2,119,278,0.235,0.313,0.341,0.654,79,*2H/3D1,plaweke01,C
480,Bruce Bochy,0,3.2,379,12.5,2.3,0.042,2.8,1,3,0.8,-0.7,0,0,0,0,0,0,0,0,9,1978,1987,0,358,881,802,75,192,37,2,26,93,1,2,67,177,0.239,0.298,0.388,0.685,92,2H/3,bochybr01,C
481,Paul Casanova,0,4.3,991,12.5,1.2,0.04,2.8,0.2,-0.2,6.6,-8.8,0,0,0,0.01,0,0,0,0,10,1965,1974,1,859,2930,2786,214,627,87,12,50,252,2,10,101,430,0.225,0.252,0.319,0.571,65,*2H,casanpa01,C
482,Jorge Alfaro,0,3.2,728,12.5,2.3,0.038,2.8,0.7,4.9,-0.1,-3.4,0,0,0,0,0,0,0,0,9,2016,2025,0,510,1749,1629,155,412,73,4,48,201,19,5,72,595,0.253,0.301,0.391,0.692,86,*2H/D7359,alfarjo01,C
483,Liam Hicks,0,2.7,248,12.5,2.7,0.036,2.7,2.7,2.7,0.2,0.9,0,0,0,0,0,0,0,0,2,2025,2026,0,164,560,481,59,125,17,1,15,87,3,0,56,71,0.26,0.348,0.393,0.741,108,23DH,hicksli01,C
484,Jerry Willard,0,2.8,385,12.5,2.6,0.034,2.7,1.2,3.5,0.5,-0.2,0,0,0,0,0,0,0,0,8,1984,1994,0,346,885,783,82,195,29,1,25,114,1,1,83,161,0.249,0.32,0.384,0.705,95,2H/D35,willaje01,C
485,Ed Whiting,0,2.7,276,12.5,2.7,0.032,2.7,2.5,4.3,-0.6,0.9,0,0,0,0,0,0,0,0,3,1882,1884,0,174,732,705,94,185,36,12,2,18,,,25,,0.262,0.29,0.356,0.646,119,2/O345,whitied01,C
486,Ray Hayworth,0,3.3,885,12.5,2,0.03,2.7,0.5,1,3,-6.3,0,0,0,0,0,0,0,0,15,1926,1945,0,699,2307,2062,220,546,92,16,5,240,2,6,198,188,0.265,0.331,0.332,0.663,71,*2H,haywora01,C
487,Johnny Schulte,0,2.6,240,12.5,2.6,0.028,2.6,2.2,2.8,0.3,1.1,0,0,0,0,0,0,0,0,5,1923,1932,0,192,463,374,59,98,15,4,14,64,1,2,76,49,0.262,0.388,0.436,0.824,112,2H/3,schuljo04,C
488,Chris Bando,0,3.6,562,12.5,1.7,0.026,2.6,0.5,2.2,2.3,-3,0,0,0,0,0,0,0,0,9,1981,1989,0,498,1467,1284,134,292,46,2,27,142,1,5,138,197,0.227,0.3,0.329,0.629,73,*2H/5D3,bandoch01,C
489,Ed Phelps,0,3,748,12.5,2.2,0.024,2.6,0.6,8.3,-2.2,-4.7,0,0,0,0,0,0,0,0,11,1902,1913,0,633,2099,1832,186,460,45,20,3,205,31,0,163,203,0.251,0.325,0.302,0.627,88,*2H/3,phelped01,C
490,Paul Richards,0,2.9,599,12.5,2.3,0.022,2.6,0.7,-0.1,3.9,-2.8,0,0,1,0.12,0,0,0,0,8,1932,1946,0,523,1602,1417,140,321,51,5,15,155,15,3,157,149,0.227,0.305,0.301,0.606,68,*2H,richapa01,C
491,Steve Lake,0,3.1,416,12.5,2.1,0.02,2.6,0.7,-1.4,5.5,-1.9,0,0,0,0,0,0,0,0,11,1983,1993,0,476,1197,1125,89,267,41,5,18,108,1,0,43,159,0.237,0.268,0.331,0.599,64,*2H,lakest01,C
492,Bill Fahey,0,3,359,12.5,2.1,0.018,2.6,0.9,1.7,2.4,-1.4,0,0,0,0,0,0,0,0,11,1971,1983,0,383,1032,934,75,225,26,2,7,83,9,2,74,93,0.241,0.296,0.296,0.591,70,*2/H,faheybi01,C
493,Bill Holbert,0,3.3,615,12.5,1.8,0.016,2.5,0.5,-2.6,7.4,-5.4,0,0,0,0,0,0,0,0,12,1876,1888,0,623,2396,2335,182,486,41,7,0,144,16,,58,122,0.208,0.228,0.232,0.46,47,*2O/5364,holbebi01,C
494,Charley Lau,0,2.8,539,12.5,2.2,0.014,2.5,0.7,3.7,0.3,-1.9,0,0,0,0,0,0,0,0,11,1956,1967,0,527,1311,1170,105,298,63,9,16,140,3,1,109,150,0.255,0.318,0.365,0.683,89,*2H,lauch01,C
495,Bill Sarni,0,2.5,544,12.5,2.5,0.012,2.5,1,2.6,1.5,-2.5,0,0,0,0,0,0,0,0,5,1951,1956,0,390,1303,1182,107,311,50,11,22,151,6,5,89,135,0.263,0.313,0.38,0.693,84,*2H,sarnibi01,C
496,Bob Barton,0,3.3,391,12.5,1.7,0.01,2.5,0.7,-0.1,4,-2.3,0,0,0,0,0,0,0,0,10,1965,1974,0,393,1153,1049,54,237,31,3,9,66,3,6,87,168,0.226,0.287,0.287,0.574,65,*2/H,bartobo01,C
497,Luke Maile,0,3,481,12.5,2,0.008,2.5,0.7,0.8,3.8,-3.1,0,0,0,0,0,0,0,0,10,2015,2025,0,458,1304,1175,109,246,60,2,22,119,9,1,96,357,0.209,0.277,0.32,0.597,64,*2/H13D,mailelu01,C
498,Louis Santop,0,2.5,191,12.5,2.5,0.006,2.5,3.5,2.5,0.2,1.2,0,0,0,0,0,0,0,0,4,1923,1926,0,115,378,350,52,111,16,5,7,65,9,0,24,1,0.317,0.363,0.451,0.814,126,2,santolo99,C
499,Bob Montgomery,0,2.7,511,12.5,2.2,0.004,2.5,0.9,3.3,1.4,-2.3,0,0,0,0,0,0,0,0,10,1970,1979,0,387,1285,1185,125,306,50,8,23,156,6,2,64,268,0.258,0.296,0.372,0.669,83,*2/HD3,montgbo01,C
500,Joe Pignatano,0,2.5,344,12.5,2.5,0.002,2.5,1.3,2.6,1.1,-0.4,0,0,0,0,0,0,0,0,6,1957,1962,0,307,809,689,81,161,25,4,16,62,8,4,94,116,0.234,0.332,0.351,0.683,81,2H/5,pignajo01,C
135,Cal McVey,0,17.2,1179,0,20.1,0.732,18.7,6.2,21.3,-0.2,9.9,0,0,0,0,0,0,4,0.8,9,1871,1879,0,530,2543,2513,555,869,133,44,11,449,26,2,30,51,0.346,0.354,0.447,0.8,152,32O51/46,mcveyca01,1B
146,Ben Taylor,0,17.4,1332,0,17.5,0.71,17.4,4.5,15.6,-0.9,10.1,0,0,0,0,0,1,2,0.7,10,1920,1929,0,627,2600,2329,378,786,135,37,26,449,36,,223,,0.337,0.398,0.461,0.858,133,*3/196,taylobe99,1B
149,Edgar Wesley,0,16.8,1244,0,17.6,0.704,17.2,5.7,15.9,-0.7,10.7,0,0,0,0,0,0,1,0.2,8,1920,1927,0,502,2105,1875,326,607,100,22,82,403,47,,200,,0.324,0.391,0.532,0.923,150,*3/978,wesleed01,1B
163,Vic Saier,0,15,1704,0,15,0.676,15,2.8,16.4,-4.4,4,0,0,1,0.29,0,0,0,0,8,1911,1919,0,865,3435,2948,455,775,143,61,55,396,121,46,378,369,0.263,0.351,0.409,0.76,121,*3H,saiervi01,1B
164,George Carr,0,14,1488,0,15.4,0.674,14.7,3.8,16.5,-3.4,6.7,0,0,0,0,0,0,0,0.2,11,1920,1934,0,651,2685,2402,463,757,135,38,56,438,127,6,225,17,0.315,0.379,0.473,0.852,131,*39857/462,carrge01,1B
165,Nick Johnson,0,14.8,1742,0,14.5,0.672,14.7,2.8,15.5,-5.7,3.9,0,0,0,0,0,0,0,0,10,2001,2012,0,832,3316,2698,430,723,173,5,95,398,29,24,522,572,0.268,0.399,0.441,0.84,123,*3DH/7,johnsni01,1B
166,Eddie Waitkus,0,14.8,1989,0,14.5,0.67,14.6,2.1,14,-4.2,-3.1,0,0,0,0.08,0,0,0,0,11,1941,1955,2,1140,4681,4254,528,1214,215,44,24,373,28,21,372,204,0.285,0.344,0.374,0.718,96,*3H/7,waitked01,1B
167,Lew Fonseca,0,14.9,1721,0,14.3,0.668,14.6,2.5,14.3,-1,1.1,1,1,1,0.63,0,0,0,0.1,12,1921,1933,0,937,3727,3404,518,1075,203,50,31,485,64,38,186,199,0.316,0.355,0.432,0.788,103,*3*47H/5961,fonsele01,1B
168,Ed Morgan,0,14.3,1732,0,14.3,0.666,14.3,3,17,-5.6,2.2,0,0,1,0.16,0,0,0,0.1,7,1928,1934,0,771,3258,2810,512,879,186,45,52,473,36,25,385,252,0.313,0.398,0.467,0.864,119,*39H/857,morgaed01,1B
173,Jiggs Donahue,0,14,1253,0,13.7,0.656,13.8,2.7,10.3,0.7,1.3,0,0,0,0,0,0,0,0,9,1900,1909,0,813,3235,2862,319,731,90,31,4,327,143,,215,178,0.255,0.311,0.313,0.624,99,*32/H7,donahji02,1B
175,Dale Alexander,0,13.6,1486,0,13.6,0.652,13.6,3.3,14.8,-4,3.4,0,0,0,0.16,0,0,0,0,5,1929,1933,0,662,2737,2450,369,811,164,30,61,459,20,28,248,197,0.331,0.394,0.497,0.891,129,*3H/7,alexada01,1B
176,Randy Milligan,0,13.5,1352,0,13.5,0.65,13.5,3.1,13.3,-3.3,4.7,0,0,0,0,0,0,0,0,8,1987,1994,0,703,2594,2118,305,553,106,10,70,284,16,18,447,431,0.261,0.391,0.42,0.81,127,*3HD/7,millira01,1B
177,Hal Morris,0,13.5,2133,0,13.4,0.648,13.4,1.7,12.7,-5.4,-0.5,0,0,0,0.05,0,0,0,0,13,1988,2000,0,1246,4443,3998,535,1216,246,21,76,513,45,24,356,548,0.304,0.361,0.433,0.794,111,*3H7D/9,morriha02,1B
179,Doug Mientkiewicz,0,14.3,1792,0,11.8,0.644,13,1.8,8.2,-0.7,-1.4,0,0,0,0.01,0,0,0,0,12,1998,2009,0,1087,3844,3312,422,899,221,11,66,405,14,15,438,472,0.271,0.36,0.405,0.765,100,*3H5/9D4,mientdo01,1B
180,Yuli Gurriel,0,13.7,1747,0,12.3,0.642,13,2.1,10.8,-2.7,-0.3,0,0,0,0,0,0,0,0,10,2016,2025,0,943,3739,3434,441,956,226,8,98,471,28,9,227,437,0.278,0.325,0.434,0.759,106,*35DH/467,gourryu01,1B
181,John Jaha,0,13.4,1755,0,12.4,0.64,12.9,2.4,13.2,-5.6,1.1,0,0,0,0,0,0,0,0,10,1992,2001,1,826,3285,2775,470,730,126,5,141,490,36,17,430,686,0.263,0.369,0.465,0.834,116,*3DH/457,jahajo01,1B
182,Don Hurst,0,12.9,1999,0,12.9,0.638,12.9,2.3,16.1,-7,0.7,0,0,1,0.3,0,0,0,0.1,7,1928,1934,0,905,3762,3275,510,976,190,28,115,610,41,31,391,210,0.298,0.375,0.478,0.854,116,*3H/8,hurstdo01,1B
183,Mike Epstein,0,13,1665,0,12.7,0.636,12.9,2.3,17.9,-10,0.7,0,0,0,0.04,0,0,0,0,9,1966,1974,0,907,3393,2854,362,695,93,16,130,380,7,17,448,645,0.244,0.358,0.424,0.782,130,*3H,epstemi01,1B
184,Nathaniel Lowe,0,12.7,1731,0,12.8,0.634,12.8,2.4,14,-5.6,1.3,0,0,0,0,0,0,0,0,8,2019,2026,0,874,3540,3117,409,821,143,13,113,430,15,2,387,863,0.263,0.347,0.426,0.773,117,*3DH/5,lowena01,1B
185,Harvey Hendrick,0,12.9,1603,0,12.5,0.632,12.7,2.2,14,-3.8,1.8,0,0,0,0,0,0,0,0,11,1923,1934,0,922,3221,2910,434,896,157,46,48,413,75,47,239,243,0.308,0.364,0.443,0.807,113,*3H759/864,hendrha01,1B
186,George Stovall,0,12.4,2086,0,12.8,0.63,12.6,1.5,7.6,0.6,-6.7,0,0,0,0.08,0,0,0,0,12,1904,1915,0,1414,5625,5222,547,1382,231,56,15,564,142,17,174,406,0.265,0.293,0.339,0.632,92,*3H45/8796,stovage01,1B
187,C.J. Cron,0,12.7,2006,0,12.5,0.628,12.6,1.9,11,-4.6,-1.3,0,0,0,0,0,0,0,0,10,2014,2023,1,1049,4043,3670,470,953,194,10,187,604,10,8,268,928,0.26,0.32,0.471,0.791,111,*3DH,croncj01,1B
189,Luke Easter,0,12.7,1236,0,12.4,0.624,12.6,3.4,11.6,-1.9,5.2,0,0,0,0.12,0,0,1,0.1,8,1947,1954,2,594,2355,2092,325,578,74,21,104,413,5,8,225,293,0.276,0.356,0.481,0.837,128,*37H/958,eastelu01,1B
190,Joe Hauser,0,12.5,1248,0,12.5,0.622,12.5,3.2,11.5,-1.5,3.2,0,0,1,0.22,0,0,0,0,6,1922,1929,0,629,2377,2044,351,580,103,28,80,356,19,19,250,229,0.284,0.368,0.479,0.847,118,*3H,hausejo01,1B
192,Joe Collins,0,12.5,1346,0,12,0.618,12.2,2.1,9.6,-1.2,3.7,0,0,0,0.01,0,0,0,0,10,1948,1957,0,908,2704,2329,404,596,79,24,86,329,27,21,338,263,0.256,0.35,0.421,0.771,111,*3H9/78,collijo01,1B
193,Rhys Hoskins,0,12.3,2063,0,12.2,0.616,12.2,2.1,15.4,-7.9,0,0,0,0,0,0,0,0,0,9,2017,2026,0,926,3855,3256,500,769,182,8,190,548,20,9,506,964,0.236,0.345,0.472,0.817,120,*37DH,hoskirh01,1B
194,Bill Phillips,0,12,1808,0,12.5,0.614,12.2,1.9,15.4,-2.5,-0.7,0,0,0,0,0,0,0,0,10,1879,1888,0,1038,4458,4255,562,1130,214,98,17,534,39,,178,295,0.266,0.299,0.374,0.673,109,*3/2O,phillbi01,1B
197,James Loney,0,12.6,2493,0,11.4,0.608,12,1.3,8.3,-4.5,-6,0,0,0,0,0,0,0,0,11,2006,2016,0,1443,5487,5023,528,1425,267,21,108,669,38,21,397,652,0.284,0.336,0.41,0.746,104,*3H/D9,loneyja01,1B
199,Buck Jordan,0,11.8,1366,0,11.7,0.604,11.7,2.3,11.3,-2.8,0.7,0,0,0,0,0,0,0,0,10,1927,1938,0,811,3218,2980,396,890,153,35,17,281,20,16,182,109,0.299,0.34,0.391,0.731,104,*3H5/9,jordabu01,1B
200,Sam Leslie,0,11.9,1266,0,11.6,0.602,11.7,2.3,11.6,-3,2.5,0,0,0,0,0,0,0,0,10,1929,1938,0,822,2714,2460,311,749,123,28,36,389,14,10,216,118,0.304,0.366,0.421,0.787,116,*3H/7,leslisa01,1B
201,Kitty Bransfield,0,13.3,2161,0,10,0.6,11.7,1.2,11,-5.2,-8.3,0,0,0,0,0,0,0,0,12,1898,1911,0,1330,5397,4999,529,1351,225,75,13,637,175,,221,384,0.27,0.304,0.353,0.657,98,*3H/2,branski01,1B
202,Tim Jordan,0,11.3,994,0,11.3,0.598,11.3,3.4,14.4,-5,3.8,0,0,0,0,0,0,0,0,7,1901,1910,0,540,2131,1813,220,474,74,24,32,232,48,,254,265,0.261,0.355,0.382,0.737,137,*3/H,jordati01,1B
203,Sid Bream,0,11.3,1707,0,11.1,0.596,11.2,1.7,6,-0.2,-0.5,0,0,0,0,0,0,0,0,12,1983,1994,0,1088,3531,3108,351,819,191,12,90,455,50,40,353,450,0.264,0.336,0.42,0.755,108,*3H/7,breamsi01,1B
204,Tom Jones,0,11.3,1508,0,11,0.594,11.2,1.7,8.8,-1.9,-5.7,0,0,0,0,0,0,0,0,8,1902,1910,0,1058,4306,3847,340,964,122,34,4,336,149,,193,204,0.251,0.294,0.303,0.597,90,*3/495H,jonesto01,1B
205,Ray Sanders,0,11.1,1211,0,11.1,0.592,11.1,2.8,11,-2.9,2.5,0,0,0,0.07,0,0,0,0,7,1942,1949,0,630,2558,2182,321,597,114,19,42,329,8,6,328,216,0.274,0.37,0.401,0.771,115,*3H,sandera01,1B
206,Babe Young,0,11.1,1331,0,11,0.59,11.1,2.5,13,-4.7,1,0,0,0,0.05,0,0,0,0,8,1936,1948,0,728,2710,2403,320,656,121,17,79,415,9,17,274,161,0.273,0.352,0.436,0.788,117,*3H8/9,youngba01,1B
207,George LaChance,0,11.3,2280,0,10.6,0.588,11,1.4,10.6,-1.4,-8.5,0,0,0,0,0,0,0,0,12,1893,1905,0,1265,5314,4928,681,1380,198,87,39,693,192,,219,429,0.28,0.318,0.379,0.697,94,*36/O2,lachaca01,1B
208,Scott Hatteberg,0,11.9,2299,0,10,0.586,11,1.2,14.9,-7.4,-6.7,0,0,0,0,0,0,0,0,14,1995,2008,0,1314,4876,4226,538,1153,249,7,106,527,3,8,562,503,0.273,0.361,0.41,0.772,101,*3*2DH/5,hattesc01,1B
209,Steve Pearce,0,11.5,1245,0,10.4,0.584,11,2.2,8.4,-1.2,1.8,0,0,0,0,0,0,0,0.1,13,2007,2019,0,766,2555,2256,290,572,131,8,91,303,13,7,240,509,0.254,0.332,0.44,0.772,108,37H9D4/5,pearcst01,1B
210,Lennie Pearson,0,10.4,1026,0,11.4,0.582,10.9,3.9,9,0.7,5.5,0,0,0,0,0,0,2,0.4,12,1937,1948,6,477,1955,1771,340,525,94,23,53,341,44,,158,,0.296,0.355,0.465,0.82,124,3758/4691,pearsle02,1B
211,Sid Farrar,0,10.8,1547,0,10.7,0.58,10.7,1.8,9.9,1.5,-2.4,0,0,0,0,0,0,0,0,8,1883,1890,0,943,3840,3573,497,905,157,53,18,412,92,,233,269,0.253,0.305,0.342,0.647,91,*3,farrasi01,1B
212,Russell Branyan,0,10.1,1842,2.5,11.3,0.578,10.7,1.7,12.2,-3.4,-0.1,0,0,0,0,0,0,0,0,14,1998,2011,0,1059,3398,2934,405,682,143,8,194,467,16,4,403,1118,0.232,0.329,0.485,0.814,113,*53H7D9,branyru01,3B
213,Mitch Moreland,0,10.3,2211,0,11,0.576,10.6,1.4,8,-3.5,-4.5,0,0,0,0,0,0,0,0,12,2010,2021,1,1260,4536,4071,527,1020,219,9,186,618,11,5,385,975,0.251,0.318,0.446,0.764,102,*3HD9/17,morelmi01,1B
214,Ray Grimes,0,10.5,962,0,10.5,0.574,10.5,3.9,12,-3.3,4.7,0,0,0,0,0,0,1,0.3,6,1920,1926,0,433,1788,1537,269,505,101,25,27,263,21,17,204,133,0.329,0.413,0.48,0.892,133,*3/H,grimera01,1B
215,Bill Everitt,0,10.4,1504,0,10.4,0.572,10.4,2.4,12.5,-1.6,-0.3,0,0,0,0,0,0,0,0,7,1895,1901,0,698,3124,2842,535,902,85,43,11,341,186,,212,205,0.317,0.368,0.389,0.757,103,*3*5O/4,everibi01,1B
216,Dale Long,0,10.4,1765,0,10.2,0.57,10.3,1.6,12.7,-6.5,-2.2,0,0,0,0.02,0,0,0,0,10,1951,1963,1,1013,3431,3020,384,805,135,33,132,467,10,3,353,460,0.267,0.341,0.464,0.805,115,*3H/27,longda02,1B
217,Mark Trumbo,0,11.1,2198,0,9.5,0.568,10.3,1.4,12.1,-8.9,-5.8,0,0,0,0,0,0,0,0,10,2010,2019,2,1097,4419,4085,532,1018,182,11,218,629,23,14,299,1097,0.249,0.302,0.459,0.761,108,*3*D97H/5,trumbma01,1B
218,Bob Robertson,0,11,1360,0,9.4,0.566,10.2,1.8,8.5,-3.3,0.4,0,0,0,0.01,0,0,0,0,11,1967,1979,0,829,2742,2385,283,578,93,10,115,368,7,9,317,546,0.242,0.331,0.434,0.766,114,*3HD/75,roberbo01,1B
219,Clyde Engle,0,10.6,1362,0,9.7,0.564,10.2,1.9,9.8,-1.7,-1.4,0,0,0,0,0,0,0,0,8,1909,1916,0,836,3220,2822,373,748,101,39,12,318,128,16,271,293,0.265,0.335,0.341,0.676,99,35784H/96,englecl01,1B
220,Joe Pepitone,0,10.7,2543,0,9.7,0.562,10.2,1.1,11.9,-8.7,-8.3,0,0,0,0.05,0,0,0,0,12,1962,1973,3,1397,5476,5097,606,1315,158,35,219,721,41,32,302,526,0.258,0.301,0.432,0.733,105,*3*89H7,pepitjo01,1B
221,Ty France,0,10.4,1433,0,9.8,0.56,10.1,1.8,10.3,-4.2,-1.2,0,0,0,0,0,0,0,0,8,2019,2026,1,869,3387,3032,373,797,159,6,85,378,4,4,206,614,0.263,0.334,0.403,0.737,108,*3DH45/1,francty01,1B
222,Ken Phelps,0,10.7,1290,0,9.4,0.558,10,2,10.5,-5.9,2,0,0,0,0,0,0,0,0,11,1980,1990,0,761,2287,1854,308,443,64,7,123,313,10,7,390,449,0.239,0.374,0.48,0.854,133,*DH3/9,phelpke01,1B
223,Willie Bobo,0,9.9,844,0,9.9,0.556,9.9,4.3,10,-1.7,4.7,0,0,0,0,0,1,1,0.4,7,1923,1930,0,377,1474,1272,255,399,80,24,26,241,46,,193,,0.314,0.408,0.476,0.883,137,*3/9471,bobowi01,1B
225,John Ganzel,0,9.8,1124,0,9.8,0.552,9.8,2.1,6.7,1,-1.2,0,0,0,0,0,0,0,0,7,1898,1908,0,747,2961,2715,281,682,104,50,18,336,48,,136,173,0.251,0.298,0.346,0.644,94,*3/H46,ganzejo01,1B
226,Danny Cater,0,9,1956,0,10.6,0.55,9.8,1.3,10,-5.2,-6.1,0,0,0,0.02,0,0,0,0,12,1964,1975,0,1289,4786,4451,491,1229,191,29,66,519,26,30,254,406,0.276,0.316,0.377,0.693,101,*375H/D948,caterda01,1B
227,Mike Jorgensen,0,10.4,1866,0,9.1,0.548,9.7,0.9,7.2,-4.6,-4.1,0,0,0,0,0,0,0,0,17,1968,1985,0,1633,4034,3421,429,833,132,13,95,426,58,44,532,589,0.243,0.347,0.373,0.72,101,*3*H798/D,jorgemi01,1B
228,Greg Brock,0,9.3,1752,0,10,0.546,9.6,1.6,7.6,-2.7,-2.5,0,0,0,0,0,0,0,0,10,1982,1991,0,1013,3695,3202,420,794,141,6,110,462,41,18,434,469,0.248,0.338,0.399,0.737,105,*3H/D,brockgr01,1B
229,Buddy Hassett,0,9.6,1534,0,9.6,0.544,9.6,1.7,7.2,-1.8,-3.4,0,0,0,0.01,0,0,0,0,7,1936,1942,0,929,3807,3517,469,1026,130,40,12,343,53,50,209,116,0.292,0.333,0.362,0.695,93,*3H79/8,hassebu01,1B
230,Scott Spiezio,0,10.4,2077,0,8.8,0.542,9.6,1.1,8.9,-2.2,-6.4,0,0,0,0,0,0,0,0,12,1996,2007,0,1273,4413,3899,517,996,225,27,119,549,33,23,412,594,0.255,0.329,0.419,0.747,95,*3*45HD79/1,spiezsc01,1B
231,Jake Virtue,0,9.5,989,0,9.5,0.54,9.5,3.2,9.8,-0.2,2.5,0,0,0,0,0,0,0,0,5,1890,1894,0,474,2056,1764,321,483,60,50,7,256,50,,275,140,0.274,0.376,0.376,0.753,113,*3O/5641,virtuja01,1B
232,Josh Bell,0,10.5,2653,0,8.4,0.538,9.5,1,14.3,-13.7,-8.8,0,0,0,0,0,0,0,0,11,2016,2026,1,1332,5341,4669,627,1190,233,20,198,704,5,17,591,1005,0.255,0.34,0.441,0.78,113,*3*DH/97,belljo02,1B
233,Ron Blomberg,0,9.5,776,0,9.4,0.536,9.5,3.3,10.3,-3.8,4.1,0,0,0,0,0,0,0,0,8,1969,1978,0,461,1493,1333,184,391,67,8,52,224,6,7,140,134,0.293,0.36,0.473,0.832,140,D3H9/7,blombro01,1B
234,Del Bissonette,0,9.3,1364,0,9.3,0.534,9.3,2.5,11.9,-5,1.1,0,0,0,0.04,0,0,0,0,5,1928,1933,0,604,2564,2291,359,699,117,50,66,391,17,17,233,269,0.305,0.371,0.486,0.857,119,*3/H,bissode01,1B
235,Tommy McCraw,0,10,1905,0,8.7,0.532,9.3,1,6.4,-5.4,-6.4,0,0,0,0,0,0,0,0,13,1963,1975,0,1468,4397,3956,484,972,149,42,75,404,143,68,332,544,0.246,0.309,0.361,0.67,94,*3*H798/D,mccrato01,1B
236,Charlie Comiskey,0,10.6,2569,0,7.7,0.53,9.1,0.9,3.3,4.6,-7.6,0,0,0,0,0,0,0,0,13,1882,1894,0,1390,6040,5796,992,1529,207,68,28,883,416,,197,132,0.264,0.293,0.337,0.63,82,*3/4O1,comisch01,1B
237,Wilmer Flores,0,9,2171,0,9.2,0.528,9.1,1.1,14.2,-6.6,-5.9,0,0,0,0,0,0,0,0,13,2013,2025,0,1337,4706,4281,518,1107,213,5,169,603,6,3,328,671,0.259,0.316,0.429,0.745,105,*345HD6,florewi01,1B
238,Yonder Alonso,0,9.6,1745,0,8.6,0.526,9.1,1.3,6.9,-3.5,-3.8,0,0,0,0,0,0,0,0,10,2010,2019,1,1072,3773,3362,391,872,181,2,100,426,22,8,366,648,0.259,0.332,0.404,0.736,103,*3HD/754,alonsyo01,1B
239,Erubiel Durazo,0,9.1,1263,0,9.1,0.524,9.1,2.4,9.8,-4.6,1.5,0,0,0,0.01,0,0,0,0,7,1999,2005,0,624,2291,1948,333,547,108,6,94,330,7,5,307,428,0.281,0.381,0.487,0.868,123,*D3H/9,durazer01,1B
240,Daric Barton,0,9.3,940,0,8.9,0.522,9.1,2.6,5.2,1.2,1.5,0,0,0,0,0,0,0,0.1,8,2007,2014,0,551,2085,1744,242,431,94,11,30,184,13,7,290,348,0.247,0.356,0.365,0.721,99,*3/H5,bartoda02,1B
241,Phil Weintraub,0,9,844,0,9,0.52,9,3.3,9.4,-2.1,3.6,0,0,0,0,0,0,0,0,7,1933,1945,0,444,1630,1382,215,407,67,19,32,207,4,8,232,182,0.295,0.398,0.44,0.838,132,3H7/98,weintph01,1B
242,Alex McKinnon,0,8.9,707,0,8.9,0.518,8.9,3.7,10.2,-0.9,3,0,0,0,0,0,0,0,0,4,1884,1887,0,386,1617,1572,209,465,82,30,13,219,16,,45,125,0.296,0.315,0.411,0.726,125,*3/O,mckinal01,1B
243,Nick Esasky,0,9.3,1537,0,8.3,0.516,8.8,1.7,10.3,-5.1,-2.3,0,0,0,0.05,0,0,0,0,8,1983,1990,0,810,3064,2703,336,677,120,21,122,427,18,14,314,712,0.25,0.329,0.446,0.775,111,*357H,esaskni01,1B
244,Mike Hegan,0,9.2,1111,0,8.3,0.514,8.8,1.4,6.8,-2.6,-0.2,0,0,0,0,0,0,0,0,12,1964,1977,1,966,2451,2080,281,504,73,18,53,229,28,21,311,489,0.242,0.341,0.371,0.712,104,*3H9D7/8,heganmi01,1B
245,Lucas Duda,0,9.8,1788,0,7.6,0.512,8.7,1.3,10.5,-8,-3.9,0,0,0,0.01,0,0,0,0,10,2010,2019,0,958,3581,3098,387,741,171,4,156,470,6,7,394,879,0.239,0.334,0.448,0.782,115,*397HD,dudalu01,1B
246,Casey Kotchman,0,9.8,1464,0,7.5,0.51,8.6,1.3,3.4,-0.4,-4.5,0,0,0,0,0,0,0,0,10,2004,2013,0,939,3412,3071,322,799,157,7,71,388,14,9,267,339,0.26,0.326,0.385,0.711,93,*3H/D,kotchca01,1B
247,Dick Stuart,0,9.2,2259,0,7.9,0.508,8.5,1.1,14.9,-12.8,-7.8,0,0,0,0.1,0,0,0,0,10,1958,1969,2,1112,4363,3997,506,1055,157,30,228,743,2,7,301,957,0.264,0.316,0.489,0.806,117,*3H/75,stuardi01,1B
248,Josh Naylor,0,8.5,1531,0,8.4,0.506,8.5,1.7,10.4,-6,-1.6,0,0,0,0,0,0,0,0,8,2019,2026,1,791,3063,2771,349,744,151,2,109,457,67,11,238,487,0.268,0.329,0.442,0.772,115,*3D9H7,naylojo01,1B
249,George Giles,0,8.4,940,0,8.5,0.504,8.5,3.1,7.3,-0.8,2.5,0,0,0,0,0,0,0,0.1,10,1927,1938,1,450,1921,1705,330,531,95,30,9,249,52,,175,,0.311,0.378,0.418,0.796,112,*3/486,gilesge01,1B
250,Dick Siebert,0,9.3,1790,0,7.3,0.502,8.3,1.1,5.6,-3.2,-6.1,0,0,0,0.04,0,0,0,0,11,1932,1945,1,1035,4251,3917,439,1104,204,40,32,482,30,33,276,185,0.282,0.332,0.379,0.71,96,*37/H9,siebedi01,1B
251,Willie Aikens,0,8.7,1456,0,7.9,0.5,8.3,1.7,9.4,-5.7,-1.3,0,0,0,0,0,0,0,0,8,1977,1985,0,774,2856,2492,301,675,125,2,110,415,3,6,319,444,0.271,0.354,0.455,0.809,123,*3DH,aikenwi01,1B
252,Ed Bouchee,0,8.3,1267,0,8.3,0.498,8.3,2,9.8,-4.7,-1.6,0,0,0,0.08,0,0,0,0,7,1956,1962,0,670,2594,2199,298,583,114,21,61,290,5,8,340,401,0.265,0.368,0.419,0.787,112,*3H,bouched01,1B
253,Les Fleming,0,8.2,788,0,8.2,0.496,8.2,3.1,8.1,-1.7,3.5,0,0,0,0.01,0,0,0,0,7,1939,1949,0,434,1572,1330,168,369,69,15,29,199,7,8,226,152,0.277,0.386,0.417,0.804,130,*3H9/7,flemile01,1B
254,Bob Boyd,0,8.9,1017,0,7.5,0.494,8.2,1.7,7.9,-3.3,0.4,0,0,0,0.03,0,0,0,0.1,11,1947,1961,3,727,2307,2078,276,620,91,24,21,201,18,17,177,114,0.298,0.355,0.396,0.75,108,*3H7/98,boydbo01,1B
255,Tony Solaita,0,8,770,0,8,0.492,8,2.5,6.2,-0.7,2.7,0,0,0,0,0,0,0,0,7,1968,1979,0,525,1554,1316,164,336,66,1,50,203,2,8,214,345,0.255,0.357,0.421,0.778,120,3HD,solaito01,1B
256,Mike Ivie,0,8.7,1370,0,7.3,0.49,8,1.4,8.2,-5.3,-2.2,0,0,0,0,0,0,0,0,11,1971,1983,0,857,2963,2694,309,724,133,17,81,411,22,16,214,402,0.269,0.324,0.421,0.744,110,*3H5D7/24,iviemi01,1B
257,Harry Taylor,0,8,886,0,8,0.488,8,3,6.9,1,2.2,0,0,0,0,0,0,0,0,4,1890,1893,0,438,1979,1754,311,502,30,12,3,176,108,,213,64,0.286,0.367,0.322,0.689,102,*3O/4652,tayloha01,1B
258,Michael Busch,0,8,746,0,8,0.486,8,3.4,7.4,-1.1,3.4,0,0,0,0.03,0,0,0,0,4,2023,2026,0,381,1447,1262,180,313,67,8,61,189,8,1,159,373,0.248,0.338,0.459,0.797,126,*3H/5D47,buschmi02,1B
259,Gordy Coleman,0,8.4,1254,0,7.5,0.484,8,1.6,7.2,-3.4,-2.6,0,0,0,0,0,0,0,0,9,1959,1967,0,773,2604,2384,282,650,102,11,98,387,9,8,177,333,0.273,0.324,0.448,0.772,107,*3H,colemgo01,1B
260,Justin Smoak,0,8.8,2294,0,6.8,0.482,7.8,0.9,9,-8.6,-9.8,0,0,0,0,0,0,0,0,11,2010,2020,1,1286,4750,4153,505,951,196,2,196,570,3,3,552,1122,0.229,0.322,0.419,0.74,103,*3HD,smoakju01,1B
261,Kevin Young,0,9.7,2127,0,5.9,0.48,7.8,0.8,2.2,-1.9,-7.3,0,0,0,0.01,0,0,0,0,12,1992,2003,0,1205,4352,3897,536,1007,235,17,144,606,83,49,336,882,0.258,0.324,0.438,0.762,95,*35H/97D,youngke01,1B
262,Ed Cartwright,0,7.7,1168,0,7.7,0.478,7.7,2.5,8.1,-0.3,0.8,0,0,0,0,0,0,0,0,5,1890,1897,0,495,2132,1902,348,562,100,44,24,333,144,,202,136,0.295,0.368,0.432,0.8,107,*3,cartwed01,1B
263,Travis Lee,0,8.1,2042,0,7.3,0.476,7.7,1.1,4.9,-3,-6.4,0,0,0,0,0,0,0,0,9,1998,2006,0,1099,4233,3740,476,958,191,16,115,488,59,20,457,704,0.256,0.337,0.408,0.745,95,*3H9/78D,leetr01,1B
264,Ryan Mountcastle,0,7.7,1268,0,7.7,0.474,7.7,1.9,7.7,-3.8,-1.2,0,0,0,0,0,0,0,0,7,2020,2026,0,660,2684,2457,303,646,126,5,98,364,17,6,175,666,0.263,0.312,0.438,0.75,109,*3D7H,mountry01,1B
265,Ron Jackson,0,8.2,1387,0,7.2,0.472,7.7,1.3,6.1,-1.5,-3.8,0,0,0,0,0,0,0,0,10,1975,1984,0,926,3285,2986,356,774,165,22,56,342,23,27,213,329,0.259,0.314,0.385,0.7,94,*35HD7/4968,jacksro02,1B
266,George Crowe,0,7.4,1064,0,7.7,0.47,7.6,1.7,8.8,-3.2,-0.1,0,0,0,0,0,0,0,0,11,1947,1961,2,748,2084,1878,243,516,76,18,86,332,4,2,174,246,0.275,0.337,0.472,0.809,113,*3*H/489,crowege01,1B
267,Del Gainer,0,7.3,831,0,7.4,0.468,7.4,2.2,7.2,-1.6,0.2,0,0,0,0,0,0,0,0,10,1909,1922,0,548,1851,1608,218,438,75,36,14,190,55,18,149,219,0.272,0.342,0.39,0.732,113,*3H/7489,gainede01,1B
268,Greg Colbrunn,0,7.6,1473,0,6.9,0.466,7.3,1.1,5.8,-3,-2.4,0,0,0,0,0,0,0,0,13,1992,2004,0,992,3017,2769,337,801,155,12,98,422,29,21,170,444,0.289,0.338,0.46,0.799,106,*3H/D592,colbrgr01,1B
269,Frank Brower,0,7.2,760,0,7.2,0.464,7.2,2.6,7.6,-2,1.8,0,0,0,0,0,0,0,0,5,1920,1924,0,450,1531,1297,206,371,74,20,30,205,17,14,168,84,0.286,0.379,0.443,0.822,116,93H/715,browefr01,RF
270,Robert Hudspeth,0,7.4,792,0,7,0.462,7.2,3,7.4,-2,1.9,0,0,0,0,0,0,0,0.1,9,1920,1929,0,381,1543,1407,192,439,77,19,35,246,17,,116,,0.312,0.368,0.468,0.836,125,*3/94,hudspro01,1B
271,Bob Unglaub,0,7.2,860,0,7.2,0.46,7.2,1.9,6.2,-0.7,-1.9,0,0,0,0,0,0,0,0,6,1904,1910,0,595,2320,2150,188,554,67,35,5,216,66,,88,246,0.258,0.288,0.328,0.617,99,*3549/H76,unglabo01,1B
272,Dave Bergman,0,7.6,1383,0,6.7,0.458,7.1,0.8,5.7,-4.6,-3.7,0,0,0,0,0,0,0,0,17,1975,1992,0,1349,3114,2679,312,690,100,16,54,289,19,14,380,347,0.258,0.348,0.367,0.716,102,*3*HD7/98,bergmda01,1B
273,Nick Kurtz,0,7.1,453,0,7.1,0.456,7.1,7,6.7,-0.5,4.8,0,0,0,0.07,0,0,0,0.1,2,2025,2026,0,163,700,585,119,166,35,3,44,115,7,2,107,214,0.284,0.396,0.579,0.976,160,3/DH,kurtzni01,1B
274,Jim West,0,7.3,1269,0,6.7,0.454,7,1.6,6.9,-3.3,-1.6,0,0,0,0,0,0,0,0.1,18,1930,1948,3,695,2792,2489,379,709,108,40,34,397,17,,253,,0.285,0.354,0.401,0.756,105,*3/487,westji01,1B
275,Dick Gernert,0,6.8,1434,0,6.6,0.452,6.7,1.3,5.8,-3.2,-2.5,0,0,0,0.02,0,0,0,0,11,1952,1962,0,835,2896,2493,357,632,104,8,103,402,10,11,363,462,0.254,0.351,0.426,0.776,106,*3H7/9,gernedi01,1B
276,Tony Horton,0,6.7,1109,0,6.7,0.45,6.7,1.7,6.7,-3.6,-1.6,0,0,0,0,0,0,0,0,7,1964,1970,0,636,2401,2228,251,597,102,15,76,297,12,8,140,319,0.268,0.313,0.43,0.743,109,*3H/7,hortoto01,1B
277,Ed Kranepool,0,9,2516,0,4.2,0.448,6.6,0.4,5.7,-11,-16.7,0,0,0,0,0,0,0,0,18,1962,1979,1,1853,5997,5436,536,1418,225,25,118,614,15,27,454,581,0.261,0.316,0.377,0.693,98,*3*H79/8,kraneed01,1B
278,Paul Sorrento,0,7.3,1994,0,5.6,0.446,6.5,0.8,8.8,-8.4,-7.9,0,0,0,0,0,0,0,0,11,1989,1999,0,1093,3890,3412,454,876,176,5,166,565,8,15,426,844,0.257,0.34,0.457,0.798,109,*3DH7/9,sorrepa01,1B
279,Brad Fullmer,0,6.9,1603,0,5.9,0.444,6.4,1.2,7.5,-7,-4.4,0,0,0,0,0,0,0,0,8,1997,2004,0,807,3065,2789,395,778,203,16,114,442,32,21,216,373,0.279,0.336,0.486,0.822,111,*D3H/7,fullmbr01,1B
280,Greg Walker,0,7,1574,0,5.8,0.442,6.4,1.1,6.9,-5.5,-4.4,0,0,0,0,0,0,0,0,9,1982,1990,0,855,3177,2864,368,746,164,19,113,444,19,12,268,520,0.26,0.326,0.449,0.775,108,*3HD,walkegr01,1B
281,Brian Daubach,0,6.4,1204,0,6.3,0.44,6.3,1.5,5.3,-2.2,-1.8,0,0,0,0,0,0,0,0,8,1998,2005,0,661,2303,2025,271,525,139,10,93,333,5,3,236,541,0.259,0.341,0.476,0.817,108,*3DH79/5,daubabr01,1B
282,Brandon Moss,0,7.3,1754,0,5.4,0.438,6.3,0.9,7.3,-7.1,-6.5,0,0,0,0,0,0,0,0,11,2007,2017,1,1016,3521,3133,419,742,159,17,160,473,11,11,328,968,0.237,0.314,0.452,0.766,106,*3*97HD/58,mossbr01,1B
283,Mickey Rocco,0,6.2,821,0,6.2,0.436,6.2,2.3,5,-1.2,0.5,0,0,0,0,0,0,0,0,4,1943,1946,0,440,1935,1721,219,444,73,17,30,186,6,15,174,146,0.258,0.327,0.372,0.7,106,*3/H,roccomi01,1B
284,Lamar Johnson,0,6.5,1326,0,5.9,0.434,6.2,1.2,6.6,-5.9,-3.8,0,0,0,0,0,0,0,0,9,1974,1982,0,792,2883,2631,294,755,122,12,64,381,22,19,211,307,0.287,0.338,0.415,0.754,109,*3*DH/7,johnsla02,1B
285,Jack Kerins,0,6.1,1055,0,6.1,0.432,6.1,1.8,6,0.8,0.7,0,0,0,0,0,0,0,0,7,1884,1890,0,557,2406,2227,392,561,72,51,20,217,95,,165,65,0.252,0.308,0.357,0.665,103,*32O/564,kerinjo01,1B
286,Dee Fondy,0,6.4,1732,0,5.7,0.43,6.1,1,6.8,-5,-8.6,0,0,0,0,0,0,0,0,8,1951,1958,0,967,3759,3502,437,1000,144,47,69,373,84,53,203,526,0.286,0.324,0.413,0.737,95,*3H/97,fondyde01,1B
287,Willie Clark,0,5.9,648,0,5.9,0.428,5.9,2.7,5.2,0.6,0.9,0,0,0,0,0,0,0,0,5,1895,1899,0,350,1436,1280,188,366,54,35,2,199,38,,114,75,0.286,0.358,0.388,0.745,102,*3/O5,clarkwi01,1B
288,Allen Craig,0,5.8,950,0,5.8,0.426,5.8,1.8,5.8,-2.8,-0.5,0,0,0,0.03,0,0,0,0,6,2010,2015,1,534,2013,1831,239,506,107,3,59,296,11,3,143,394,0.276,0.333,0.435,0.768,111,397H/D485,craigal01,1B
289,Claude Rossman,0,5.8,803,0,5.8,0.424,5.8,1.8,8.1,-4.4,-2,0,0,0,0,0,0,0,0,5,1904,1909,0,511,2026,1848,175,523,80,26,3,238,49,,90,165,0.283,0.318,0.359,0.677,113,*3/H98,rossmcl01,1B
290,Olmedo Sáenz,0,6.1,924,0,5.3,0.422,5.7,1.2,6.2,-3,-1,0,0,0,0,0,0,0,0,9,1994,2007,0,733,1893,1663,226,438,106,5,73,275,3,4,148,355,0.263,0.34,0.465,0.805,109,*H35D,saenzol01,1B
291,Mox McQuery,0,5.6,733,0,5.6,0.42,5.6,2.2,6.7,-0.9,0.7,0,0,0,0,0,0,0,0,5,1884,1891,0,417,1713,1581,231,429,73,18,13,160,33,,123,92,0.271,0.327,0.365,0.692,111,*3,mcquemo01,1B
292,Bert Haas,0,5.8,1122,0,5.4,0.418,5.6,1.2,6,-2.1,-4.7,0,0,0,0,0,0,0,0,9,1937,1951,1,721,2674,2440,263,644,93,32,22,263,51,33,204,188,0.264,0.323,0.355,0.678,90,*35H8/79,haasbe01,1B
293,Pat Tabler,0,8,1873,0,3.1,0.416,5.6,0.4,8.1,-10.6,-11.1,0,0,0,0,0,0,0,0,12,1981,1992,1,1202,4364,3911,454,1101,190,25,47,512,16,20,375,559,0.282,0.345,0.379,0.724,99,*3D7H594,tablepa01,1B
294,Ike Davis,0,5.6,1161,0,5.6,0.414,5.6,1.3,4.6,-2.7,-1.8,0,0,0,0,0,0,0,0,7,2010,2016,0,665,2392,2076,260,496,117,2,81,291,7,8,294,538,0.239,0.332,0.414,0.746,107,*3H/D1,davisik02,1B
295,Luke Voit,0,5.5,981,0,5.5,0.412,5.5,1.8,7.6,-5,-0.8,0,0,1,0.2,0,0,0,0,7,2017,2023,0,508,1912,1680,247,425,72,2,95,276,3,1,192,550,0.253,0.339,0.468,0.807,121,3DH/9,voitlu01,1B
296,Norm Larker,0,5.5,975,0,5.5,0.41,5.5,1.3,5,-2.4,-3.1,0,0,0,0.06,0,0,0,0,6,1958,1963,2,667,2230,1953,227,538,97,15,32,271,3,5,211,165,0.275,0.347,0.39,0.736,97,*3H7/9,larkeno01,1B
297,Spencer Steer,0,5.4,1082,0,5.4,0.408,5.4,1.7,5.8,-2.6,-1.6,0,0,0,0,0,0,0,0,5,2022,2026,0,534,2179,1923,251,472,106,9,73,279,50,8,217,468,0.245,0.33,0.424,0.753,103,375D/49H6,steersp01,1B
298,Ricky Jordan,0,5.8,980,0,4.9,0.406,5.3,1.2,5.2,-3.6,-2.3,0,0,0,0,0,0,0,0,8,1988,1996,0,677,2221,2104,261,592,116,10,55,304,10,6,77,303,0.281,0.308,0.424,0.732,103,*3H/7D,jordari02,1B
299,Matt Adams,0,5.6,1289,0,4.8,0.404,5.2,0.9,4,-2.8,-3.5,0,0,0,0,0,0,0,0,10,2012,2021,0,856,2614,2421,297,624,130,6,118,399,4,4,165,643,0.258,0.306,0.463,0.769,104,*3H7/D9,adamsma01,1B
300,Steve Bilko,0,5.3,1007,0,5,0.402,5.2,1.3,4.2,-1.4,-1.9,0,0,0,0,0,0,0,0,10,1949,1962,0,600,1995,1738,220,432,85,13,76,276,2,4,234,395,0.249,0.336,0.444,0.78,103,*3H/9,bilkost01,1B
301,Dave Revering,0,5.1,937,0,5.1,0.4,5.1,1.5,4.5,-2.2,-1.5,0,0,0,0,0,0,0,0,5,1978,1982,0,557,2003,1832,205,486,83,16,62,234,2,10,148,240,0.265,0.318,0.43,0.748,110,*3HD,reverda01,1B
302,Bob Oliver,0,5.8,1340,0,4.3,0.398,5.1,0.8,5.8,-4.7,-6.9,0,0,0,0,0,0,0,0,8,1965,1975,0,847,3123,2914,293,745,102,19,94,419,17,14,156,562,0.256,0.295,0.4,0.696,100,*395H8/D7,olivebo01,1B
303,Jiman Choi,0,5.3,914,0,4.8,0.396,5.1,1.5,5.3,-3.4,-1.4,0,0,0,0,0,0,0,0,8,2016,2023,0,525,1841,1567,190,367,93,3,67,238,6,7,241,476,0.234,0.338,0.426,0.764,112,*3DH/7,choiji01,1B
304,Reggie Jefferson,0,5.6,1154,0,4.5,0.394,5,1.1,5.8,-5.7,-3.5,0,0,0,0,0,0,0,0,9,1991,1999,0,680,2306,2123,285,637,131,11,72,300,2,5,146,451,0.3,0.349,0.474,0.823,112,*DH37,jeffere01,1B
305,Walt Dropo,0,6.6,2114,0,3.3,0.392,5,0.4,3.9,-6,-10.7,0,0,1,0.23,0,0,0,0,13,1949,1961,1,1288,4522,4124,478,1113,168,22,152,704,5,6,328,582,0.27,0.326,0.432,0.757,100,*3H/5,dropowa01,1B
306,Vinnie Pasquantino,0,5,963,0,5,0.39,5,1.7,5.9,-3.7,-1.5,0,0,0,0,0,0,0,0,5,2022,2026,0,470,1991,1778,203,461,94,5,75,284,4,0,169,282,0.259,0.325,0.444,0.77,114,*3D/H,pasquvi01,1B
307,Logan Morrison,0,5.7,1833,0,4.2,0.388,5,0.7,8.7,-9.7,-8.2,0,0,0,0,0,0,0,0,11,2010,2020,0,997,3779,3331,416,792,163,21,140,426,23,10,393,740,0.238,0.323,0.425,0.749,104,*37HD/9,morrilo01,1B
308,Jack Burns,0,4.9,1812,0,4.9,0.386,4.9,0.9,6.4,-5,-9.2,0,0,0,0,0,0,0,0,7,1930,1936,0,890,3966,3506,541,980,199,31,44,417,63,47,376,299,0.28,0.351,0.392,0.742,88,*3/H,burnsja02,1B
309,Doc Johnston,0,6.1,1727,0,3.6,0.384,4.8,0.6,5.9,-6.2,-12.2,0,0,0,0,0,0,0,0,11,1909,1922,0,1056,4278,3774,478,992,154,68,14,381,139,54,264,307,0.263,0.319,0.351,0.67,88,*3H/8,johnsdo01,1B
310,Johnny Washington,0,5,775,0,4.7,0.382,4.8,1.8,5.2,-2.4,-0.4,0,0,0,0,0,0,0,0,9,1936,1948,3,416,1647,1527,233,479,67,30,13,255,39,,91,,0.314,0.353,0.422,0.776,110,*3/492578,washijo01,1B
311,Art Griggs,0,4.8,648,0,4.8,0.38,4.8,1.8,6.7,-3.2,-0.9,0,0,0,0,0,0,0,0,7,1909,1918,0,442,1527,1370,127,379,73,20,5,155,36,8,105,157,0.277,0.332,0.37,0.702,115,3H497/568,griggar01,1B
312,Jonathan Aranda,0,4.8,468,0,4.8,0.378,4.8,2.9,4.4,-0.8,1.7,0,0,0,0,0,0,0,0,5,2022,2026,1,262,955,828,126,226,43,1,32,127,0,2,101,240,0.273,0.359,0.443,0.802,125,3HD/457,arandjo01,1B
313,LaMonte Wade Jr.,0,4.6,883,0,4.6,0.376,4.6,1.3,5.3,-3.3,-1.6,0,0,0,0,0,0,0,0,7,2019,2025,0,560,1907,1617,222,381,67,9,55,185,13,4,239,401,0.236,0.341,0.39,0.731,105,*39H7/8D,wadela01,1B
314,Ryan O'Hearn,0,5.7,1257,0,3.4,0.374,4.6,0.7,5.7,-6.6,-5.4,0,0,0,0,0,0,0,0,9,2018,2026,1,784,2659,2382,301,606,110,10,91,342,12,4,236,581,0.254,0.325,0.424,0.748,107,*3DH9/7,ohearry01,1B
315,Jim Spencer,0,6.3,2316,0,2.8,0.372,4.5,0.3,3.3,-9.2,-16,0,0,0,0,0,0,0,0,15,1968,1982,1,1553,5409,4908,541,1227,179,27,146,599,11,19,407,582,0.25,0.307,0.387,0.694,98,*3DH/7,spencji01,1B
316,Ben Broussard,0,4.4,1148,0,4.4,0.37,4.4,1,6.3,-5,-4,0,0,0,0,0,0,0,0,7,2002,2008,0,705,2357,2136,275,561,114,13,87,314,15,7,171,466,0.263,0.324,0.45,0.775,105,*3HD7/9,brousbe01,1B
317,Everett Mills,0,4.3,566,0,4.3,0.368,4.3,2.1,4.7,-0.3,-0.8,0,0,0,0,0,0,0,0,6,1871,1876,0,337,1538,1525,283,433,62,21,2,204,10,10,13,12,0.284,0.29,0.356,0.646,100,*3/O,millsev01,1B
318,Otto Schomberg,0,4.3,473,0,4.3,0.366,4.3,3.2,6.3,-2,1.4,0,0,0,0,0,0,0,0,3,1886,1888,0,214,912,777,155,220,29,23,7,122,34,,123,44,0.283,0.389,0.407,0.796,137,3/O,schomot01,1B
319,John Ellis,0,5.4,1244,0,3,0.364,4.2,0.5,6,-3.9,-7.1,0,0,0,0,0,0,0,0,13,1969,1981,0,883,2915,2672,259,699,116,13,69,391,6,10,190,403,0.262,0.312,0.392,0.704,99,*32HD/5,ellisjo01,1B
320,Ivon Howard,0,4.2,409,0,4.2,0.362,4.2,2.2,3.5,0.6,0.3,0,0,0,0,0,0,0,0,4,1914,1917,0,302,969,818,91,191,27,14,2,86,53,22,104,129,0.233,0.331,0.308,0.639,93,34H5/9876,howariv01,1B
321,Babe Dahlgren,0,6.1,1958,0,2.3,0.36,4.2,0.3,4.2,-6.3,-12.9,0,0,0,0.13,0,0,0,0,12,1935,1946,1,1137,4508,4045,470,1056,174,37,82,569,18,23,390,401,0.261,0.329,0.383,0.713,93,*35H/62,dahlgba01,1B
322,Billy O'Brien,0,4.1,648,0,4.1,0.358,4.1,1.9,4.8,-0.5,-0.8,0,0,0,0,0,0,0,0,5,1884,1890,0,356,1491,1424,164,364,59,22,32,206,26,,59,88,0.256,0.289,0.395,0.684,107,*3/5O41,o'bribi01,1B
323,Garrett Cooper,0,4.5,898,0,3.7,0.356,4.1,1.2,3.6,-2.9,-2.6,0,0,0,0,0,0,0,0,8,2017,2024,1,517,1929,1735,192,459,96,7,57,233,1,1,157,519,0.265,0.333,0.427,0.759,105,3D9H/7,coopega03,1B
324,Phil Todt,0,4.5,1586,0,3.6,0.354,4.1,0.6,0.2,-0.7,-11,0,0,0,0.15,0,0,0,0,8,1924,1931,0,957,3769,3415,372,880,183,58,57,454,29,24,207,229,0.258,0.305,0.395,0.7,82,*3H/98,todtph01,1B
325,Spencer Horwitz,0,4.1,482,0,4.1,0.352,4.1,2.5,4.2,-1.1,0.8,0,0,0,0,0,0,0,0,4,2023,2026,0,262,990,859,121,231,54,1,27,117,1,1,113,177,0.269,0.359,0.428,0.787,120,34H/D,horwisp01,1B
326,Jesús Aguilar,0,5.1,1283,0,3,0.35,4,0.6,3.5,-4.4,-5.6,0,0,0,0.02,0,0,0,0,10,2014,2023,1,795,2658,2348,288,594,107,2,114,402,1,1,235,622,0.253,0.322,0.446,0.768,105,*3HD/5,aguilje01,1B
327,Frank Torre,0,3.9,710,0,3.9,0.348,3.9,0.9,3.5,-1.7,-2.6,0,0,0,0,0,0,0,0,7,1956,1963,0,714,1704,1482,150,404,78,15,13,179,4,1,155,64,0.273,0.349,0.372,0.72,100,*3H,torrefr01,1B
328,Dan Johnson,0,4.6,775,0,3.2,0.346,3.9,1.2,3.1,-2.1,-2.7,0,0,0,0,0,0,0,0,10,2005,2015,0,443,1625,1382,179,324,61,2,57,203,1,1,214,244,0.234,0.335,0.405,0.741,99,*3DH/57,johnsda06,1B
329,Chris Shelton,0,3.9,523,0,3.9,0.344,3.9,2.1,3.4,-0.8,0.2,0,0,0,0,0,0,0,0,5,2004,2009,0,299,1044,930,132,254,46,7,37,124,2,2,96,252,0.273,0.345,0.457,0.802,110,3H/D2579,sheltch01,1B
330,Babe Borton,0,3.9,512,0,3.9,0.342,3.9,2,4,-1.1,1,0,0,0,0,0,0,0,0,4,1912,1916,0,317,1147,940,139,254,31,17,4,136,21,7,160,110,0.27,0.381,0.352,0.734,114,3H,bortoba01,1B
331,Robert Fick,0,5.5,1201,0,2.2,0.34,3.8,0.4,4,-3.7,-6.6,0,0,0,0,0,0,0,0,10,1998,2007,1,846,2658,2373,287,613,116,12,69,324,6,9,235,386,0.258,0.328,0.405,0.732,95,*39H2D7/5,fickro01,1B
332,Justin Bour,0,3.8,1005,0,3.8,0.338,3.8,1.1,5.4,-4.2,-2.4,0,0,0,0,0,0,0,0,6,2014,2019,0,559,1950,1714,206,433,71,2,92,303,3,0,218,447,0.253,0.337,0.457,0.794,116,*3H/D,bourju01,1B
333,Craig Kusick,0,3.8,690,0,3.8,0.336,3.8,1.2,2.9,-2.3,-1.2,0,0,0,0,0,0,0,0,7,1973,1979,0,496,1461,1238,155,291,50,3,46,171,11,4,194,228,0.235,0.342,0.392,0.733,105,3DH/71,kusiccr01,1B
334,Willie Montañez,0,5.9,2847,0,1.6,0.334,3.8,0.2,7,-13.6,-19.1,0,0,0,0.01,0,0,0,0,14,1966,1982,1,1632,6407,5843,645,1604,279,25,139,802,32,42,465,751,0.275,0.327,0.402,0.729,102,*38H9/D7,montawi01,1B
335,Johnny McCarthy,0,4.3,709,0,3.2,0.332,3.8,1,2.6,-1.3,-2.6,0,0,0,0,0,0,0,0,11,1934,1948,0,542,1672,1557,182,432,72,16,25,209,8,12,90,114,0.277,0.319,0.392,0.712,95,*3H/9871,mccarjo03,1B
336,Troy Neel,0,3.7,457,0,3.7,0.33,3.7,2.6,4.3,-2.1,0.7,0,0,0,0,0,0,0,0,3,1992,1994,0,230,861,758,110,212,37,0,37,120,5,9,92,177,0.28,0.362,0.475,0.837,128,D3/H7,neeltr01,1B
337,Ryan Garko,0,3.6,798,0,3.6,0.328,3.6,1.3,4.4,-3.1,-2.6,0,0,0,0,0,0,0,0,6,2005,2010,0,463,1752,1552,190,427,75,3,55,250,0,1,125,272,0.275,0.347,0.434,0.781,106,*3HD/79,garkory01,1B
338,Rich Reese,0,4.8,949,0,2.2,0.326,3.5,0.4,2.6,-4.2,-5.6,0,0,0,0.01,0,0,0,0,10,1964,1973,0,866,2225,2020,248,512,73,17,52,245,16,15,158,270,0.253,0.312,0.384,0.695,95,*3H7/9,reeseri01,1B
339,Fred Whitfield,0,3.9,1157,0,3.1,0.324,3.5,0.6,5.1,-5.3,-5,0,0,0,0.02,0,0,0,0,9,1962,1970,0,817,2465,2284,242,578,93,8,108,356,7,16,139,371,0.253,0.298,0.443,0.741,107,*3H,whitffr01,1B
340,Craig Wilson,0,3.4,1164,0,3.4,0.322,3.4,0.8,7.2,-6.6,-3.6,0,0,0,0,0,0,0,0,7,2001,2007,0,698,2311,2010,303,527,100,14,99,292,14,7,198,643,0.262,0.353,0.474,0.827,113,39H72/D,wilsocr03,1B
341,Josh Phelps,0,3.6,776,0,3.2,0.32,3.4,1.1,4.1,-3.9,-2.2,0,0,0,0,0,0,0,0,8,2000,2008,0,465,1552,1394,198,380,74,6,64,244,2,2,116,397,0.273,0.343,0.472,0.815,110,*DH3/279,phelpjo01,1B
342,Ben Rice,0,3.4,486,0,3.4,0.318,3.4,2.4,4.4,-1.8,0.5,0,0,0,0,0,0,0,0,3,2024,2026,0,231,888,770,129,190,44,4,48,119,5,3,95,192,0.247,0.335,0.501,0.837,130,3D2/H,ricebe01,1B
343,Martin Powell,0,3.4,478,0,3.4,0.316,3.4,2,5.8,-2.2,-0.4,0,0,0,0,0,0,0,0,4,1881,1884,0,279,1238,1163,213,329,43,11,3,115,,,75,59,0.283,0.326,0.347,0.673,111,3/2,powelma01,1B
344,Tony Lupien,0,3.4,1136,0,3.4,0.314,3.4,0.9,4.2,-3.9,-4.5,0,0,0,0.02,0,0,0,0,6,1940,1948,0,614,2647,2358,285,632,92,30,18,230,57,38,241,111,0.268,0.337,0.355,0.692,94,*3/H,lupieto01,1B
345,Franklin Stubbs,0,3.8,1381,0,2.7,0.312,3.2,0.5,2.8,-4.8,-7.2,0,0,0,0,0,0,0,0,10,1984,1995,0,945,2899,2591,323,602,109,12,104,348,74,28,260,626,0.232,0.303,0.404,0.707,96,*37H98/D,stubbfr01,1B
346,Bill Pierce,0,3.2,209,0,3.2,0.31,3.2,5.7,2.9,0.1,2,0,0,0,0,0,0,0,0.1,2,1923,1924,0,90,359,325,59,107,15,12,9,65,6,,30,,0.329,0.393,0.532,0.925,153,3/2958,piercbi03,1B
347,Chubby Dean,0,3.4,477,0,2.9,0.308,3.2,0.9,3.4,-0.9,-7.6,0,0,0,0,0,0,0,0,8,1936,1943,0,533,1186,1047,106,287,47,7,3,128,5,3,115,65,0.274,0.347,0.341,0.688,79,H13,deanch01,Unknown
348,Gail Hopkins,0,3.2,624,0,3.2,0.306,3.2,1,3.8,-2.5,-1.8,0,0,0,0,0,0,0,0,7,1968,1974,0,514,1400,1219,142,324,47,6,25,145,6,4,160,83,0.266,0.352,0.376,0.727,104,3HD/25,hopkiga01,1B
349,Oscar Walker,0,3.1,446,0,3.1,0.304,3.1,1.8,3.2,-0.7,-0.2,0,0,0,0,0,0,0,0,6,1875,1885,0,282,1165,1128,155,287,46,23,11,51,0,0,34,56,0.254,0.278,0.365,0.643,109,O3/4,walkeos01,1B
350,Gaby Sánchez,0,3.1,1062,0,3.1,0.302,3.1,0.7,3.5,-3.8,-3.9,0,0,0,0,0,0,0,0,7,2008,2014,1,700,2271,1998,236,508,126,4,61,266,12,1,225,368,0.254,0.332,0.413,0.744,103,*3H/D59,sanchga01,1B
351,Stack Martin,0,3.1,456,0,3.1,0.3,3.1,2.1,3.3,-0.6,-0.8,0,0,0,0,0,0,0,0,4,1925,1928,0,233,891,857,135,261,49,18,18,172,25,,31,,0.305,0.331,0.467,0.798,110,3752/94816,martist02,1B
352,Ed Stevens,0,3.1,613,0,3.1,0.298,3.1,1.3,2.3,-0.8,-2.2,0,0,0,0,0,0,0,0,6,1945,1950,0,375,1357,1220,134,308,59,17,28,193,7,9,121,151,0.252,0.322,0.398,0.719,95,*3H,steveed01,1B
353,Ham Hyatt,0,3,433,0,3,0.296,3,1.1,3.5,-1.3,-0.3,0,0,0,0,0,0,0,0,7,1909,1918,0,465,1013,925,85,247,36,23,10,145,11,3,63,87,0.267,0.321,0.388,0.709,108,H39/782,hyattha01,1B
354,Charles Schmidt,0,3,484,0,3,0.294,3,1.7,3.8,-1.8,-1.4,0,0,0,0.06,0,0,0,0,4,1909,1915,0,297,1223,1075,119,292,45,18,4,145,18,10,81,119,0.272,0.335,0.358,0.693,106,3/1H,schmibu01,1B
355,Dominic Smith,0,4,1152,0,1.9,0.292,3,0.4,3.7,-5.5,-6.3,0,0,0,0.04,0,0,0,0,10,2017,2026,0,793,2592,2343,276,593,136,4,73,311,7,5,189,558,0.253,0.317,0.408,0.725,100,*37HD/19,smithdo02,1B
356,Chub Sullivan,0,2.9,141,0,2.9,0.29,2.9,4.2,1.6,1.4,1.3,0,0,0,0,0,0,0,0,3,1877,1880,0,112,449,442,55,114,10,5,0,24,,,7,15,0.258,0.269,0.303,0.573,92,3,sullich01,1B
357,Mark Sweeney,0,4.1,984,0,1.7,0.288,2.9,0.2,2.6,-3.6,-4.7,0,0,0,0,0,0,0,0,14,1995,2008,0,1218,2131,1830,220,464,101,9,42,250,16,9,259,425,0.254,0.347,0.387,0.734,92,*H379/D8,sweenma01,1B
358,Nolan Schanuel,0,2.9,650,0,2.9,0.286,2.9,1.3,3.3,-2.1,-2,0,0,0,0,0,0,0,0,4,2023,2026,0,352,1489,1287,160,332,55,1,29,133,15,3,159,225,0.258,0.347,0.37,0.717,103,*3/HD,schanno01,1B
359,Herman Dehlman,0,2.9,388,0,2.9,0.284,2.9,1.5,0.9,2.1,-1.4,0,0,0,0,0,0,0,0,6,1872,1877,0,307,1267,1219,226,262,34,5,0,85,34,11,48,67,0.215,0.245,0.251,0.496,64,*3/O6,dehlmhe01,1B
360,Buck O'Neil,0,3.6,652,0,2.2,0.282,2.9,1,1.6,-1.2,-2.3,0,0,0,0,0,0,1,0.2,10,1937,1948,3,376,1490,1358,218,348,53,24,12,185,51,,116,,0.256,0.316,0.357,0.673,95,*3/75619,oneilbu01,1B
361,Chris Carter,0,3.3,1466,0,2.4,0.28,2.9,0.5,5.7,-7.9,-7.3,0,0,0,0,0,0,0,0,8,2010,2017,0,750,2853,2469,334,536,107,5,158,400,12,5,327,951,0.217,0.312,0.456,0.768,108,*3D7H/9,cartech02,1B
362,Ed Cogswell,0,2.8,198,0,2.8,0.278,2.8,4.2,3.1,-0.1,1.1,0,0,0,0,0,0,0,0,3,1879,1882,0,109,521,496,102,146,16,4,1,32,,,25,21,0.294,0.328,0.349,0.677,121,3,cogswed01,1B
363,Myron Grimshaw,0,2.8,379,0,2.8,0.276,2.8,1.7,3.2,-1.4,-1,0,0,0,0,0,0,0,0,3,1905,1907,0,259,981,894,104,229,31,16,4,116,15,,60,89,0.256,0.307,0.34,0.647,104,3H/9468,grimsmy01,1B
364,Lee Stevens,0,3.6,1848,0,2,0.274,2.8,0.3,3,-6.1,-10.4,0,0,0,0,0,0,0,0,10,1990,2002,0,1012,3724,3332,440,847,185,15,144,531,9,16,345,832,0.254,0.323,0.448,0.772,98,*3DH9/7,stevele01,1B
365,Joe Nealon,0,2.7,422,0,2.7,0.272,2.7,1.7,2.8,-0.9,-1,0,0,0,0,0,0,0,0,2,1906,1907,0,259,1056,937,111,240,31,20,3,130,26,,76,96,0.256,0.317,0.342,0.658,103,3/H,nealoji01,1B
366,Carlos Quintana,0,2.7,654,0,2.7,0.27,2.7,1,2.2,-1.6,-2.7,0,0,0,0,0,0,0,0,5,1988,1993,0,438,1557,1376,163,380,59,1,19,165,3,2,153,207,0.276,0.35,0.362,0.711,94,*39H/D78,quintca01,1B
367,Sam Horn,0,3,619,0,2.3,0.268,2.7,1,2.6,-2.9,-1.7,0,0,0,0,0,0,0,0,8,1987,1995,0,389,1185,1040,132,250,49,1,62,179,0,1,132,323,0.24,0.328,0.468,0.797,119,DH/3,hornsa01,1B
368,Lew Whistler,0,2.6,507,0,2.6,0.266,2.6,1.6,3.7,-0.9,-1.3,0,0,0,0,0,0,0,0,4,1890,1893,0,272,1124,1014,150,247,29,28,12,133,39,,100,156,0.244,0.318,0.363,0.681,104,36O/45,whistle01,1B
369,Hee-Seop Choi,0,2.6,544,0,2.6,0.264,2.6,1.2,3.1,-1.9,-0.7,0,0,0,0,0,0,0,0,4,2002,2005,0,363,1086,915,130,220,54,3,40,120,3,4,141,262,0.24,0.349,0.437,0.786,106,3H,choihe01,1B
370,Ramon Webster,0,2.6,363,0,2.6,0.262,2.6,1.1,1.7,-0.2,-0.4,0,0,0,0,0,0,0,0,5,1967,1971,0,380,859,778,76,190,31,6,17,98,9,4,70,94,0.244,0.308,0.365,0.673,99,H3/79,webstra02,1B
371,Pancho Herrera,0,2.6,540,0,2.6,0.26,2.6,1.4,3.4,-2.3,-1.7,0,0,0,0,0,0,0,0,3,1958,1961,0,300,1108,975,122,264,46,8,31,128,8,6,113,271,0.271,0.349,0.43,0.779,111,3/H45,herrepa01,1B
372,José Martínez,0,2.5,691,0,2.5,0.258,2.5,1,5.6,-4.8,-1.9,0,0,0,0,0,0,0,0,5,2016,2020,0,432,1386,1244,170,360,61,3,43,182,7,3,128,274,0.289,0.356,0.447,0.803,115,93HD7,martijo08,RF
373,Ed Mayweather,0,2.5,282,0,2.5,0.256,2.5,2.7,2.4,-0.6,0.6,0,0,0,0,0,1,1,0.4,6,1937,1942,2,152,584,515,84,144,25,13,7,93,7,,59,,0.28,0.356,0.419,0.775,122,3/9,mayweed01,1B
374,Ed Young,0,2.6,313,0,2.4,0.254,2.5,2.3,2.3,-0.6,0.3,0,0,0,0,0,0,0,0,8,1938,1947,0,172,681,622,95,172,35,8,8,93,16,,50,,0.277,0.334,0.397,0.731,113,3/2597,younged01,1B
375,Bob Hamelin,0,2.5,807,0,2.5,0.252,2.5,0.8,3.1,-3.4,-2.7,0,0,0,0,0,0,0,0,6,1993,1998,0,497,1508,1272,179,313,70,3,67,209,11,8,206,293,0.246,0.352,0.464,0.816,109,D3H,hamelbo01,1B
376,Jumbo Schoeneck,0,2.4,262,0,2.4,0.25,2.4,2.3,1.6,0.8,1.3,0,0,0,0,0,0,0,0.1,3,1884,1889,0,170,681,657,79,186,30,4,2,28,12,,20,27,0.283,0.308,0.35,0.658,112,3/1,schoeju01,1B
377,Darin Ruf,0,3.6,813,0,1.2,0.248,2.4,0.3,4,-5.7,-4.2,0,0,0,0,0,0,0,0,9,2012,2023,0,581,1690,1469,198,351,69,3,67,205,6,1,180,460,0.239,0.329,0.427,0.756,108,3H7D9/15,rufda01,1B
378,Tim Murnane,0,2.7,590,0,2.1,0.246,2.4,0.9,2.9,-1.2,-2.7,0,0,0,0,0,0,0,0,8,1872,1884,0,383,1692,1632,336,426,32,9,5,130,39,14,60,54,0.261,0.287,0.301,0.588,91,3O/4,murnati01,1B
379,Joe Scott,0,2.5,246,0,2.2,0.244,2.4,2.7,1.7,-0.1,0.4,0,0,0,0,0,0,0,0.1,8,1927,1938,0,136,554,519,74,159,20,8,3,68,11,,31,,0.306,0.348,0.393,0.741,110,3/47,scottjo02,1B
380,Rocky Nelson,0,2.9,666,0,1.8,0.242,2.4,0.5,1.3,-1.3,-4.2,0,0,0,0,0,0,0,0,9,1949,1961,0,620,1555,1394,186,347,61,14,31,173,7,7,130,94,0.249,0.317,0.379,0.696,84,*3H/79,nelsoro01,1B
381,Steve Balboni,0,3.8,1680,0,0.8,0.24,2.3,0.1,2.7,-7.6,-10.3,0,0,0,0.03,0,0,0,0,11,1981,1993,0,960,3440,3120,351,714,127,11,181,495,1,2,273,856,0.229,0.293,0.451,0.743,101,*3DH,balbost01,1B
382,Jack Boyle,0,5,1838,12.5,-0.4,0.238,2.3,-0.1,0.7,2.5,-14,0,0,0,0,0,0,0,0,13,1886,1898,0,1087,4663,4232,671,1070,139,54,23,570,126,,326,339,0.253,0.315,0.328,0.643,73,*2*356/O4,boyleja01,C
383,Hap Myers,0,2.3,654,0,2.3,0.236,2.3,1,2.6,-1.5,-1,0,0,0,0,0,0,0,0,5,1910,1915,0,377,1449,1251,203,335,42,7,4,116,132,18,119,140,0.268,0.338,0.322,0.66,90,*3H/9,myersha01,1B
384,Jim Field,0,2.3,488,0,2.3,0.234,2.3,1.1,3.2,-0.8,-0.8,0,0,0,0,0,0,0,0,5,1883,1898,0,331,1375,1270,180,292,38,21,10,50,9,,77,1,0.23,0.289,0.317,0.605,95,*3/1,fieldji01,1B
385,Eric Thames,0,2.3,1098,0,2.3,0.232,2.3,0.6,5.9,-6.3,-4.7,0,0,0,0,0,0,0,0,6,2011,2020,0,605,2112,1868,286,451,100,17,96,235,18,6,207,617,0.241,0.325,0.467,0.792,108,37H9D,thameer01,1B
386,Conor Jackson,0,2.2,1167,0,2.2,0.23,2.2,0.5,4.5,-5.4,-5.5,0,0,0,0,0,0,0,0,7,2005,2011,0,658,2485,2184,291,591,123,9,52,295,27,6,252,291,0.271,0.351,0.407,0.757,95,*37H9/5D,jacksco01,1B
387,Dave Thomas,0,2.4,685,0,2,0.228,2.2,0.9,1.5,-1.1,-3.1,0,0,0,0,0,0,0,0,11,1929,1946,0,377,1576,1440,225,398,76,22,15,175,12,,110,,0.276,0.332,0.391,0.723,93,*3/7981,thomada03,1B
388,Milt Scott,0,2.2,421,0,2.2,0.226,2.2,1,0.5,1.9,-1.7,0,0,0,0,0,0,0,0,4,1882,1886,0,341,1336,1285,107,293,42,10,5,132,11,,40,78,0.228,0.257,0.288,0.545,75,*3/1,scottmi01,1B
389,Archie Ware,0,2.2,290,0,2.1,0.224,2.2,2,1.6,-0.3,0.2,0,0,0,0,0,0,0,0.1,8,1941,1948,4,172,701,633,88,180,27,7,3,90,11,0,49,,0.284,0.343,0.363,0.707,107,3,warear01,1B
390,Triston Casas,0,2.2,500,0,2.2,0.222,2.2,1.4,3.3,-2.3,-1,0,0,0,0,0,0,0,0,4,2022,2025,0,251,952,816,110,197,33,2,45,120,1,1,130,253,0.241,0.348,0.452,0.8,119,3/HD,casastr01,1B
391,George McAllister,0,3,830,0,1.2,0.22,2.1,0.4,0.9,-1.8,-5.6,0,0,0,0,0,0,0,0,9,1924,1934,0,486,2007,1814,275,480,58,26,10,179,27,,183,,0.265,0.334,0.342,0.675,83,*3/4798526,mcallge01,1B
392,Charlie Householder,0,2.1,218,0,2.1,0.218,2.1,2.3,2.3,0.1,0.7,0,0,0,0,0,0,0,0,2,1882,1884,0,150,597,579,68,145,25,10,4,,,,16,,0.25,0.273,0.349,0.622,109,32/O4,housech02,1B
393,Curtis Harris,0,2,355,0,2,0.216,2,1.4,1.7,0,-0.6,0,0,0,0,0,0,0,0,7,1932,1940,1,237,850,775,114,229,33,8,8,125,2,,51,,0.295,0.341,0.39,0.73,94,345/27968,harricu01,1B
394,Kody Clemens,0,2,411,0,2,0.214,2,1.1,0.2,1,-1,0,0,0,0,0,0,0,0,5,2022,2026,0,301,913,831,107,175,42,5,37,112,11,3,62,229,0.211,0.274,0.407,0.681,86,34H/7519D86,clemeko01,1B
395,Charlie Gould,0,2,341,0,2,0.212,2,1.5,3,-0.9,-1.7,0,0,0,0,0,0,0,0,6,1871,1877,0,221,983,964,138,248,37,12,2,110,7,3,19,24,0.257,0.272,0.327,0.598,93,3/O21,gouldch01,1B
396,Walter Holke,0,4.3,1891,0,-0.3,0.21,2,0,2.7,-8.2,-16.1,0,0,0,0,0,0,0,0,11,1914,1925,0,1212,4834,4456,464,1278,153,58,24,486,81,50,191,304,0.287,0.318,0.363,0.682,90,*3/H1,holkewa01,1B
397,Art Shires,0,1.9,478,0,1.9,0.208,1.9,1.1,2,-1.3,-2.2,0,0,0,0.02,0,0,0,0,4,1928,1932,0,290,1090,986,118,287,45,12,11,119,8,14,81,62,0.291,0.347,0.395,0.741,95,3H/4,shirear01,1B
398,Charlie Carr,0,1.9,762,0,1.9,0.206,1.9,0.6,0.3,-0.2,-5.1,0,0,0,0,0,0,0,0,7,1898,1914,0,507,2103,1950,185,492,68,32,6,240,49,,71,190,0.252,0.28,0.329,0.61,83,*3/H,carrch01,1B
399,Mike Carp,0,1.9,459,0,1.9,0.204,1.9,1,2.7,-2.2,-1.7,0,0,0,0,0,0,0,0,6,2009,2014,0,318,1000,887,97,225,51,5,27,127,2,3,90,243,0.254,0.33,0.414,0.744,108,37HD/951,carpmi01,1B
400,Gene Paulette,0,1.9,739,0,1.9,0.202,1.9,0.6,2.9,-2.5,-4.5,0,0,0,0,0,0,0,0,6,1911,1920,0,500,1943,1780,160,478,66,19,2,165,43,8,108,69,0.269,0.314,0.33,0.644,92,*34H/6895271,paulege01,1B
401,Eduardo Pérez,0,2.9,989,0,0.9,0.2,1.9,0.2,2.8,-4.3,-5.7,0,0,0,0,0,0,0,0,13,1993,2006,0,754,2039,1800,238,445,88,3,79,294,19,13,194,393,0.247,0.326,0.431,0.757,97,3H59D7,perezed01,1B
402,Daniel Vogelbach,0,2.4,965,0,1.4,0.198,1.9,0.4,2.7,-5.3,-5.1,0,0,0,0,0,0,0,0,9,2016,2024,1,602,1957,1650,213,361,63,1,81,246,0,0,296,492,0.219,0.34,0.405,0.745,106,*D3H,vogelda01,1B
403,Joe Hague,0,1.9,648,0,1.9,0.196,1.9,0.7,2,-2.3,-2.8,0,0,0,0,0,0,0,0,6,1968,1973,0,430,1392,1195,141,286,41,10,40,163,4,8,177,222,0.239,0.336,0.391,0.727,101,39H/7,haguejo01,1B
404,Gerald Perry,0,3.8,1651,0,-0.2,0.194,1.8,0,3.7,-8.9,-12,0,0,0,0,0,0,0,0,13,1983,1995,1,1193,3527,3144,383,832,150,11,59,396,142,75,328,374,0.265,0.333,0.376,0.708,95,*3*H7D/9,perryge01,1B
405,Len Matuszek,0,1.8,428,0,1.8,0.192,1.8,0.8,0.9,-0.7,-1.4,0,0,0,0,0,0,0,0,7,1981,1987,0,379,932,820,113,192,40,5,30,119,8,10,88,168,0.234,0.309,0.405,0.714,98,H37D/59,matusle01,1B
406,Jack Bolling,0,1.8,177,0,1.8,0.19,1.8,2.3,1.6,-0.2,0.6,0,0,0,0,0,0,0,0,2,1939,1944,0,125,369,342,48,107,25,1,4,38,6,3,25,14,0.313,0.361,0.427,0.788,119,3H,bollija01,1B
407,Jesús Guzmán,0,1.8,508,0,1.8,0.188,1.8,0.7,1.8,-1.6,-1.7,0,0,0,0,0,0,0,0,5,2009,2014,0,403,1114,1007,108,249,61,4,25,136,18,5,97,248,0.247,0.316,0.39,0.706,100,3H7/9D45,guzmaje01,1B
408,Lyman Bostock,0,1.8,189,0,1.8,0.186,1.8,2.7,2.1,-0.8,0.4,0,0,0,0,0,0,1,0.2,6,1940,1948,1,106,424,384,44,125,17,7,0,54,4,,29,,0.326,0.373,0.406,0.779,126,3/96587,bostoly02,1B
409,Chico Salmon,0,2.5,725,2.5,1,0.184,1.7,0.2,3.4,-2.3,-5.1,0,0,0,0,0,0,0,0,9,1964,1972,0,658,1803,1667,202,415,70,6,31,149,46,24,89,233,0.249,0.29,0.354,0.644,84,H463975/8,salmoch01,2B
410,Art Pennington,0,1.7,227,0,1.7,0.182,1.7,2.4,2.1,-0.6,0.4,0,0,0,0,0,0,1,0.2,5,1941,1945,2,119,490,432,64,115,11,7,7,60,10,,56,,0.266,0.35,0.373,0.723,119,3/479856,penniar01,1B
411,Tim Harkness,0,1.7,265,0,1.7,0.18,1.7,1.1,0.5,0.3,-0.8,0,0,0,0,0,0,0,0,4,1961,1964,0,259,632,562,59,132,18,4,14,61,7,4,58,118,0.235,0.315,0.356,0.671,92,3H,harknti01,1B
412,Steve Cox,0,1.7,654,0,1.7,0.178,1.7,0.7,2.4,-2.4,-3.3,0,0,0,0,0,0,0,0,4,1999,2002,0,378,1399,1239,146,324,72,2,39,158,8,4,129,240,0.262,0.34,0.417,0.757,100,3DH79,coxst01,1B
413,Jumbo Latham,0,1.6,463,0,1.6,0.176,1.6,0.8,1.7,0.3,-2.3,0,0,0,0,0,0,0,0,5,1875,1884,0,334,1469,1431,209,353,35,17,0,101,6,0,35,12,0.247,0.266,0.295,0.561,82,*3/465,lathaju01,1B
414,Hal Breeden,0,1.6,320,0,1.6,0.174,1.6,1,1,-0.2,-0.5,0,0,0,0,0,0,0,0,5,1971,1975,0,274,684,608,61,148,28,6,21,76,0,2,69,107,0.243,0.321,0.413,0.734,101,3H/79,breedha01,1B
415,Dick Kryhoski,0,1.6,847,0,1.6,0.172,1.6,0.5,0.7,-1.4,-4.4,0,0,0,0,0,0,0,0,7,1949,1955,0,569,1946,1794,203,475,85,14,45,231,5,13,119,163,0.265,0.314,0.403,0.717,93,*3H,kryhodi01,1B
416,Tim Corcoran,0,2.2,507,0,1,0.17,1.6,0.3,0.7,-1.3,-3.1,0,0,0,0,0,0,0,0,9,1977,1986,0,509,1213,1050,120,283,46,4,12,128,4,7,130,102,0.27,0.349,0.355,0.704,95,H39/7D8,corcoti01,1B
417,Ryan Shealy,0,1.6,279,0,1.6,0.168,1.6,1.5,0.5,0.3,-0.5,0,0,0,0,0,0,0,0,5,2005,2010,0,169,598,545,75,146,26,1,19,94,2,1,46,150,0.268,0.331,0.424,0.755,95,3/HD,shealry01,1B
418,Kennys Vargas,0,1.6,407,0,1.6,0.166,1.6,1.1,1.2,-1.2,-1.4,0,0,0,0,0,0,0,0,4,2014,2017,0,236,859,783,104,197,38,1,35,116,0,0,65,251,0.252,0.311,0.437,0.748,102,D3/H,vargake01,1B
419,Red Moore,0,1.5,253,0,1.5,0.164,1.5,1.6,1.1,-0.2,-0.2,0,0,0,0,0,0,0,0.1,5,1936,1940,0,152,580,508,73,145,23,8,3,82,5,,55,,0.285,0.359,0.38,0.739,99,3/5,moorere01,1B
420,Gene Larkin,0,1.5,1160,0,1.5,0.162,1.5,0.3,4.3,-6.9,-7.5,0,0,0,0,0,0,0,0,7,1987,1993,0,758,2670,2321,275,618,131,12,32,266,23,17,268,278,0.266,0.348,0.374,0.723,98,3D9H/754,larkige01,1B
421,Munetaka Murakami,0,1.5,130,0,1.5,0.16,1.5,5.3,1.6,-0.3,0.9,0,0,0,0,0,0,0,0,1,2026,2026,0,47,203,165,33,40,2,0,17,32,0,2,37,66,0.242,0.379,0.564,0.943,163,3/DH,murakmu01,1B
422,Nick Evans,0,1.5,199,0,1.5,0.158,1.5,1.4,0.4,0.5,0.2,0,0,0,0,0,0,0,0,5,2008,2014,0,177,442,408,56,105,30,3,10,53,0,1,28,112,0.257,0.305,0.419,0.725,96,H37/958D,evansni01,1B
423,Kevin Maas,0,1.5,719,0,1.5,0.156,1.5,0.6,2.6,-4,-3.5,0,0,0,0,0,0,0,0,5,1990,1995,0,406,1448,1248,171,287,43,1,65,169,10,5,182,310,0.23,0.329,0.422,0.752,107,D3H,maaske01,1B
424,Eggie Dallard,0,1.4,586,0,1.4,0.154,1.4,0.8,1,-0.6,-2.6,0,0,0,0,0,0,0,0,7,1924,1932,0,310,1299,1128,221,291,37,12,16,131,27,,159,,0.258,0.354,0.355,0.708,84,3879/24,dallaeg01,1B
425,Jim Starks,0,2,314,0,0.8,0.152,1.4,0.8,1.5,-1.5,-1.1,0,0,0,0,0,0,0,0,12,1927,1946,0,176,653,578,93,158,30,4,15,91,10,,63,,0.273,0.349,0.417,0.766,107,3/78954,starkji01,1B
426,Dan Stearns,0,1.4,899,0,1.4,0.15,1.4,0.5,4.3,-2.7,-4,0,0,0,0,0,0,0,0,7,1880,1889,0,509,2210,2025,295,491,72,36,8,173,67,,173,117,0.242,0.306,0.325,0.631,95,*3O/6254,stearec01,1B
427,Jared Walsh,0,1.4,672,0,1.4,0.148,1.4,0.6,2.2,-2.6,-3,0,0,0,0,0,0,0,0,6,2019,2024,1,381,1410,1288,155,308,67,6,59,191,4,2,104,406,0.239,0.301,0.438,0.739,101,*3H/91D7,walshja01,1B
428,Lorenzo Cabrera,0,1.4,175,0,1.4,0.146,1.4,3,1.8,-0.8,0.4,0,0,0,0,0,0,0,0,2,1947,1948,0,75,335,306,53,94,18,6,6,56,9,,24,,0.307,0.363,0.464,0.827,130,3,cabrelo01,1B
429,Mike Fiore,0,1.4,314,0,1.4,0.144,1.4,0.9,1.8,-1.2,-1,0,0,0,0,0,0,0,0,5,1968,1972,0,254,688,556,75,126,18,1,13,50,5,8,124,115,0.227,0.369,0.333,0.702,97,3H/879,fioremi01,1B
430,Jay Kirke,0,1.4,498,0,1.4,0.142,1.4,0.7,3.1,-2.9,-3,0,0,0,0,0,0,0,0,7,1910,1918,0,320,1231,1148,122,346,49,13,7,148,21,17,35,119,0.301,0.328,0.385,0.713,105,379H/5486,kirkeja01,1B
431,Joe Lis,0,1.6,422,0,1.2,0.14,1.4,0.6,2,-2.1,-1.9,0,0,0,0,0,0,0,0,8,1970,1977,0,356,907,780,96,182,31,1,32,92,1,3,110,209,0.233,0.332,0.399,0.731,106,3H7/D592,lisjo01,1B
432,Ryan Noda,0,1.4,299,0,1.4,0.138,1.4,1.2,1,-0.5,-0.8,0,0,0,0,0,0,0,0,3,2023,2025,0,187,665,548,74,111,26,1,18,60,4,1,102,232,0.203,0.338,0.352,0.69,97,3H/9D7,nodary01,1B
433,Tommy Medica,0,1.4,159,0,1.4,0.136,1.4,1.8,1.4,-0.6,0.3,0,0,0,0,0,0,0,0,2,2013,2014,0,121,338,309,40,76,13,2,12,37,6,1,24,98,0.246,0.308,0.417,0.725,109,3H/7D,medicto01,1B
434,Bud Clancy,0,1.8,791,0,1,0.134,1.4,0.3,0.4,-1.7,-6.6,0,0,0,0,0,0,0,0,9,1924,1934,0,522,1996,1796,204,504,69,26,12,198,19,20,111,106,0.281,0.325,0.368,0.693,82,*3H,clancbu01,1B
435,Del Howard,0,1.4,776,0,1.4,0.132,1.4,0.4,4.3,-4.9,-5.9,0,0,0,0,0,0,0,0,5,1905,1909,0,536,2040,1833,199,482,54,22,6,193,67,,111,159,0.263,0.318,0.326,0.644,99,3794H8/61,howarde01,1B
436,Mike Squires,0,2.5,690,0,0.2,0.13,1.4,0,-0.3,-1.7,-5.6,0,0,0,0,0,0,0,0,10,1975,1985,0,779,1779,1580,211,411,53,10,6,141,45,28,143,108,0.26,0.321,0.318,0.639,78,*3H/5D27819,squirmi01,1B
437,Travis Ishikawa,0,1.6,457,0,1.1,0.128,1.4,0.4,-0.6,0.1,-2.1,0,0,0,0,0,0,0,0,8,2006,2015,0,488,1050,944,114,241,49,5,23,137,3,2,85,257,0.255,0.321,0.391,0.712,90,*3H/79D,ishiktr01,1B
438,Sal Stewart,0,1.4,155,0,1.4,0.126,1.4,3.3,1.4,-0.3,0.5,0,0,0,0,0,0,0,0,2,2025,2026,0,66,267,236,39,59,9,0,16,40,10,1,29,54,0.25,0.33,0.492,0.821,122,3/54DH,stewasa02,1B
439,Johnny Neun,0,1.3,506,0,1.3,0.124,1.3,0.5,1.6,-1.3,-2.7,0,0,0,0,0,0,0,0,6,1925,1931,0,432,1086,945,171,273,42,17,2,85,41,32,110,93,0.289,0.366,0.376,0.742,91,3H,neunjo01,1B
440,Jelly Taylor,0,1.4,314,0,1.2,0.122,1.3,0.9,0.8,-0.6,-1.3,0,0,0,0,0,0,0,0,9,1937,1946,3,200,795,699,89,180,20,8,3,60,14,0,75,,0.258,0.33,0.322,0.652,91,3,tayloje01,1B
441,Norm Zauchin,0,1.3,566,0,1.3,0.12,1.3,0.6,0.3,-0.5,-2.5,0,0,0,0,0,0,0,0,6,1951,1959,0,346,1197,1038,134,242,28,2,50,159,5,1,137,226,0.233,0.324,0.408,0.732,94,*3H,zauchno01,1B
442,Spencer Torkelson,0,1.3,1066,0,1.3,0.118,1.3,0.4,3.3,-4.9,-6.3,0,0,0,0,0,0,0,0,5,2022,2026,0,563,2303,2028,267,454,107,4,86,254,5,3,234,605,0.224,0.31,0.408,0.718,100,*3/DH,torkesp01,1B
443,Subby Byas,0,1.4,220,12.5,1.1,0.116,1.2,1.1,1.4,-0.2,-0.7,0,0,0,0,0,0,0,0,8,1932,1942,2,167,554,482,66,130,21,2,2,54,9,,50,,0.27,0.343,0.334,0.677,90,2/396457,byassu01,C
444,Bill LeFebvre,0,1.2,51,0,1.2,0.114,1.2,2.7,1.2,0,-1.2,0,0,0,0,0,0,0,0,4,1938,1944,0,75,103,87,8,24,5,2,1,11,0,0,15,11,0.276,0.382,0.414,0.796,128,H1/3,lefebbi01,Unknown
445,Andrew Vaughn,0,1.2,1226,0,1.2,0.112,1.2,0.3,4.6,-7,-7.9,0,0,0,0,0,0,0,0,6,2021,2026,0,686,2748,2504,280,636,135,4,87,345,3,1,183,542,0.254,0.312,0.415,0.727,102,*37D9/H45,vaughan01,1B
446,Joshua Fuentes,0,1.2,177,0,1.2,0.11,1.2,1.3,-0.9,1.8,-0.2,0,0,0,0,0,0,0,0,3,2019,2021,0,149,443,424,52,103,19,1,12,57,2,0,15,114,0.243,0.269,0.377,0.646,62,35H/719,fuentjo01,1B
447,Jack Phillips,0,1.4,443,0,1,0.108,1.2,0.5,1.4,-1.4,-2.3,0,0,0,0,0,0,0,0,9,1947,1957,0,343,990,892,111,252,42,16,9,101,5,8,85,86,0.283,0.344,0.396,0.74,96,3H/5471,phillja02,1B
448,Greg Goossen,0,1.2,219,0,1.2,0.106,1.2,1,1.3,-0.4,-0.6,0,0,0,0,0,0,0,0,6,1965,1970,0,193,514,460,33,111,24,1,13,44,1,1,42,112,0.241,0.316,0.383,0.699,100,3H2/7,goossgr01,1B
449,Don Bollweg,0,1.1,241,0,1.1,0.104,1.1,0.9,1.6,-1,-0.6,0,0,0,0,0,0,0,0,5,1950,1955,0,195,518,452,62,110,22,7,11,53,2,0,60,68,0.243,0.337,0.396,0.733,100,3H,bollwdo01,1B
450,Jack Carney,0,1.1,458,0,1.1,0.102,1.1,0.7,1.8,-0.8,-1.7,0,0,0,0,0,0,0,0,3,1889,1891,0,252,1040,946,120,258,30,13,7,129,40,,83,59,0.273,0.338,0.354,0.693,93,3O,carnejo01,1B
451,José Morales,0,2.2,622,0,0.1,0.1,1.1,0,0.7,-3.3,-4.6,0,0,0,0,0,0,0,0,12,1973,1984,0,733,1428,1305,126,375,68,6,26,207,0,4,89,182,0.287,0.332,0.408,0.741,103,*HD32/7,moraljo01,1B
452,Joey Meneses,0,1.1,532,0,1.1,0.098,1.1,0.6,2.1,-3,-2.8,0,0,0,0,0,0,0,0,3,2022,2024,0,286,1210,1114,123,305,61,1,29,165,3,0,74,245,0.274,0.322,0.408,0.731,105,D3/9H7,menesjo01,1B
453,William Brown,0,1.1,699,0,1.1,0.096,1.1,0.4,2.6,-0.6,-4.5,0,0,0,0,0,0,0,0,7,1887,1894,0,418,1729,1589,236,415,70,17,6,252,39,,123,124,0.261,0.319,0.338,0.657,82,32/O54,brownwi01,1B
454,Pearce Chiles,0,1.1,225,0,1.1,0.094,1.1,1.3,1.6,-0.8,-0.6,0,0,0,0,0,0,0,0,2,1899,1900,0,130,480,449,70,132,34,9,3,99,10,,22,25,0.294,0.328,0.43,0.758,109,3/4,chilepe01,1B
455,Randall Simon,0,2,763,0,0.1,0.092,1.1,0,1.2,-3.6,-5.5,0,0,0,0,0,0,0,0,8,1997,2006,0,537,1717,1609,172,455,71,3,49,237,2,4,82,148,0.283,0.32,0.422,0.742,95,*3HD,simonra01,1B
456,Frank Dillon,0,1,489,0,1,0.09,1,0.5,0.5,-0.2,-3.4,0,0,0,0,0,0,0,0,5,1899,1904,0,312,1285,1181,146,298,44,16,1,116,34,,78,63,0.252,0.299,0.319,0.618,79,*3/H,dillopo01,1B
457,Eddie Douglass,0,1,166,0,1,0.088,1,2.1,1,-0.3,-0.1,0,0,0,0,0,0,0,0,3,1923,1925,0,79,340,323,54,97,15,3,7,44,12,,15,,0.3,0.331,0.43,0.762,109,3,dougled01,1B
458,Jim Poole,0,1,458,0,1,0.086,1,0.6,0.7,-0.8,-2.9,0,0,0,0,0,0,0,0,3,1925,1927,0,283,1029,940,118,271,54,13,13,141,9,7,59,68,0.288,0.333,0.415,0.748,87,3H/9,pooleji01,1B
459,Heinz Becker,0,1,175,0,1,0.084,1,1.1,1.1,-0.5,-0.3,0,0,0,0,0,0,0,0,4,1943,1947,0,152,412,358,45,94,18,3,2,47,1,0,50,42,0.263,0.359,0.346,0.706,102,3H,beckehe02,1B
460,Brian Hunter,0,1.7,814,0,0.3,0.082,1,0.1,-0.6,-1.8,-5.1,0,0,0,0,0,0,0,0,9,1991,2000,0,699,1742,1555,187,364,90,7,67,259,4,9,141,335,0.234,0.298,0.43,0.728,89,*3H7/9D,huntebr01,1B
461,Dick Burrus,0,1,813,0,1,0.08,1,0.3,3.6,-4.5,-5.5,0,0,0,0,0,0,0,0,6,1919,1928,0,560,1954,1760,206,513,87,12,11,211,18,31,138,95,0.291,0.347,0.373,0.72,96,*3H/98,burrudi01,1B
462,Peek-A-Boo Veach,0,1,169,0,1,0.078,1,1.6,1,0,1,0,0,0,0,0,0,0,0,3,1884,1890,0,100,407,353,39,76,12,6,3,37,9,,51,31,0.215,0.319,0.309,0.628,94,3/O14,veachpe01,1B
463,Scott Stahoviak,0,1,547,0,1,0.076,1,0.5,0.7,-1.1,-3,0,0,0,0,0,0,0,0,5,1993,1998,0,344,1153,1019,135,261,70,3,27,119,13,8,116,277,0.256,0.335,0.41,0.745,91,3H5/D9,stahosc01,1B
464,José Pérez,0,1,459,0,1,0.074,1,0.5,0.5,-0.5,-2.8,0,0,0,0,0,0,0,0,7,1923,1929,0,290,1170,1006,152,256,31,8,4,113,11,,133,,0.254,0.359,0.313,0.672,78,3/25,perezjo01,1B
465,Bill Sweeney,0,0.9,455,0,0.9,0.072,0.9,0.5,-0.3,0.1,-3.3,0,0,0,0,0,0,0,0,3,1928,1931,0,308,1112,1050,128,300,58,8,5,107,22,23,44,73,0.286,0.314,0.37,0.685,80,3H/75,sweenbi03,1B
466,Vance Dinges,0,0.9,233,0,0.9,0.07,0.9,0.9,1.7,-1.3,-0.9,0,0,0,0,0,0,0,0,2,1945,1946,0,159,553,501,53,146,20,5,2,46,7,7,44,29,0.291,0.35,0.363,0.713,103,39/H87,dingeva01,1B
467,Pat Putnam,0,1.7,962,0,0.1,0.068,0.9,0,0.5,-3.7,-7,0,0,0,0,0,0,0,0,8,1977,1984,0,677,2174,1989,223,508,95,8,63,255,10,14,144,260,0.255,0.306,0.406,0.712,97,*3HD/759,putnapa01,1B
468,Tyler Austin,0,0.9,293,0,0.9,0.066,0.9,0.7,1,-1,-1,0,0,0,0,0,0,0,0,4,2016,2019,0,209,583,521,75,114,20,1,33,91,4,2,54,215,0.219,0.292,0.451,0.743,96,3HD/79,austity01,1B
469,Art Nichols,0,0.9,338,12.5,0.9,0.064,0.9,0.6,2.1,-1,-2.3,0,0,0,0,0,0,0,0,6,1898,1903,0,241,892,793,112,194,28,3,3,90,51,,50,71,0.245,0.308,0.299,0.606,82,238/9H7,nichoar01,C
470,Merv Connors,0,0.9,105,2.5,0.9,0.062,0.9,2.8,0.8,0.1,0.2,0,0,0,0,0,0,0,0,2,1937,1938,0,52,190,165,26,46,8,1,8,25,2,1,23,36,0.279,0.367,0.485,0.852,111,/53H,connome01,3B
471,Marv Blaylock,0,0.9,366,0,0.9,0.06,0.9,0.5,0.8,-0.8,-2.4,0,0,0,0,0,0,0,0,4,1950,1957,0,287,852,746,96,175,21,15,15,78,11,2,84,137,0.235,0.314,0.363,0.677,83,3H/97,blaylma01,1B
472,Lemuel Hawkins,0,1,879,0,0.7,0.058,0.9,0.2,-0.5,-1,-6.3,0,0,0,0,0,0,0,0,8,1921,1928,0,534,2209,2009,314,549,60,24,4,224,55,,155,,0.273,0.331,0.333,0.664,79,*38/497516,hawkile01,1B
473,Marcelino Guerra,0,0.8,474,0,0.8,0.056,0.8,0.5,1.1,-1.5,-2.6,0,0,0,0,0,0,0,0,5,1920,1924,0,257,1052,935,148,240,29,18,10,137,47,,92,,0.257,0.326,0.358,0.684,89,937/48,guerrma03,RF
474,Skyrocket Smith,0,0.8,98,0,0.8,0.054,0.8,2.3,1.1,-0.3,0.3,0,0,0,0,0,0,0,0,1,1888,1888,0,58,241,206,27,49,9,4,1,31,5,,24,32,0.238,0.349,0.335,0.683,123,3,smithsk01,1B
475,Randy Ruiz,0,0.8,124,0,0.8,0.052,0.8,1.9,0.8,-0.5,-0.1,0,0,0,0,0,0,0,0,3,2008,2010,0,68,238,217,41,59,11,0,12,25,2,1,16,67,0.272,0.332,0.488,0.82,115,D/H3,ruizra01,1B
476,Preston Ward,0,1.3,1023,0,0.2,0.05,0.8,0,1.7,-3.7,-8.1,0,0,0,0,0,0,0,0,9,1948,1959,0,744,2349,2067,219,522,83,15,50,262,7,9,231,315,0.253,0.326,0.38,0.706,88,*3H59/87,wardpr01,1B
477,TJ Rumfield,0,0.8,93,0,0.8,0.048,0.8,2.7,0.6,-0.1,0.2,0,0,0,0,0,0,0,0,1,2026,2026,0,47,192,170,20,47,8,1,6,24,0,0,18,30,0.276,0.354,0.441,0.795,114,3/DH,rumfitj01,1B
478,Pat Bourque,0,0.8,203,0,0.8,0.046,0.8,0.6,0.1,-0.1,-0.8,0,0,0,0,0,0,0,0,4,1971,1974,0,201,471,405,36,87,17,2,12,61,1,3,58,73,0.215,0.313,0.356,0.668,87,3H/D,bourqpa01,1B
479,Chicken Hawks,0,0.8,218,0,0.8,0.044,0.8,0.8,1.2,-0.8,-0.7,0,0,0,0,0,0,0,0,2,1921,1925,0,146,446,393,68,124,17,8,7,60,3,7,37,45,0.316,0.377,0.453,0.83,105,3H/87,hawksch01,1B
480,Alfonso Rivas III,0,0.8,190,0,0.8,0.042,0.8,0.7,0,0,-0.7,0,0,0,0,0,0,0,0,3,2021,2023,0,167,459,404,42,98,16,3,7,43,7,1,42,139,0.243,0.324,0.349,0.673,87,3/H79D,rivasal01,1B
481,Bill Hassamaer,0,0.7,540,0,0.7,0.04,0.7,0.5,1.6,-1.3,-3.2,0,0,0,0,0,0,0,0,3,1894,1896,0,257,1162,1059,163,306,58,23,7,178,25,,84,44,0.289,0.342,0.407,0.749,89,O35/46,hassabi01,1B
482,Josh Satin,0,0.7,126,0,0.7,0.038,0.7,1,0.4,0,-0.2,0,0,0,0,0,0,0,0,4,2011,2014,0,116,292,251,28,61,18,0,3,22,1,1,37,82,0.243,0.346,0.351,0.696,100,H3/5D,satinjo01,1B
483,Rico Brogna,0,2.5,1574,0,-1.1,0.036,0.7,-0.2,0.7,-6,-10.9,0,0,0,0,0,0,0,0,9,1992,2001,0,848,3223,2958,379,795,176,13,106,458,32,16,227,655,0.269,0.32,0.445,0.764,96,*3H/D,brognri01,1B
484,Rowdy Tellez,0,1,1247,0,0.3,0.034,0.7,0.1,2.3,-5.8,-8.4,0,0,0,0,0,0,0,0,8,2018,2025,0,776,2617,2362,278,552,108,3,122,368,5,3,210,601,0.234,0.3,0.437,0.736,101,*3HD/1,tellero01,1B
485,Lee Moody,0,0.7,184,0,0.7,0.032,0.7,0.9,0.8,-0.4,-0.6,0,0,0,0,0,0,0,0,4,1944,1947,0,119,478,450,53,131,19,3,2,70,6,,16,,0.291,0.315,0.36,0.675,99,3/748659,moodyle01,1B
486,George Gill,0,0.7,71,0,0.7,0.03,0.7,2.4,0.6,0,0.1,0,0,0,0,0,0,0,0,3,1931,1937,0,45,169,156,22,49,7,3,0,24,1,,8,,0.314,0.359,0.397,0.757,107,/359748,gillge02,1B
487,Ronald Guzmán,0,0.7,381,0,0.7,0.028,0.7,0.4,0,-0.4,-2.2,0,0,0,0,0,0,0,0,5,2018,2022,0,246,832,743,91,167,39,3,31,104,3,2,73,243,0.225,0.302,0.41,0.712,84,3/HD7,guzmaro01,1B
488,Bill Carter,0,0.7,83,0,0.7,0.026,0.7,2.1,0.8,-0.1,-0.2,0,0,0,0,0,0,0,0,4,1930,1938,0,51,208,199,26,64,10,1,0,24,3,0,4,,0.322,0.338,0.382,0.72,105,/35461,cartebi01,1B
489,Jay Faatz,0,0.7,463,0,0.7,0.024,0.7,0.4,0.9,-0.2,-2.6,0,0,0,0,0,0,0,0,4,1884,1890,0,298,1217,1135,159,274,24,12,3,105,93,,39,67,0.241,0.293,0.292,0.584,75,3,faatzja01,1B
490,Brett Pill,0,0.7,111,0,0.7,0.022,0.7,0.9,0.1,0.2,-0.2,0,0,0,0,0,0,0,0,3,2011,2013,0,111,259,240,28,56,10,2,9,32,1,1,13,44,0.233,0.279,0.404,0.683,93,3H/75,pillbr01,1B
491,Ben Houser,0,0.6,224,0,0.6,0.02,0.6,0.6,0.8,-0.6,-1.1,0,0,0,0,0,0,0,0,3,1910,1912,0,162,521,472,58,126,21,5,9,75,3,,37,50,0.267,0.322,0.39,0.711,98,3H,housebe01,1B
492,Joe Dillon,0,0.6,105,2.5,0.6,0.018,0.6,0.7,0.8,-0.3,-0.1,0,0,0,0,0,0,0,0,4,2005,2009,0,137,246,217,35,57,12,2,3,19,1,0,22,47,0.263,0.344,0.378,0.722,91,H/4735D9,dillojo02,2B
493,Bucky Jacobsen,0,0.6,94,0,0.6,0.016,0.6,2.4,0.7,-0.3,0,0,0,0,0,0,0,0,0,1,2004,2004,0,42,176,160,17,44,9,0,9,28,0,0,14,47,0.275,0.335,0.5,0.835,117,/3DH,jacobbu02,1B
494,Greg Bird,0,0.6,333,0,0.6,0.014,0.6,0.5,1,-1.3,-1.8,0,0,0,0,0,0,0,0,4,2015,2019,0,186,700,611,75,129,32,1,32,98,0,0,74,189,0.211,0.301,0.424,0.725,94,3/HD,birdgr01,1B
495,Jim Carleton,0,0.6,67,0,0.6,0.012,0.6,2.7,0.5,0.2,0.1,0,0,0,0,0,0,0,0,2,1871,1872,0,36,174,165,39,44,9,1,0,22,3,1,9,3,0.267,0.305,0.333,0.638,88,3,carleji01,1B
496,Carlos Blanco,0,0.6,54,0,0.6,0.01,0.6,3.1,0.3,0.2,0.2,0,0,0,0,0,0,0,0,1,1941,1941,0,32,131,109,14,28,4,2,0,11,0,,18,,0.257,0.367,0.33,0.697,98,3/9,blancca01,1B
497,Daryl Sconiers,0,0.6,309,0,0.6,0.008,0.6,0.4,0.8,-1.3,-1.6,0,0,0,0,0,0,0,0,5,1981,1985,0,234,691,637,83,169,30,5,15,84,7,5,48,87,0.265,0.315,0.399,0.714,97,3HD/7,sconida01,1B
498,Mike Schemer,0,0.6,52,0,0.6,0.006,0.6,3,0.4,0.1,0.2,0,0,0,0,0,0,0,0,2,1945,1946,0,32,115,109,10,36,3,1,1,10,2,0,6,1,0.33,0.365,0.404,0.769,113,/3H,schemmi01,1B
499,Clipper Flynn,0,0.6,73,0,0.6,0.004,0.6,2.5,0.5,0,0,0,0,0,0,0,0,0,0,2,1871,1872,0,38,186,182,47,57,7,1,0,29,3,3,4,2,0.313,0.328,0.363,0.691,100,/3O45,flynncl01,1B
500,Jack McMahon,0,0.6,84,0,0.6,0.002,0.6,1.8,0.7,0,-0.1,0,0,0,0,0,0,0,0,2,1892,1893,0,51,190,177,26,43,7,8,1,28,3,,12,9,0.243,0.295,0.39,0.685,102,3/2,mcmahja01,1B
137,Mike Gallego,0,16.4,1311,2.5,17,0.728,16.7,2.5,10.1,12.1,5.6,0,0,0,0,0,0,0,0,13,1985,1997,0,1111,3379,2931,374,700,111,12,42,282,24,31,326,465,0.239,0.32,0.328,0.648,81,*4*65H/D9,gallemi01,2B
156,Dick Green,0,14.7,1762,2.5,16,0.69,15.4,2,9.9,10.4,0.9,0,0,0,0,0,0,0,0,12,1963,1974,0,1288,4464,4007,427,960,145,23,80,422,26,20,345,785,0.24,0.303,0.347,0.651,87,*4H5/623,greendi01,2B
162,Hub Collins,0,15,1693,2.5,15,0.678,15,3.6,15.1,-0.6,6.9,0,0,0,0,0,0,1,0.2,7,1886,1892,0,680,3130,2779,653,790,127,38,11,319,335,,332,252,0.284,0.365,0.369,0.734,117,*4O/635,collihu01,2B
164,Adam Frazier,0,14,1875,2.5,15.9,0.674,15,2.1,13.3,3.7,1.6,0,0,0,0,0,0,0,0,11,2016,2026,1,1232,4329,3911,524,1031,205,29,68,389,63,38,314,618,0.264,0.326,0.383,0.709,95,*4H79D/58613,fraziad01,2B
165,Jake Cronenworth,0,14.9,1505,2.5,14.9,0.672,14.9,3,15.6,0.1,4.1,0,0,0,0,0,0,0,0,7,2020,2026,2,813,3326,2877,408,701,153,25,81,373,25,10,333,596,0.244,0.333,0.399,0.732,105,*436/HD51,croneja01,2B
167,Frank Isbell,0,14.7,1820,0,15,0.668,14.8,2.2,11.2,1.6,-3,0,0,0,0,0,0,0,0,10,1898,1909,0,1119,4657,4219,501,1056,158,62,13,455,253,,190,352,0.25,0.289,0.326,0.616,89,*3*49/581H672,isbelfr01,1B
171,Tim Teufel,0,13.4,1666,2.5,15.3,0.66,14.4,2.3,16.3,1.1,3.8,0,0,0,0,0,0,0,0,11,1983,1993,0,1073,3563,3112,415,789,185,12,86,379,23,19,387,531,0.254,0.336,0.404,0.74,104,*4H53/D6,teufeti01,2B
172,Rich Dauer,0,14.2,1615,2.5,14.4,0.658,14.3,2,10.6,8.3,0.6,0,0,0,0,0,0,0,0,10,1976,1985,0,1140,4218,3829,448,984,193,3,43,372,6,13,297,219,0.257,0.31,0.343,0.653,83,*45H/D3,dauerri01,2B
174,Jerry Remy,0,13.5,2027,2.5,14.6,0.654,14,2,14.1,5.3,-1.5,0,0,0,0,0,0,0,0,10,1975,1984,1,1154,4963,4455,605,1226,140,38,7,329,208,99,356,404,0.275,0.327,0.328,0.656,82,*4H/D596,remyje01,2B
178,Brice Turang,0,13.9,940,2.5,13.9,0.646,13.9,4.6,9.7,5.9,7.7,0,0,0,0.05,0,0,0,0.2,4,2023,2026,0,490,1919,1704,252,442,71,10,37,199,109,20,187,390,0.259,0.332,0.378,0.71,97,*4/H6D,turanbr02,2B
179,Bill Sweeney,0,14,1865,2.5,13.7,0.644,13.8,2.1,17.7,-1.4,0,0,0,1,0.39,0,0,1,0.1,8,1907,1914,0,1039,4283,3692,442,1004,153,40,11,388,172,18,423,215,0.272,0.349,0.344,0.693,102,*456/3H798,sweenbi02,2B
180,José Oquendo,0,14,1498,2.5,13.6,0.642,13.8,1.9,6.9,10.3,0.9,0,0,0,0,0,0,0,0.1,12,1983,1995,0,1190,3737,3202,339,821,104,24,14,254,35,33,448,376,0.256,0.346,0.317,0.663,86,*4*6H59/37812,oquenjo01,2B
181,John Henry Lloyd,0,13.7,950,2.5,13.8,0.64,13.8,5.2,13.6,1.4,8.1,0,0,0,0,0,0,0,0.3,8,1921,1929,0,433,1786,1629,297,569,87,27,16,308,59,,133,,0.349,0.4,0.465,0.865,131,463/5,lloydjo99,2B
182,Tony Graffanino,0,12.2,1435,2.5,15.1,0.638,13.6,2.5,11.2,5.8,4.5,0,0,0,0,0,0,0,0,13,1996,2009,0,981,3161,2810,442,746,145,21,58,302,53,25,275,486,0.265,0.335,0.394,0.729,89,*4H563/D7,graffto01,2B
183,Ray Morgan,0,13.7,1206,2.5,13.3,0.636,13.5,2.9,12.4,1.6,1.6,0,0,0,0,0,0,0,0,8,1911,1918,0,741,2938,2480,278,630,90,33,4,254,88,33,320,241,0.254,0.348,0.322,0.67,98,*45/6H3,morgara01,2B
184,Joey Wendle,0,13.5,1009,2.5,13,0.634,13.3,3.2,8.3,7.1,5.2,0,0,0,0,0,0,0,0,9,2016,2024,1,667,2337,2142,268,561,129,18,32,220,62,19,125,436,0.262,0.311,0.384,0.695,92,456H/79D,wendljo01,2B
185,Bobby Knoop,0,13.7,1532,2.5,12.7,0.632,13.2,1.8,6.5,9.9,-0.9,0,0,0,0.03,0,0,0,0,9,1964,1972,1,1153,4004,3622,337,856,129,29,56,331,16,17,305,833,0.236,0.296,0.334,0.63,83,*4H/5,knoopbo01,2B
186,Wally Backman,0,13.2,1587,2.5,13.2,0.63,13.2,1.9,16.2,-0.4,0.6,0,0,0,0,0,0,0,0,14,1980,1993,0,1102,3708,3245,482,893,138,19,10,240,117,52,371,480,0.275,0.349,0.339,0.687,94,*4H5/6D,backmwa01,2B
187,Jerry Browne,0,14.3,1586,2.5,11.9,0.628,13.1,2,13.6,0.5,-0.2,0,0,0,0,0,0,0,0,10,1986,1995,0,982,3707,3190,431,866,135,25,23,288,73,45,393,325,0.271,0.351,0.351,0.702,94,*45H78/9D36,brownje01,2B
188,Jazz Chisholm Jr.,0,13,1379,2.5,13,0.626,13,3.4,15,0,4.7,0,0,0,0,0,0,0,0,7,2020,2026,2,626,2535,2278,337,562,88,16,113,326,142,39,216,702,0.247,0.316,0.448,0.764,108,*4856/HD,chishja01,2B
189,César Hernández,0,13.3,2149,2.5,12.6,0.624,13,1.7,16.8,-0.9,-2.4,0,0,0,0,0,0,0,0,10,2013,2022,0,1186,4797,4278,590,1144,182,33,71,369,91,40,453,926,0.267,0.341,0.375,0.716,95,*4H5/867D,hernace02,2B
190,Quilvio Veras,0,12.9,1615,2.5,12.9,0.622,12.9,2.7,13.2,1.6,3.1,0,0,0,0,0,0,0,0,7,1995,2001,0,767,3293,2780,469,750,129,15,32,239,183,83,427,462,0.27,0.372,0.362,0.734,96,*4H/89,verasqu01,2B
191,Johnny Hodapp,0,13.4,1382,2.5,12.2,0.62,12.8,2.5,12.1,1.9,0.7,0,0,0,0.03,0,0,0,0,9,1925,1933,0,791,3057,2826,378,880,169,34,28,429,18,20,163,136,0.311,0.35,0.425,0.775,98,*45H/739,hodapjo01,2B
192,Henry Reitz,0,12.7,1460,2.5,12.7,0.618,12.7,2.8,10.4,3.7,2.1,0,0,0,0,0,0,0,0,7,1893,1899,0,724,3103,2744,447,801,108,65,11,463,122,,266,147,0.292,0.363,0.391,0.753,97,*45/6,reitzhe01,2B
194,Fernando Viña,0,12.7,2012,2.5,12.3,0.614,12.5,1.7,11.5,3.7,-2.1,0,0,0,0,0,0,0,0,12,1993,2004,1,1148,4742,4240,627,1196,194,49,40,343,116,67,288,292,0.282,0.348,0.379,0.728,89,*4H/657D,vinafe01,2B
195,Logan Forsythe,0,12.7,1536,2.5,11.7,0.612,12.2,1.9,11.2,2,0,0,0,0,0,0,0,0,0,10,2011,2020,0,970,3540,3120,389,762,150,13,71,307,42,16,343,757,0.244,0.326,0.369,0.695,92,*45H3D6/791,forsylo01,2B
196,Luis Alicea,0,12.2,2048,2.5,12,0.61,12.1,1.4,11.9,2.4,-3.5,0,0,0,0,0,0,0,0,13,1988,2002,0,1341,4614,3971,551,1031,189,53,47,422,81,50,500,624,0.26,0.346,0.369,0.715,89,*4H5D/7639,alicelu01,2B
197,Jerry Hairston,0,11,2133,2.5,13.2,0.608,12.1,1.5,10.7,4.1,-3.2,0,0,0,0,0,0,0,0,16,1998,2013,0,1442,4967,4387,580,1126,233,22,70,420,147,68,373,572,0.257,0.324,0.368,0.692,85,*47H5689D/3,hairsje02,2B
198,Brendan Donovan,0,12,972,2.5,12,0.606,12,3.7,11.9,-0.2,5.2,0,0,0,0,0,0,0,0,5,2022,2026,1,517,2107,1849,250,521,101,6,43,210,16,13,193,286,0.282,0.362,0.413,0.775,119,475D39/H6,donovbr01,2B
199,Sandy Alomar,0,13.2,1900,2.5,10.5,0.604,11.8,1.1,7.9,7.9,-7.3,0,0,0,0,0,0,0,0,15,1964,1978,1,1481,5160,4760,558,1168,126,19,13,282,227,80,302,482,0.245,0.29,0.288,0.578,69,*46H5D/379,alomasa01,2B
200,Maicer Izturis,0,12.3,1480,2.5,11.3,0.602,11.8,2,12.3,2.1,-0.6,0,0,0,0,0,0,0,0,11,2004,2014,0,909,3350,3013,406,810,159,17,39,334,93,33,267,355,0.269,0.331,0.372,0.703,90,*5*46H/D87,izturma01,3B
201,Tito Fuentes,0,11.7,2307,2.5,11.8,0.6,11.7,1.3,14,3.1,-8.1,0,0,0,0.02,0,0,0,0,13,1965,1978,0,1499,6073,5566,610,1491,211,46,45,438,80,47,298,561,0.268,0.307,0.347,0.653,82,*46H5,fuentti01,2B
202,Mike Andrews,0,12.1,1625,2.5,10.9,0.598,11.5,2,17.9,-4.6,-1.8,0,0,0,0.02,0,0,0,0,8,1966,1973,1,893,3685,3116,441,803,140,4,66,316,18,25,458,390,0.258,0.353,0.369,0.722,104,*4H3D/65,andremi01,2B
203,John Hummel,0,11.2,1839,2.5,11.7,0.596,11.5,1.6,12.9,-2.6,-2.7,0,0,0,0,0,0,0,0,12,1905,1918,0,1161,4385,3906,421,991,128,84,29,394,119,2,346,475,0.254,0.316,0.352,0.668,102,*4379H6/8,hummejo01,2B
204,Ron Oester,0,11.7,1909,2.5,11,0.594,11.4,1.4,10.5,4.6,-5,0,0,0,0,0,0,0,0,13,1978,1990,0,1276,4666,4214,458,1118,190,33,42,344,40,26,369,681,0.265,0.323,0.356,0.679,87,*4H6/5,oestero01,2B
206,Randy Ready,0,11.4,1169,2.5,10.9,0.59,11.2,2.3,11.9,-1.2,2.8,0,0,0,0,0,0,0,0.1,13,1983,1995,0,777,2488,2110,312,547,107,21,40,239,27,15,326,276,0.259,0.359,0.387,0.745,108,4H57D/39,readyra01,2B
207,Mickey Morandini,0,12.2,2195,2.5,9.8,0.588,11,1.2,11.1,1.7,-5.8,0,0,0,0,0,0,0,0,11,1990,2000,1,1298,5135,4558,597,1222,209,54,32,351,123,45,437,714,0.268,0.338,0.359,0.697,85,*4H/6,moranmi01,2B
208,Mike McGeary,0,11,858,2.5,11,0.586,11,3.2,8.1,4.9,2.5,0,0,0,0,0,0,0,0.1,11,1871,1882,0,547,2507,2481,484,684,56,13,0,236,66,24,26,60,0.276,0.283,0.309,0.592,89,4652/O,mcgeami01,2B
209,John Henry Russell,0,10.8,1218,2.5,11,0.584,10.9,2.6,7.9,5,1.9,0,0,0,0,0,0,0,0.1,11,1924,1934,1,690,2748,2531,396,704,97,41,28,336,60,,191,,0.278,0.331,0.382,0.713,91,*45/639,russejo03,2B
210,Manny Trillo,0,10.3,2558,2.5,11.3,0.582,10.8,1,9.7,6,-10.5,0,0,0,0,0,0,0,0,17,1973,1989,4,1780,6573,5950,598,1562,239,33,61,571,56,57,452,742,0.263,0.316,0.345,0.66,81,*45H3/6,trillma01,2B
211,Frank Warfield,0,10.9,1369,2.5,10.6,0.58,10.7,2.4,9.5,2.9,0.9,0,0,0,0,0,0,0,0,11,1920,1932,0,711,3080,2715,545,751,114,35,11,299,115,4,286,18,0.277,0.349,0.357,0.706,92,*45/689,warfifr01,2B
212,Charley Bassett,0,11,1418,2.5,10.4,0.578,10.7,1.8,6.1,7.3,-3,0,0,0,0,0,0,0,0,9,1884,1892,0,917,3759,3493,392,806,114,49,15,402,116,,239,312,0.231,0.285,0.304,0.59,76,*456/O2,bassech01,2B
213,Charlie Neal,0,11.2,1693,2.5,10.1,0.576,10.7,1.7,14.7,-0.9,-4.1,0,0,1,0.19,0,0,0,0,8,1956,1963,3,970,3754,3316,461,858,113,38,87,391,48,36,337,557,0.259,0.329,0.394,0.723,91,*465H,nealch01,2B
214,Mike Lansing,0,11.3,2082,2.5,9.9,0.574,10.6,1.5,7.4,5.8,-4,0,0,0,0,0,0,0,0,9,1993,2001,0,1110,4551,4150,554,1124,254,17,84,440,119,38,299,570,0.271,0.324,0.401,0.725,84,*465/H,lansimi01,2B
215,Otto Knabe,0,11.2,2029,2.5,9.5,0.572,10.4,1.2,7.5,2.4,-5.5,0,0,0,0.25,0,0,0,0,11,1905,1916,0,1278,5263,4469,572,1103,178,48,8,365,143,18,485,326,0.247,0.325,0.313,0.639,87,*4H/9576,knabeot01,2B
216,David Fletcher,0,10.3,890,2.5,10.3,0.57,10.3,3.1,5.9,6.4,3,0,0,0,0,0,0,0,0,7,2018,2024,0,539,2189,2026,250,560,98,10,16,170,29,7,135,209,0.276,0.323,0.358,0.681,86,*465/7H9,fletcda02,2B
217,Germany Schaefer,0,11.4,1746,2.5,9.1,0.568,10.2,1.3,15.1,-5.7,-6.9,0,0,0,0,0,0,0,0,15,1901,1918,0,1150,4343,3784,495,972,117,48,9,309,201,7,333,499,0.257,0.319,0.32,0.639,97,*435H69/781,schaege01,2B
218,Tony Piet,0,10.5,1305,2.5,9.9,0.566,10.2,2.2,10.3,1.7,0,0,0,0,0,0,0,0,0,8,1931,1938,0,744,2914,2585,352,717,132,30,23,312,80,43,247,274,0.277,0.35,0.378,0.728,92,*45H/96,pietto01,2B
219,Todd Walker,0,9.8,2468,2.5,10.5,0.564,10.2,1.3,17.4,-4.7,-5.7,0,0,0,0,0,0,0,0,12,1996,2007,0,1288,5055,4554,647,1316,284,30,107,545,66,37,421,571,0.289,0.348,0.435,0.783,98,*4H53D/76,walketo04,2B
220,José López,0,10.3,1693,2.5,10,0.562,10.2,1.6,8,4.3,-4.4,0,0,0,0,0,0,0,0,9,2004,2012,1,1036,4089,3841,421,1005,215,11,92,480,25,17,150,471,0.262,0.292,0.395,0.688,84,*4563HD/9,lopezjo01,2B
221,Lee Magee,0,10.6,1759,2.5,9.3,0.56,10,1.5,9.5,-1.9,-3.7,0,0,0,0.09,0,0,0,0,9,1911,1919,0,1015,4211,3741,467,1031,133,54,12,277,186,51,265,208,0.276,0.325,0.35,0.675,99,*4873H5/69,mageele01,2B
222,Morrie Rath,0,10,924,2.5,10,0.558,10,2.8,6,4.7,1.6,0,0,0,0,0,0,0,0,6,1909,1920,0,565,2408,2048,291,521,36,7,4,92,83,34,258,112,0.254,0.342,0.285,0.626,85,*45/H69,rathmo01,2B
223,Jerry Adair,0,11.4,1631,2.5,8.4,0.556,9.9,1.2,3.7,9.9,-5.4,0,0,0,0.07,0,0,0,0,13,1958,1970,0,1165,4315,4019,378,1022,163,19,57,366,29,29,208,499,0.254,0.292,0.347,0.639,80,*4*6H5/3,adairje01,2B
224,Bryson Stott,0,9.9,1131,2.5,9.9,0.554,9.9,2.6,9.8,2.5,2.2,0,0,0,0,0,0,0,0,5,2022,2026,0,615,2396,2163,282,549,99,11,54,257,108,15,191,400,0.254,0.315,0.385,0.7,93,*46H/5D,stottbr01,2B
225,Marty Barrett,0,10.1,1534,2.5,9.2,0.552,9.6,1.6,9.7,3.1,-2.5,0,0,0,0.01,0,0,0,0,10,1982,1991,0,941,3833,3378,418,938,163,9,18,314,57,21,304,209,0.278,0.337,0.347,0.684,87,*4H/D5,barrema02,2B
226,William Louden,0,9.5,1013,2.5,9.5,0.55,9.5,2.6,9.4,1.7,3.4,0,0,0,0,0,0,0,0,6,1907,1916,0,603,2299,1942,267,507,61,22,12,202,111,20,254,209,0.261,0.355,0.334,0.689,102,*465H/98,loudeba01,2B
227,Jim Viox,0,9.5,871,2.5,9.5,0.548,9.5,3.1,11.1,-1.2,3.1,0,0,0,0.17,0,0,0,0,5,1912,1916,0,506,1992,1703,214,465,76,24,7,190,39,22,222,112,0.273,0.361,0.358,0.719,115,*45/H6987,vioxji01,2B
228,Sean Rodríguez,0,10.1,1242,2.5,8.9,0.546,9.5,1.3,5.3,3.8,-1,0,0,0,0,0,0,0,0,13,2008,2020,0,1103,2913,2572,344,580,124,14,81,298,42,19,225,775,0.226,0.301,0.379,0.681,87,*4H36579D/81,rodrise01,2B
229,Dick Padden,0,9.7,1408,2.5,9.1,0.544,9.4,1.7,11.3,-0.7,-3.8,0,0,0,0,0,0,0,0,9,1896,1905,0,874,3561,3157,423,814,113,46,11,334,132,,224,164,0.258,0.326,0.333,0.66,90,*46,paddedi01,2B
230,Tommy Helms,0,10.4,1973,2.5,8.3,0.542,9.4,0.9,6.7,5.6,-9.9,0,0,0,0,0,0,0,0,14,1964,1977,2,1435,5337,4997,414,1342,223,21,34,477,33,40,231,301,0.269,0.3,0.342,0.642,79,*45H6/D,helmsto01,2B
231,Ed Abbaticchio,0,10,1421,2.5,8.7,0.54,9.3,1.6,15,-3,-3,0,0,0,0,0,0,0,0,9,1897,1910,0,855,3480,3044,355,772,99,43,11,324,142,,289,283,0.254,0.325,0.325,0.65,99,*4*6/H58,abbated01,2B
232,Darwin Barney,0,9.8,1049,2.5,8.8,0.538,9.3,1.7,2.9,7.9,-0.2,0,0,0,0,0,0,0,0,8,2010,2017,0,814,2759,2536,297,625,117,15,31,201,29,9,155,349,0.246,0.294,0.341,0.635,73,*45H6/7D1,barneda01,2B
233,Bingo DeMoss,0,10,976,2.5,8.3,0.536,9.2,2.2,2.6,6.8,0.2,0,0,0,0,0,0,0,0.1,11,1920,1930,0,608,2459,2144,396,533,74,14,3,223,103,,229,,0.249,0.328,0.3,0.629,72,*4/79358,demosbi01,2B
234,Tim Flannery,0,9.2,1084,2.5,9.2,0.534,9.2,1.5,6.8,4.4,-0.6,0,0,0,0,0,0,0,0,11,1979,1989,0,972,2838,2473,255,631,77,25,9,209,22,22,277,293,0.255,0.335,0.317,0.652,85,*4H56,flannti01,2B
235,Bobby Richardson,0,10.3,2139,2.5,8.1,0.532,9.2,0.9,8.2,4.9,-9.1,0,1,2,0.77,0,0,0,0,12,1955,1966,8,1412,5783,5386,643,1432,196,37,34,390,73,48,262,243,0.266,0.299,0.335,0.634,77,*4H5/6,richabo01,2B
236,Danny Espinosa,0,9.6,1407,2.5,8.7,0.53,9.1,1.6,4,7.4,-1.6,0,0,0,0,0,0,0,0,8,2010,2017,0,872,3267,2910,367,644,139,12,98,316,64,24,242,943,0.221,0.297,0.378,0.675,82,*46H/537D,espinda01,2B
237,Sammy Hughes,0,7.4,896,2.5,10.8,0.528,9.1,4.1,11.2,0.7,5.5,0,0,0,0,0,0,0,0.1,13,1930,1946,6,423,1794,1572,325,491,88,28,21,242,22,,176,,0.312,0.384,0.444,0.828,123,*4/3567281,hughesa01,2B
238,Bernie Allen,0,8.8,1599,2.5,9.2,0.526,9,1.3,10.5,2,-3.5,0,0,0,0,0,0,0,0,12,1962,1973,0,1139,3823,3404,357,815,140,21,73,352,13,16,370,424,0.239,0.314,0.357,0.671,91,*4H5/D,allenbe01,2B
239,Brock Holt,0,9.4,1131,2.5,8.3,0.524,8.9,1.8,6.6,2.3,-0.7,0,0,0,0,0,0,0,0,10,2012,2021,1,751,2661,2367,316,621,127,17,25,234,41,15,233,508,0.262,0.332,0.362,0.694,88,457H963/D81,holtbr01,2B
240,Joe Gerhardt,0,10.7,1391,2.5,7,0.522,8.8,1.1,2.3,7.2,-6.6,0,0,0,0,0,0,1,0.2,15,1873,1891,0,1071,4315,4140,493,939,122,55,7,382,37,6,162,238,0.227,0.258,0.288,0.546,71,*4536/O,gerhajo01,2B
241,Pat Patterson,0,8.6,688,2.5,8.8,0.52,8.7,4.7,9,0.5,5,0,0,0,0,0,0,1,0.2,9,1934,1947,6,307,1312,1194,234,387,72,25,24,206,14,,93,,0.324,0.373,0.487,0.86,132,45/6937,pattepa02,2B
242,Dámaso García,0,10.1,1786,2.5,7.2,0.518,8.7,1.1,9.1,2.1,-5.9,0,0,0,0.02,0,0,0,0,11,1978,1989,2,1032,4124,3914,490,1108,183,27,36,323,203,90,130,322,0.283,0.309,0.371,0.68,84,*4H/D653,garcida01,2B
243,Bill Hallman,0,10.4,2730,2.5,6.7,0.516,8.5,0.7,10.5,-0.4,-15.1,0,0,0,0,0,0,0,0,14,1888,1903,0,1507,6648,6030,942,1641,236,82,21,772,200,,426,403,0.272,0.326,0.349,0.675,84,*456O2/3H981,hallmbi01,2B
244,Sam Barkley,0,8.5,1062,2.5,8.5,0.514,8.5,2.4,7.7,1.7,2.4,0,0,0,0,0,0,0,0.1,6,1884,1889,0,582,2517,2329,362,602,125,39,10,231,51,,176,95,0.258,0.314,0.359,0.672,107,*43/O2,barklsa01,2B
245,Mark Bellhorn,0,8.9,1206,2.5,8,0.512,8.4,1.8,8,1.2,-0.2,0,0,0,0,0,0,0,0,10,1997,2007,0,731,2491,2107,324,484,113,13,69,246,30,13,346,723,0.23,0.341,0.394,0.735,92,*45H36/D987,bellhma01,2B
246,Joey Cora,0,8.9,1875,2.5,7.9,0.51,8.4,1.1,15.4,-4.4,-6.7,0,0,0,0,0,0,0,0,11,1987,1998,1,1119,4279,3734,624,1035,171,41,30,294,117,60,380,335,0.277,0.348,0.369,0.717,90,*4H6/D52,corajo01,2B
247,Felipe López,0,9.4,2265,7.5,7.5,0.508,8.4,1,14.6,-2.8,-7.3,0,0,0,0,0,0,0,0,11,2001,2011,1,1185,4864,4337,600,1145,219,31,90,439,124,58,445,913,0.264,0.333,0.391,0.724,91,*6*45H/73D91,lopezfe01,SS
248,Marlon Anderson,0,9.5,1550,2.5,7.2,0.506,8.3,1,5.1,2.8,-3.7,0,0,0,0,0,0,0,0,12,1998,2009,0,1151,3508,3204,392,849,174,20,63,371,71,24,227,471,0.265,0.314,0.391,0.705,84,*4*H793/D8,anderma02,2B
249,Miguel Cairo,0,8.9,1810,2.5,7.7,0.504,8.3,0.8,6.1,2.9,-6.9,0,0,0,0,0,0,0,0,17,1996,2012,0,1490,4392,3956,504,1044,193,34,41,394,139,40,243,482,0.264,0.314,0.361,0.675,77,*4*H5376/D9,cairomi01,2B
250,Junior Spivey,0,8.2,884,2.5,8.2,0.502,8.2,2.9,7.4,1.9,2.9,0,0,0,0.02,0,0,0,0,5,2001,2005,1,457,1785,1553,258,419,90,12,48,201,32,15,175,373,0.27,0.354,0.436,0.79,101,*4H/68,spiveju01,2B
251,Dick Egan,0,8.4,1382,2.5,8,0.5,8.2,1.4,7.3,2,-3.3,0,0,0,0,0,0,0,0,9,1908,1916,0,917,3551,3080,374,767,87,29,4,292,167,14,291,237,0.249,0.315,0.3,0.615,81,*46H/59738,egandi01,2B
252,D'Angelo Jimenez,0,8.3,1142,2.5,8,0.498,8.2,2,7.8,2,0.4,0,0,0,0,0,0,0,0,8,1999,2007,0,641,2480,2159,290,568,105,17,36,228,36,22,291,391,0.263,0.351,0.377,0.728,94,*46H5/1,jimend'01,2B
253,John Farrell,0,8.1,989,2.5,8.1,0.496,8.1,2.4,7.4,0.9,0.2,0,0,0,0,0,0,0,0,5,1901,1905,0,541,2402,2172,329,567,93,28,4,141,68,,193,154,0.261,0.324,0.335,0.659,97,*48/675H,farrejo02,2B
254,Bill Rigney,0,8.3,972,2.5,7.8,0.494,8,1.9,8.5,1.7,-0.9,0,0,0,0,0,0,0,0,8,1946,1953,1,654,2217,1966,281,510,78,14,41,212,25,24,208,206,0.259,0.334,0.376,0.71,91,456H/3,rignebi01,2B
255,Lou Klein,0,8,510,2.5,8,0.492,8,4.3,5.8,3.8,4.2,0,0,0,0.02,0,1,1,0.5,5,1943,1951,0,305,1173,1037,162,269,48,15,16,101,10,6,105,119,0.259,0.33,0.381,0.711,97,46H/579,kleinlo01,2B
256,Donovan Solano,0,8.3,1312,2.5,7.6,0.49,8,1.3,8.9,-1.3,-2.7,0,0,0,0,0,0,0,0,12,2012,2025,0,987,3185,2901,289,805,144,10,43,300,15,5,199,609,0.277,0.332,0.378,0.711,96,*4H35D6/7,solando01,2B
257,Eric Sogard,0,8.8,1008,2.5,7,0.488,7.9,1.4,4.1,5.3,-1.5,0,0,0,0,0,0,0,0,11,2010,2021,0,815,2493,2236,267,551,104,11,26,187,46,15,207,342,0.246,0.313,0.338,0.651,79,*4H65/D9713,sogarer01,2B
258,Alex Kampouris,0,8.5,1066,2.5,7.1,0.486,7.8,1.6,7.7,1.7,-1.4,0,0,0,0,0,0,0,0,9,1934,1943,0,708,2484,2182,272,531,94,20,45,284,22,25,244,360,0.243,0.325,0.367,0.692,91,*45H/679,kampoal01,2B
259,Mauricio Dubón,0,7.7,916,2.5,7.7,0.484,7.7,1.8,4,5,0.4,0,0,0,0,0,0,0,0,8,2019,2026,0,709,2239,2086,267,534,109,6,42,225,22,14,113,325,0.256,0.295,0.374,0.67,86,4876H5/39D,dubonma01,2B
260,Dustin Ackley,0,7.7,1005,2.5,7.7,0.482,7.7,2,6.7,1,-0.5,0,0,0,0,0,0,0,0,6,2011,2016,0,635,2347,2125,261,512,94,18,46,216,31,12,194,419,0.241,0.304,0.367,0.671,91,478H3/D9,ackledu01,2B
261,Al Myers,0,7.7,1435,2.5,7.8,0.48,7.7,1.5,10.9,-0.9,-4.6,0,0,0,0,0,0,0,0,8,1884,1891,0,833,3548,3222,429,788,135,34,13,359,111,,294,263,0.245,0.314,0.32,0.634,89,*4/6,myersal01,2B
262,Xavier Edwards,0,7.7,601,2.5,7.7,0.478,7.7,4.3,7.8,1.2,3.9,0,0,0,0,0,0,0,0.1,4,2023,2026,0,287,1209,1081,161,326,43,13,9,90,69,13,110,176,0.302,0.366,0.39,0.756,111,46/H8D,edwarxa01,2B
263,Sam Bohne,0,7.7,1098,2.5,7.7,0.476,7.7,1.9,4.4,5.9,-0.6,0,0,0,0,0,0,0,0,7,1916,1926,0,663,2594,2315,309,605,87,45,16,228,75,62,193,154,0.261,0.321,0.359,0.679,81,*465H/937,bohnesa01,2B
264,Mickey Witek,0,7.6,899,2.5,7.6,0.474,7.6,2.1,8.3,2.3,-0.7,0,0,0,0.06,0,0,0,0,7,1940,1949,0,581,2325,2147,239,595,65,9,22,196,7,14,148,84,0.277,0.324,0.347,0.67,90,*465/H,witekmi01,2B
265,Rex Hudler,0,8.8,929,2.5,6.3,0.472,7.6,1.3,4.3,2,0.1,0,0,0,0,0,0,0,0,13,1984,1998,0,774,1889,1767,261,461,96,10,56,169,107,43,77,325,0.261,0.296,0.422,0.717,92,4H78963/D5,hudlere01,2B
266,Gene Baker,0,7.8,1160,2.5,7.3,0.47,7.5,1.7,7.3,2.7,-2.5,0,0,0,0.01,0,0,0,0,9,1948,1961,1,676,2691,2411,304,635,118,28,42,255,26,17,199,219,0.263,0.32,0.388,0.707,88,*456H,bakerge02,2B
267,Jackie Hayes,0,8.3,1734,2.5,6.8,0.468,7.5,1,2.7,7.7,-9.4,0,0,0,0,0,0,0,0,14,1927,1940,0,1091,4477,4040,494,1069,196,33,20,493,34,32,309,241,0.265,0.318,0.344,0.663,70,*456H/3,hayesja02,2B
268,Derrel Thomas,0,8.4,2150,2.5,6.5,0.466,7.4,0.7,11.2,-1.4,-10.6,0,0,0,0,0,0,0,0,15,1971,1985,0,1597,5268,4677,585,1163,154,54,43,370,140,92,456,593,0.249,0.317,0.332,0.649,84,*4*8*6H579/32,thomade01,2B
269,Rob Wilfong,0,7.2,1187,2.5,7.5,0.464,7.4,1.3,5.5,5.1,-2.3,0,0,0,0,0,0,0,0,11,1977,1987,0,959,3015,2690,318,668,97,23,39,261,54,33,205,387,0.248,0.303,0.345,0.648,77,*4H/5D6879,wilforo01,2B
270,Jeff Frye,0,7.6,1099,2.5,7.1,0.462,7.4,1.7,9.2,-0.6,-1.3,0,0,0,0,0,0,0,0,8,1992,2001,0,667,2451,2155,316,626,135,11,16,194,56,25,212,279,0.29,0.357,0.386,0.742,91,*4H5/D96783,fryeje01,2B
271,Amby McConnell,0,7.3,660,2.5,7.3,0.46,7.3,2.9,6.3,1.1,0.8,0,0,0,0,0,0,0,0,4,1908,1911,0,409,1709,1506,202,398,30,22,3,119,72,,107,132,0.264,0.324,0.319,0.644,97,*4/H6,mcconam01,2B
272,Dink Mothell,0,7.9,1040,2.5,6.7,0.458,7.3,2,6.6,-0.1,-0.6,0,0,0,0,0,0,0,0,9,1920,1932,0,545,2214,1961,385,526,95,32,18,309,78,,223,,0.268,0.35,0.377,0.726,95,43875/2916,mothedi01,2B
273,Jonathan India,0,7.3,1309,2.5,7.3,0.456,7.3,1.8,11.3,-2.8,-2,0,0,0,0,0,0,0,0,6,2021,2026,0,676,2853,2450,379,606,131,6,74,282,42,15,296,588,0.247,0.346,0.396,0.742,101,*4D/75H,indiajo01,2B
274,Eddie Moore,0,7.8,1229,2.5,6.8,0.454,7.3,1.5,7.8,0.5,-2.4,0,0,0,0,0,0,0,0,10,1923,1934,0,748,2839,2474,360,706,108,26,13,257,52,40,272,121,0.285,0.359,0.366,0.725,89,*46H579/8,mooreed01,2B
275,Félix Mantilla,0,8,1374,2.5,6.6,0.452,7.3,1.1,13.8,-5.1,-4,0,0,0,0.01,0,0,0,0,11,1956,1966,1,969,3029,2707,360,707,97,10,89,330,27,10,256,352,0.261,0.329,0.403,0.732,101,*4H6587/39,mantife01,2B
276,Danny Murtaugh,0,8.1,1160,2.5,6.4,0.45,7.3,1.3,8.5,1.5,-4.4,0,0,1,0.15,0,0,0,0,9,1941,1951,0,767,2942,2599,263,661,97,21,8,219,49,46,287,215,0.254,0.331,0.317,0.648,82,*465H,murtada01,2B
277,Dylan Moore,0,7.3,957,2.5,7.2,0.448,7.3,1.6,6.3,1,0.6,0,0,0,0,0,0,0,0,8,2019,2026,0,702,1937,1665,249,340,82,11,63,198,119,41,205,589,0.204,0.309,0.38,0.69,96,47H6953/D81,mooredy01,2B
278,Burgess Whitehead,0,8.1,1297,2.5,6.3,0.446,7.2,1.1,2.3,7.2,-6,0,0,0,0.1,0,0,0,0,9,1933,1946,2,924,3565,3316,415,883,100,31,17,245,51,45,150,138,0.266,0.304,0.331,0.634,71,*45H6,whitebu01,2B
279,Alan Wiggins,0,7.2,1172,2.5,7.2,0.444,7.2,1.9,7.4,-0.3,-1.2,0,0,0,0.04,0,0,0,0,7,1981,1987,0,631,2553,2247,346,581,61,19,5,118,242,68,235,193,0.259,0.33,0.309,0.639,80,*478H3D/9,wiggial01,2B
280,Wes Fisler,0,7.1,550,0,7.1,0.442,7.1,4.2,6.5,0.8,2.8,0,0,0,0,0,0,0,0.1,6,1871,1876,0,273,1350,1335,258,414,72,14,2,188,15,8,15,17,0.31,0.318,0.39,0.707,119,34O/6,fislewe01,1B
281,Rougned Odor,0,7.9,2047,2.5,6.4,0.44,7.1,0.9,10.2,-0.4,-8.7,0,0,0,0,0,0,0,0,10,2014,2023,0,1154,4424,4044,541,930,186,29,178,568,70,52,269,1045,0.23,0.288,0.422,0.71,87,*4H5/D93,odorro01,2B
282,Gavin Lux,0,7.1,898,2.5,7.1,0.438,7.1,2.1,7.4,0.2,0.6,0,0,0,0,0,0,0,0,6,2019,2025,0,552,1993,1779,243,456,90,16,33,208,20,5,201,445,0.256,0.332,0.381,0.713,96,*476DH/589,luxga01,2B
283,Stu Martin,0,7.1,1033,2.5,7.1,0.436,7.1,1.6,7.7,1.4,-1.6,0,0,0,0,0,0,0,0,8,1936,1943,1,722,2482,2237,322,599,112,24,16,183,36,23,190,185,0.268,0.327,0.361,0.688,87,*4H5/36,martist01,2B
284,Wayne Terwilliger,0,7.2,958,2.5,7,0.434,7.1,1.7,4.5,5.1,-1.5,0,0,0,0,0,0,0,0,9,1949,1960,0,666,2396,2091,271,501,93,10,22,162,31,28,247,296,0.24,0.323,0.325,0.648,76,*4H/5638,terwiwa01,2B
285,Mariano Duncan,0,8.5,2190,2.5,5.8,0.432,7.1,0.7,15.6,-5.6,-10.3,0,0,0,0,0,0,0,0,12,1985,1997,1,1279,4998,4677,619,1247,233,37,87,491,174,57,201,913,0.267,0.3,0.388,0.688,86,*4*6H75/39D8,duncama01,2B
286,Scooter Gennett,0,7.1,1395,2.5,7.1,0.43,7.1,1.4,12.7,-3.9,-2.3,0,0,0,0,0,0,0,0,7,2013,2019,1,793,2911,2704,365,773,149,16,87,360,24,12,156,571,0.286,0.327,0.449,0.776,106,*4H/57D91,gennesc01,2B
287,George Myatt,0,7,693,2.5,7,0.428,7,2.8,9.4,-1.1,2.2,0,1,1,0.29,0,0,0,0.1,7,1938,1947,0,407,1562,1345,220,381,44,14,4,99,72,29,156,120,0.283,0.362,0.346,0.708,107,4H569/7,myattge01,2B
288,Billy Ripken,0,8,1066,2.5,5.9,0.426,7,1.1,3.1,6,-4.2,0,0,0,0,0,0,0,0,12,1987,1998,0,912,3015,2729,287,674,121,6,20,229,25,16,174,332,0.247,0.294,0.318,0.612,69,*465H/3D,ripkebi01,2B
289,Jerry Coleman,0,7.3,976,2.5,6.5,0.424,6.9,1.5,5.3,4.4,-0.7,0,0,0,0,0,0,0,0,9,1949,1957,1,723,2416,2119,267,558,77,18,16,217,22,15,235,218,0.263,0.34,0.339,0.68,83,*465/H,colemje01,2B
290,Yolmer Sanchez,0,7.2,1004,2.5,6.6,0.422,6.9,1.6,4.4,4,-2.1,0,0,0,0,0,0,0,0,8,2014,2022,0,674,2503,2276,253,552,113,24,32,217,30,25,165,532,0.243,0.299,0.355,0.654,79,*45H/6D19,sanchca01,2B
291,Cavan Biggio,0,6.8,902,2.5,6.8,0.42,6.8,2,7.5,-0.9,0.4,0,0,0,0,0,0,0,0.1,7,2019,2025,0,561,1937,1627,267,363,80,4,52,190,33,3,262,528,0.223,0.339,0.373,0.712,97,4593HD/786,biggica01,2B
292,Lance Blankenship,0,6.7,568,2.5,6.7,0.418,6.7,2.4,4.3,2.3,2.2,0,0,0,0,0,0,0,0,6,1988,1993,0,461,1292,1050,176,233,48,3,9,92,54,18,200,218,0.222,0.35,0.299,0.649,87,4H7985D/36,blankla02,2B
293,Luis Rengifo,0,7.1,1143,2.5,6.3,0.416,6.7,1.4,8,0.7,-2.5,0,0,0,0,0,0,0,0,8,2019,2026,0,712,2649,2420,286,598,94,15,62,244,54,26,181,484,0.247,0.305,0.375,0.68,88,*456H9/783D,rengilu01,2B
294,Pokey Reese,0,7.1,1368,2.5,6.3,0.414,6.7,1.2,0.7,8.6,-3.3,0,0,0,0,0,0,0,0,8,1997,2004,0,856,3138,2833,366,704,128,17,44,271,144,26,226,531,0.248,0.307,0.352,0.659,68,*46H5,reesepo01,2B
295,Jeff Treadway,0,7.1,965,2.5,6.1,0.412,6.6,1.3,6.3,1.3,-1.4,0,0,0,0,0,0,0,0,9,1987,1995,0,762,2318,2119,244,596,103,14,28,208,14,13,140,184,0.281,0.326,0.383,0.709,95,*4H5/D,treadje01,2B
296,Matt Carlisle,0,6.7,724,2.5,6.5,0.41,6.6,2.6,5.2,2.4,1.7,0,0,0,0,0,0,0,0.1,12,1932,1948,0,406,1597,1406,248,390,56,33,12,210,46,,130,,0.277,0.341,0.39,0.731,96,*46/579,carlima01,2B
297,Mark Lemke,0,6.9,1405,2.5,6.1,0.408,6.5,0.9,-1.7,10.1,-5.2,0,0,0,0,0,0,0,0,11,1988,1998,0,1069,3664,3230,349,795,125,15,32,270,11,19,348,341,0.246,0.317,0.324,0.641,71,*4H5/6,lemkema01,2B
298,Duke Kenworthy,0,6.5,596,2.5,6.5,0.406,6.5,3.7,7.5,-1.1,4.8,0,0,0,0,0,0,0,0.1,4,1912,1917,0,285,1120,989,159,301,71,21,18,146,61,1,67,84,0.304,0.36,0.473,0.833,143,4/H97,kenwobi01,2B
299,Keith Lockhart,0,7.1,1099,2.5,6,0.404,6.5,1,3.3,3.8,-2,0,0,0,0,0,0,0,0,10,1994,2003,0,979,2529,2268,290,591,117,17,44,268,30,15,195,268,0.261,0.319,0.385,0.704,81,*4*H5/D96,lockhke01,2B
300,Johnny Rawlings,0,7.4,1497,2.5,5.6,0.402,6.5,0.8,2,7.4,-6.7,0,0,0,0,0,0,0,0,12,1914,1926,0,1080,4173,3719,409,928,122,28,14,303,92,24,257,275,0.25,0.303,0.309,0.611,72,*46H/9578,rawlijo01,2B
301,Pete Kilduff,0,6.5,666,2.5,6.5,0.4,6.5,2.4,6.3,1.5,1.2,0,0,0,0,0,0,0,0,5,1917,1921,0,428,1590,1384,163,374,62,28,4,160,28,15,134,132,0.27,0.338,0.364,0.702,99,*465/H,kildupe01,2B
302,Gordon Beckham,0,7.3,1549,2.5,5.6,0.398,6.5,0.9,7.7,1.1,-7.7,0,0,0,0,0,0,0,0,11,2009,2019,0,1069,3782,3403,420,807,187,7,80,351,35,20,266,670,0.237,0.3,0.367,0.667,80,*45H6/D3,beckhgo01,2B
303,Eddie Mayo,0,7.7,1274,2.5,5.3,0.396,6.5,1,3.4,4.7,-5.1,0,1,1,0.5,0,0,1,0.1,9,1936,1948,0,834,3393,3013,353,759,119,16,26,287,29,41,257,175,0.252,0.313,0.328,0.641,78,*45H/6,mayoed01,2B
304,Reddy Mack,0,6.4,1059,2.5,6.4,0.394,6.4,1.9,7.3,-0.1,1,0,0,0,0,0,0,0,0,6,1885,1890,0,550,2373,2062,381,524,87,36,6,262,83,,275,207,0.254,0.352,0.34,0.692,106,*4/O,mackre01,2B
305,Tadahito Iguchi,0,6.4,976,2.5,6.4,0.392,6.4,2.1,6.9,0.9,-0.6,0,0,0,0,0,0,0,0,4,2005,2008,0,493,2079,1841,267,494,91,11,44,205,48,13,189,387,0.268,0.338,0.401,0.739,93,*4H/D,iguchta01,2B
306,Geronimo Pena,0,6.3,597,2.5,6.3,0.39,6.3,2.7,5.8,1.1,2.8,0,0,0,0,0,0,0,0,7,1990,1996,0,378,1170,1010,162,265,60,8,30,124,54,22,112,255,0.262,0.345,0.427,0.772,111,*4H/57,penage01,2B
307,Bret Barberie,0,6.3,701,2.5,6.3,0.388,6.3,2.1,4.2,3.1,1.1,0,0,0,0,0,0,0,0,6,1991,1996,0,479,1660,1434,163,388,73,6,16,133,16,13,164,268,0.271,0.356,0.363,0.719,93,*4H5/6D3,barbebr01,2B
308,Joe Panik,0,7,1311,2.5,5.5,0.386,6.3,1.1,7.6,-0.2,-4.4,0,0,0,0,0,0,0,0,8,2014,2021,1,818,3099,2778,340,733,136,19,42,258,22,7,256,314,0.264,0.328,0.372,0.7,91,*4H5/63D,panikjo01,2B
309,Jack Brohamer,0,6.9,1049,2.5,5.6,0.384,6.3,1.1,3.5,4.7,-4.2,0,0,0,0,0,0,0,0,9,1972,1980,0,805,2795,2500,262,613,91,12,30,227,9,17,222,178,0.245,0.306,0.327,0.633,79,*45HD,brohaja01,2B
310,Pep Young,0,6.9,1107,2.5,5.6,0.382,6.2,1.2,5.1,3,-3.7,0,0,0,0.06,0,0,0,0.1,10,1933,1945,0,730,2670,2466,274,645,128,34,32,347,18,17,152,312,0.262,0.308,0.38,0.688,85,*4H65/97,youngpe01,2B
311,Ken Boswell,0,6.5,1114,2.5,5.5,0.38,6,1,5.2,1.9,-3.9,0,0,0,0,0,0,0,0,11,1967,1977,0,930,2816,2517,266,625,91,19,31,244,27,17,240,239,0.248,0.313,0.337,0.65,85,*4*H5/97,bosweke01,2B
312,Jack Perconte,0,6,701,2.5,6,0.378,6,2.2,6,1.6,0.9,0,0,0,0,0,0,0,0,7,1980,1986,0,433,1630,1441,191,389,47,16,2,76,78,13,149,123,0.27,0.34,0.329,0.669,86,*4H/D,percoja01,2B
313,Dave Nelson,0,6.8,1212,2.5,5.1,0.376,5.9,1,8.4,-1.3,-5.1,0,0,0,0.01,0,0,0,0,10,1968,1977,1,813,2875,2578,340,630,77,19,20,211,187,73,220,392,0.244,0.305,0.312,0.618,81,*45HD/68739,nelsoda01,2B
314,Billy Gilbert,0,6.3,1250,2.5,5.3,0.374,5.8,1,6.9,-0.2,-5.9,0,0,0,0,0,0,0,0,8,1901,1909,0,850,3300,2816,375,695,72,17,4,237,167,,270,229,0.247,0.328,0.289,0.617,81,*46/H,gilbebi02,2B
315,Ted Lepcio,0,6.2,1052,2.5,5.4,0.372,5.8,1.2,5.4,2.4,-2,0,0,0,0,0,0,0,0,10,1952,1961,0,729,2346,2092,233,512,91,11,69,251,11,15,209,471,0.245,0.318,0.398,0.715,88,*45H6,lepcite01,2B
316,Joe Quinn,0,6.8,2898,2.5,4.8,0.37,5.8,0.4,6,1.8,-18.9,0,0,0,0,0,0,0,0,17,1884,1901,0,1772,7373,6897,895,1804,228,70,30,800,270,,366,295,0.262,0.303,0.328,0.63,76,*46O35,quinnjo02,2B
317,Cotton Tierney,0,5.7,1090,2.5,5.7,0.368,5.7,1.5,7.2,0.4,-2.4,0,0,0,0,0,0,0,0,6,1920,1925,0,630,2489,2299,266,681,119,30,31,331,28,31,109,187,0.296,0.332,0.415,0.746,94,*45H/9673,tiernco01,2B
318,Brendan Rodgers,0,5.7,847,2.5,5.7,0.366,5.7,1.9,4.5,2.8,-0.7,0,0,0,0,0,0,0,0,7,2019,2025,0,495,1957,1805,230,471,96,8,47,208,1,1,122,437,0.261,0.313,0.401,0.714,88,*46/HD,rodgebr02,2B
319,Bill Craver,0,5.7,657,2.5,5.7,0.364,5.7,2.7,7.7,-0.8,0.4,0,0,0,0,0,0,0,0.1,7,1871,1877,0,339,1594,1567,330,455,63,33,2,228,40,15,27,34,0.29,0.302,0.377,0.679,112,462/O35,cravebi01,2B
320,Harry Niles,0,5.7,973,2.5,5.7,0.362,5.7,1.5,6.9,-2.8,-3.9,0,0,0,0,0,0,0,0,5,1906,1910,0,608,2531,2270,279,561,58,24,12,152,107,,163,202,0.247,0.306,0.31,0.616,95,4975H/68,nilesha01,2B
321,Rich Amaral,0,6.2,916,0,5.1,0.36,5.7,1.1,4.1,0.4,-1.9,0,0,0,0,0,0,0,0,10,1991,2000,0,727,2022,1788,305,493,82,10,11,159,112,39,176,277,0.276,0.344,0.351,0.695,83,7H48D9356,amarari01,LF
322,Bama Rowell,0,5.7,877,2.5,5.7,0.358,5.7,1.6,6.9,-1.2,-2,0,0,0,0.03,0,0,0,0,6,1939,1948,0,574,2043,1901,200,523,95,26,19,217,37,24,113,105,0.275,0.316,0.382,0.699,95,47H8/59,rowelba01,2B
323,Donnie Hill,0,6.1,988,2.5,5.1,0.356,5.6,1.1,6.3,1.8,-3,0,0,0,0,0,0,0,0,9,1983,1992,0,755,2551,2307,276,594,91,14,26,228,22,11,175,225,0.257,0.308,0.343,0.651,82,*465H/D319,hilldo01,2B
324,Devon Travis,0,5.6,586,2.5,5.6,0.354,5.6,2.9,6.5,0.2,1.3,0,0,0,0,0,0,0,0,4,2015,2018,0,316,1246,1169,155,320,78,4,35,153,14,6,61,232,0.274,0.314,0.437,0.751,101,*4/HD,travide01,2B
325,Davey Williams,0,5.5,797,2.5,5.5,0.352,5.5,1.7,4.6,3.1,-1.9,0,0,0,0,0,0,0,0,6,1949,1955,1,517,1994,1785,235,450,61,10,32,163,6,12,164,144,0.252,0.32,0.351,0.672,78,*4H,willida03,2B
326,Brent Gates,0,5.5,1075,2.5,5.5,0.35,5.5,1.3,5.4,2,-3.6,0,0,0,0,0,0,0,0,7,1993,1999,0,685,2625,2329,268,616,119,11,25,279,18,13,225,349,0.264,0.327,0.357,0.685,82,*45H/3D67,gatesbr01,2B
327,Derek Dietrich,0,5.7,1125,2.5,5.3,0.348,5.5,1.2,10.8,-5.9,-2.7,0,0,0,0,0,0,0,0,8,2013,2020,0,746,2513,2191,318,536,107,21,84,255,7,5,181,576,0.245,0.335,0.428,0.762,107,475H3/D9,dietrde01,2B
328,Benny McCoy,0,5.5,661,2.5,5.5,0.346,5.5,2.6,6.4,0.5,0.8,0,0,0,0,0,0,0,0,4,1938,1941,0,337,1426,1214,182,327,52,18,16,156,8,5,190,122,0.269,0.369,0.381,0.75,97,*4/H65,mccoybe01,2B
329,Bonnie Serrell,0,5.5,284,2.5,5.5,0.344,5.5,6.4,4.8,1.1,3.9,0,0,0,0,0,1,3,1,5,1941,1945,1,138,546,504,93,157,27,15,8,75,12,,34,,0.312,0.356,0.472,0.828,154,4/39687,serrebo01,2B
330,Don Johnson,0,5.4,791,2.5,5.4,0.342,5.4,1.7,5.9,2.2,-1.8,0,0,0,0.02,0,0,0,0,6,1943,1948,1,511,2102,1935,219,528,89,6,8,175,26,15,112,171,0.273,0.315,0.337,0.653,83,*4/H5,johnsdo02,2B
331,Tommy Sampson,0,5.7,319,2.5,5.2,0.34,5.4,4.5,4.1,1.6,2.9,0,0,0,0,0,0,1,0.4,9,1940,1948,5,187,769,709,112,215,18,14,2,90,14,,38,,0.303,0.345,0.377,0.721,118,4/53,sampsto01,2B
332,Frank Menechino,0,5.4,685,2.5,5.4,0.338,5.4,1.9,5.9,0.2,-0.1,0,0,0,0,0,0,0,0,7,1999,2005,0,449,1510,1257,207,302,58,7,36,149,3,10,200,279,0.24,0.358,0.383,0.741,96,*4HD56/1,menecfr01,2B
333,Piper Davis,0,5.4,323,0,5.4,0.336,5.4,5.8,4.4,1.1,3.7,0,0,0,0,0,0,2,0.4,7,1942,1948,6,150,626,562,105,174,31,13,8,80,15,,53,,0.31,0.374,0.454,0.828,141,346/859,davispi01,1B
334,Bill Wambsganss,0,7,2343,2.5,3.6,0.334,5.3,0.4,9.8,-2.1,-19.7,0,0,0,0.03,0,0,0,0,13,1914,1926,0,1491,6113,5241,710,1359,215,59,7,521,140,74,490,357,0.259,0.328,0.327,0.655,78,*46H5/3,wambsbi01,2B
335,Kazuo Matsui,0,5.3,1156,2.5,5.3,0.332,5.3,1.4,6,1.1,-2.4,0,0,0,0,0,0,0,0,7,2004,2010,0,630,2555,2302,330,615,124,20,32,211,102,18,179,403,0.267,0.321,0.38,0.701,83,*46H,matsuka01,2B
336,Duane Kuiper,0,6.3,1369,2.5,4.1,0.33,5.2,0.6,7.5,0.2,-8.5,0,0,0,0,0,0,0,0,12,1974,1985,0,1057,3754,3379,329,917,91,29,1,263,52,71,248,255,0.271,0.325,0.316,0.641,82,*4H/3D,kuipedu01,2B
337,Luis Sojo,0,6.3,1058,2.5,4.2,0.328,5.2,0.8,2,4.6,-5.4,0,0,0,0,0,0,0,0,13,1990,2003,0,848,2773,2571,300,671,103,12,36,261,28,20,124,198,0.261,0.297,0.352,0.65,71,*465H3/D7,sojolu01,2B
338,Bill McClellan,0,5.7,1392,2.5,4.7,0.326,5.2,1,9.6,-2.5,-4.8,0,0,0,0,0,0,0,0,8,1878,1888,0,792,3486,3197,533,773,129,33,6,304,132,,274,185,0.242,0.305,0.308,0.613,90,*465O,mcclebi01,2B
339,José Lind,0,6.5,1438,2.5,3.8,0.324,5.2,0.6,0.2,6.6,-9.3,0,0,0,0,0,0,0,0,9,1987,1995,0,1044,4001,3677,368,935,145,27,9,324,62,19,215,370,0.254,0.295,0.316,0.61,70,*4/HD,lindjo01,2B
340,Ray Mack,0,5.7,1188,2.5,4.7,0.322,5.2,1,3.6,4.7,-4.8,0,0,0,0.01,0,0,0,0,9,1938,1947,1,791,3017,2707,273,629,113,24,34,278,35,18,261,365,0.232,0.301,0.33,0.631,76,*4/H5,mackra01,2B
341,Alexi Casilla,0,6.4,771,2.5,3.8,0.32,5.1,1.1,3.7,1.8,-2.9,0,0,0,0,0,0,0,0,9,2006,2014,0,578,1893,1696,225,419,76,15,12,157,80,11,130,246,0.247,0.302,0.331,0.633,73,*4H6/D58,casilal01,2B
342,Pete Coscarart,0,5.6,1314,2.5,4.6,0.318,5.1,0.9,6.1,2.8,-6.8,0,0,0,0.01,0,0,0,0,9,1938,1946,1,864,3362,2992,399,728,129,22,28,269,34,35,295,361,0.243,0.314,0.329,0.644,78,*46H/59,coscape01,2B
343,Roy Hughes,0,5.7,1181,2.5,4.4,0.316,5.1,0.9,6.3,0.8,-5.4,0,0,0,0,0,0,0,0,9,1935,1946,0,763,2879,2582,396,705,105,27,5,205,80,29,222,175,0.273,0.332,0.34,0.673,78,*456H/3,hughero01,2B
344,Pat Kelly,0,5.2,940,2.5,4.9,0.314,5.1,1.2,3.7,2.8,-2.8,0,0,0,0,0,0,0,0,9,1991,1999,0,681,2237,1988,253,495,109,11,36,217,61,29,145,425,0.249,0.307,0.369,0.677,81,*45H/D76,kellypa03,2B
345,Billy Martin,0,7,1484,2.5,2.8,0.312,4.9,0.5,5.2,1.3,-8.9,0,0,0,0.01,0,0,0,0,11,1950,1961,1,1021,3719,3419,425,877,137,28,64,333,34,29,188,355,0.257,0.3,0.369,0.669,81,*465H/8,martibi02,2B
346,Andy Ibáñez,0,4.9,527,2.5,4.9,0.31,4.9,1.8,2.2,2.8,0.8,0,0,0,0,0,0,0,0,6,2021,2026,0,434,1246,1151,141,288,59,5,28,133,10,4,76,217,0.25,0.301,0.383,0.684,89,45H3D/796,ibanean01,2B
347,Harry Williams,0,5.2,675,2.5,4.5,0.308,4.9,2.1,5.2,0.1,0.4,0,0,0,0,0,0,1,0.1,14,1931,1946,0,347,1429,1299,244,374,61,22,17,207,35,,110,,0.288,0.345,0.408,0.753,103,45/6327,williha02,2B
348,Joe Inglett,0,4.8,401,2.5,4.8,0.306,4.8,2.4,3.5,1.4,1.8,0,0,0,0,0,0,0,0,6,2006,2011,0,333,898,808,100,229,36,17,6,77,19,4,65,144,0.283,0.342,0.392,0.734,95,4H79/58D61,inglejo01,2B
349,Tony Womack,0,7.2,2440,2.5,2.4,0.304,4.8,0.3,6.6,-0.6,-13.7,0,0,0,0.01,0,0,0,0,13,1993,2006,1,1303,5389,4963,739,1353,190,59,36,368,363,74,308,649,0.273,0.317,0.356,0.673,72,*4*69H87/D,womacto01,2B
350,Denny Doyle,0,5.6,1283,2.5,3.8,0.302,4.7,0.7,2.8,4.3,-8.3,0,0,0,0.01,0,0,0,0,8,1970,1977,0,944,3572,3290,357,823,113,28,16,237,38,40,205,310,0.25,0.295,0.316,0.611,70,*4H/56,doylede01,2B
351,Keith Miller,0,5.7,629,2.5,3.8,0.3,4.7,1.3,6,-1.7,-1.1,0,0,0,0,0,0,0,0,9,1987,1995,0,465,1468,1326,190,347,67,8,12,92,63,20,100,205,0.262,0.323,0.351,0.675,89,4H875/96D,milleke01,2B
352,Hanser Alberto,0,5,583,2.5,4.4,0.298,4.7,1.5,2.6,3,-0.8,0,0,0,0,0,0,0,0,8,2015,2023,0,488,1477,1404,160,378,75,8,22,137,12,7,36,182,0.269,0.292,0.381,0.673,80,45H6/D1379,alberha01,2B
353,Emil Verban,0,4.7,1076,2.5,4.7,0.296,4.7,0.9,4.3,4.4,-6.8,0,0,0,0.06,0,0,0,0,7,1944,1950,2,853,3110,2911,301,793,99,26,1,241,21,31,108,74,0.272,0.301,0.325,0.626,73,*4H/658,verbaem01,2B
354,Emilio Bonifácio,0,5.9,1250,2.5,3.2,0.294,4.6,0.6,3.9,0.5,-5.9,0,0,0,0,0,0,0,0,12,2007,2020,0,834,2897,2613,356,669,95,33,13,165,166,49,215,605,0.256,0.312,0.333,0.645,75,4H85679/D,bonifem01,2B
355,Ron Theobald,0,4.5,343,2.5,4.5,0.292,4.5,2.9,3.2,2.1,1.1,0,0,0,0,0,0,0,0,2,1971,1972,0,251,926,779,95,193,23,2,2,42,11,15,106,77,0.248,0.342,0.29,0.632,88,4H/56,theobro01,2B
356,Akinori Iwamura,0,4.5,794,2.5,4.5,0.29,4.5,1.8,6.5,-0.9,-1.3,0,0,0,0,0,0,0,0,4,2007,2010,0,408,1755,1545,222,413,74,22,16,117,32,16,183,330,0.267,0.345,0.375,0.72,92,45/HD,iwamuak01,2B
357,Tony Kemp,0,5.3,962,2.5,3.7,0.288,4.5,0.8,5.2,-1.8,-3.8,0,0,0,0,0,0,0,0,9,2016,2024,0,739,2247,1945,262,460,87,15,35,184,53,16,227,298,0.237,0.324,0.351,0.674,90,*4*7H8/D96,kempto01,2B
358,Casey Candaele,0,4.9,840,2.5,4,0.286,4.5,0.9,2.2,3,-2.9,0,0,0,0,0,0,0,0,9,1986,1997,0,754,2132,1934,206,483,86,20,11,139,37,28,161,211,0.25,0.308,0.332,0.64,78,*4H67859/3D,candaca01,2B
359,Woody Williams,0,4.4,469,2.5,4.4,0.284,4.4,2.1,1.8,4.4,0.2,0,0,0,0,0,0,0,0,4,1938,1945,0,338,1369,1255,133,314,40,5,1,79,14,9,88,52,0.25,0.301,0.292,0.594,69,*4/6H5,williwo01,2B
360,Buddy Blattner,0,4.4,394,2.5,4.4,0.282,4.4,2.6,4.9,0.5,1.1,0,0,0,0,0,0,0,0,5,1942,1949,0,272,832,713,112,176,34,8,16,84,18,9,102,96,0.247,0.347,0.384,0.731,102,4H/563,blattbu01,2B
361,Adam Rosales,0,5.4,744,2.5,3.5,0.28,4.4,0.9,2,2.4,-2.8,0,0,0,0,0,0,0,0,11,2008,2018,0,651,1807,1621,186,367,69,6,48,179,17,12,135,451,0.226,0.291,0.365,0.656,78,465H3/D719,rosalad01,2B
362,Steve Lombardozzi,0,4.4,583,2.5,4.4,0.278,4.4,1.6,2.2,3.8,-0.2,0,0,0,0,0,0,0,0,6,1985,1990,0,446,1437,1264,153,294,61,12,20,107,13,9,131,206,0.233,0.307,0.347,0.654,77,*4/H65,lombast01,2B
363,Lenn Sakata,0,4.7,552,2.5,4,0.276,4.4,1.1,1.9,4.2,-0.6,0,0,0,0,0,0,0,0,11,1977,1987,0,564,1423,1289,163,296,46,4,25,109,30,17,97,158,0.23,0.286,0.33,0.616,71,*46H/5D27,sakatle01,2B
364,Thairo Estrada,0,4.3,817,2.5,4.3,0.274,4.3,1.4,7.4,-1.3,-1.7,0,0,0,0,0,0,0,0,7,2019,2025,0,508,1870,1734,230,436,79,6,51,216,53,18,84,368,0.251,0.299,0.392,0.691,92,*46H/75D98,estrath01,2B
365,Mike Fontenot,0,4.3,724,2.5,4.3,0.272,4.3,1.2,4.5,0.9,-0.5,0,0,0,0,0,0,0,0,7,2005,2012,0,582,1586,1413,175,374,86,13,27,163,17,11,140,289,0.265,0.332,0.401,0.734,92,*4H56/D,fontemi01,2B
366,Charlie Pick,0,4.3,581,2.5,4.3,0.27,4.3,1.9,5.2,-0.1,-0.8,0,0,0,0,0,0,0,0,6,1914,1920,0,367,1446,1278,115,333,39,17,3,86,64,34,102,60,0.261,0.323,0.325,0.648,96,45/H7839,pickch01,2B
367,Bill Regan,0,4.3,1076,2.5,4.3,0.268,4.3,1.1,4.9,1.3,-5.7,0,0,0,0.05,0,0,0,0,6,1926,1931,0,641,2570,2364,236,632,158,36,18,294,38,26,122,245,0.267,0.306,0.387,0.694,81,*4/H539,reganbi01,2B
368,Alan Bannister,0,4.9,1467,2.5,3.6,0.266,4.3,0.6,11,-6.9,-7.3,0,0,0,0,0,0,0,0,12,1974,1985,0,972,3373,3007,430,811,143,28,19,288,108,37,292,318,0.27,0.334,0.355,0.689,90,47H698D5/3,bannial01,2B
369,John Hatfield,0,4.2,401,2.5,4.2,0.264,4.2,3.3,3.3,0.9,1,0,0,0,0,0,0,1,0.1,6,1871,1876,0,206,1034,1011,219,283,36,11,3,146,28,8,23,20,0.28,0.296,0.346,0.642,98,O45/136,hatfijo01,2B
370,Billy Gardner,0,5.3,1424,2.5,3.2,0.262,4.2,0.5,0.2,6.6,-8.7,0,0,0,0.07,0,0,0,0,10,1954,1963,0,1034,3890,3544,356,841,159,18,41,271,19,22,246,439,0.237,0.292,0.327,0.619,70,*465H,gardnbi02,2B
371,Rodney Scott,0,4.4,1094,2.5,4,0.26,4.2,0.9,6.9,-0.4,-4.3,0,0,0,0,0,0,0,0,8,1975,1982,0,690,2487,2132,316,504,43,26,3,150,205,62,281,291,0.236,0.326,0.285,0.612,71,*46H5/D89,scottro01,2B
372,Zack Gelof,0,4.2,503,2.5,4.2,0.258,4.2,2.5,4.1,0.9,0.8,0,0,0,0,0,0,0,0,4,2023,2026,0,268,1045,947,128,215,45,4,38,101,44,7,77,338,0.227,0.289,0.403,0.692,95,4/85H9,gelofza01,2B
373,Nelson Liriano,0,5.3,1081,2.5,3,0.256,4.1,0.6,5.9,-1.1,-4.9,0,0,0,0,0,0,0,0,11,1987,1998,0,823,2487,2216,296,576,105,27,25,240,59,30,212,300,0.26,0.324,0.366,0.689,85,*4H6/5D3,liriane01,2B
374,Cory Spangenberg,0,4.1,619,2.5,4.1,0.254,4.1,1.6,4.4,0.3,-0.4,0,0,0,0,0,0,0,0,7,2014,2022,0,420,1380,1250,154,320,49,15,29,119,34,10,99,374,0.256,0.315,0.389,0.704,92,54H7/6D198,spangco01,3B
375,Bert Niehoff,0,4.1,869,2.5,4.1,0.252,4.1,1.1,3.4,1.5,-3.2,0,0,0,0,0,0,0,0,6,1913,1918,0,581,2249,2037,210,489,104,19,12,207,71,25,131,242,0.24,0.288,0.327,0.615,84,*45/H3,niehobe01,2B
376,Nolan Gorman,0,4.1,839,2.5,4.1,0.25,4.1,1.4,5.6,-1,-1.5,0,0,0,0,0,0,0,0,5,2022,2026,0,470,1751,1553,209,341,63,1,79,230,15,4,181,585,0.22,0.302,0.414,0.716,99,45DH/37,gormano01,2B
377,Brandon Drury,0,5.9,1421,2.5,2.3,0.248,4.1,0.4,5.8,-3.6,-8.2,0,0,0,0,0,0,0,0,10,2015,2024,0,867,3159,2915,337,713,170,9,109,375,5,8,188,718,0.245,0.296,0.421,0.717,90,*453H7D9/61,drurybr01,2B
378,George Hausmann,0,4,504,2.5,4,0.246,4,2.1,4.4,1.2,0,0,0,0,0,0,0,0,0,3,1944,1949,0,301,1305,1136,173,304,35,13,3,78,10,10,120,77,0.268,0.338,0.329,0.667,86,4/H,hausmge01,2B
379,Tommy La Stella,0,4.3,870,2.5,3.5,0.244,3.9,0.8,6.3,-2.5,-2.9,0,0,0,0,0,0,0,0,10,2014,2023,1,679,1957,1737,209,462,98,5,40,206,5,3,175,220,0.266,0.337,0.397,0.734,100,4H5D/31,lasteto01,2B
380,Bob Randall,0,3.8,506,2.5,3.8,0.242,3.8,1.3,2.8,2.6,-1.3,0,0,0,0,0,0,0,0,5,1976,1980,0,460,1491,1325,154,341,50,9,1,91,11,14,83,102,0.257,0.31,0.311,0.621,74,*4H/5D376,randabo01,2B
381,Ryan Goins,0,4.1,628,2.5,3.5,0.24,3.8,1,0.2,5.4,-2.3,0,0,0,0,0,0,0,0,8,2013,2020,0,555,1690,1545,154,353,71,12,22,158,6,6,108,371,0.228,0.278,0.333,0.611,65,46H5/9D731,goinsry01,2B
382,Daniel Schneemann,0,3.8,349,2.5,3.8,0.238,3.8,2.5,2.4,2.1,1.2,0,0,0,0,0,0,0,0,3,2024,2026,0,243,780,694,81,151,36,3,21,81,15,7,78,228,0.218,0.298,0.369,0.667,87,4586H9/7D,schneda04,2B
383,Jimmy Wood,0,3.8,281,2.5,3.8,0.236,3.8,6,3.7,0.2,2.2,0,0,0,0,0,0,1,0.2,3,1871,1873,0,102,513,488,162,162,33,12,3,82,28,5,25,6,0.332,0.365,0.467,0.832,142,4,woodji01,2B
384,Lou Stringer,0,3.8,544,2.5,3.8,0.234,3.8,1.5,4.6,0.8,-1,0,0,0,0,0,0,0,0,6,1941,1950,0,409,1347,1196,148,290,49,10,19,122,7,9,121,192,0.242,0.313,0.348,0.66,90,*4H/65,strinlo01,2B
385,Tim Cullen,0,3.7,646,2.5,3.7,0.232,3.7,0.9,0.3,6.1,-3.2,0,0,0,0,0,0,0,0,7,1966,1972,0,700,1960,1761,155,387,57,9,9,134,10,9,147,219,0.22,0.282,0.278,0.559,65,*46H5,culleti01,2B
386,Don Kolloway,0,5,1673,2.5,2.5,0.23,3.7,0.4,2.2,1.8,-10.2,0,0,0,0,0,0,0,0,12,1940,1953,0,1079,4247,3993,466,1081,180,30,29,393,76,54,189,251,0.271,0.305,0.353,0.658,80,*4*3H5/8,kollodo01,2B
387,Bill Cissell,0,4.7,1661,2.5,2.7,0.228,3.7,0.5,6.1,1.1,-12.3,0,0,0,0.19,0,0,0,0,9,1928,1938,0,956,4002,3707,516,990,173,43,29,423,113,63,212,250,0.267,0.308,0.36,0.669,73,*4*65/H,cissebi01,2B
388,Augie Ojeda,0,4,458,2.5,3.2,0.226,3.6,1,-0.1,4.8,-0.5,0,0,0,0,0,0,0,0,9,2000,2010,0,502,1237,1062,135,249,44,9,7,81,7,4,119,115,0.234,0.32,0.313,0.633,65,46H5/1,ojedaau01,2B
389,Luis García Jr.,0,3.6,1113,2.5,3.6,0.224,3.6,0.9,8.9,-3.5,-4.4,0,0,0,0,0,0,0,0,7,2020,2026,0,647,2448,2307,280,614,127,12,61,291,51,22,114,408,0.266,0.299,0.411,0.71,98,*46H3/D,garcilu04,2B
390,Piggy Ward,0,3.6,523,2.5,3.6,0.222,3.6,2.7,5,-1.7,0.4,0,0,0,0,0,0,0,0,5,1889,1894,0,220,958,775,172,223,23,16,1,90,86,,156,71,0.288,0.421,0.363,0.783,107,O4/6352,wardpi01,2B
391,Dick Tracewski,0,4.1,484,7.5,3.1,0.22,3.6,0.8,2,3.3,-2.1,0,0,0,0,0,0,0,0,8,1962,1969,0,614,1393,1231,148,262,31,9,8,90,15,14,134,253,0.213,0.289,0.272,0.562,65,64H5,tracedi01,SS
392,Carlos Febles,0,3.5,818,2.5,3.5,0.218,3.5,1.1,3.5,1.5,-3.1,0,0,0,0,0,0,0,0,6,1998,2003,0,506,1892,1656,255,414,65,18,24,146,68,20,163,297,0.25,0.328,0.354,0.683,75,*4/HD6,febleca01,2B
393,Dutch Meyer,0,3.5,452,2.5,3.5,0.216,3.5,2,4.2,0.5,0.1,0,0,0,0,0,0,0,0,6,1937,1946,0,286,1085,994,113,262,49,12,10,93,5,7,82,75,0.264,0.322,0.367,0.689,95,4/H,meyerdu01,2B
394,Lena Blackburne,0,3.9,700,7.5,3,0.214,3.5,0.9,2.1,3.3,-4.8,0,0,0,0,0,0,0,0,8,1910,1929,0,550,2092,1807,173,387,39,23,4,139,54,26,162,182,0.214,0.284,0.268,0.552,67,654/H31,blackle01,SS
395,Marty Kavanagh,0,3.4,518,2.5,3.4,0.212,3.4,1.5,4.8,-1.7,-1.4,0,0,0,0,0,0,0,0,5,1914,1918,0,370,1193,1033,137,257,47,20,10,121,26,22,118,122,0.249,0.33,0.362,0.693,105,4H3/9576,kavanma01,2B
396,Paíto Herrera,0,3.4,407,2.5,3.4,0.21,3.4,2.2,1.9,2.4,-0.5,0,0,0,0,0,0,0,0,5,1920,1928,0,255,1073,964,134,261,41,7,1,85,20,5,68,15,0.271,0.324,0.331,0.655,82,54/H61,herremi01,3B
397,Oscar Melillo,0,7.7,2116,2.5,-0.9,0.208,3.4,-0.1,-4.6,8,-21.5,0,0,2,0.52,0,0,0,0,12,1926,1937,0,1377,5541,5063,590,1316,210,64,22,547,69,66,327,306,0.26,0.306,0.34,0.646,64,*4H5/6,melilsk01,2B
398,Marvin Williams,0,3.4,213,2.5,3.4,0.206,3.4,6.8,4,-0.2,2.5,0,0,0,0,0,0,0,0.1,3,1943,1945,1,80,346,317,64,121,22,9,8,76,5,,23,,0.382,0.427,0.584,1.01,171,4/6,willima12,2B
399,Sibby Sisti,0,4.3,1285,2.5,2.4,0.204,3.4,0.4,7.4,-1.9,-10.1,0,0,0,0,0,0,0,0,13,1939,1954,0,1016,3371,2999,401,732,121,19,27,260,30,25,283,440,0.244,0.313,0.324,0.637,80,*456H9/783,sistisi01,2B
400,Al Weis,0,4.4,606,2.5,2.3,0.202,3.4,0.5,0.4,4.5,-3.5,0,0,0,0,0,0,0,0,10,1962,1971,0,800,1763,1578,195,346,45,11,7,115,55,22,117,299,0.219,0.278,0.275,0.553,59,*4H6/58,weisal01,2B
401,Rainey Bibbs,0,3.3,325,2.5,3.3,0.2,3.3,2.7,3,0.7,0.8,0,0,0,0,0,0,0,0.1,7,1933,1944,1,194,787,724,114,210,29,9,1,93,19,,46,,0.29,0.337,0.359,0.696,102,45/63,bibbsra01,2B
402,Joe Quest,0,3.5,723,2.5,3.1,0.198,3.3,0.8,1.4,3.3,-4.9,0,0,0,0,0,0,0,0,10,1871,1886,0,596,2402,2295,300,499,78,17,1,161,5,0,104,161,0.217,0.252,0.268,0.52,67,*46/5O,questjo01,2B
403,Paddy Baumann,0,3.2,427,2.5,3.2,0.196,3.2,1.7,4,-0.7,-0.7,0,0,0,0,0,0,0,0,7,1911,1917,0,299,1028,904,118,248,30,13,4,101,30,13,81,92,0.274,0.34,0.35,0.69,103,4H5/978,baumapa01,2B
404,Dib Williams,0,3.2,746,2.5,3.2,0.194,3.2,1.1,4.6,0.6,-3.2,0,0,0,0,0,0,0,0,6,1930,1935,0,475,1748,1574,198,421,74,12,29,201,7,3,133,140,0.267,0.327,0.385,0.712,83,46H5/37,willidi01,2B
405,Lou Merloni,0,3.3,514,2.5,3,0.192,3.2,1.2,2.5,1.3,-1.2,0,0,0,0,0,0,0,0,9,1998,2006,0,423,1223,1085,138,294,67,7,14,125,9,8,88,213,0.271,0.332,0.384,0.716,87,456H3/7D9,merlolo01,2B
406,Bienvenido Jiménez,0,3.2,399,2.5,3.2,0.19,3.2,2.3,3.4,0.3,0,0,0,0,0,0,0,0,0,5,1920,1929,0,224,964,835,151,219,32,12,2,65,26,,92,,0.262,0.353,0.337,0.689,93,4/96,jimenbi01,2B
407,Fred Bankhead,0,3.3,411,2.5,3,0.188,3.2,1.9,2.9,0.9,-0.1,0,0,0,0,0,0,0,0,12,1937,1948,2,262,1055,929,149,234,25,10,2,91,37,0,89,,0.252,0.327,0.307,0.634,87,45/683279,bankhfr01,2B
408,Ryan Schimpf,0,3.2,293,2.5,3.2,0.186,3.2,3.5,3.2,0.2,1.5,0,0,0,0,0,0,0,0,3,2016,2018,0,147,534,446,74,87,19,5,35,78,1,1,71,178,0.195,0.318,0.496,0.814,116,45/H7D9,schimry01,2B
409,Nick Madrigal,0,3.2,359,2.5,3.2,0.184,3.2,1.8,2.4,1.4,0.1,0,0,0,0,0,0,0,0,5,2020,2024,0,285,940,868,96,238,39,5,4,77,17,6,43,85,0.274,0.323,0.344,0.667,86,45H/D,madrini01,2B
410,Billy Moran,0,3.1,880,2.5,3.1,0.182,3.1,0.8,4.6,0.7,-3.7,0,0,0,0.1,0,0,0,0,7,1958,1965,2,634,2285,2076,242,545,88,10,28,202,10,8,133,218,0.263,0.308,0.355,0.663,84,*45H6/3,moranbi02,2B
411,Marv Breeding,0,3.1,483,2.5,3.1,0.18,3.1,1.2,0,4.3,-1,0,0,0,0,0,0,0,0,4,1960,1963,0,415,1352,1268,154,317,50,5,7,92,19,9,66,180,0.25,0.288,0.314,0.602,66,*4H5/6,breedma01,2B
412,Jake Flowers,0,3.8,840,2.5,2.4,0.178,3.1,0.7,4.1,0.4,-4,0,0,0,0.04,0,0,0,0,10,1923,1934,0,583,1946,1693,229,433,75,18,16,201,58,31,190,139,0.256,0.333,0.35,0.683,80,46H5/39,floweja01,2B
413,Luis Guillorme,0,3.2,410,2.5,3,0.176,3.1,1.1,2.6,1.4,-0.5,0,0,0,0,0,0,0,0,8,2018,2025,0,423,1031,902,92,224,42,3,5,58,8,4,115,175,0.248,0.333,0.318,0.652,85,45H6/D1,guilllu01,2B
414,Chuck Hiller,0,3.4,841,2.5,2.7,0.174,3.1,0.6,3.7,0.7,-6.3,0,0,0,0,0,0,0,0,8,1961,1968,0,704,2344,2121,253,516,76,9,20,152,14,14,157,187,0.243,0.299,0.316,0.615,72,*4H/579,hillech01,2B
415,Jake Atz,0,3.1,251,2.5,3.1,0.172,3.1,2.3,1.8,1.4,0.3,0,0,0,0,0,0,0,0,4,1902,1909,0,209,718,605,64,132,21,3,0,49,23,,69,54,0.218,0.304,0.263,0.567,83,4/H6598,atzja01,2B
416,Ike Brown,0,3,313,2.5,3,0.17,3,1.8,3.4,-0.7,0.8,0,0,0,0,0,0,0,0,6,1969,1974,0,280,644,536,85,137,15,4,20,65,3,7,90,130,0.256,0.364,0.41,0.774,116,H437/596D,brownik01,2B
417,Anderson Pryor,0,3,553,2.5,3,0.168,3,1.7,3.9,0,-0.9,0,0,0,0,0,0,0,0,6,1923,1933,0,295,1207,1056,172,283,42,12,12,128,41,,127,,0.268,0.349,0.365,0.714,91,465/289,pryoran01,2B
418,Greg Garcia,0,3,544,2.5,3,0.166,3,0.8,4.3,-0.4,-1,0,0,0,0,0,0,0,0,7,2014,2020,0,578,1303,1096,142,269,48,6,14,99,7,5,166,270,0.245,0.354,0.339,0.693,89,H456/D371,garcigr01,2B
419,Andy Cohen,0,3,396,2.5,3,0.164,3,1.8,1.4,2.6,-0.1,0,0,0,0,0,0,0,0,3,1926,1929,0,262,951,886,108,249,36,10,14,114,6,12,43,34,0.281,0.317,0.392,0.709,81,4/H65,cohenan01,2B
420,Ted Kubiak,0,3.7,991,2.5,2.3,0.162,3,0.4,3.4,2.8,-7.4,0,0,0,0,0,0,0,0,10,1967,1976,0,977,2785,2447,238,565,61,21,13,202,13,22,271,272,0.231,0.307,0.289,0.596,73,*46H5/3D,kubiate01,2B
421,Homer Bush,0,3,578,2.5,3,0.16,3,1.2,2.5,1.4,-1.8,0,0,0,0,0,0,0,0,7,1997,2004,0,409,1377,1274,176,363,50,5,11,115,65,20,57,238,0.285,0.324,0.358,0.682,76,*4H/6D5,bushho01,2B
422,Billy Smith,0,2.9,445,2.5,2.9,0.158,2.9,1.3,2.6,1.8,-1,0,0,0,0,0,0,0,0,6,1975,1981,0,370,1147,1018,107,234,38,9,17,111,8,5,96,189,0.23,0.297,0.335,0.632,79,46H/3D5,smithbi05,2B
423,Bob Miller,0,2.9,451,2.5,2.9,0.156,2.9,1.6,2.8,1,-0.9,0,0,0,0,0,0,0,0,5,1924,1932,0,294,1098,997,124,259,43,16,4,124,12,,93,,0.26,0.327,0.347,0.674,85,46/5,millebo05,2B
424,Al Newman,0,3.2,888,2.5,2.5,0.154,2.9,0.5,1,4.9,-5.6,0,0,0,0,0,0,0,0,8,1985,1992,0,854,2409,2107,264,476,68,7,1,156,91,55,236,212,0.226,0.304,0.266,0.57,58,*465H/D738,newmaal01,2B
425,Warren Morris,0,2.9,727,2.5,2.9,0.152,2.9,1.1,2.1,1.8,-2.4,0,0,0,0,0,0,0,0,5,1999,2003,0,440,1680,1495,176,399,70,7,26,164,16,22,150,218,0.267,0.334,0.375,0.709,83,*4H/5,morriwa02,2B
426,Connie Day,0,3.8,1000,2.5,1.9,0.15,2.8,0.4,-1.4,5,-7.2,0,0,0,0,0,0,0,0,10,1920,1932,0,692,2736,2468,313,579,84,29,14,280,47,,190,,0.235,0.293,0.309,0.602,64,*45/632,dayco01,2B
427,Fred Manrique,0,3.1,564,2.5,2.6,0.148,2.8,0.8,2.9,1.5,-2.2,0,0,0,0,0,0,0,0,9,1981,1991,0,498,1459,1337,151,340,59,11,20,151,18,14,65,239,0.254,0.292,0.36,0.651,79,*46H/5D,manrifr01,2B
428,Larry Schlafly,0,2.8,348,2.5,2.8,0.146,2.8,2.2,4.2,-1.5,0.1,0,0,0,0,0,0,0,0,4,1902,1914,0,208,799,658,91,158,20,12,5,58,41,,90,98,0.24,0.349,0.33,0.679,113,4/H39527,schlala01,2B
429,Jeff Keppinger,0,4.5,1319,2.5,1.1,0.144,2.8,0.2,7.1,-4.4,-9,0,0,0,0,0,0,0,0,9,2004,2013,0,818,3156,2882,324,814,139,10,45,295,12,8,199,214,0.282,0.329,0.384,0.714,92,*456H3D/79,keppije01,2B
430,Larry Lintz,0,2.8,380,2.5,2.8,0.142,2.8,1.3,2.8,0.7,0.4,0,0,0,0,0,0,0,0,6,1973,1978,0,350,756,616,137,140,13,1,0,27,128,38,97,101,0.227,0.336,0.252,0.588,64,4H6/D5987,lintzla01,2B
431,Junior Kennedy,0,2.8,447,2.5,2.8,0.14,2.8,1,1.5,2.5,-1.2,0,0,0,0,0,0,0,0,7,1974,1983,0,447,1192,1041,114,258,29,6,4,95,12,9,124,142,0.248,0.325,0.299,0.623,74,*4H6/5,kenneju01,2B
432,Charlie Bastian,0,3.4,712,7.5,2.1,0.138,2.7,0.7,-1,5.4,-4.4,0,0,0,0,0,0,0,0,8,1884,1891,0,504,2000,1806,241,342,49,26,11,144,57,,179,308,0.189,0.268,0.264,0.532,58,645/1,bastich01,SS
433,Parson Nicholson,0,2.7,343,2.5,2.7,0.136,2.7,2.6,2.3,0.8,0.7,0,0,0,0,0,0,0,0,3,1888,1895,0,168,707,646,96,169,20,15,5,86,58,,51,11,0.262,0.325,0.362,0.688,99,4/62,nichopa01,2B
434,Davis Schneider,0,2.7,434,0,2.7,0.134,2.7,1.5,3.2,-0.9,-0.3,0,0,0,0,0,0,0,0,4,2023,2026,0,286,902,765,117,161,39,2,33,105,11,1,120,275,0.21,0.324,0.396,0.72,101,74H/D5,schneda03,LF
435,George Sweatt,0,2.6,579,2.5,2.6,0.132,2.6,1.2,2.3,-0.3,-1.7,0,0,0,0,0,0,0,0,6,1922,1927,0,343,1296,1151,184,306,56,19,9,155,29,,123,,0.266,0.342,0.371,0.713,90,8479/35,sweatge01,CF
436,Frank Crespi,0,2.6,390,2.5,2.6,0.13,2.6,1.6,2.5,1.4,-1,0,0,0,0.04,0,0,0,0,5,1938,1942,0,264,1035,911,125,240,32,4,4,88,8,8,90,102,0.263,0.336,0.321,0.657,82,4/6H5,crespcr01,2B
437,Robert Andino,0,3.3,564,2.5,1.9,0.128,2.6,0.6,0.8,2.8,-3.3,0,0,0,0,0,0,0,0,10,2005,2016,0,481,1491,1344,159,313,58,1,18,97,24,12,113,313,0.233,0.294,0.318,0.612,66,46H5/78D,andinro01,2B
438,Josh Barfield,0,2.6,459,2.5,2.6,0.126,2.6,1.3,2.1,1.2,-0.9,0,0,0,0,0,0,0,0,4,2006,2009,0,309,1075,1012,133,267,53,6,16,112,35,11,44,188,0.264,0.295,0.375,0.671,77,4H/D7,barfijo02,2B
439,Colt Keith,0,2.6,514,2.5,2.6,0.124,2.6,1.3,3.6,-1.3,-1.3,0,0,0,0,0,0,0,0,3,2024,2026,0,328,1165,1063,137,279,45,6,26,112,9,2,91,244,0.262,0.322,0.389,0.711,99,4D5H/3,keithco01,2B
440,Don Gutteridge,0,3.5,1924,2.5,1.5,0.122,2.5,0.2,9.1,-3.7,-12.9,0,0,0,0.1,0,0,0,0,12,1936,1948,0,1151,4577,4202,586,1075,200,64,39,391,95,72,309,444,0.256,0.308,0.362,0.669,84,*4*5H6/7,guttedo01,2B
441,Hyeseong Kim,0,2.5,133,2.5,2.5,0.12,2.5,3.8,1.7,1.2,1.6,0,0,0,0,0,0,0,0,2,2025,2026,0,107,280,258,32,72,9,2,4,27,18,2,18,77,0.279,0.327,0.376,0.703,99,46/H8,kimhy02,2B
442,Joey Amalfitano,0,3.2,754,2.5,1.8,0.118,2.5,0.4,3.4,-0.2,-5.7,0,0,0,0,0,0,0,0,10,1954,1967,0,643,1938,1715,248,418,67,19,9,123,19,26,185,224,0.244,0.32,0.321,0.641,79,*4H5/673,amalfjo01,2B
443,Erve Beck,0,2.5,398,2.5,2.5,0.116,2.5,1.7,3,-0.5,-1,0,0,0,0,0,0,0,0,3,1899,1902,0,232,955,912,122,265,42,11,9,123,12,,30,66,0.291,0.315,0.39,0.705,99,43/9H76,becker01,2B
444,Terry Harmon,0,3,463,2.5,1.9,0.114,2.4,0.6,1.7,2.1,-2.3,0,0,0,0,0,0,0,0,10,1967,1977,0,547,1276,1125,164,262,31,12,4,72,17,11,117,175,0.233,0.311,0.292,0.604,69,46H/53,harmote01,2B
445,Curt Wilkerson,0,3.9,967,7.5,0.9,0.112,2.4,0.2,1.6,3.7,-7.7,0,0,0,0,0,0,0,0,11,1983,1993,0,972,2651,2452,272,600,78,23,8,179,81,43,138,403,0.245,0.286,0.305,0.591,63,*6*4H5/D7,wilkecu01,SS
446,Daniel Robertson,0,2.4,392,2.5,2.4,0.11,2.4,1.3,3.1,0.2,-0.6,0,0,0,0,0,0,0,0,5,2017,2021,0,299,945,801,105,182,34,3,18,78,5,5,111,243,0.227,0.338,0.345,0.683,88,456H/7D319,roberda10,2B
447,Esteban Germán,0,3.2,543,2.5,1.6,0.108,2.4,0.6,4.8,-3.1,-2.6,0,0,0,0,0,0,0,0,10,2002,2011,0,409,1170,1016,159,284,54,15,8,111,34,15,117,187,0.28,0.359,0.386,0.745,96,4H57D/863,germaes01,2B
448,Dave Shean,0,3.3,839,2.5,1.5,0.106,2.4,0.4,0.1,2,-6.7,0,0,0,0,0,0,0,0,9,1906,1919,0,630,2443,2167,225,495,59,23,6,167,66,,155,188,0.228,0.284,0.285,0.569,71,*46/H385,sheanda01,2B
449,Juan Bonilla,0,2.4,587,2.5,2.4,0.104,2.4,0.9,2.5,1.2,-3.1,0,0,0,0,0,0,0,0,6,1981,1987,0,429,1616,1462,145,375,50,9,7,101,7,10,116,108,0.256,0.314,0.317,0.631,79,*45/HD,bonilju01,2B
450,Chase Meidroth,0,2.3,285,2.5,2.3,0.102,2.3,2.3,2.5,0.7,0.1,0,0,0,0,0,0,0,0,2,2025,2026,0,167,695,614,83,157,24,0,8,33,15,4,65,116,0.256,0.331,0.334,0.665,88,46/H,meidrch01,2B
451,Alex McCarthy,0,2.7,504,2.5,1.9,0.1,2.3,0.7,0.4,3,-2.9,0,0,0,0,0,0,0,0,8,1910,1917,0,432,1523,1335,136,306,34,11,5,121,23,7,104,123,0.229,0.295,0.282,0.577,67,465/H37,mccaral01,2B
452,Jack Marshall,0,2.3,400,2.5,2.3,0.098,2.3,1.5,2.5,0.1,-0.8,0,0,0,0,0,0,0,0,10,1926,1944,1,243,993,862,127,232,30,9,5,106,20,,85,,0.269,0.343,0.342,0.685,89,49/563287,marshja03,2B
453,Carlos García,0,3.6,1003,2.5,1,0.096,2.3,0.3,3.8,-1.1,-6.3,0,0,0,0,0,0,0,0,10,1990,1999,1,610,2359,2178,274,580,102,17,33,197,73,33,115,340,0.266,0.307,0.374,0.682,79,*46/H5D3,garcica01,2B
454,Jeff Baker,0,3.4,927,2.5,1.2,0.094,2.3,0.3,3.9,-3.8,-4.9,0,0,0,0,0,0,0,0,11,2005,2015,0,748,1958,1793,244,474,108,15,54,235,14,1,139,472,0.264,0.318,0.432,0.75,96,H43597/D,bakerje03,2B
455,Bob Heise,0,2.9,385,7.5,1.7,0.092,2.3,0.6,0.8,3.1,-2.7,0,0,0,0,0,0,0,0,11,1967,1977,0,499,1232,1144,104,283,43,3,1,86,3,7,47,77,0.247,0.28,0.293,0.572,64,645H/3D,heisebo01,SS
456,Cole Young,0,2.3,175,2.5,2.3,0.09,2.3,3,1,1.7,0.8,0,0,0,0,0,0,0,0,2,2025,2026,0,126,450,396,44,89,15,2,7,50,3,2,43,91,0.225,0.308,0.326,0.634,84,4/HD6,youngco01,2B
457,Aaron Miles,0,3.6,1188,2.5,1,0.088,2.3,0.2,2,1.2,-8.3,0,0,0,0,0,0,0,0,9,2003,2011,0,932,3064,2827,347,793,110,18,19,229,30,18,162,294,0.281,0.32,0.352,0.672,75,*4H65/71D89,milesaa01,2B
458,Ralph Young,0,3.5,1665,2.5,1.1,0.086,2.3,0.2,8.2,-5.4,-15.3,0,0,0,0,0,0,0,0,9,1913,1922,0,1022,4345,3643,479,898,108,30,4,255,92,59,495,235,0.247,0.339,0.296,0.635,79,*4/6H5,youngra01,2B
459,JJ Wetherholt,0,2.3,98,2.5,2.3,0.084,2.3,8.2,1.6,0.9,1.7,0,0,0,0,0,0,1,0.1,1,2026,2026,0,45,208,172,33,40,5,0,8,22,5,0,24,37,0.233,0.356,0.401,0.757,120,4/H,wethejj01,2B
460,Lou Chiozza,0,2.3,1016,2.5,2.3,0.082,2.3,0.6,4,-0.8,-6.2,0,0,0,0,0,0,0,0,6,1934,1939,0,616,2482,2288,303,633,107,22,14,197,45,32,145,165,0.277,0.324,0.361,0.685,79,458H/769,chiozlo01,2B
461,Romy Gonzalez,0,2.2,377,2.5,2.2,0.08,2.2,1.3,2.9,-0.7,-0.4,0,0,0,0,0,0,0,0,5,2021,2025,0,271,796,744,102,200,44,7,20,109,24,9,35,225,0.269,0.302,0.427,0.729,103,4H3/659D781,gonzaro01,2B
462,Doug Griffin,0,2.7,830,2.5,1.7,0.078,2.2,0.4,1.3,2.7,-6.8,0,0,0,0,0,0,0,0,8,1970,1977,0,632,2374,2136,209,524,70,12,7,165,33,23,158,204,0.245,0.299,0.299,0.598,68,*4H/5D6,griffdo01,2B
463,Chico Renfroe,0,2.2,239,2.5,2.2,0.076,2.2,2.4,2.2,0.5,0.6,0,0,0,0,0,0,1,0.2,4,1945,1948,1,146,576,484,77,130,20,9,1,55,9,,59,,0.269,0.358,0.353,0.711,99,46/27589,renfrch01,2B
464,Christian Arroyo,0,2.1,420,2.5,2.1,0.074,2.1,1.2,1.3,1.4,-1.2,0,0,0,0,0,0,0,0,7,2017,2023,0,295,992,917,106,231,54,2,24,120,8,6,51,215,0.252,0.299,0.394,0.693,86,456/H93D1,arroych01,2B
465,Whitey Alpermann,0,2.1,597,2.5,2.1,0.072,2.1,0.8,4.5,-1.7,-3.9,0,0,0,0,0,0,0,0,4,1906,1909,0,450,1759,1632,134,387,60,36,7,141,27,,30,183,0.237,0.268,0.331,0.599,93,*46/5H9,alperwh01,2B
466,Dasher Troy,0,2.1,409,2.5,2.1,0.07,2.1,1.2,3.3,-0.3,-1.3,0,0,0,0,0,0,0,0,5,1881,1885,0,292,1175,1127,166,274,42,20,4,51,,,41,52,0.243,0.274,0.327,0.601,91,4/65O,troyda01,2B
467,Bob Glenalvin,0,2.1,184,2.5,2.1,0.068,2.1,4.2,1.7,0.6,0.9,0,0,0,0,0,0,0,0,2,1890,1893,0,82,344,311,54,88,13,4,4,38,37,,26,34,0.283,0.352,0.389,0.741,108,4,glenabo01,2B
468,Luke Keaschall,0,2.1,195,2.5,2.1,0.066,2.1,3.6,2.3,0.1,0.8,0,0,0,0,0,0,0,0,2,2025,2026,0,95,398,350,46,94,22,1,5,45,24,4,38,60,0.269,0.349,0.38,0.729,103,4/DH,keasclu01,2B
469,Michael Massey,0,2.1,569,2.5,2.1,0.064,2.1,0.9,2.7,0.2,-2.5,0,0,0,0,0,0,0,0,5,2022,2026,0,391,1384,1286,133,310,61,4,39,149,13,3,60,263,0.241,0.28,0.386,0.666,84,*4H/D759,massemi02,2B
470,Dave Stapleton,0,2,927,0,2,0.062,2,0.6,1.6,-0.1,-4.9,0,0,0,0,0,0,0,0,7,1980,1986,0,582,2189,2028,238,550,118,8,41,224,6,11,114,162,0.271,0.31,0.398,0.707,90,*346H5/D79,staplda01,1B
471,John Kerr,0,2.2,632,2.5,1.8,0.06,2,0.6,2.2,1,-4.3,0,0,0,0,0,0,0,0,8,1923,1934,0,471,1632,1457,172,388,59,13,6,145,26,16,115,92,0.266,0.323,0.337,0.66,74,*4H65/9,kerrjo01,2B
472,Jimmy Bloodworth,0,3.1,1481,2.5,0.8,0.058,2,0.1,1.3,3.5,-11.9,0,0,0,0,0,0,0,0,11,1937,1951,0,1002,3789,3519,347,874,160,20,62,451,19,29,202,407,0.248,0.292,0.358,0.65,75,*4H3/596,bloodji01,2B
473,Jesse Douglas,0,1.9,187,2.5,1.9,0.056,1.9,3,1.9,0.2,0.7,0,0,0,0,0,0,0,0,5,1940,1945,0,104,436,400,62,116,13,7,1,46,13,,28,,0.29,0.34,0.365,0.705,111,4/6758,douglje01,2B
474,Otis Brannan,0,1.9,258,2.5,1.9,0.054,1.9,1.9,1.2,1.1,-0.6,0,0,0,0,0,0,0,0,2,1928,1929,0,158,629,534,72,133,19,3,11,74,3,9,64,23,0.249,0.334,0.358,0.692,79,4/H,brannot01,2B
475,Ken Aspromonte,0,1.9,687,2.5,1.9,0.052,1.9,0.6,4,-0.8,-3.3,0,0,0,0,0,0,0,0,7,1957,1963,0,475,1691,1483,171,369,69,3,19,124,7,5,179,149,0.249,0.33,0.338,0.668,82,*4H5/637,asproke01,2B
476,Miguel de la Hoz,0,2.5,465,2.5,1.3,0.05,1.9,0.4,2,0.6,-2.8,0,0,0,0,0,0,0,0,9,1960,1969,0,494,1195,1114,116,280,42,5,25,115,2,3,56,130,0.251,0.29,0.365,0.655,82,H546/73,dela_mi01,3B
477,Bill Hunnefield,0,1.8,756,7.5,1.8,0.048,1.8,0.6,3.7,0.4,-5.2,0,0,0,0,0,0,0,0,6,1926,1931,0,511,1857,1664,230,452,75,9,9,144,67,40,117,111,0.272,0.322,0.344,0.666,75,64H/53,hunnebi01,SS
478,Marshall Riddle,0,1.8,190,2.5,1.8,0.046,1.8,2.6,1.8,0.4,0.5,0,0,0,0,0,0,0,0,7,1937,1943,2,116,448,403,41,107,13,9,1,48,14,0,35,,0.266,0.326,0.35,0.676,101,4/65,riddlma01,2B
479,Bob Saverine,0,1.8,359,2.5,1.8,0.044,1.8,0.8,1.9,0.7,-1.3,0,0,0,0,0,0,0,0,6,1959,1967,0,379,956,861,114,206,27,6,6,47,23,9,73,149,0.239,0.299,0.305,0.604,76,4H865/7,saverbo01,2B
480,John Donaldson,0,1.8,512,2.5,1.8,0.042,1.8,0.7,2.9,0.2,-3,0,0,0,0,0,0,0,0,6,1966,1974,0,405,1380,1225,96,292,35,11,4,86,19,9,132,133,0.238,0.313,0.295,0.608,81,*4H/56,donaljo01,2B
481,Gus Dundon,0,1.8,298,2.5,1.8,0.04,1.8,1.2,0.2,1.8,-1.9,0,0,0,0,0,0,0,0,3,1904,1906,0,247,933,833,77,168,17,6,0,62,37,,64,80,0.202,0.265,0.236,0.502,62,4/65H,dundogu01,2B
482,Julio Gotay,0,2.8,392,7.5,0.8,0.038,1.8,0.3,1.1,1,-3.1,0,0,0,0,0,0,0,0,10,1960,1969,0,389,1068,988,106,257,38,3,6,70,12,7,61,127,0.26,0.309,0.323,0.632,75,64H/57,gotayju01,SS
483,Dick Jackson,0,1.8,527,2.5,1.8,0.036,1.8,0.9,0.3,2.2,-2.2,0,0,0,0,0,0,0,0,6,1924,1929,0,316,1243,1183,173,312,54,23,12,146,20,,59,,0.264,0.299,0.379,0.678,76,4/965,jacksdi01,2B
484,Bryan Little,0,1.8,410,2.5,1.8,0.034,1.8,0.9,2.5,0.6,-1.9,0,0,0,0,0,0,0,0,5,1982,1986,0,327,1072,922,126,226,37,5,3,77,8,10,120,79,0.245,0.333,0.306,0.639,80,46H/5,littlbr01,2B
485,Roy Hartsfield,0,1.8,436,2.5,1.8,0.032,1.8,1.1,4,-1,-2.3,0,0,0,0,0,0,0,0,3,1950,1952,0,265,1063,976,138,266,30,7,13,59,14,6,73,146,0.273,0.324,0.358,0.682,87,4H,hartsro01,2B
486,Bill Rodgers,0,1.7,121,2.5,1.7,0.03,1.7,2.7,1.1,0.8,0.7,0,0,0,0,0,0,0,0,2,1915,1916,0,102,301,268,30,65,15,4,0,19,11,8,22,40,0.243,0.316,0.328,0.645,93,4/H659,rodgebi01,2B
487,Emmett Mueller,0,1.7,618,2.5,1.7,0.028,1.7,0.6,4.4,-2.1,-3.5,0,0,0,0,0,0,0,0,4,1938,1941,0,441,1465,1281,144,324,55,11,17,127,10,17,156,124,0.253,0.337,0.353,0.69,92,4H597/386,muellhe02,2B
488,Tim Shinnick,0,1.7,511,2.5,1.7,0.026,1.7,1.1,2.9,-0.7,-1,0,0,0,0,0,0,0,0,2,1890,1891,0,259,1058,929,164,222,25,22,2,134,98,,116,46,0.239,0.332,0.32,0.651,91,4/56,shinnti01,2B
489,Bill Eagan,0,1.7,212,2.5,1.7,0.024,1.7,2.6,0.9,1,0.5,0,0,0,0,0,0,0,0,3,1891,1898,0,107,445,377,66,90,13,7,4,50,26,,57,66,0.239,0.352,0.342,0.694,93,4,eaganbi01,2B
490,Fresco Thompson,0,2.9,1302,2.5,0.4,0.022,1.7,0.1,7.9,-5.1,-8.6,0,0,0,0.01,0,0,0,0,9,1925,1934,0,669,2858,2560,400,762,149,34,13,249,69,48,215,143,0.298,0.353,0.398,0.751,89,*4H/65,thompfr03,2B
491,T.J. Rivera,0,1.7,155,2.5,1.7,0.02,1.7,2.5,1.7,0,0.6,0,0,0,0,0,0,0,0,2,2016,2017,0,106,344,319,37,97,17,2,8,43,1,0,12,49,0.304,0.335,0.445,0.78,108,45/H37,rivertj01,2B
492,Daniel Descalso,0,2.4,1242,2.5,0.9,0.018,1.7,0.1,5,-2.7,-8.4,0,0,0,0,0,0,0,0,10,2010,2019,0,1079,2893,2519,326,593,126,25,48,294,26,15,303,600,0.235,0.32,0.362,0.683,82,*H*45637/D19,descada01,2B
493,Kelby Tomlinson,0,1.6,282,2.5,1.6,0.016,1.6,1,1.7,0.4,-0.5,0,0,0,0,0,0,0,0,4,2015,2018,0,273,687,618,77,164,18,7,3,47,19,8,58,139,0.265,0.331,0.332,0.663,82,4H65/7,tomlike01,2B
494,Joe McEwing,0,2.5,773,2.5,0.8,0.014,1.6,0.2,-1.8,2.4,-5.2,0,0,0,0,0,0,0,0,9,1998,2006,0,754,1964,1767,217,443,89,10,25,158,33,20,113,352,0.251,0.302,0.355,0.657,71,4H765938/D,mcewijo01,2B
495,Christian Koss,0,1.6,79,2.5,1.6,0.012,1.6,3.1,0.9,0.9,1,0,0,0,0,0,0,0,0,2,2025,2026,0,83,206,188,26,47,10,0,3,23,4,1,9,47,0.25,0.296,0.351,0.647,85,4/H561D,kossch01,2B
496,Pete Suder,0,5,2020,2.5,-1.8,0.01,1.6,-0.2,-1.5,5,-18.4,0,0,0,0,0,0,0,0,13,1941,1955,0,1421,5475,5085,469,1268,210,44,49,541,19,28,288,456,0.249,0.29,0.337,0.627,71,*4*56H/39,suderpe01,2B
497,Bobbyman,0,1.6,367,2.5,1.6,0.008,1.6,0.8,2.2,-0.3,-1.3,0,0,0,0,0,0,0,0,7,1949,1957,0,341,755,670,81,166,22,6,32,101,1,3,70,94,0.248,0.322,0.442,0.764,99,H435/2,hofmabo01,2B
498,Pug Bennett,0,1.6,377,2.5,1.6,0.006,1.6,1.1,2.7,-0.9,-1.9,0,0,0,0,0,0,0,0,2,1906,1907,0,240,1035,919,86,228,24,9,1,55,27,,77,105,0.248,0.312,0.297,0.609,94,4/5H,bennepu01,2B
499,Johnny Goryl,0,1.6,287,2.5,1.6,0.004,1.6,0.9,0.7,1.4,-0.7,0,0,0,0,0,0,0,0,6,1957,1964,0,276,678,595,79,134,19,10,16,48,2,3,64,106,0.225,0.305,0.371,0.677,83,4H5/6,goryljo01,2B
500,Jayson Nix,0,1.6,594,2.5,1.6,0.002,1.6,0.5,0.2,2.5,-3.6,0,0,0,0,0,0,0,0,7,2008,2014,0,466,1465,1305,143,277,55,2,38,130,36,11,108,371,0.212,0.282,0.345,0.627,69,546H/D793,nixja01,3B
155,Brett Lawrie,0,15.6,1123,2.5,15.6,0.692,15.6,4.3,12.4,5,7.1,0,0,0,0,0,0,0,0,6,2011,2016,0,588,2417,2217,266,578,112,13,71,253,41,19,153,487,0.261,0.315,0.419,0.734,101,*54/DH6,lawribr01,3B
157,John Castino,0,15.2,1122,2.5,15.2,0.688,15.2,3.7,11.2,6.3,7,0,0,0,0,0,0,0,0,6,1979,1984,0,666,2578,2320,293,646,86,34,41,249,22,19,177,298,0.278,0.329,0.398,0.727,97,*54/6H7D8,castijo01,3B
159,Ke'Bryan Hayes,0,14.9,1132,2.5,14.9,0.684,14.9,3.6,4.3,12.3,6.2,0,0,0,0,0,0,0,0,7,2020,2026,0,670,2666,2454,284,608,109,18,44,230,64,17,183,539,0.248,0.303,0.361,0.663,83,*5/HD6,hayeske01,3B
160,Joe Crede,0,14.9,1579,2.5,14.7,0.682,14.8,2.7,8.3,8.5,2.7,0,0,0,0,0,0,0,0,10,2000,2009,1,888,3377,3101,392,787,159,5,140,470,4,12,199,459,0.254,0.304,0.444,0.748,92,*5/HD6,credejo01,3B
161,Ossie Vitt,0,14.5,1677,2.5,15,0.68,14.8,2.3,10.9,7.4,-2.1,0,0,0,0,0,0,0,0,10,1912,1921,0,1065,4525,3760,561,894,106,48,4,296,114,40,455,143,0.238,0.322,0.295,0.617,79,*54H7/8639,vittos01,3B
162,Wayne Gross,0,14.5,1740,2.5,15,0.678,14.8,2.2,17,-0.6,3,0,0,0,0,0,0,0,0,11,1976,1986,1,1105,3680,3125,373,727,126,9,121,396,24,22,482,496,0.233,0.337,0.395,0.732,106,*5H3/D971,grosswa01,3B
164,Bobby Adams,0,13.4,1960,2.5,15.8,0.674,14.6,2,16.8,1.6,-1.2,0,0,0,0.03,0,0,0,0,14,1946,1959,0,1281,4534,4019,591,1082,188,49,37,303,67,43,414,447,0.269,0.34,0.368,0.708,90,*5*4H/39,adamsbo03,3B
167,Yoán Moncada,0,14.4,1719,2.5,14.6,0.668,14.5,2.7,16.9,0,2.8,0,0,0,0,0,0,0,0,11,2016,2026,0,871,3560,3156,424,790,171,23,108,384,33,13,355,1038,0.25,0.331,0.422,0.753,106,*54H/D,moncayo01,3B
169,Paul Schaal,0,14.1,1783,2.5,14.7,0.664,14.4,2.1,18.4,-0.7,0.3,0,0,0,0,0,0,0,0,11,1964,1974,0,1128,4149,3555,436,869,132,26,57,323,43,38,516,466,0.244,0.341,0.344,0.686,99,*5H/46,schaapa01,3B
170,Nick Punto,0,13.1,1540,2.5,15.4,0.662,14.3,2.2,6.7,12.5,2.4,0,0,0,0,0,0,0,0,14,2001,2014,0,1163,3734,3253,421,798,141,27,19,263,104,36,386,651,0.245,0.323,0.323,0.646,76,*4*5*6H/D8397,puntoni01,2B
171,Morgan Ensberg,0,14.7,1385,2.5,13.8,0.66,14.3,3.1,12.1,2.7,6,0,1,1,0.36,0,0,1,0.1,8,2000,2008,1,731,2580,2204,340,579,102,10,110,347,22,19,332,436,0.263,0.362,0.468,0.83,113,*5H/3D6,ensbemo01,3B
172,Billy Johnson,0,14,1632,2.5,14.4,0.658,14.2,2.4,11.2,3.2,2.7,0,1,1,0.43,0,0,0,0,9,1943,1953,1,964,3660,3253,419,882,141,33,61,487,13,11,347,290,0.271,0.346,0.391,0.737,102,*5H/34,johnsbi03,3B
173,Art Howe,0,14.3,1281,2.5,13.8,0.656,14.1,2.5,10.7,4.1,4.1,0,0,0,0.05,0,0,0,0,11,1974,1985,0,891,2954,2626,268,682,139,23,43,293,10,10,275,287,0.26,0.329,0.379,0.708,103,*54H3/6,howear01,3B
174,Bob Ferguson,0,12.2,1229,2.5,15.7,0.654,14,3.1,14.1,4.1,1.5,0,0,0,0,0,0,1,0.3,14,1871,1884,0,824,3595,3467,544,920,102,30,1,357,16,12,128,136,0.265,0.292,0.313,0.604,94,*5*46/12O3,fergubo01,3B
176,Judy Johnson,0,14.1,1376,2.5,13.6,0.65,13.8,3.1,11.5,3.7,4.3,0,0,0,0,0,0,3,0.6,11,1923,1936,2,709,2884,2663,467,809,152,40,25,457,75,5,185,14,0.304,0.35,0.419,0.769,104,*56/4319,johnsju99,3B
177,George Moriarty,0,13.9,1631,2.5,13.4,0.648,13.7,2,12,3.6,-3,0,0,0,0.07,0,0,0,0,13,1903,1916,0,1075,4147,3671,372,920,147,32,5,376,251,25,234,362,0.251,0.303,0.312,0.616,84,*53H/74896,moriage02,3B
179,Hank Blalock,0,13.8,1977,2.5,13.5,0.644,13.6,2.3,13.2,0.7,-0.2,0,0,0,0.01,0,0,1,0.2,9,2002,2010,2,936,3928,3567,507,959,198,17,153,542,14,7,313,720,0.269,0.329,0.463,0.791,101,*5D3H/49,blaloha01,3B
183,Sammy Hale,0,13.1,1406,2.5,13.1,0.636,13.1,2.4,11.2,4,0.7,0,0,0,0,0,0,0,0,10,1920,1930,0,883,3200,2915,422,880,157,54,30,393,41,23,130,218,0.302,0.336,0.424,0.76,93,*5H/87496,halesa01,3B
184,Joe Foy,0,13,1412,2.5,13,0.634,13,2.9,15.3,-0.4,3,0,0,0,0,0,0,0,0,6,1966,1971,0,716,2937,2484,355,615,102,16,58,291,99,48,390,405,0.248,0.351,0.372,0.722,104,*5H/638479,foyjo01,3B
185,Cookie Lavagetto,0,13.2,1870,2.5,12.7,0.632,13,2,17.3,-2.9,-1.5,0,0,0,0.02,0,0,0,0,10,1934,1947,4,1043,4040,3509,487,945,183,37,40,486,63,35,485,244,0.269,0.36,0.377,0.737,99,*54H/36,lavagco01,3B
186,Tim Naehring,0,13.2,1027,2.5,12.7,0.63,12.9,3.8,10.2,3.9,5.2,0,0,0,0,0,0,0,0,8,1990,1997,0,547,2162,1872,254,527,104,4,49,250,5,7,236,312,0.282,0.365,0.42,0.785,103,*546/HD37,naehrti01,3B
187,Hank Majeski,0,12.9,1671,2.5,12.8,0.628,12.9,1.9,10,3.1,1.2,0,0,0,0.07,0,0,0,0,13,1939,1955,0,1069,3792,3421,404,956,181,27,57,501,10,15,299,260,0.279,0.342,0.398,0.74,100,*5H4/67,majesha01,3B
188,Randy Jackson,0,13.2,1664,2.5,12.4,0.626,12.8,2.1,10.9,2.3,-1,0,0,0,0,0,0,0,0,10,1950,1959,2,955,3549,3203,412,835,115,44,103,415,36,16,281,382,0.261,0.32,0.421,0.741,94,*5H/7,jacksra01,3B
189,Roy Hartzell,0,12.4,2041,2.5,13.2,0.624,12.8,1.7,16,-3.3,-7.4,0,0,0,0.03,0,0,0,0,11,1906,1916,0,1290,5234,4548,503,1146,112,55,12,397,182,56,455,382,0.252,0.327,0.309,0.635,93,*5*9764H8,hartzro01,3B
190,Lenny Randle,0,13.8,1850,2.5,11.6,0.622,12.7,1.6,12.9,1.4,-3.5,0,0,0,0.03,0,0,0,0,12,1971,1982,0,1138,4427,3950,488,1016,145,40,27,322,156,112,372,505,0.257,0.321,0.335,0.656,87,*5*4H87/D692,randlle01,3B
192,Andy High,0,12.7,2165,2.5,12.5,0.618,12.6,1.5,17.1,-0.5,-3.4,0,0,0,0.11,0,0,1,0.1,13,1922,1934,0,1314,4970,4400,618,1250,195,65,44,482,33,53,425,130,0.284,0.35,0.388,0.738,93,*54H6,highan01,3B
193,Jim Morrison,0,12.9,1677,2.5,11.9,0.616,12.4,1.8,12.1,1.9,-0.3,0,0,0,0,0,0,0,0,12,1977,1988,0,1089,3695,3375,371,876,170,16,112,435,50,37,213,521,0.26,0.305,0.419,0.724,98,*5*4H6/D7319,morriji01,3B
194,Newt Joseph,0,11.6,1234,2.5,13.1,0.614,12.4,3.5,13.2,1.3,5,0,0,0,0,0,0,1,0.3,9,1922,1930,0,611,2407,2121,360,617,116,36,31,374,84,,252,,0.291,0.369,0.423,0.793,112,*5/4963,josepne01,3B
195,Rich Rollins,0,12.7,1566,2.5,11.8,0.612,12.2,1.9,12.7,1.4,0.4,0,0,1,0.19,0,0,0,0,10,1961,1970,2,1002,3675,3303,419,887,125,20,77,399,17,10,266,410,0.269,0.328,0.388,0.717,98,*5H/467,rolliri01,3B
196,James Casey,0,12.2,1851,2.5,12,0.61,12.1,1.7,12.2,4.5,-4.1,0,0,0,0,0,0,0,0,10,1898,1907,0,1114,4811,4341,584,1122,137,52,9,354,191,,270,239,0.258,0.31,0.32,0.63,85,*5/H26,caseydo01,3B
197,Denny Walling,0,11.9,1500,2.5,12,0.608,12,1.5,12.2,-2.8,0.9,0,0,0,0,0,0,0,0,18,1975,1992,0,1271,3287,2945,372,799,142,30,49,380,44,18,308,316,0.271,0.339,0.39,0.728,107,*H*5397/8,wallide01,3B
198,Isaac Paredes,0,11.9,1144,2.5,11.9,0.606,11.9,3.2,12.2,0.5,4,0,0,0,0,0,0,0,0,7,2020,2026,2,609,2402,2071,267,492,94,3,96,305,2,3,262,418,0.238,0.337,0.425,0.762,114,*534D/H6,paredis01,3B
199,Dave Brain,0,11.6,1130,2.5,11.6,0.604,11.6,2.8,11.9,2.7,2.3,0,0,0,0,0,0,0,0.1,7,1901,1908,0,679,2752,2543,254,641,97,52,27,303,73,,134,216,0.252,0.292,0.363,0.655,101,*56/748H93,brainda01,3B
200,Mike Pagliarulo,0,12.6,1947,2.5,10.5,0.602,11.6,1.4,10.6,2,-3.6,0,0,0,0,0,0,0,0,11,1984,1995,0,1246,4317,3901,462,942,206,18,134,505,18,16,343,785,0.241,0.306,0.407,0.712,93,*5H/3D64,paglimi01,3B
201,Mark DeRosa,0,12.4,1876,2.5,10.6,0.6,11.5,1.4,11.7,-0.4,-2.4,0,0,0,0,0,0,0,0,16,1998,2013,0,1241,4094,3633,538,975,196,12,100,494,23,18,358,707,0.268,0.34,0.412,0.751,95,*5*4H9673/D,derosma01,3B
202,Tom Brookens,0,11.3,1785,2.5,11.5,0.598,11.4,1.4,8.1,6.9,-2.2,0,0,0,0,0,0,0,0,12,1979,1990,0,1336,4258,3865,477,950,175,40,71,431,86,60,281,605,0.246,0.296,0.367,0.663,83,*54H6/D9382,brookto01,3B
203,Levi Meyerle,0,11.5,720,2.5,11.3,0.596,11.4,6,13.5,-1.5,6,0,0,0,0,0,0,1,0.3,8,1871,1884,0,307,1453,1443,306,513,86,31,10,278,19,3,10,14,0.356,0.36,0.479,0.839,163,54O/631,meyerle01,3B
204,Merrill May,0,11.3,1020,2.5,11.3,0.594,11.3,2.8,9,2.8,2.4,0,0,0,0.01,0,0,0,0,5,1939,1943,1,665,2548,2215,210,610,102,11,4,215,13,23,261,121,0.275,0.354,0.337,0.691,99,*5/H6,maypi01,3B
205,Ramón Urías,0,11.2,844,2.5,11.2,0.592,11.2,3.2,8.5,4.2,4.9,0,0,0,0,0,0,0,0,7,2020,2026,0,566,1924,1731,212,440,84,6,52,220,9,5,143,436,0.254,0.319,0.4,0.719,103,*546H/3D,uriasra01,3B
206,Roy Howell,0,11.4,1803,2.5,11,0.59,11.2,1.6,13.4,-1.5,-3,0,0,0,0,0,0,0,0,11,1974,1984,1,1112,4181,3791,422,991,183,31,80,454,9,14,318,675,0.261,0.321,0.389,0.71,98,*5DH/397,howelro02,3B
207,Dave Malarcher,0,11.6,1131,2.5,10.7,0.588,11.2,2.7,8.2,4.2,2.2,0,0,0,0,0,0,0,0,13,1920,1934,0,635,2603,2248,406,601,71,12,8,245,111,,300,,0.267,0.36,0.32,0.68,86,*54/69781,malarda01,3B
208,Harry Wolverton,0,11.1,1304,2.5,11.2,0.586,11.2,2.3,13,1.3,0.1,0,0,0,0,0,0,0,0,9,1898,1912,0,783,3305,3001,346,833,95,53,7,352,83,0,166,110,0.278,0.326,0.352,0.677,97,*5/H6,wolveha01,3B
209,Alberto Callaspo,0,12.7,1667,2.5,9.6,0.584,11.1,1.4,11.8,-0.2,-4.3,0,0,0,0,0,0,0,0,10,2006,2015,0,1093,3956,3556,391,941,170,14,52,369,22,14,350,365,0.265,0.329,0.364,0.693,92,*54HD6/379,callaal01,3B
210,Bill Spiers,0,11.9,1713,7.5,10.2,0.582,11.1,1.3,13.2,0.6,-2.2,0,0,0,0,0,0,0,0,13,1989,2001,0,1252,3845,3408,477,922,158,35,37,388,97,43,355,496,0.271,0.341,0.37,0.711,90,*6*5H47/398D,spierbi01,SS
211,Vance Law,0,11.4,1872,2.5,10.5,0.58,10.9,1.4,12.6,0.6,-3.8,0,0,0,0,0,0,0,0,11,1980,1991,1,1212,4298,3802,453,972,193,26,71,442,34,26,408,602,0.256,0.326,0.376,0.703,94,*5*46H3/8179D,lawva01,3B
212,Charlie Hayes,0,11.3,2561,2.5,10.5,0.578,10.9,1.1,8.7,2.8,-7.7,0,0,0,0.01,0,0,0,0,14,1988,2001,0,1547,5766,5262,580,1379,251,16,144,740,47,31,420,918,0.262,0.316,0.398,0.714,89,*5H3/4D769,hayesch01,3B
213,Les Bell,0,10.8,1719,2.5,10.8,0.576,10.8,2,14.9,-1.2,-1,0,0,1,0.3,0,0,1,0.2,9,1923,1931,0,896,3629,3239,404,938,184,49,66,509,25,35,276,322,0.29,0.346,0.438,0.784,102,*56H/34,bellle01,3B
214,Don Wert,0,11.9,1730,2.5,9.4,0.574,10.7,1.4,9,3.8,-4.8,0,0,1,0.08,0,0,0,0,9,1963,1971,1,1110,4346,3840,417,929,129,15,77,365,22,24,389,529,0.242,0.314,0.343,0.658,87,*5H/46,wertdo01,3B
215,Jimmy Brown,0,10.9,1507,2.5,10.4,0.572,10.7,1.9,10.4,3.6,-2.6,0,1,2,0.68,0,0,0,0,8,1937,1946,1,890,3835,3512,465,980,146,42,9,319,39,38,231,110,0.279,0.326,0.352,0.678,85,*456H,brownji03,2B
216,Joe Dugan,0,11.2,2298,2.5,9.9,0.57,10.6,1.1,12.9,2.6,-12.4,0,0,0,0.02,0,0,0,0,14,1917,1931,0,1447,5883,5410,665,1516,277,46,42,567,37,32,250,419,0.28,0.317,0.372,0.689,82,*564H/7,duganjo01,3B
217,Howie Shanks,0,11.1,2518,0,9.7,0.568,10.4,0.9,10.4,-0.8,-15.5,0,0,0,0,0,0,0,0,14,1912,1925,0,1665,6426,5699,604,1440,211,96,25,620,185,81,415,507,0.253,0.308,0.337,0.644,81,*7*564H89/3,shankho01,LF
218,Patsy Tebeau,0,10.7,2164,0,9.7,0.566,10.2,1.3,8,3.6,-7.1,0,0,0,0,0,0,0,0,13,1887,1900,0,1167,5022,4618,671,1290,196,57,27,735,164,,319,255,0.279,0.332,0.364,0.696,85,*3*54/6O1,tebeapa01,1B
219,Billy Cox,0,10.2,1750,2.5,10.2,0.564,10.2,1.6,10.3,2.7,-5.5,0,0,0,0.03,0,0,0,0,11,1941,1955,0,1058,4081,3712,470,974,174,32,66,351,42,38,298,218,0.262,0.318,0.38,0.698,85,*56H4,coxbi02,3B
220,Gene Freese,0,11.6,1733,2.5,8.7,0.562,10.2,1.3,13.7,-2.7,-5.4,0,0,0,0,0,0,0,0,12,1955,1966,0,1115,3784,3446,429,877,161,28,115,432,51,26,243,535,0.254,0.305,0.418,0.723,94,*5H4/67,freesge02,3B
221,Jeimer Candelario,0,11,1663,2.5,9.2,0.56,10.1,1.7,11.5,-1.7,-2.8,0,0,0,0,0,0,0,0,11,2016,2026,0,887,3610,3213,413,759,192,18,110,384,19,10,327,865,0.236,0.315,0.41,0.725,98,*53D/H,candeje01,3B
222,Matt Duffy,0,10.3,1076,2.5,9.7,0.558,10,2.2,9.2,1.9,1.3,0,0,0,0,0,0,0,0,9,2014,2024,0,708,2559,2331,272,646,102,9,31,231,41,14,176,438,0.277,0.335,0.369,0.704,94,*5H436/D71,duffyma01,3B
223,Andy Carey,0,10.3,1419,2.5,9.7,0.556,10,1.7,7.8,2.8,-0.3,0,0,0,0,0,0,0,0,11,1952,1962,0,938,3221,2850,371,741,119,38,64,350,23,21,268,389,0.26,0.327,0.396,0.722,97,*5H/647,careyan01,3B
224,Frankie Gustine,0,11.6,2073,2.5,8.5,0.554,10,1.1,14.3,-0.7,-9.8,0,0,0,0.01,0,0,0,0,12,1939,1950,3,1261,5040,4582,553,1214,222,47,38,480,60,58,369,427,0.265,0.322,0.359,0.681,87,*4*5*6H/23,gustifr01,2B
225,Brian Anderson,0,10.1,1148,2.5,9.9,0.552,10,2.5,9,0.9,1.7,0,0,0,0,0,0,0,0,8,2017,2024,0,630,2527,2227,287,559,118,11,66,273,14,8,237,613,0.251,0.336,0.403,0.738,101,*59/HD7436,anderbr06,3B
226,Leo Gómez,0,10,1058,2.5,10,0.55,10,2.6,8.2,2.5,2.3,0,0,0,0,0,0,0,0,7,1990,1996,0,611,2240,1916,241,466,92,2,79,259,4,10,255,399,0.243,0.336,0.417,0.753,102,*5H/D36,gomezle02,3B
227,Luis Salazar,0,10.8,1858,2.5,9,0.548,9.9,1.1,9.5,0.4,-5.4,0,0,0,0,0,0,0,0,13,1980,1992,0,1302,4375,4101,438,1070,144,33,94,455,117,51,179,653,0.261,0.293,0.381,0.673,88,*5H7689/3D41,salazlu01,3B
228,Dude Esterbrook,0,11,1072,2.5,8.7,0.546,9.8,2,8.1,2,-0.4,0,0,0,0,0,0,0,0.1,11,1880,1891,0,701,2927,2837,387,741,120,34,6,210,55,,70,141,0.261,0.284,0.334,0.618,94,*53O/462,esterdu01,3B
229,Fred Haney,0,9.7,1009,2.5,9.7,0.544,9.7,2.5,9.1,2.5,0.5,0,0,0,0,0,0,0,0,7,1922,1929,0,622,2383,1977,337,544,66,21,8,229,51,25,282,123,0.275,0.368,0.342,0.71,87,*5H4/638,haneyfr01,3B
230,Jedd Gyorko,0,9.8,1405,2.5,9.3,0.542,9.6,1.8,10.6,0.2,-0.2,0,0,0,0,0,0,0,0,8,2013,2020,0,846,2983,2693,317,659,111,5,121,370,14,6,248,670,0.245,0.31,0.424,0.735,101,*45H36/D17,gyorkje01,2B
231,Bobby Morgan,0,9.6,1109,2.5,9.5,0.54,9.6,2.3,7.6,4.4,0.2,0,0,0,0,0,0,0,0,8,1950,1958,0,671,2459,2088,286,487,96,11,53,217,18,12,327,381,0.233,0.338,0.366,0.704,87,465H/3,morgabo01,2B
232,Jack Howell,0,9.4,1431,2.5,9.7,0.538,9.5,1.7,10.5,-0.3,-0.1,0,0,0,0,0,0,0,0,11,1985,1999,0,941,2982,2639,345,632,129,16,108,337,14,15,300,626,0.239,0.318,0.423,0.742,103,*5H73D/4986,howelja02,3B
233,Jim Tabor,0,10,1937,2.5,9.1,0.536,9.5,1.5,11.4,-1.8,-4.6,0,0,0,0.03,0,0,0,0,9,1938,1947,0,1005,4136,3788,473,1021,191,29,104,598,69,59,286,377,0.27,0.322,0.418,0.739,99,*5/H76,taborji01,3B
234,Maikel Garcia,0,9.5,953,2.5,9.5,0.534,9.5,3.1,8,2.9,2.8,0,0,0,0.02,0,0,1,0.1,5,2022,2026,1,495,2034,1839,251,484,100,15,30,202,87,21,162,336,0.263,0.32,0.383,0.703,97,*546/HD89,garcima01,3B
235,Gio Urshela,0,10.4,1328,2.5,8.5,0.532,9.5,1.6,8.8,1.6,-1.7,0,0,0,0,0,0,0,0,10,2015,2025,0,851,3028,2807,312,759,147,9,73,352,7,5,178,555,0.27,0.314,0.407,0.722,97,*563H/D47,urshegi01,3B
236,Dave Chalk,0,10.1,1234,2.5,8.5,0.53,9.3,1.5,10.7,2.3,-3,0,0,0,0,0,0,0,0,9,1973,1981,2,903,3330,2910,292,733,107,9,15,243,36,38,295,327,0.252,0.325,0.31,0.636,85,*5*64H/D,chalkda01,3B
237,Charlie Irwin,0,9.5,1738,2.5,9,0.528,9.3,1.5,9.7,2.9,-5.4,0,0,0,0,0,0,0,0,10,1893,1902,0,991,4120,3685,556,986,145,46,16,493,180,,287,173,0.268,0.331,0.345,0.676,82,*56/43,irwinch01,3B
238,Tony Boeckel,0,9.3,1423,2.5,9.3,0.526,9.3,1.9,14.5,-2.3,-1.2,0,0,0,0,0,0,0,0,6,1917,1923,0,777,3201,2880,372,813,130,36,27,337,90,46,237,218,0.282,0.339,0.381,0.72,103,*5/H64,boeckto01,3B
239,Luis Valbuena,0,10.2,1624,2.5,8.4,0.524,9.3,1.3,9.1,0.6,-3.8,0,0,0,0,0,0,0,0,11,2008,2018,0,1011,3571,3148,377,710,169,9,114,367,11,16,374,788,0.226,0.31,0.394,0.703,92,*543H6/D7,valbulu01,3B
240,Max Alvis,0,10.1,1719,2.5,8.3,0.522,9.2,1.3,12.7,-1.6,-4.6,0,0,0,0.04,0,0,0,0,9,1962,1970,2,1013,3984,3629,421,895,142,22,111,373,43,46,262,662,0.247,0.302,0.39,0.692,97,*5H/6,alvisma01,3B
241,Travis Shaw,0,9.9,1333,2.5,8.5,0.52,9.2,1.9,7.5,1.3,-0.4,0,0,0,0,0,0,0,0,8,2015,2022,0,733,2690,2374,310,563,127,3,114,366,20,4,275,650,0.237,0.319,0.437,0.757,99,*53H4/D7,shawtr01,3B
242,Lonnie Chisenhall,0,9.1,1092,2.5,9.2,0.518,9.2,2.2,8.9,0.1,1,0,0,0,0,0,0,0,0,8,2011,2018,0,688,2360,2159,261,578,132,10,64,296,20,5,150,437,0.268,0.32,0.427,0.747,102,*59HD/387,chiselo01,3B
243,Joe Yeager,0,9.5,761,2.5,8.8,0.516,9.1,2.5,8.6,1.9,1.2,0,0,0,0,0,0,0,0.1,10,1898,1908,0,574,2067,1853,204,467,77,29,4,201,37,,110,146,0.252,0.312,0.331,0.643,93,5164H/79,yeagejo01,3B
244,Jerry Kenney,0,9,653,2.5,9,0.514,9,3.1,4.8,5.5,3.4,0,0,0,0,0,0,0,0,6,1967,1973,0,465,1594,1369,165,325,38,13,7,103,59,29,184,139,0.237,0.326,0.299,0.626,81,*56H8/43,kenneje01,3B
245,Eric Hinske,0,10.1,2147,2.5,7.8,0.512,9,0.9,11.1,-5.6,-7,0,0,0,0,0,0,0,0,12,2002,2013,0,1387,4310,3797,549,947,240,18,137,522,61,21,452,949,0.249,0.332,0.43,0.762,99,*5*H379D,hinsker01,3B
246,Lew Riggs,0,9.1,1133,2.5,8.8,0.51,8.9,1.9,7.2,2.4,-0.6,0,0,0,0,0,0,0,0,10,1934,1946,1,760,2712,2477,298,650,110,43,28,271,22,33,181,140,0.262,0.317,0.375,0.692,91,*5H/436,riggsle01,3B
247,Mike Shannon,0,9.9,1319,2.5,7.8,0.508,8.8,1.4,9.5,-2.2,-3.3,0,0,1,0.2,0,0,0,0,9,1962,1970,0,882,3056,2780,313,710,116,23,68,367,19,17,224,525,0.255,0.311,0.387,0.698,97,*59H7/82,shannmi01,3B
248,Bill Coughlin,0,9.2,1590,2.5,8.5,0.506,8.8,1.3,13.2,-0.7,-7.6,0,0,0,0,0,0,0,0,9,1899,1908,0,1049,4260,3854,481,972,133,39,15,380,159,,203,400,0.252,0.299,0.319,0.617,87,*56/4H,coughbi01,3B
249,Bill Pecota,0,8.5,752,2.5,9.1,0.504,8.8,2.1,6.5,4.4,3.4,0,0,0,0,0,0,0,0,9,1986,1994,0,698,1729,1527,223,380,72,11,22,148,52,20,160,216,0.249,0.323,0.354,0.676,87,5H64/397D812,pecotbi01,3B
250,Chuck Dressen,0,9.1,1066,2.5,8.5,0.502,8.8,2.1,6.6,3.8,0.2,0,0,0,0,0,0,0,0,8,1925,1933,0,646,2535,2215,313,603,123,29,11,221,30,42,219,118,0.272,0.343,0.369,0.711,88,*5H/4769,dressch01,3B
251,Chris Stynes,0,9.1,1169,2.5,8.2,0.5,8.6,1.6,6.9,1.6,0.1,0,0,0,0,0,0,0,0,10,1995,2004,0,828,2574,2326,351,640,118,9,51,265,49,16,191,308,0.275,0.335,0.399,0.734,87,*54H7/9D86,stynech01,3B
252,Miguel Sanó,0,9.2,1579,2.5,8,0.498,8.6,1.8,12,-6.1,-2.1,0,0,0,0,0,0,0,0,9,2015,2024,1,722,2954,2585,395,602,126,6,164,424,5,3,342,1078,0.233,0.325,0.477,0.801,115,*53D9/H1,sanomi01,3B
253,Jon Berti,0,8.5,817,2.5,8.6,0.496,8.5,2.7,6.9,2.9,2.7,0,0,0,0,0,0,0,0,8,2018,2025,0,512,1731,1536,232,393,65,9,24,128,108,24,161,377,0.256,0.333,0.357,0.69,89,546H78/9D1,bertijo01,3B
254,Howard Easterling,0,8.4,642,2.5,8.4,0.494,8.4,4.7,7.5,1.1,5.1,0,0,0,0,0,0,2,0.5,7,1937,1946,5,290,1221,1108,215,350,61,34,17,212,23,,89,,0.316,0.369,0.478,0.848,132,546/987,easteho01,3B
255,Ed Lennox,0,8.4,765,2.5,8.4,0.492,8.4,3,10.5,-0.7,4.3,0,0,0,0,0,0,0,0.1,6,1906,1915,0,448,1615,1383,138,379,70,25,18,186,38,,174,143,0.274,0.361,0.4,0.76,126,*5H,lennoed01,3B
256,Fritz Maisel,0,8.3,1086,2.5,8.3,0.49,8.3,2.3,10.8,-0.6,-1.4,0,0,0,0.05,0,0,0,0,6,1913,1918,0,592,2452,2111,295,510,56,24,6,148,194,29,260,177,0.242,0.327,0.299,0.626,88,*54H/89,maisefr01,3B
257,Floyd Baker,0,8.6,1083,2.5,7.9,0.488,8.3,1.5,4.6,4.2,-0.2,0,0,0,0,0,0,0,0,13,1943,1955,0,874,2694,2280,285,573,76,13,1,196,23,25,382,165,0.251,0.36,0.297,0.658,82,*5H46/7,bakerfl01,3B
258,Trevor Plouffe,0,9,1461,2.5,7.4,0.486,8.2,1.5,10.4,-1.8,-3.9,0,0,0,0,0,0,0,0,9,2010,2018,0,830,3234,2933,364,710,155,10,106,379,12,11,246,676,0.242,0.304,0.41,0.714,95,*5D63H/497,plouftr01,3B
259,Ernie Clement,0,8.2,651,2.5,8.2,0.484,8.2,2.7,4,5.5,2.6,0,0,0,0,0,0,0,0,6,2021,2026,0,480,1592,1493,191,393,78,6,28,142,20,10,64,166,0.263,0.297,0.38,0.676,88,546H/37D1,clemeer01,3B
260,Bill Kuehne,0,9.1,1729,2.5,7.1,0.482,8.1,1.1,6.2,4.3,-5.4,0,0,0,0,0,0,0,0,10,1883,1892,0,1087,4432,4286,533,993,145,115,25,403,150,,136,260,0.232,0.257,0.337,0.594,82,*56O/43,kuehnbi01,3B
261,Luis Urías,0,8.1,901,2.5,7.9,0.48,8,2.2,7.7,2.3,1.1,0,0,0,0,0,0,0,0,8,2018,2025,0,582,2080,1793,230,415,75,4,60,221,11,7,212,433,0.231,0.329,0.378,0.707,94,456H/D,uriaslu01,2B
262,Joe Mulvey,0,8.7,1723,2.5,7,0.478,7.9,1.2,8.8,1.7,-6.7,0,0,0,0,0,0,0,0,12,1883,1895,0,987,4213,4063,598,1059,157,71,28,532,147,,134,257,0.261,0.287,0.355,0.642,85,*5/6O,mulvejo01,3B
263,Charlie Deal,0,8,1157,2.5,7.8,0.476,7.9,1.5,5.7,5.3,-2.7,0,0,0,0,0,0,0,0,10,1912,1921,0,851,3250,2930,295,752,104,34,11,318,65,20,135,149,0.257,0.293,0.327,0.62,80,*5/H46,dealch01,3B
264,Mark Reynolds,0,8.5,3229,2.5,6.9,0.474,7.7,0.7,15.7,-12,-13.2,0,0,0,0.01,0,0,0,0,13,2007,2019,0,1688,6243,5432,794,1283,253,14,298,871,64,31,707,1927,0.236,0.328,0.453,0.78,103,*5*3HD/49718,reynoma01,3B
265,Jake Lamb,0,8,1300,2.5,7.3,0.472,7.6,1.6,7.7,-0.1,-1,0,0,0,0,0,0,0,0,10,2014,2023,1,723,2650,2309,335,543,112,22,96,342,18,12,295,689,0.235,0.326,0.427,0.753,97,*5H3D7/91,lambja01,3B
266,Fernando Tatís,0,8.9,1719,2.5,6.3,0.47,7.6,1.1,10.6,-4.1,-4.5,0,0,0,0,0,0,0,0,11,1997,2010,0,949,3468,3051,427,807,174,14,113,448,50,21,321,709,0.265,0.344,0.442,0.785,101,*5H739/D46,tatisfe01,3B
267,Pedro Feliz,0,9.7,1987,2.5,5.6,0.468,7.6,0.7,-0.7,6.9,-8.1,0,0,0,0,0,0,0,0,11,2000,2010,0,1302,4544,4254,487,1065,209,25,140,598,13,12,230,663,0.25,0.288,0.41,0.698,80,*5H37/692D,felizpe01,3B
268,Oliver Marcell,0,7.6,769,2.5,7.6,0.466,7.6,3.1,7.1,1.4,2.4,0,0,0,0,0,0,0,0,7,1923,1929,0,399,1626,1452,258,442,55,19,14,231,33,,159,,0.304,0.377,0.397,0.774,103,*5/96,marceol01,3B
269,Kevin Kouzmanoff,0,7.6,1201,2.5,7.6,0.464,7.6,1.8,7.5,1.3,-1.2,0,0,0,0,0,0,0,0,7,2006,2014,0,685,2730,2525,273,650,143,8,87,371,6,1,125,500,0.257,0.302,0.424,0.726,97,*5/HD,kouzmke01,3B
270,Alex Radcliff,0,6.9,798,2.5,8.2,0.462,7.6,3.3,7.5,1.1,3,0,0,0,0,0,0,0,0.1,17,1926,1946,13,404,1728,1602,233,467,85,29,19,229,30,0,101,,0.292,0.336,0.416,0.753,112,*56/3741,radclal01,3B
271,George Perring,0,7.5,794,2.5,7.5,0.46,7.5,2.4,6.1,3,2.7,0,0,0,0,0,0,0,0,5,1908,1915,0,513,1977,1764,198,438,75,34,9,183,34,,152,152,0.248,0.31,0.345,0.655,98,*5364/H1,perrige01,3B
272,Josh Smith,0,7.4,724,2.5,7.4,0.458,7.4,2.5,7.2,1.1,1.7,0,0,0,0,0,0,0,0,5,2022,2026,0,487,1748,1518,195,357,68,4,31,134,30,9,168,346,0.235,0.327,0.347,0.673,97,56H7D4/398,smithjo11,3B
273,Joe Battin,0,8,615,2.5,6.4,0.456,7.2,2.1,2.3,5.5,0.6,0,0,0,0,0,0,1,0.1,10,1871,1890,0,480,1994,1953,228,439,51,25,3,143,26,5,40,36,0.225,0.241,0.281,0.522,73,*54/O612,battijo01,3B
274,Tommy Glaviano,0,7.1,617,2.5,7.1,0.454,7.1,3,7.1,0.3,2.3,0,0,0,0,0,0,0,0,5,1949,1953,0,389,1249,1008,191,259,55,6,24,108,11,6,208,173,0.257,0.395,0.395,0.789,109,5H4/8796,glavito01,3B
275,Charlie Reilly,0,7.2,1086,2.5,6.8,0.452,7,1.7,3.6,5,-1.7,0,0,0,0,0,0,0,0,8,1889,1897,0,642,2623,2381,342,595,80,24,17,311,132,,180,187,0.25,0.314,0.325,0.639,79,*56/O43,reillch02,3B
276,Tim Hulett,0,7.2,948,2.5,6.7,0.45,7,1.5,2.1,6,-1,0,0,0,0,0,0,0,0,12,1983,1995,0,720,2317,2128,245,529,90,13,48,220,14,11,145,438,0.249,0.298,0.371,0.669,80,*54HD/67,huletti01,3B
277,Lee Handley,0,7.4,1494,2.5,6.3,0.448,6.9,1.1,6.5,1,-6.9,0,0,0,0.01,0,0,0,0,10,1936,1947,0,968,3699,3356,418,902,122,45,15,297,68,54,267,204,0.269,0.323,0.345,0.669,84,*54H/6,handlle01,3B
278,Bob Jones,0,7,1265,2.5,6.7,0.446,6.8,1.3,4.9,4.5,-6.3,0,0,0,0,0,0,0,0,9,1917,1925,0,853,3374,2990,400,791,120,38,7,310,49,30,208,156,0.265,0.314,0.337,0.651,75,*5H/4386,jonesbo01,3B
279,Henry Spearman,0,6.4,740,2.5,7.2,0.444,6.8,3.1,7.1,0.1,2.9,0,0,0,0,0,0,0,0,10,1936,1945,0,372,1526,1387,215,422,84,21,23,250,6,,117,,0.304,0.36,0.445,0.804,117,*5/3496,spearhe01,3B
280,Bobby Brown,0,6.8,831,2.5,6.8,0.442,6.8,2,6.9,0.2,1.3,0,0,0,0,0,0,0,0,8,1946,1954,0,548,1863,1619,233,452,62,14,22,237,9,10,214,88,0.279,0.367,0.376,0.742,100,*5H6/4798,brownbo03,3B
281,Fred Hartman,0,6.8,1030,2.5,6.8,0.44,6.8,1.9,8,0.7,-1.8,0,0,0,0,0,0,0,0,6,1894,1902,0,582,2434,2242,297,623,77,47,10,333,88,,118,129,0.278,0.326,0.368,0.694,94,*5/63H,hartmfr01,3B
282,Danny Valencia,0,7.4,1489,2.5,6.1,0.438,6.7,1.1,10.2,-4.6,-5.2,0,0,0,0,0,0,0,0,9,2010,2018,0,864,3222,2963,360,795,154,12,96,397,11,16,217,651,0.268,0.317,0.426,0.742,103,*53DH97/41,valenda01,3B
283,Shane Halter,0,7.2,895,2.5,6.3,0.436,6.7,1.5,4.3,3.8,-1.1,0,0,0,0,0,0,0,0,8,1997,2004,0,690,2109,1899,201,468,93,18,45,197,17,21,146,414,0.246,0.303,0.385,0.688,84,56H43/798D21,haltesh01,3B
284,Yangervis Solarte,0,6.7,1176,2.5,6.7,0.434,6.7,1.6,8,-0.1,-1.9,0,0,0,0,0,0,0,0,6,2014,2019,0,670,2645,2407,282,620,124,6,75,307,6,5,189,326,0.258,0.315,0.408,0.723,98,*54H63/7D,solarya01,3B
285,Oscar Grimes,0,7,971,2.5,6.3,0.432,6.6,1.7,8.1,-1.2,-0.6,0,0,0,0,0,0,0,0,9,1938,1946,0,602,2194,1832,235,469,73,24,18,200,30,12,297,303,0.256,0.363,0.352,0.715,98,5436H,grimeos01,3B
286,Lefty Marr,0,6.6,805,2.5,6.6,0.43,6.6,2.9,7.5,-1.4,1.9,0,0,0,0,0,0,0,0.1,4,1886,1891,0,363,1626,1445,244,417,54,35,2,186,92,,166,80,0.289,0.368,0.379,0.746,117,O5/632,marrle01,3B
287,Jack Hannahan,0,6.9,770,2.5,6.3,0.428,6.6,1.7,3,4.1,-0.3,0,0,0,0,0,0,0,0,8,2006,2014,0,614,1877,1650,167,381,93,5,29,175,6,4,193,440,0.231,0.314,0.346,0.66,82,*5H3/6D4,hannaja01,3B
288,Mike Cubbage,0,6.8,940,2.5,6.4,0.426,6.6,1.5,6.5,0.9,-1.2,0,0,0,0,0,0,0,0,8,1974,1981,0,703,2221,1951,218,503,74,20,34,251,6,15,215,233,0.258,0.33,0.369,0.699,94,*5H34D,cubbami01,3B
289,Sean Berry,0,8.3,1326,2.5,4.8,0.424,6.6,0.9,9.5,-4.3,-3.4,0,0,0,0,0,0,0,0,11,1990,2000,0,860,2692,2413,310,657,153,10,81,369,47,24,206,438,0.272,0.334,0.445,0.779,104,*5H3/D,berryse01,3B
290,Hick Carpenter,0,8.5,1762,2.5,4.6,0.422,6.5,0.7,7.8,0.3,-7.6,0,0,0,0,0,0,1,0.3,12,1879,1892,0,1118,4777,4637,720,1202,142,47,18,543,158,,112,174,0.259,0.281,0.322,0.603,86,*53/O46,carpehi01,3B
291,Russ Wrightstone,0,6.8,1539,2.5,6.2,0.42,6.5,1.1,11.8,-5.1,-4.6,0,0,0,0,0,0,0,0,9,1920,1928,0,929,3286,2992,427,889,152,34,60,425,35,33,215,152,0.297,0.349,0.431,0.78,101,*53H7649,wrighru01,3B
292,Claude Johnson,0,6.4,626,2.5,6.4,0.418,6.4,3.2,6.3,0.8,1.8,0,0,0,0,0,0,0,0,7,1922,1930,0,325,1347,1195,219,349,46,7,16,154,22,,147,,0.292,0.371,0.382,0.753,103,54/6,johnscl02,3B
293,Shea Hillenbrand,0,6.3,1726,2.5,6.3,0.416,6.3,1.1,8.6,-4.3,-6.6,0,0,0,0,0,0,0,0,7,2001,2007,2,943,3816,3570,463,1014,202,15,108,490,16,12,140,464,0.284,0.321,0.44,0.76,95,*5*3D/H,hillesh02,3B
294,Frank Hankinson,0,7.1,1187,2.5,5.4,0.414,6.3,1,3.6,4.3,-5,0,0,0,0,0,0,0,0,10,1878,1888,0,849,3443,3272,410,747,122,39,13,344,31,,170,266,0.228,0.267,0.301,0.568,77,*5O1/463,hankifr01,3B
295,Ernie Riles,0,6.5,1177,7.5,6,0.412,6.3,1.1,7.8,1.2,-3.1,0,0,0,0,0,0,0,0,9,1985,1993,0,919,2811,2504,309,637,92,20,48,284,20,28,244,409,0.254,0.319,0.365,0.684,89,*6*5H4/D397,rileser01,SS
296,Pedro Álvarez,0,7.4,1662,2.5,4.9,0.41,6.2,0.9,11.4,-7.3,-5.7,0,0,0,0,0,0,0,0,9,2010,2018,1,910,3321,2980,365,704,131,6,162,472,15,3,314,952,0.236,0.31,0.447,0.757,107,*5D3H,alvarpe01,3B
297,Scott Cooper,0,6.2,895,2.5,6.2,0.408,6.2,1.7,3.7,2.8,-0.8,0,0,0,0,0,0,0,0,7,1990,1997,2,592,2032,1801,197,478,94,12,33,211,7,10,193,299,0.265,0.337,0.386,0.723,91,*5H3/D64,coopesc01,3B
298,Chad Tracy,0,6.9,1433,2.5,5.4,0.406,6.2,0.9,4.4,-0.4,-3.6,0,0,0,0,0,0,0,0,9,2004,2013,0,938,2988,2706,317,741,172,9,86,358,11,7,233,473,0.274,0.333,0.439,0.772,97,*53H9/D7,tracych01,3B
299,Babe Pinelli,0,6.3,1158,2.5,6,0.404,6.2,1.3,3.4,5.5,-3.9,0,0,0,0.09,0,0,0,0,8,1918,1927,0,774,2965,2617,325,723,101,33,5,298,71,87,182,162,0.276,0.328,0.346,0.674,79,*56H/4,pinelba01,3B
300,Ed Sprague,0,6.6,2079,2.5,5.7,0.402,6.1,0.8,9.6,-2.5,-9.9,0,0,0,0,0,0,0,0,11,1991,2001,1,1203,4587,4095,506,1010,225,12,152,558,6,12,358,833,0.247,0.318,0.419,0.737,91,*53HD/2794,spraged02,3B
301,Bernie Friberg,0,7.9,2075,2.5,4.3,0.4,6.1,0.5,9.7,-2.4,-11.2,0,0,0,0.05,0,0,0,0,14,1919,1933,0,1299,4799,4169,544,1170,181,44,38,471,51,70,471,498,0.281,0.356,0.373,0.728,88,*5*46H798/321,fribebe01,3B
302,Doug Baird,0,6.1,961,2.5,6.1,0.398,6.1,1.6,6.3,1.9,-1.6,0,0,0,0,0,0,0,0,6,1915,1920,0,617,2355,2106,230,492,86,45,6,191,118,28,157,295,0.234,0.291,0.326,0.616,88,*5H4/8796,bairddo01,3B
303,Rollie Zeider,0,6.4,1475,2.5,5.7,0.396,6,1,6.7,1.2,-5.4,0,0,0,0,0,0,0,0,9,1910,1918,0,941,3696,3210,393,769,89,22,5,253,224,28,334,236,0.24,0.315,0.286,0.601,80,*4*563H/789,zeidero01,2B
304,Ryan Roberts,0,6.1,783,2.5,5.8,0.394,6,1.8,4.3,2.3,0.4,0,0,0,0,0,0,0,0,9,2006,2014,0,518,1692,1500,205,365,71,4,46,169,35,20,166,320,0.243,0.32,0.388,0.708,90,54H7/D396,roberry01,3B
305,Chris Brown,0,5.9,738,2.5,5.9,0.392,5.9,2.1,6.3,0.2,0.1,0,0,0,0,0,0,0,0,6,1984,1989,1,449,1690,1523,164,410,61,6,38,184,21,17,120,252,0.269,0.333,0.392,0.725,104,*5/H6,brownch02,3B
306,Jung Ho Kang,0,5.9,510,2.5,5.9,0.39,5.9,3.2,6,0.7,2.6,0,0,0,0,0,0,0,0,4,2015,2019,0,297,1028,917,120,233,50,3,46,144,8,5,75,239,0.254,0.331,0.466,0.796,113,56H/D,kangju01,3B
307,Marv Owen,0,6.7,1756,2.5,4.9,0.388,5.8,0.8,6,1,-9.9,0,0,1,0.16,0,0,0,0,9,1931,1940,0,1011,4224,3782,474,1040,167,44,31,499,30,30,338,283,0.275,0.339,0.367,0.706,80,*536/H4,owenma01,3B
308,Junior Caminero,0,5.8,581,2.5,5.8,0.386,5.8,3.8,7.1,-0.7,2.4,0,0,1,0.09,0,0,0,0,4,2023,2026,1,250,1068,977,143,254,42,1,65,162,9,3,79,203,0.26,0.316,0.505,0.82,126,5/D3H64,caminju01,3B
309,Billy Grabarkewitz,0,5.8,658,2.5,5.8,0.384,5.8,2,6.8,0.2,1.2,0,0,0,0,0,0,1,0.1,7,1969,1975,1,466,1390,1161,189,274,41,12,28,141,33,17,202,321,0.236,0.351,0.364,0.716,101,54H6/D7,grababi01,3B
310,Candy Jim Taylor,0,6.1,556,2.5,5.4,0.382,5.7,2.1,6.2,-0.2,1.4,0,0,0,0,0,0,0,0.1,19,1920,1942,0,406,1077,959,140,285,43,8,26,178,37,,97,,0.297,0.365,0.44,0.805,118,5/14679,tayloca02,3B
311,Otto Krueger,0,5.7,756,2.5,5.7,0.38,5.7,1.8,7.7,-0.2,-1.2,0,0,0,0,0,0,0,0,7,1899,1905,0,507,1956,1704,230,427,40,33,5,196,48,,160,147,0.251,0.326,0.322,0.648,95,567H/498,kruegot01,3B
312,Ralph Hodgin,0,5.7,724,0,5.7,0.378,5.7,1.7,4.2,0.1,0.2,0,0,0,0.01,0,0,0,0,6,1939,1948,0,530,1823,1689,198,481,79,24,4,188,7,10,97,63,0.285,0.33,0.367,0.697,98,75H9/8,hodgira01,LF
313,Bill Serena,0,5.7,723,2.5,5.7,0.376,5.7,2.3,7,-0.7,0.2,0,0,0,0,0,0,0,0,6,1949,1954,0,408,1431,1239,154,311,57,16,48,198,2,5,177,235,0.251,0.348,0.439,0.787,108,54H,serenbi01,3B
314,Bob Dillinger,0,5.6,1492,2.5,5.6,0.374,5.6,1.2,9.9,-4.3,-3.7,0,0,0,0.07,0,0,0,0,6,1946,1951,1,753,3202,2904,401,888,123,47,10,213,106,50,251,203,0.306,0.363,0.391,0.754,100,*5H/6,dillibo01,3B
315,Josh Jung,0,5.6,698,2.5,5.6,0.372,5.6,2.5,6.9,-0.4,0.7,0,0,0,0,0,0,0,0,5,2022,2026,1,369,1498,1404,176,365,71,4,54,181,12,5,80,395,0.26,0.304,0.432,0.735,109,*5/DH,jungjo01,3B
316,Charley Smith,0,6.3,1057,2.5,4.9,0.37,5.6,1,5.4,1.3,-5,0,0,0,0,0,0,0,0,10,1960,1969,0,771,2686,2484,228,594,83,18,69,281,7,12,130,565,0.239,0.279,0.37,0.649,83,*5H6/74,smithch04,3B
317,Sean Burroughs,0,5.6,730,2.5,5.6,0.368,5.6,1.7,4.8,1.5,-0.2,0,0,0,0,0,0,0,0,7,2002,2012,0,528,1823,1664,187,463,68,12,12,143,20,6,119,223,0.278,0.335,0.355,0.69,88,*5H/43D16,burrose01,3B
318,Jared Triolo,0,5.6,463,2.5,5.6,0.366,5.6,3,3.5,2.7,2,0,0,0,0,0,0,0,0,4,2023,2026,0,304,1086,956,114,225,39,3,19,94,28,4,108,269,0.235,0.318,0.342,0.66,84,5463/HD91,triolja01,3B
319,Ed Gremminger,0,5.5,594,2.5,5.5,0.364,5.5,2.3,5.3,1.7,0,0,0,0,0,0,0,0,0,4,1895,1904,0,383,1549,1420,140,356,58,24,7,164,22,,89,151,0.251,0.301,0.34,0.642,92,*5,gremmed01,3B
320,Mike Sharperson,0,5.6,599,2.5,5.5,0.362,5.5,1.6,6.5,-0.2,1.2,0,0,0,0,0,0,0,0,8,1987,1995,1,557,1383,1203,149,337,61,5,10,123,22,14,139,154,0.28,0.355,0.364,0.719,102,5H46/39,sharpmi01,3B
321,Ray Dandridge,0,5.8,479,2.5,5.2,0.36,5.5,3.4,4.7,1.1,2.2,0,0,0,0,0,0,0,0.2,8,1933,1944,3,246,1000,927,144,296,55,19,4,146,20,,58,,0.319,0.36,0.433,0.793,110,546,dandrra99,3B
322,Tim O'Rourke,0,5.5,810,2.5,5.5,0.358,5.5,2.3,8.1,-1.7,0.1,0,0,0,0,0,0,0,0,5,1890,1894,0,387,1731,1510,272,440,43,23,1,204,81,,197,58,0.291,0.38,0.352,0.732,104,56O3/4,o'routi01,3B
323,Ernie Courtney,0,5.5,795,2.5,5.5,0.356,5.5,1.6,7.1,-0.3,-2.1,0,0,0,0,0,0,0,0,6,1902,1908,0,558,2185,1921,226,471,52,17,5,200,35,,188,172,0.245,0.321,0.298,0.618,91,*5376H/49,courter01,3B
324,Herbert Perry,0,5.6,880,2.5,5.1,0.354,5.4,1.6,4.6,0.3,-1.5,0,0,0,0,0,0,0,0,9,1994,2004,0,529,1889,1696,241,461,102,6,55,246,12,8,128,291,0.272,0.335,0.436,0.771,96,*53HD/7,perryhe01,3B
325,Jerry Royster,0,8.3,2000,2.5,2.4,0.352,5.3,0.3,5.5,0,-13.2,0,0,0,0,0,0,0,0,16,1973,1988,0,1428,4732,4208,552,1049,165,33,40,352,189,95,411,534,0.249,0.315,0.333,0.648,76,*5*4H67/89D,roystje01,3B
326,Herb Souell,0,5.3,664,2.5,5.4,0.35,5.3,2.5,5.2,0.1,1.3,0,0,0,0,0,0,0,0.2,9,1940,1948,4,354,1514,1392,242,409,43,22,6,155,52,,98,,0.294,0.344,0.369,0.713,107,*5/76,souelhe01,3B
327,Bill Stein,0,5.3,1243,2.5,5.4,0.348,5.3,0.9,7.6,-0.6,-4.9,0,0,0,0,0,0,0,0,14,1972,1985,0,959,3067,2811,268,751,122,18,44,311,16,16,186,413,0.267,0.313,0.37,0.684,91,*54H3D/796,steinbi02,3B
328,Gene Robertson,0,5.8,1055,2.5,4.7,0.346,5.3,1.2,6.3,0.3,-4.9,0,0,0,0,0,0,0,0,9,1919,1930,0,656,2490,2200,311,615,100,23,20,250,29,24,205,79,0.28,0.344,0.373,0.717,83,*5H/64,roberge01,3B
329,Art Whitney,0,7.2,1360,2.5,3.3,0.344,5.3,0.5,0.8,6.2,-9.1,0,0,0,0,0,0,0,0,11,1880,1891,0,978,4001,3681,475,820,89,32,6,349,67,,302,173,0.223,0.285,0.269,0.554,64,*56/14O,whitnar01,3B
330,Mike Lamb,0,6.6,1356,2.5,4,0.342,5.3,0.7,5.9,-3,-5.8,0,0,0,0,0,0,0,0,10,2000,2010,0,975,2989,2706,382,746,132,19,69,349,7,10,226,409,0.276,0.332,0.415,0.747,92,*5H3D/7492,lambmi01,3B
331,Bill Sudakis,0,5.6,790,2.5,4.9,0.34,5.2,1.5,5.3,-0.4,-1.1,0,0,0,0,0,0,0,0,8,1968,1975,0,530,1751,1548,177,362,56,7,59,214,9,6,172,313,0.234,0.311,0.393,0.704,102,5H23D/79,sudakbi01,3B
332,Jim Davis,0,5.2,912,2.5,5.2,0.338,5.2,1.9,6.7,-0.1,1,0,0,0,0,0,0,0,0,7,1884,1891,0,453,1850,1723,266,468,69,37,14,270,151,,108,124,0.272,0.322,0.379,0.701,108,*56/O,davisju01,3B
333,Steve Ontiveros,0,5.5,1117,2.5,4.7,0.336,5.1,1,7.2,-1.5,-3.4,0,0,0,0,0,0,0,0,8,1973,1980,0,732,2543,2193,230,600,111,10,24,224,5,6,309,290,0.274,0.365,0.366,0.731,96,*5H3/978,ontivst01,3B
334,Jake Burger,0,5.1,918,0,5.1,0.334,5.1,1.7,6.6,-2.8,-1.1,0,0,0,0,0,0,0,0,6,2021,2026,0,492,1904,1761,226,433,84,5,96,269,4,3,99,513,0.246,0.295,0.463,0.758,110,35D/H4,burgeja01,1B
335,Mike Blowers,0,5.8,1212,2.5,4.3,0.332,5.1,0.9,7.1,-2.4,-4.5,0,0,0,0,0,0,0,0,11,1989,1999,0,761,2585,2300,290,591,116,8,78,365,7,8,248,610,0.257,0.329,0.416,0.745,97,*53H/D7926,blowemi01,3B
336,Jordan Westburg,0,5.1,500,2.5,5.1,0.33,5.1,3.2,6.3,-0.6,1.7,0,0,0,0,0,0,0,0,3,2023,2025,1,260,1027,952,142,251,53,8,38,127,11,6,55,233,0.264,0.312,0.456,0.768,116,54/DH6,westbjo01,3B
337,Fred Hatfield,0,5.3,918,2.5,4.8,0.328,5.1,1.1,3.3,2.5,-2.5,0,0,0,0,0,0,0,0,9,1950,1958,0,722,2366,2039,260,493,67,10,25,165,15,14,248,247,0.242,0.332,0.321,0.654,78,*54H/6,hatfifr01,3B
338,Alec Bohm,0,5,1394,2.5,5,0.326,5,1.1,10.7,-4.7,-5.2,0,0,0,0,0,0,0,0,7,2020,2026,1,763,3127,2863,352,788,149,8,74,416,18,7,201,544,0.275,0.325,0.41,0.735,102,*53/HD,bohmal01,3B
339,Johnny Vergez,0,5,1088,2.5,5,0.324,5,1.2,5.4,1.1,-3.5,0,0,0,0.03,0,0,0,0,6,1931,1936,0,672,2540,2323,258,593,114,16,52,292,22,18,171,303,0.255,0.311,0.385,0.696,87,*5/H6,vergejo01,3B
340,Henry Blackmon,0,5,426,2.5,5,0.322,5,3.2,2.5,2.9,1.6,0,0,0,0,0,0,0,0,4,1920,1924,0,248,1041,927,135,252,29,12,14,128,10,,69,,0.272,0.326,0.374,0.701,92,5/3629,blackhe01,3B
341,Ty Wigginton,0,6.9,2363,2.5,2.8,0.32,4.9,0.3,13.1,-11.2,-13.3,0,0,0,0,0,0,0,0,12,2002,2013,1,1362,4949,4479,558,1170,245,14,169,594,42,23,371,891,0.261,0.323,0.435,0.758,98,*5*34H7D/96,wiggity01,3B
342,Bubba Phillips,0,6.5,1379,2.5,3.1,0.318,4.8,0.5,2.1,2,-7.8,0,0,0,0.02,0,0,0,0,10,1955,1964,0,1062,3564,3278,349,835,135,8,62,356,25,11,182,314,0.255,0.297,0.358,0.655,79,*5H789/46,phillbu02,3B
343,Josh Rojas,0,4.8,1016,2.5,4.8,0.316,4.8,1.2,6.6,-0.8,-3.2,0,0,0,0,0,0,0,0,7,2019,2025,0,638,2324,2051,270,494,109,6,36,200,63,15,230,529,0.241,0.317,0.353,0.67,87,*54H769/D13,rojasjo01,3B
344,Felton Snow,0,5.3,869,2.5,4.1,0.314,4.7,1.2,2.2,3,-2.2,0,0,0,0,0,0,0,0,17,1931,1947,2,547,2217,1993,293,529,67,31,12,267,26,,149,,0.265,0.317,0.348,0.666,81,*564/817392,snowfe01,3B
345,Garrett Atkins,0,5.3,1614,2.5,4,0.312,4.7,0.8,8.6,-4.4,-5.9,0,0,0,0.02,0,0,0,0,8,2003,2010,0,817,3273,2928,399,835,169,7,99,488,8,4,291,449,0.285,0.35,0.449,0.799,100,*53H/D74,atkinga01,3B
346,Jimmy Walsh,0,4.5,780,2.5,4.5,0.31,4.5,1.4,5.9,-0.5,0.3,0,0,0,0.03,0,0,0,0,6,1910,1915,0,502,1737,1571,178,447,84,14,25,212,45,0,101,197,0.285,0.332,0.404,0.735,108,54H9/768231,walshji01,3B
347,Geoff Blum,0,5.5,1874,2.5,3.3,0.308,4.4,0.4,2.6,2.8,-10.2,0,0,0,0,0,0,0,0,14,1999,2012,0,1389,4393,3966,446,990,206,15,99,479,19,19,332,667,0.25,0.31,0.384,0.694,81,*5*H4637/D9,blumge01,3B
348,Lenny Harris,0,7.1,1779,2.5,1.7,0.306,4.4,0.1,3.8,-2.6,-11.4,0,0,0,0,0,0,0,0,18,1988,2005,0,1903,4289,3924,460,1055,161,21,37,369,131,54,279,337,0.269,0.318,0.349,0.667,80,*H*5*49736/D81,harrile01,3B
349,Jack Gleason,0,4.4,601,2.5,4.4,0.304,4.4,2.1,6.7,-1.4,1.7,0,0,0,0,0,0,1,0.1,6,1877,1886,0,343,1531,1425,253,384,59,14,9,31,8,,95,2,0.269,0.32,0.349,0.67,120,*5/O46,gleasja01,3B
350,David Bote,0,4.4,544,2.5,4.4,0.302,4.4,1.7,2.9,2.2,0.4,0,0,0,0,0,0,0,0,6,2018,2024,0,421,1213,1065,136,249,51,5,36,156,11,6,115,324,0.234,0.318,0.392,0.711,90,54H/36D719,boteda01,3B
351,Rene Gonzales,0,4.5,676,2.5,4.2,0.3,4.3,1,2.4,3.2,-1.7,0,0,0,0,0,0,0,0,13,1984,1997,0,704,1756,1539,185,368,59,4,19,136,23,16,161,230,0.239,0.315,0.32,0.634,75,*5463H/9D71,gonzare01,3B
352,Dave Hansen,0,4.9,950,2.5,3.7,0.298,4.3,0.5,5.3,-2.4,-2.8,0,0,0,0,0,0,0,0,15,1990,2005,0,1230,2101,1793,187,466,79,6,35,222,5,7,283,332,0.26,0.36,0.369,0.729,99,*H*53/D7496,hanseda01,3B
353,Garth Iorg,0,5,987,2.5,3.5,0.296,4.2,0.6,1.4,4.3,-4.9,0,0,0,0,0,0,0,0,9,1978,1987,0,931,2615,2450,251,633,125,16,20,238,23,17,114,298,0.258,0.292,0.347,0.639,72,*5*4H/73D68,iorgga01,3B
354,Eddie Grant,0,4.9,1384,2.5,3.4,0.294,4.2,0.6,4.3,3.3,-8.4,0,0,0,0,0,0,0,0,10,1905,1915,0,990,3762,3385,399,844,79,30,5,277,153,11,233,370,0.249,0.3,0.295,0.595,78,*56H4/3,granted01,3B
355,Harry Schafer,0,4.3,602,2.5,3.9,0.292,4.1,1.7,3.6,1,-1.7,0,0,0,0,0,0,0,0,8,1871,1878,0,367,1667,1655,339,449,64,15,4,215,35,17,12,45,0.271,0.277,0.335,0.612,89,*5O/26,schafha01,3B
356,Ildemaro Vargas,0,4.8,609,2.5,3.4,0.29,4.1,1.1,2.6,1.5,-1.3,0,0,0,0,0,0,0,0,10,2017,2026,0,497,1478,1377,155,356,66,9,27,176,17,6,71,163,0.259,0.297,0.378,0.675,86,54H637/D19,vargail01,3B
357,Bob Aspromonte,0,6.9,1822,2.5,1.2,0.288,4.1,0.1,10.1,-6.5,-16.8,0,0,0,0,0,0,0,0,13,1956,1971,0,1324,4799,4369,386,1103,135,26,60,457,19,24,333,459,0.252,0.308,0.336,0.644,86,*5H76/349,asprobo01,3B
358,Barry McCormick,0,5.1,1516,2.5,3,0.286,4,0.5,3.6,3,-11.7,0,0,0,0,0,0,0,0,10,1895,1904,0,989,4053,3645,433,867,110,42,15,417,130,,280,439,0.238,0.297,0.303,0.6,71,*5*46/O8H,mccorba01,3B
359,Jimmy Knowles,0,4,629,2.5,4,0.284,4,1.8,4,1,-0.2,0,0,0,0,0,0,0,0.1,5,1884,1892,0,357,1481,1388,185,334,40,28,9,132,83,,89,83,0.241,0.288,0.329,0.618,91,543/6,knowlji01,3B
360,Don Zimmer,0,5.2,1511,2.5,2.8,0.282,4,0.4,4.7,2,-10.3,0,0,0,0,0,0,0,0,12,1954,1965,2,1095,3593,3283,353,773,130,22,91,352,45,25,246,678,0.235,0.29,0.372,0.662,77,*546H2/79,zimmedo01,3B
361,Zach McKinstry,0,3.9,815,2.5,3.9,0.28,3.9,1.1,4.5,0.2,-2.1,0,0,0,0,0,0,0,0,7,2020,2026,1,557,1806,1625,203,371,77,23,38,155,60,14,147,414,0.228,0.297,0.374,0.671,85,5469H7/D183,mckinza01,3B
362,Mike Muldoon,0,3.9,728,2.5,3.9,0.278,3.9,1.3,4.4,0.9,-2.3,0,0,0,0,0,0,0,0,5,1882,1886,0,495,2030,1932,254,450,88,28,10,187,12,,92,134,0.233,0.27,0.323,0.593,86,*54/O,muldomi01,3B
363,Parnell Woods,0,3.8,391,2.5,4,0.276,3.9,3.2,4.3,-0.4,1.5,0,0,0,0,0,0,0,0.1,9,1937,1945,6,199,824,753,131,221,28,19,5,97,37,0,52,,0.293,0.343,0.401,0.744,120,5/694,woodspa01,3B
364,Wayne Krenchicki,0,4,495,2.5,3.6,0.274,3.8,1.1,2,1.9,-0.4,0,0,0,0,0,0,0,0,8,1979,1986,0,550,1195,1063,107,283,44,5,15,124,7,8,106,141,0.266,0.33,0.359,0.689,91,*5H34/6D7,krencwa01,3B
365,Miguel Andujar,0,4.8,902,2.5,2.8,0.272,3.8,0.9,6.7,-5.2,-3.6,0,0,0,0,0,0,0,0,10,2017,2026,0,503,1915,1813,211,513,107,8,57,238,14,7,81,300,0.283,0.315,0.445,0.76,108,57DH/93,andujmi01,3B
366,Bill McKechnie,0,5.2,1206,2.5,2.3,0.27,3.8,0.4,1.3,3.5,-5.9,0,0,0,0,0,0,0,0,11,1907,1920,0,846,3184,2843,319,713,86,33,8,240,127,4,190,204,0.251,0.301,0.313,0.614,78,*543H6/89,mckecbi01,3B
367,Tex McDonald,0,3.7,564,0,3.7,0.268,3.7,1.7,4.6,-1.3,1.5,0,0,0,0,0,0,0,0,4,1912,1915,0,357,1141,1019,131,304,45,27,13,135,34,6,88,125,0.298,0.359,0.434,0.793,125,9H645/78,mcdonte01,RF
368,Tommy Sheehan,0,3.7,409,2.5,3.7,0.266,3.7,1.9,3.7,1.4,-0.4,0,0,0,0,0,0,0,0,4,1900,1908,0,317,1173,1011,96,238,26,8,1,88,32,,94,49,0.235,0.305,0.28,0.585,85,5/H6,sheehto01,3B
369,Willie Greene,0,4.3,1081,2.5,3.1,0.264,3.7,0.8,4,-1.1,-3.7,0,0,0,0,0,0,0,0,9,1992,2000,0,655,2183,1902,254,446,76,12,86,307,17,6,260,477,0.234,0.326,0.423,0.749,94,*5H9D/763,greenwi01,3B
370,Royce Lewis,0,3.7,555,2.5,3.7,0.262,3.7,2.1,4,0.1,0,0,0,0,0,0,0,0,0,5,2022,2026,0,289,1127,1029,128,253,48,0,49,169,21,3,86,251,0.246,0.304,0.435,0.74,103,5D/H648,lewisro02,3B
371,Tillie Shafer,0,3.6,444,2.5,3.6,0.26,3.6,2,4.2,0.2,0.8,0,0,0,0.08,0,0,0,0,4,1909,1913,0,283,912,776,138,212,24,14,5,84,60,29,105,93,0.273,0.366,0.36,0.725,105,5H46/879,shafeti01,3B
372,Wilson Betemit,0,4.5,1145,2.5,2.8,0.258,3.6,0.6,8.9,-5.5,-5.1,0,0,0,0,0,0,0,0,11,2001,2013,0,805,2335,2093,264,558,126,8,75,283,9,8,211,612,0.267,0.332,0.442,0.774,104,*5H36D/479,betemwi01,3B
373,Jace Peterson,0,4.8,1195,2.5,2.4,0.256,3.6,0.4,3.2,-0.1,-6.9,0,0,0,0,0,0,0,0,11,2014,2024,0,887,2779,2415,276,546,100,18,42,245,77,23,310,617,0.226,0.317,0.335,0.651,80,*45H793/6D18,peterja01,2B
374,Santiago Espinal,0,3.5,731,2.5,3.5,0.254,3.5,0.9,3.1,1.9,-2.5,0,0,0,0,0,0,0,0,7,2020,2026,1,601,1815,1656,184,431,82,1,21,163,28,10,125,247,0.26,0.314,0.349,0.663,84,54H6/D7931,espinsa01,3B
375,Spider Jorgensen,0,3.5,401,2.5,3.5,0.252,3.5,2.1,3.5,0.1,0.1,0,0,0,0,0,0,0,0,5,1947,1951,0,267,875,755,97,201,40,11,9,107,5,6,106,75,0.266,0.359,0.384,0.743,96,5H/9,jorgesp01,3B
376,Joey Ortiz,0,3.5,481,7.5,3.5,0.25,3.5,1.6,2.3,2.7,-0.3,0,0,0,0,0,0,0,0,4,2023,2026,0,344,1166,1042,138,240,46,7,19,120,29,12,95,207,0.23,0.298,0.343,0.64,79,65/H4D,ortizjo06,SS
377,Doc Prothro,0,3.5,327,2.5,3.5,0.248,3.5,3.1,3.6,0.5,0.9,0,0,0,0,0,0,0,0,5,1920,1926,0,180,686,600,66,191,34,10,0,81,13,15,69,40,0.318,0.39,0.408,0.798,105,5/H6,prothdo01,3B
378,Johan Camargo,0,3.5,608,2.5,3.5,0.246,3.5,1.3,3.4,1,-0.9,0,0,0,0,0,0,0,0,7,2017,2023,0,424,1359,1243,149,316,71,4,37,161,2,1,100,284,0.254,0.313,0.407,0.72,90,56H4/73D9,camarjo01,3B
379,Scott Leius,0,4.2,719,2.5,2.7,0.244,3.4,0.8,2.5,1.2,-3.3,0,0,0,0,0,0,0,0,9,1990,1999,0,557,1727,1536,214,375,63,10,28,172,16,15,161,236,0.244,0.316,0.353,0.669,78,*5H6/3D48,leiussc01,3B
380,Jim Finigan,0,3.4,785,2.5,3.4,0.242,3.4,1.1,4.6,-0.4,-2.3,0,0,0,0.06,0,0,0,0,6,1954,1959,2,512,1828,1600,195,422,74,17,19,168,8,13,190,176,0.264,0.342,0.367,0.709,92,*54H/6,finigji01,3B
381,Matt Shaw,0,3.3,257,2.5,3.3,0.24,3.3,3.2,2.1,1.4,1.6,0,0,0,0,0,0,0,0,2,2025,2026,0,167,541,488,67,112,27,3,16,56,20,6,44,112,0.23,0.294,0.395,0.69,98,5/H94D387,shawma01,3B
382,Jim Doyle,0,3.3,258,2.5,3.3,0.238,3.3,3.9,2.7,1.2,1.6,0,0,0,0,0,0,0,0,2,1910,1911,0,137,550,485,70,135,25,12,5,63,19,,40,56,0.278,0.336,0.41,0.746,109,5/H8,doyleji01,3B
383,Hernán Pérez,0,3.8,812,2.5,2.8,0.236,3.3,0.7,0.6,2.3,-3.2,0,0,0,0,0,0,0,0,10,2012,2021,0,651,1846,1745,192,436,74,11,45,180,69,16,76,397,0.25,0.28,0.382,0.662,74,54H9763/81D,perezhe01,3B
384,Bill Brubaker,0,3.6,748,2.5,3,0.234,3.3,1,4.3,-0.5,-3.2,0,0,0,0,0,0,0,0,10,1932,1943,0,479,1756,1564,208,413,85,10,22,225,13,12,151,239,0.264,0.333,0.373,0.706,91,*54H/367,brubabi01,3B
385,Ray Jablonski,0,3.6,1296,2.5,3,0.232,3.3,0.6,8,-4.4,-7.5,0,0,0,0,0,0,0,0,8,1953,1960,1,812,2807,2562,297,687,126,11,83,438,16,13,196,330,0.268,0.32,0.423,0.743,94,*5H7/346,jablora01,3B
386,Ian Stewart,0,3.3,805,2.5,3.3,0.23,3.3,1,1.8,2.2,-1.9,0,0,0,0,0,0,0,0,7,2007,2014,0,511,1692,1489,202,341,68,13,61,211,17,12,170,473,0.229,0.315,0.415,0.73,86,*5H4/379D,stewaia01,3B
387,Danny Clark,0,3.2,307,2.5,3.2,0.228,3.2,2.1,2.8,0.7,0.6,0,0,0,0,0,0,0,0,3,1922,1927,0,245,682,582,75,161,36,8,5,93,5,7,74,37,0.277,0.36,0.392,0.752,96,H54/97,clarkda04,3B
388,Kevin Orie,0,3.2,494,2.5,3.2,0.226,3.2,1.6,2,1.6,-0.3,0,0,0,0,0,0,0,0,4,1997,2002,0,316,1146,1015,117,253,64,6,22,116,5,3,94,163,0.249,0.32,0.389,0.709,85,5/H63,orieke01,3B
389,Sam Hairston,0,3.2,233,2.5,3.2,0.224,3.2,4.3,2.9,0.4,1.9,0,0,0,0,0,0,0,0.2,6,1944,1951,2,119,474,421,75,133,25,4,5,66,7,0,45,0,0.316,0.386,0.43,0.816,128,52/3H6,hairssa01,3B
390,Jim Donnelly,0,4.4,1009,2.5,1.9,0.222,3.1,0.5,3.1,1.1,-7.1,0,0,0,0,0,0,0,0,11,1884,1898,0,654,2598,2388,322,549,56,28,2,237,173,,169,154,0.23,0.285,0.279,0.565,65,*5/6O4,donneji01,3B
391,Patrick Wisdom,0,3.3,757,2.5,2.9,0.22,3.1,1,4.8,-2.1,-1.9,0,0,0,0,0,0,0,0,8,2018,2026,0,456,1474,1312,192,274,58,3,88,207,23,8,132,541,0.209,0.291,0.459,0.75,103,5H3/7D9481,wisdopa01,3B
392,Ed Spiezio,0,3.6,699,2.5,2.6,0.218,3.1,0.8,3.3,0.1,-3.5,0,0,0,0,0,0,0,0,9,1964,1972,0,554,1716,1544,126,367,56,4,39,174,16,10,135,245,0.238,0.303,0.355,0.658,88,*5H/97,spiezed01,3B
393,J.D. Davis,0,3.7,1018,2.5,2.5,0.216,3.1,0.6,7.7,-6.1,-4.4,0,0,0,0,0,0,0,0,9,2017,2025,0,645,2151,1893,246,486,93,3,72,221,7,2,210,586,0.257,0.339,0.423,0.762,110,*5HD73/1,davisjd01,3B
394,George Rohe,0,3.1,330,2.5,3.1,0.214,3.1,1.9,2.5,1.3,-0.7,0,0,0,0,0,0,0,0,4,1901,1907,0,269,997,868,81,197,19,3,3,92,27,,72,62,0.227,0.294,0.266,0.561,79,546/H37,rohege01,3B
395,Caleb Durbin,0,3,269,2.5,3,0.212,3,2.8,2,1.5,0.9,0,0,0,0,0,0,0,0,2,2025,2026,0,179,661,584,74,137,33,0,12,67,22,8,41,74,0.235,0.314,0.353,0.666,87,5/H46,durbica01,3B
396,Al Gallagher,0,3,571,2.5,3,0.21,3,1.1,3.6,0.3,-1.9,0,0,0,0,0,0,0,0,4,1970,1973,0,442,1433,1264,114,333,42,9,11,130,7,6,138,164,0.263,0.335,0.337,0.672,91,*5H/46,gallaal01,3B
397,Phil Gagliano,0,3.7,610,2.5,2.3,0.208,3,0.5,2,0.7,-3.6,0,0,0,0,0,0,0,0,12,1963,1974,0,702,1605,1411,150,336,50,7,14,159,5,4,163,184,0.238,0.316,0.313,0.629,77,*H45793/6,gagliph01,2B
398,Brett Baty,0,3,505,2.5,3,0.206,3,1.4,2.9,0.7,-0.9,0,0,0,0,0,0,0,0,5,2022,2026,0,343,1192,1077,132,250,35,3,36,125,12,1,94,311,0.232,0.296,0.37,0.667,87,54H/93D7,batybr01,3B
399,Fred McMullin,0,2.9,398,2.5,2.9,0.204,2.9,1.5,3.6,0.5,-1.3,0,0,0,0,0,0,0,0,6,1914,1920,0,304,1082,914,120,234,21,9,1,72,31,1,91,105,0.256,0.333,0.302,0.635,85,5H/46,mcmulfr01,3B
400,Miguel Vargas,0,2.9,613,2.5,2.9,0.202,2.9,1.3,3.1,-0.2,-1.5,0,0,0,0,0,0,0,0.1,5,2022,2026,0,355,1362,1179,176,247,62,7,40,145,19,3,151,264,0.209,0.305,0.376,0.681,89,5347/HD,vargami01,3B
401,Jack Saltzgaver,0,2.8,379,2.5,2.8,0.2,2.8,1.6,3,0.3,-0.4,0,0,0,0,0,0,0,0,6,1932,1945,0,278,886,764,131,199,26,5,10,82,9,4,105,80,0.26,0.351,0.347,0.698,85,54H/3,saltzja01,3B
402,Craig Worthington,0,2.8,598,2.5,2.8,0.198,2.8,1.1,3.8,-0.3,-2.1,0,0,0,0,0,0,0,0,7,1988,1996,0,393,1423,1234,126,284,50,0,33,144,3,6,162,264,0.23,0.322,0.351,0.673,90,*5/3HD,worthcr01,3B
403,Ryon Healy,0,2.8,757,0,2.8,0.196,2.8,1.1,4,-2.5,-2.8,0,0,0,0,0,0,0,0,5,2016,2020,0,405,1606,1514,177,395,80,0,69,214,0,1,75,357,0.261,0.298,0.45,0.748,103,35D/H,healyry01,1B
404,Sammy Esposito,0,3.5,371,2.5,2,0.194,2.8,0.6,0.9,2.3,-1,0,0,0,0,0,0,0,0,10,1952,1963,0,560,970,792,130,164,27,2,8,73,7,7,145,127,0.207,0.33,0.277,0.606,66,*5H64/87,espossa01,3B
405,Scott Livingstone,0,3.2,665,2.5,2.3,0.192,2.7,0.5,1.8,0,-3.1,0,0,0,0,0,0,0,0,8,1991,1998,0,673,1646,1533,163,431,76,4,17,177,10,12,89,189,0.281,0.317,0.369,0.686,86,*5H3D/49,livinsc01,3B
406,Willy Aybar,0,2.7,635,2.5,2.7,0.19,2.7,1.1,3.6,-1.7,-2,0,0,0,0,0,0,0,0,5,2005,2010,0,405,1390,1219,137,315,68,2,33,157,7,5,142,206,0.258,0.341,0.399,0.739,96,5DH43/6,aybarwi01,3B
407,Walter Barbare,0,3.5,684,2.5,1.8,0.188,2.7,0.6,1.8,2.2,-4.8,0,0,0,0,0,0,0,0,8,1914,1922,0,500,1954,1777,173,462,52,21,1,156,37,16,88,121,0.26,0.297,0.315,0.612,71,564H/3,barbawa01,3B
408,Randy Johnson,0,2.7,220,2.5,2.7,0.186,2.7,2.1,0.9,1.9,0.8,0,0,0,0,0,0,0,0,3,1982,1984,0,204,547,484,55,129,21,0,6,53,5,11,47,52,0.267,0.336,0.347,0.683,87,5H/4,johnsra04,3B
409,Billy Purtell,0,2.6,396,2.5,2.6,0.184,2.6,1.3,1.5,2.4,-2.5,0,0,0,0,0,0,0,0,5,1908,1914,0,335,1269,1124,82,255,26,11,2,104,24,2,63,92,0.227,0.275,0.275,0.55,73,54/H68,purtebi01,3B
410,Russ Johnson,0,2.6,434,2.5,2.6,0.182,2.6,1.2,2.5,0.7,-0.6,0,0,0,0,0,0,0,0,7,1997,2005,0,364,966,836,117,221,46,2,14,97,16,10,105,173,0.264,0.348,0.374,0.722,89,5H4/6D39,johnsru01,3B
411,Abraham Núñez,0,4.4,1069,2.5,0.8,0.18,2.6,0.1,-1.1,4.3,-7.6,0,0,0,0,0,0,0,0,12,1997,2008,0,1030,2804,2486,286,601,88,19,18,209,38,16,250,447,0.242,0.313,0.314,0.627,62,*H564/D71,nunezab01,3B
412,Kid Lowe,0,2.8,392,2.5,2.4,0.178,2.6,1.4,2.3,0.3,-0.8,0,0,0,0,0,0,0,0,8,1921,1930,0,273,940,868,103,253,27,12,3,94,15,,64,,0.291,0.345,0.361,0.706,90,57/942863,loweki01,3B
413,Rube Lutzke,0,2.6,805,2.5,2.6,0.176,2.6,0.7,0.8,3.6,-5.8,0,0,0,0,0,0,0,0,5,1923,1927,0,572,2171,1876,216,468,87,18,4,222,23,14,179,196,0.249,0.319,0.321,0.641,66,*5/4H6,lutzkru01,3B
414,Mike Brosseau,0,2.6,304,2.5,2.6,0.174,2.6,1.7,2.8,0.1,0.7,0,0,0,0,0,0,0,0,5,2019,2023,0,241,647,582,69,141,28,1,26,77,7,0,48,191,0.242,0.313,0.428,0.741,104,54H3/179D6,brossmi01,3B
415,Ezequiel Duran,0,2.6,553,2.5,2.6,0.172,2.6,1,3,-0.4,-1.6,0,0,0,0,0,0,0,0,5,2022,2026,0,401,1296,1206,142,307,66,4,25,122,28,10,69,321,0.255,0.301,0.378,0.679,94,5674H3D/918,duranez01,3B
416,Mark Teahen,0,2.6,1479,2.5,2.6,0.17,2.6,0.5,9.3,-7.3,-8.9,0,0,0,0,0,0,0,0,7,2005,2011,0,831,3171,2873,388,759,163,26,67,332,45,17,259,679,0.264,0.327,0.409,0.736,94,*59H37/D84,teahema01,3B
417,Tyler Saladino,0,2.5,413,2.5,2.5,0.168,2.5,1.3,-0.3,3.7,-1.1,0,0,0,0,0,0,0,0,5,2015,2019,0,326,1064,978,109,221,33,6,19,92,28,13,62,247,0.226,0.278,0.33,0.608,66,564H/D7389,saladty01,3B
418,Art Phelan,0,2.5,600,2.5,2.5,0.166,2.5,1,3.4,0.4,-2.2,0,0,0,0,0,0,0,0,5,1910,1915,0,402,1453,1258,150,297,38,25,8,131,50,17,141,114,0.236,0.317,0.325,0.642,85,54H/67,phelaar01,3B
419,Conor Gillaspie,0,2.9,665,2.5,2.2,0.164,2.5,0.7,3.9,-0.9,-3.1,0,0,0,0,0,0,0,0,8,2008,2017,0,513,1551,1424,147,357,73,14,33,158,1,8,107,245,0.251,0.304,0.391,0.695,92,*5H/3D4,gillaco01,3B
420,Ellis Clary,0,2.5,336,2.5,2.5,0.162,2.5,1.8,3.8,-0.9,0.2,0,0,0,0,0,0,0,0,4,1942,1945,0,223,778,650,97,171,32,2,1,46,12,8,114,74,0.263,0.376,0.323,0.699,103,54H/6,claryel01,3B
421,Steve Lyons,0,2.8,934,2.5,1.8,0.16,2.3,0.3,0.5,1.5,-5.9,0,0,0,0,0,0,0,0,9,1985,1993,0,852,2388,2162,264,545,100,17,19,196,42,32,156,364,0.252,0.301,0.34,0.642,77,85H4379/D621,lyonsst01,CF
422,Chippy McGarr,0,3.2,1525,2.5,1.4,0.158,2.3,0.3,1.2,3,-8.9,0,0,0,0,0,0,0,0,10,1884,1896,0,827,3482,3256,538,875,116,28,9,388,267,,184,239,0.269,0.311,0.33,0.641,72,*564/O2,mcgarch01,3B
423,Ray Sheppard,0,2.3,359,2.5,2.3,0.156,2.3,1.7,2.8,0.3,-0.3,0,0,0,0,0,0,0,0,6,1924,1932,0,217,783,736,110,209,34,14,10,102,20,,38,,0.284,0.325,0.409,0.734,96,564/8319,sheppra01,3B
424,Jared Sandberg,0,2.3,325,2.5,2.3,0.154,2.3,1.9,1.6,1.2,-0.2,0,0,0,0,0,0,0,0,3,2001,2003,0,196,706,630,83,139,38,2,25,92,4,2,65,236,0.221,0.297,0.406,0.703,87,5/H3D6,sandbja01,3B
425,Warren White,0,2.2,215,2.5,2.2,0.152,2.2,2.2,0.9,1.8,-0.2,0,0,0,0,0,0,0,0,6,1871,1884,0,168,725,723,96,184,13,4,0,64,8,11,2,6,0.254,0.257,0.284,0.54,74,5/6O42,whitewa01,3B
426,Roy Staiger,0,2.2,171,2.5,2.2,0.15,2.2,2.3,0,2.5,0.7,0,0,0,0,0,0,0,0,4,1975,1979,0,152,496,457,42,104,19,1,4,38,4,3,30,59,0.228,0.274,0.3,0.574,65,5/H6,staigro01,3B
427,Jack Lohrke,0,2.2,463,2.5,2.2,0.148,2.2,1,2.9,-0.2,-2,0,0,0,0,0,0,0,0,7,1947,1953,0,354,1046,914,125,221,38,9,22,96,9,9,111,86,0.242,0.327,0.375,0.702,87,5H4/6,lohrkja01,3B
428,Rabbit Robinson,0,2.2,303,2.5,2.2,0.146,2.2,1.7,2.3,0.2,-1,0,0,0,0,0,0,0,0,3,1903,1910,0,206,792,700,71,156,23,14,1,58,30,,63,50,0.223,0.294,0.3,0.594,84,465/98H7,robinra01,2B
429,Dave Roberts,0,4,876,2.5,0.3,0.144,2.2,0.1,4.5,-2.2,-6.5,0,0,0,0,0,0,0,0,10,1972,1982,0,709,2191,2017,194,483,77,7,49,208,27,8,128,361,0.239,0.286,0.357,0.644,84,*52H46/39D87,roberda06,3B
430,Christian Villanueva,0,2.2,208,2.5,2.2,0.142,2.2,2.9,2.1,0.3,0.8,0,0,0,0,0,0,0,0,2,2017,2018,0,122,416,383,47,94,16,0,24,53,3,0,23,114,0.245,0.303,0.475,0.778,112,5/H634,villach01,3B
431,Ron Coomer,0,2.8,1460,0,1.4,0.14,2.1,0.3,1.1,-1.5,-9.6,0,0,0,0,0,0,0,0,9,1995,2003,1,911,3238,3019,333,827,151,8,92,449,13,7,177,429,0.274,0.313,0.421,0.734,87,*3*5HD9,coomero01,1B
432,Andruw Monasterio,0,2.1,290,2.5,2.1,0.138,2.1,1.4,1.3,1.2,-0.1,0,0,0,0,0,0,0,0,4,2023,2026,0,244,675,611,79,153,36,1,9,68,16,7,56,154,0.25,0.319,0.357,0.675,87,546H/3D7,monasan01,3B
433,Harry Jeffries,0,3.5,763,2.5,0.7,0.136,2.1,0.2,-0.1,1.8,-6.2,0,0,0,0,0,0,0,0,15,1920,1944,0,549,2061,1866,263,474,60,13,6,178,30,,155,,0.254,0.315,0.31,0.625,68,*52/8794631,jeffrha01,3B
434,Rick Schu,0,2.4,758,2.5,1.8,0.134,2.1,0.5,5.2,-3.2,-4.1,0,0,0,0,0,0,0,0,9,1984,1996,0,580,1729,1568,189,386,67,13,41,134,17,16,139,282,0.246,0.31,0.384,0.694,92,*5H3/D476,schuri01,3B
435,Doug Strange,0,3.7,797,2.5,0.5,0.132,2.1,0.1,-1,2.6,-6.4,0,0,0,0,0,0,0,0,9,1989,1998,0,707,2069,1859,194,434,87,7,31,211,14,15,155,330,0.233,0.295,0.338,0.633,69,*54H/7D639,strando01,3B
436,Ted Bond,0,2.1,176,2.5,2.1,0.13,2.1,3.4,1.3,1,0.8,0,0,0,0,0,0,0,0,3,1935,1940,0,98,410,347,76,92,12,8,0,37,12,,44,,0.265,0.356,0.346,0.702,91,56/4,bondte01,3B
437,Renato Núñez,0,2.1,560,2.5,2.1,0.128,2.1,1.1,2.5,-1.9,-1.9,0,0,0,0,0,0,0,0,6,2016,2021,0,307,1162,1055,137,258,51,0,56,154,1,1,82,296,0.245,0.308,0.452,0.76,101,D53/H7,nunezre01,3B
438,Bill Shipke,0,2.1,220,2.5,2.1,0.126,2.1,1.8,1.9,0.8,-0.4,0,0,0,0,0,0,0,0,4,1906,1909,0,186,647,552,59,110,11,10,1,29,21,,55,96,0.199,0.28,0.261,0.541,81,5/4H6,shipkbi01,3B
439,Nap Reyes,0,2.1,409,2.5,2.1,0.124,2.1,1.2,2,-0.4,-1.2,0,0,0,0,0,0,0,0,4,1943,1950,0,279,1006,931,90,264,35,11,13,110,5,7,44,62,0.284,0.326,0.387,0.713,100,53/H7,reyesna01,3B
440,José Miranda,0,2,476,2.5,2,0.122,2,1.1,2.6,-1.1,-1.6,0,0,0,0,0,0,0,0,4,2022,2025,0,298,1100,1023,103,269,57,4,28,133,3,3,55,194,0.263,0.31,0.409,0.719,101,53D/H6,miranjo01,3B
441,John Irwin,0,2.2,572,2.5,1.9,0.12,2,0.9,3,-0.2,-0.9,0,0,0,0,0,0,0,0,8,1882,1891,0,322,1383,1269,222,312,55,19,3,93,56,,102,74,0.246,0.308,0.326,0.634,92,56/O34,irwinjo01,3B
442,Tex Wisterzil,0,2,363,2.5,2,0.118,2,1.4,1,1.9,0.6,0,0,0,0,0,0,0,0,2,1914,1915,0,242,946,828,83,215,26,14,0,105,29,,65,68,0.26,0.326,0.325,0.651,89,5/H,wistete01,3B
443,Félix Torres,0,2,527,2.5,2,0.116,2,0.9,2,0.8,-1.9,0,0,0,0,0,0,0,0,3,1962,1964,0,365,1292,1191,109,302,61,5,27,153,2,3,71,202,0.254,0.297,0.381,0.678,91,*5H/3,torrefe01,3B
444,Howard Freigau,0,2,901,2.5,2,0.114,2,0.6,4,0.2,-5.1,0,0,0,0,0,0,0,0,7,1922,1928,0,579,2177,1974,224,537,99,25,15,226,32,26,138,161,0.272,0.322,0.37,0.692,82,*56H/4387,freigho01,3B
445,Shane Andrews,0,2,915,2.5,2,0.112,2,0.6,0.9,1.4,-3.9,0,0,0,0,0,0,0,0,7,1995,2002,0,569,1924,1704,196,375,76,4,86,263,7,10,191,515,0.22,0.298,0.421,0.719,85,*53H/D7,andresh01,3B
446,Bill Boyd,0,2,265,2.5,2,0.11,2,2.2,3.6,-1.6,-0.3,0,0,0,0,0,0,0,0,4,1872,1875,0,146,676,666,94,192,30,9,3,91,6,3,10,13,0.288,0.299,0.374,0.673,117,5O/4316,boydbi01,3B
447,Marlin Carter,0,2.4,373,2.5,1.6,0.108,2,1.2,2,-0.3,-1.1,0,0,0,0,0,0,0,0,11,1932,1948,2,219,906,812,114,208,31,15,2,90,19,0,79,,0.256,0.323,0.339,0.662,91,54/6793,cartema01,3B
448,Jimmy Burke,0,2,761,2.5,2,0.106,2,0.6,3.3,0.5,-5.3,0,0,0,0,0,0,0,0,7,1898,1905,0,550,2148,1947,200,475,58,13,1,187,87,,112,104,0.244,0.295,0.289,0.584,74,*546/97H,burkeji01,3B
449,Steve Mesner,0,2,614,2.5,2,0.104,2,0.7,0.6,1.6,-3.7,0,0,0,0,0,0,0,0,6,1938,1945,0,451,1743,1574,153,397,67,6,2,167,11,14,121,69,0.252,0.308,0.306,0.614,75,*5/H64,mesnest01,3B
450,José Macias,0,2,747,2.5,2,0.102,2,0.5,1.6,0.9,-3.9,0,0,0,0,0,0,0,0,7,1999,2005,0,659,1789,1646,201,422,77,17,26,173,43,21,93,243,0.256,0.298,0.371,0.669,75,H54879/6D,maciajo01,3B
451,Fred Waterman,0,1.9,146,2.5,1.9,0.1,1.9,5.1,2.1,0,1,0,0,0,0,0,0,0,0,4,1871,1875,0,61,314,303,81,101,9,7,0,38,11,4,11,3,0.333,0.357,0.409,0.766,130,5/62O,waterfr01,3B
452,Joe Werrick,0,1.9,719,2.5,1.9,0.098,1.9,0.8,3.1,-0.1,-1.7,0,0,0,0,0,0,0,0,4,1884,1888,0,392,1644,1534,217,383,53,34,10,212,83,,102,98,0.25,0.3,0.348,0.648,95,*5/64O,werrijo01,3B
453,Blake DeWitt,0,1.9,540,2.5,1.9,0.096,1.9,0.7,2.8,-0.4,-1.9,0,0,0,0,0,0,0,0,6,2008,2013,0,426,1247,1119,118,288,53,11,21,135,7,2,107,194,0.257,0.324,0.381,0.705,90,4H5/76,dewitbl01,2B
454,Don Lang,0,1.9,187,2.5,1.9,0.094,1.9,2.2,1.5,0.5,0.1,0,0,0,0,0,0,0,0,2,1938,1948,0,138,431,373,35,100,17,2,5,42,2,0,49,45,0.268,0.355,0.365,0.719,91,5/H46,langdo01,3B
455,Kristopher Negrón,0,1.9,168,2.5,1.9,0.092,1.9,1.8,0.3,1.6,0.5,0,0,0,0,0,0,0,0,6,2012,2019,0,170,416,375,47,83,14,1,9,32,10,1,32,107,0.221,0.291,0.336,0.627,72,H5/476983D,negrokr01,3B
456,Ed McDonald,0,1.8,355,2.5,1.8,0.09,1.8,1.7,2.5,0,-0.5,0,0,0,0,0,0,0,0,3,1911,1913,0,176,760,634,98,155,30,9,3,54,33,0,110,130,0.244,0.362,0.334,0.697,91,5/H6,mcdoned02,3B
457,Bartolo Portuondo,0,2.3,566,2.5,1.4,0.088,1.8,0.6,0.7,1.6,-3.5,0,0,0,0,0,0,0,0.1,8,1920,1927,0,359,1524,1378,211,339,44,13,1,111,53,,101,,0.246,0.303,0.299,0.602,69,53/6421,portuba01,3B
458,Eddie Kazak,0,1.8,284,2.5,1.8,0.086,1.8,1.4,1.8,0.1,-0.8,0,0,0,0,0,0,0,0,5,1948,1952,1,218,668,605,69,165,22,6,11,71,0,2,52,45,0.273,0.332,0.383,0.716,87,5H/43,kazaked01,3B
459,John Kelleher,0,1.8,335,2.5,1.8,0.084,1.8,1.2,2.1,0.3,-0.8,0,0,0,0,0,0,0,0,6,1912,1924,0,235,793,703,81,206,29,8,10,89,9,16,45,42,0.293,0.337,0.4,0.737,93,5H346,kellejo02,3B
460,Tyler Houston,0,2.2,893,2.5,1.4,0.082,1.8,0.3,3.3,-0.9,-4.5,0,0,0,0,0,0,0,0,8,1996,2003,0,700,1947,1805,197,479,84,6,63,253,10,6,119,408,0.265,0.312,0.423,0.735,90,5H23/4796,houstty01,3B
461,Steve Boros,0,1.8,642,2.5,1.8,0.08,1.8,0.7,3.6,-1.1,-3.2,0,0,0,0,0,0,0,0,7,1957,1965,0,422,1474,1255,141,308,50,7,26,149,11,6,181,174,0.245,0.344,0.359,0.702,90,*5H/3946,borosst01,3B
462,Ben Williamson,0,1.8,162,2.5,1.8,0.078,1.8,2.3,0.9,1.2,0.3,0,0,0,0,0,0,0,0,2,2025,2026,0,124,422,389,55,100,19,1,1,35,9,2,29,88,0.257,0.31,0.319,0.629,81,54/H6D1,willibe03,3B
463,Tom O'Malley,0,2.2,548,2.5,1.3,0.076,1.7,0.5,2.4,-0.6,-3.2,0,0,0,0,0,0,0,0,9,1982,1990,0,466,1366,1213,117,310,54,5,13,131,2,8,133,151,0.256,0.329,0.34,0.67,87,*5H/346,o'malto01,3B
464,Johnson Hill,0,1.7,334,2.5,1.7,0.074,1.7,1.4,1.6,0.6,-0.9,0,0,0,0,0,0,0,0,6,1921,1927,0,197,782,728,92,185,30,10,19,104,6,,36,,0.254,0.289,0.401,0.69,89,5/849,hilljo01,3B
465,Emmanuel Rivera,0,1.6,474,2.5,1.6,0.072,1.6,0.7,1.4,0.5,-2.7,0,0,0,0,0,0,0,0,5,2021,2025,0,382,1169,1062,120,260,46,5,22,116,7,2,85,253,0.245,0.305,0.36,0.664,85,*5H3/D1,riverem01,3B
466,Jim Dyck,0,1.6,517,2.5,1.6,0.07,1.6,0.8,2.7,-1.8,-1.9,0,0,0,0,0,0,0,0,6,1951,1956,0,330,1134,983,139,242,52,5,26,114,4,6,131,140,0.246,0.339,0.389,0.728,99,57H/893,dyckji01,3B
467,Bill Hague,0,1.6,358,2.5,1.6,0.068,1.6,0.8,0.8,1.9,-3,0,0,0,0,0,0,0,0,5,1875,1879,0,301,1295,1276,134,303,23,2,2,114,3,4,19,90,0.237,0.249,0.263,0.512,66,*5/36,haguebi01,3B
468,Otis Miller,0,1.6,332,2.5,1.6,0.066,1.6,0.9,0.9,1.4,-1.9,0,0,0,0,0,0,0,0,4,1927,1932,0,272,911,837,95,229,39,6,0,91,3,7,49,46,0.274,0.315,0.335,0.65,71,5H46,milleot02,3B
469,Harry Arndt,0,1.6,440,2.5,1.6,0.064,1.6,0.9,2.8,-1.1,-2.2,0,0,0,0,0,0,0,0,4,1902,1907,0,271,1096,985,118,244,26,20,6,99,27,,85,82,0.248,0.312,0.333,0.645,92,459/H736,arndtha01,2B
470,Connor Norby,0,1.6,319,2.5,1.6,0.062,1.6,1.4,2.5,-0.9,-0.7,0,0,0,0,0,0,0,0,3,2024,2026,0,176,694,629,89,153,35,1,21,68,16,7,50,201,0.243,0.307,0.402,0.709,97,53/D4H,norbyco01,3B
471,Cody Ransom,0,2.1,395,7.5,1,0.06,1.6,0.4,2.1,-0.4,-1.7,0,0,0,0,0,0,0,0,11,2001,2013,0,383,859,752,111,160,47,2,30,105,6,3,88,274,0.213,0.303,0.4,0.703,86,65H4/3D7,ransoco01,SS
472,Blaze Alexander,0,1.6,229,2.5,1.6,0.058,1.6,1.4,1.6,0.3,-0.2,0,0,0,0,0,0,0,0,3,2024,2026,0,174,556,490,61,117,22,2,10,55,12,8,44,166,0.239,0.319,0.353,0.672,88,54/6DH879,alexabl01,3B
473,Javier Pérez,0,1.5,344,2.5,1.5,0.056,1.5,1.2,1,0.9,-0.8,0,0,0,0,0,0,0,0,7,1934,1945,0,216,849,756,111,204,33,8,3,102,15,,67,,0.27,0.331,0.347,0.677,80,54/678329,perezja01,3B
474,Mark Vientos,0,1.5,621,2.5,1.5,0.054,1.5,0.7,3.4,-2.5,-2.8,0,0,0,0,0,0,0,0,5,2022,2026,0,352,1338,1229,139,293,55,3,60,179,2,0,85,363,0.238,0.291,0.434,0.726,102,5D3H,vientma01,3B
475,Maikel Franco,0,2.8,1596,2.5,0.2,0.052,1.5,0,5.5,-3.6,-11.2,0,0,0,0,0,0,0,0,9,2014,2022,0,923,3573,3309,364,809,163,4,130,467,5,1,221,569,0.244,0.293,0.414,0.707,89,*5H/3D,francma02,3B
476,Robb Quinlan,0,1.7,531,0,1.3,0.05,1.5,0.5,1.9,-1.8,-3,0,0,0,0,0,0,0,0,8,2003,2010,0,458,1196,1112,134,307,54,5,25,121,16,10,69,187,0.276,0.322,0.401,0.723,90,35H7/D9,quinlro01,1B
477,Keith Ginter,0,1.5,524,2.5,1.5,0.048,1.5,0.7,4.1,-2.1,-2,0,0,0,0,0,0,0,0,6,2000,2005,0,325,1118,971,120,236,52,4,38,140,9,2,105,230,0.243,0.329,0.422,0.751,95,45H/D769,ginteke01,2B
478,Casey McGehee,0,2.2,1331,2.5,0.7,0.046,1.5,0.1,3.7,-2.5,-8.8,0,0,0,0,0,0,0,0,8,2008,2016,0,850,3086,2798,285,721,141,6,67,380,7,10,249,517,0.258,0.317,0.384,0.701,91,*53H/4D9,mcgehca01,3B
479,Ryan Flaherty,0,2,579,2.5,1,0.044,1.5,0.3,0.5,1.5,-4.2,0,0,0,0,0,0,0,0,8,2012,2019,0,547,1474,1324,152,284,52,5,37,142,10,2,112,360,0.215,0.284,0.345,0.629,71,45H639/7D1,flahery01,2B
480,Luis Cruz,0,1.4,221,2.5,1.4,0.042,1.4,1.2,-1.2,3.3,-0.6,0,0,0,0,0,0,0,0,5,2008,2013,0,195,652,610,57,143,27,1,7,57,4,2,24,78,0.234,0.272,0.316,0.589,62,56/H437,cruzlu01,3B
481,Javier Sanoja,0,1.4,204,2.5,1.4,0.04,1.4,1.3,1,0.6,-1.2,0,0,0,0,0,0,0,0,3,2024,2026,0,168,482,444,48,109,30,4,7,58,8,6,28,57,0.245,0.291,0.378,0.669,86,574H/861D3,sanojja01,3B
482,Juan Francisco,0,1.4,520,2.5,1.4,0.038,1.4,0.6,2.1,-1,-2.1,0,0,0,0,0,0,0,0,6,2009,2014,0,404,1091,996,110,235,50,4,48,152,2,6,81,375,0.236,0.297,0.439,0.736,100,5H3/D,francju02,3B
483,Jess Brooks,0,1.4,107,2.5,1.4,0.036,1.4,3.9,1,0.4,0.7,0,0,0,0,0,0,0,0,1,1937,1937,0,56,222,195,36,52,14,6,2,30,0,,23,,0.267,0.344,0.431,0.775,113,5,brookje02,3B
484,Urbane Pickering,0,1.3,375,2.5,1.3,0.034,1.3,0.9,1.6,0.3,-1.9,0,0,0,0,0,0,0,0,2,1931,1932,0,235,880,798,95,205,41,9,11,92,6,8,72,124,0.257,0.319,0.372,0.691,84,5/H42,pickeur01,3B
485,Jim Bucher,0,1.3,739,2.5,1.3,0.032,1.3,0.4,2.8,-1,-5,0,0,0,0,0,0,0,0,7,1934,1945,0,554,1914,1792,242,474,66,19,17,193,19,16,91,113,0.265,0.302,0.351,0.653,78,54H97/8,bucheji01,3B
486,Addison Barger,0,1.3,345,2.5,1.3,0.03,1.3,1,1.2,0.1,-1.2,0,0,0,0,0,0,0,0,3,2024,2026,0,213,755,690,83,154,44,1,28,104,6,1,55,188,0.223,0.283,0.412,0.694,90,59/H7D,bargead01,3B
487,Héctor Rodríguez,0,1.3,242,2.5,1.3,0.028,1.3,1.3,0.4,1,-0.5,0,0,0,0,0,0,0,0,2,1944,1952,0,162,630,558,85,149,16,0,1,52,13,6,61,22,0.267,0.343,0.301,0.645,78,5/H6,rodrihe01,3B
488,Darnell Coles,0,4.1,1361,2.5,-1.5,0.026,1.3,-0.2,2.6,-5.7,-12.1,0,0,0,0,0,0,0,0,14,1983,1997,0,957,3224,2891,333,709,142,14,75,368,20,23,237,445,0.245,0.307,0.382,0.689,88,*59H73D/6,colesda01,3B
489,Joaquín Arias,0,1.6,418,2.5,1,0.024,1.3,0.4,1.9,-0.1,-2.6,0,0,0,0,0,0,0,0,8,2006,2015,0,474,1118,1052,112,279,46,11,7,95,13,3,37,150,0.265,0.293,0.35,0.643,80,5H46/3D7,ariasjo01,3B
490,Bob Wilson,0,1.3,145,2.5,1.3,0.022,1.3,2.2,1.3,-0.1,0.2,0,0,0,0,0,0,0,0,3,1947,1958,0,94,334,304,30,91,10,1,3,40,8,0,25,1,0.299,0.355,0.368,0.723,104,5/H9,wilsobo01,3B
491,Clyde Beck,0,1.3,661,2.5,1.3,0.02,1.3,0.4,-0.7,3.8,-4.4,0,0,0,0,0,0,0,0,6,1926,1931,0,468,1758,1525,203,354,56,11,12,162,9,8,184,180,0.232,0.317,0.307,0.624,62,546/H,beckcl01,3B
492,Dario Lodigiani,0,1.3,641,2.5,1.3,0.018,1.3,0.5,2.5,-0.6,-3.8,0,0,0,0,0,0,0,0,6,1938,1946,0,405,1552,1364,142,355,71,7,16,156,12,8,141,86,0.26,0.338,0.358,0.696,85,54/H,lodigda01,3B
493,Bruno Betzel,0,1.2,565,2.5,1.2,0.016,1.2,0.4,0.4,1.4,-3.9,0,0,0,0,0,0,0,0,5,1914,1918,0,448,1579,1444,135,333,37,25,2,94,49,29,90,189,0.231,0.278,0.295,0.573,76,45H/9876,betzebr01,2B
494,Don Ross,0,1.2,673,2.5,1.2,0.014,1.2,0.4,1.8,-0.8,-4,0,0,0,0,0,0,0,0,7,1938,1946,0,498,1683,1488,129,390,63,4,12,162,10,6,166,70,0.262,0.338,0.334,0.672,86,59H/6743,rossdo01,3B
495,Ray Bates,0,1.2,203,2.5,1.2,0.012,1.2,1.3,1.5,0.3,-1,0,0,0,0,0,0,0,0,2,1913,1917,0,154,565,515,51,120,20,9,2,70,15,,24,48,0.233,0.277,0.318,0.595,83,5/H8,batesra01,3B
496,Paul Dade,0,1.2,623,0,1.2,0.01,1.2,0.5,3.4,-3,-3.8,0,0,0,0,0,0,0,0,6,1975,1980,0,439,1467,1313,186,355,54,7,10,107,57,33,113,193,0.27,0.328,0.345,0.673,89,95H78/D4,dadepa01,RF
497,Matt Dominguez,0,1.2,538,2.5,1.2,0.008,1.2,0.5,0.2,1.9,-3.5,0,0,0,0,0,0,0,0,5,2011,2016,0,362,1369,1272,123,294,48,2,42,152,0,2,66,249,0.231,0.273,0.371,0.644,79,*5/DH3,dominma01,3B
498,Zinn Beck,0,1.2,356,2.5,1.2,0.006,1.2,0.7,0.9,1.5,-2.1,0,0,0,0,0,0,0,0,5,1913,1918,0,290,998,902,75,204,32,16,3,73,21,10,58,95,0.226,0.279,0.307,0.586,77,5/H6349,beckzi01,3B
499,Jim Presley,0,2.1,1708,2.5,0.3,0.004,1.2,0.1,5.4,-3.6,-11.9,0,0,0,0.01,0,0,0,0,8,1984,1991,1,959,3818,3546,413,875,181,14,135,495,9,14,210,859,0.247,0.29,0.42,0.71,91,*53/HD6,preslji01,3B
500,Abraham Toro,0,1.2,629,2.5,1.2,0.002,1.2,0.4,1.9,-0.7,-4.1,0,0,0,0,0,0,0,0,7,2019,2025,0,442,1582,1438,178,321,60,4,41,161,16,8,101,270,0.223,0.285,0.356,0.641,81,543HD/719,toroab01,3B
172,Ha-Seong Kim,0,14.9,1023,7.5,14.9,0.658,14.9,4.1,10.4,7.3,7.8,0,0,0,0.01,0,0,1,0.1,6,2021,2026,0,594,2188,1915,249,459,84,8,52,217,84,19,224,416,0.24,0.322,0.373,0.696,96,*645H/D,kimha01,SS
176,Geraldo Perdomo,0,14.7,1073,7.5,14.7,0.65,14.7,3.9,13.5,4.7,7.3,0,1,1,0.47,0,1,1,0.4,6,2021,2026,1,605,2322,1953,311,491,94,17,36,237,68,16,278,359,0.251,0.348,0.372,0.72,101,*64/H5,perdoge01,SS
181,John Peters,0,14.3,912,7.5,13.7,0.64,14,3.6,11.9,5.7,4.6,0,0,0,0,0,0,0,0.3,11,1874,1884,0,615,2718,2693,373,748,92,12,3,249,14,8,25,77,0.278,0.284,0.324,0.609,97,*64/O1,peterjo01,SS
183,Billy Myers,0,14,1178,7.5,14,0.636,14,3.1,11.2,7.4,4.5,0,0,0,0.08,0,0,1,0.2,7,1935,1941,0,738,2726,2399,319,616,88,33,45,243,23,29,250,445,0.257,0.328,0.377,0.706,93,*6/4H,myersbi01,SS
188,Adam Everett,0,13.9,1194,7.5,12.6,0.626,13.2,2.3,0.9,15.7,2.9,0,0,0,0,0,0,0,0,11,2001,2011,0,880,3070,2758,334,668,135,15,40,283,67,21,174,455,0.242,0.294,0.346,0.64,66,*6H/54D,everead01,SS
190,Zach Neto,0,13,852,7.5,13,0.622,13,5.1,10.2,5.4,7.5,0,0,0,0,0,0,0,0.1,4,2023,2026,0,415,1705,1520,221,371,89,3,66,195,68,24,120,434,0.244,0.319,0.437,0.755,110,*6/H,netoza01,SS
191,Eddie Lake,0,13.1,1437,7.5,12.6,0.62,12.9,2.4,13.9,3.5,2.8,0,0,0,0.01,0,1,1,0.4,11,1939,1950,0,835,3201,2595,445,599,105,9,39,193,52,45,546,312,0.231,0.366,0.323,0.689,91,*6H45/1,lakeed01,SS
193,Martín Dihigo,0,12.7,980,7.5,12.4,0.616,12.5,5.1,11.1,1.5,14.9,0,0,0,0,0,4,4,2.6,9,1923,1945,2,397,1617,1418,290,436,71,19,68,309,47,,184,,0.307,0.389,0.528,0.918,138,631548/792,dihigma99,SS
194,Buddy Kerr,0,12.6,1553,7.5,12.3,0.614,12.4,1.9,10.8,8.7,-2.8,0,0,0,0.13,0,0,0,0,9,1943,1951,1,1067,4058,3631,378,903,145,25,31,333,38,23,324,280,0.249,0.312,0.328,0.64,76,*6/5H4,kerrbu01,SS
195,CJ Abrams,0,11.9,1158,7.5,11.9,0.612,11.9,3.4,13.1,2.1,4.5,0,0,0,0,0,0,0,0,5,2022,2026,1,570,2356,2142,316,542,115,20,68,249,123,26,134,462,0.253,0.312,0.421,0.733,106,*6/H4D9,abramcj01,SS
197,Addison Russell,0,11.7,981,7.5,11.7,0.608,11.7,3.1,5.4,9.1,4.7,0,0,0,0.01,0,0,0,0,5,2015,2019,1,615,2212,1987,256,480,100,9,60,253,17,5,186,532,0.242,0.312,0.392,0.704,86,*64H,russead02,SS
198,Elly De La Cruz,0,11.7,1167,7.5,11.7,0.606,11.7,4,13.1,1.4,5.3,0,0,1,0.21,0,0,1,0.2,4,2023,2026,2,468,2035,1827,309,474,94,24,71,237,148,36,190,601,0.259,0.332,0.454,0.786,111,*65/DH,delacel01,SS
199,Bob Allen,0,11.5,1093,7.5,11.5,0.604,11.5,3.1,8.3,6.9,2.8,0,0,0,0,0,0,0,0,7,1890,1900,0,607,2532,2216,338,534,77,45,14,306,53,,297,221,0.241,0.334,0.335,0.669,88,*6/4O,allenbo01,SS
200,Sam Bankhead,0,9.6,1240,7.5,13.4,0.602,11.5,3.4,10.1,5.3,5.8,0,0,0,0,0,0,0,0.2,15,1932,1948,9,632,2715,2389,413,681,93,34,17,328,100,0,247,,0.285,0.355,0.374,0.729,98,*6784/51932,bankhsa01,SS
201,Nick Ahmed,0,11.9,1423,7.5,11.1,0.6,11.5,1.9,3.8,12.1,0.2,0,0,0,0,0,0,0,0,12,2014,2025,0,964,3401,3116,365,726,160,25,72,339,44,23,227,681,0.233,0.286,0.37,0.656,74,*6H/D4,ahmedni01,SS
202,Ted Strong,0,11.5,587,0,11.3,0.598,11.4,7.3,10.3,0.6,8.3,0,0,0,0,0,3,5,1.8,8,1937,1948,7,250,1000,841,185,279,45,13,25,178,30,,132,,0.332,0.433,0.505,0.938,170,96/3548,stronte01,RF
204,Gary Disarcina,0,11.6,1477,7.5,11.2,0.594,11.4,1.7,5.2,12.8,-2.9,0,0,0,0.01,0,0,0,0,12,1989,2000,1,1086,4032,3744,444,966,186,20,28,355,47,44,154,306,0.258,0.292,0.341,0.633,66,*6/H45,disarga01,SS
206,Taylor Walls,0,11.3,703,7.5,11.3,0.59,11.3,3.6,3.2,10.7,5.8,0,0,0,0,0,0,0,0,6,2021,2026,0,515,1687,1468,200,289,65,10,22,150,72,18,191,427,0.197,0.289,0.3,0.589,68,*645H/D,wallsta01,SS
207,Wander Franco,0,11.3,603,7.5,11.3,0.588,11.3,6.9,9.3,3.4,7.6,0,0,0,0,0,0,1,0.1,3,2021,2023,1,265,1143,1037,164,292,61,14,30,130,40,11,92,139,0.282,0.34,0.454,0.795,123,6/D5H4,francwa01,SS
208,Bill Keister,0,11.2,1292,7.5,11.2,0.586,11.2,2.9,15.4,-3.1,2.2,0,0,0,0,0,0,0,0,7,1896,1903,0,621,2614,2433,400,758,133,63,18,400,131,,90,116,0.312,0.349,0.44,0.789,118,649/58H,keistbi01,SS
210,Eddie Kasko,0,11.3,1469,7.5,11.1,0.582,11.2,1.7,8.2,7.6,-3.7,0,0,0,0,0,0,0,0,10,1957,1966,2,1077,3881,3546,411,935,146,13,22,261,31,31,265,353,0.264,0.317,0.331,0.648,76,*6*5H4,kaskoed01,SS
212,Bill Hall,0,12.4,1802,2.5,9.6,0.578,11,1.5,7.6,4.1,-1.8,0,0,0,0,0,0,0,0.1,11,2002,2012,0,1053,3674,3334,450,827,210,21,125,440,62,40,286,971,0.248,0.308,0.436,0.744,93,564H87/9D1,hallbi03,3B
213,Frank Duffy,0,11.4,1049,7.5,10.4,0.576,10.9,1.8,5,11.4,0.1,0,0,0,0,0,0,0,0,10,1970,1979,0,915,2924,2665,248,619,104,14,26,240,49,30,171,342,0.232,0.279,0.311,0.59,69,*6H/54D3,duffyfr01,SS
214,Cliff Pennington,0,11.1,1298,7.5,9.9,0.574,10.5,1.7,8.4,5.8,-1.1,0,0,0,0,0,0,0,0,11,2008,2018,0,971,3142,2799,324,678,120,21,36,242,84,28,266,619,0.242,0.309,0.339,0.648,79,*64H5/7D31,pennicl01,SS
215,Amed Rosario,0,10.8,1796,7.5,10.1,0.572,10.5,1.6,16.9,-2.4,-3,0,0,0,0,0,0,0,0,10,2017,2026,0,1032,3991,3766,479,1028,171,47,73,405,110,36,174,778,0.273,0.308,0.401,0.709,96,*64H5D9/871,rosaram01,SS
216,Bill Gleason,0,10.4,1356,7.5,10.3,0.57,10.4,2.1,10.4,4.8,2.3,0,0,0,0,0,0,0,0.1,8,1882,1889,0,798,3624,3395,613,907,111,35,7,298,70,,177,51,0.267,0.313,0.327,0.64,96,*6/53,gleasbi01,SS
217,Doc Lavan,0,11.6,1479,7.5,9.1,0.568,10.4,1.3,8.7,8.5,-6.7,0,0,0,0,0,0,0,0,12,1913,1924,0,1163,4269,3891,338,954,134,45,7,377,71,56,209,376,0.245,0.288,0.308,0.596,75,*6/H4538,lavando01,SS
218,Frank Austin,0,10.4,570,7.5,10.4,0.566,10.4,6.6,9.5,2.4,7.2,0,0,0,0,0,2,3,1.1,5,1944,1948,6,254,1144,1010,197,346,63,14,3,139,23,,101,,0.343,0.404,0.442,0.846,134,6/479,austifr01,SS
219,Horace Ford,0,10,1999,7.5,10.6,0.564,10.3,1.2,5.9,12,-7,0,0,0,0.03,0,0,0,0,15,1919,1933,0,1446,5388,4833,484,1269,200,55,16,494,21,47,351,354,0.263,0.316,0.337,0.652,73,*6*4/H53,fordho01,SS
220,Craig Grebeck,0,10.3,939,2.5,10.2,0.562,10.3,2.2,7.4,5.6,2.3,0,0,0,0,0,0,0,0,12,1990,2001,0,752,2299,1988,239,518,116,8,19,187,4,11,228,274,0.261,0.34,0.356,0.696,87,465H/D79,grebecr01,2B
221,Wayne Causey,0,11.8,1508,7.5,8.4,0.56,10.1,1.2,10.1,2.6,-3,0,0,0,0.03,0,0,0,0,11,1955,1968,0,1105,3722,3244,357,819,130,26,35,285,12,12,390,341,0.252,0.333,0.341,0.674,89,*6*45H,causewa01,SS
223,Walter Cannady,0,9.9,1002,7.5,10.2,0.556,10.1,3.6,11.2,0.5,5.1,0,0,0,0,0,0,1,0.3,13,1922,1945,1,463,1891,1736,317,556,97,28,30,340,61,,142,,0.32,0.373,0.46,0.834,118,645/31789,cannawa01,SS
224,Tommy Butts,0,10.2,807,7.5,9.6,0.554,9.9,3.3,6.1,6.2,3.7,0,0,0,0,0,2,2,0.9,10,1938,1948,5,471,2034,1787,311,481,57,27,4,199,34,,169,,0.269,0.338,0.338,0.676,88,*6/549,buttsto01,SS
225,Pythias Russ,0,9.9,654,7.5,9.9,0.552,9.9,5.1,8.8,2.3,5.7,0,0,0,0,0,0,0,0.1,5,1925,1929,0,311,1227,1146,215,375,65,26,14,212,47,,73,,0.327,0.372,0.466,0.838,122,62/347,russpy01,SS
226,Charlie Gelbert,0,10.5,1396,7.5,9.3,0.55,9.9,1.7,7.4,6.7,-1.5,0,0,0,0.08,0,0,0,0,9,1929,1940,0,876,3217,2869,398,766,169,43,17,350,34,28,290,245,0.267,0.336,0.374,0.709,81,*65H/41,gelbech01,SS
227,Jeff Reboulet,0,9.5,1022,2.5,10,0.548,9.8,1.6,4.9,8.1,1.2,0,0,0,0,0,0,0,0,12,1992,2003,0,1018,2607,2229,310,536,100,6,20,202,22,15,292,401,0.24,0.332,0.318,0.649,72,*4*65H3/9D782,rebouje01,2B
228,Manuel Lee,0,9.7,1103,7.5,9.8,0.546,9.7,1.7,6.3,8,-0.3,0,0,0,0,0,0,0,0,11,1985,1995,0,922,2960,2693,304,686,88,20,19,249,31,20,201,531,0.255,0.305,0.323,0.629,73,*6*4H5/D9,leema02,SS
229,Edmundo Sosa,0,9.7,623,7.5,9.7,0.544,9.7,3.1,6.7,4.8,5,0,0,0,0,0,0,0,0,8,2018,2026,0,511,1442,1318,179,338,61,15,37,160,25,9,58,329,0.256,0.308,0.41,0.718,97,654H/7D8,sosaed01,SS
230,Freddy Galvis,0,10,1816,7.5,9.3,0.542,9.6,1.4,8.9,5.7,-4.3,0,0,0,0,0,0,0,0,10,2012,2021,0,1102,4238,3921,436,966,171,27,109,426,57,21,241,853,0.246,0.292,0.387,0.68,83,*64H5/7D38,galvifr01,SS
231,Bones Ely,0,10.6,2112,7.5,8.5,0.54,9.5,1,4,11.7,-12.1,0,0,0,0,0,0,0,0,14,1884,1902,0,1343,5592,5167,656,1333,149,68,24,657,165,,257,292,0.258,0.295,0.327,0.622,70,*6O/4135H,elybo01,SS
232,Mark Koenig,0,11,1820,7.5,8,0.538,9.5,1.1,10.9,2.7,-8.8,0,0,0,0,0,0,0,0,12,1925,1936,0,1162,4605,4271,572,1190,195,49,28,446,31,26,222,190,0.279,0.316,0.367,0.683,80,*654H/139,koenima01,SS
233,Dick Howser,0,9.7,1261,7.5,9.3,0.536,9.5,1.9,13,0.5,0.4,0,0,0,0,0,0,0,0,8,1961,1968,2,789,2938,2483,398,617,90,17,16,165,105,34,367,186,0.248,0.346,0.318,0.664,87,*6H4/5,howsedi01,SS
234,José Uribe,0,10,1292,7.5,8.7,0.534,9.4,1.4,5.8,8.9,-2.6,0,0,0,0,0,0,0,0,10,1984,1993,0,1038,3369,3064,307,738,99,34,19,219,74,46,256,425,0.241,0.3,0.314,0.613,75,*6H/4,uribejo01,SS
235,U L Washington,0,9.5,1352,7.5,9.2,0.532,9.3,1.6,10.4,4.4,-1,0,0,0,0,0,0,0,0,11,1977,1987,0,907,3124,2797,358,703,103,36,27,255,132,53,261,409,0.251,0.313,0.343,0.656,82,*6H4/D5,washiu_01,SS
236,Sadie Houck,0,10,979,7.5,8.7,0.53,9.3,2.2,8.6,3,0.4,0,0,0,0,0,0,0,0,8,1879,1887,0,641,2727,2659,406,666,106,58,4,234,31,,48,77,0.25,0.269,0.338,0.608,91,*6O/4,houcksa01,SS
237,George Shoch,0,8.6,1282,7.5,9.9,0.528,9.2,2.3,10.3,-0.1,0.1,0,0,0,0,0,0,0,0,11,1886,1897,0,707,2924,2540,414,671,89,28,10,323,138,,298,129,0.264,0.354,0.333,0.687,93,O645/1,shochge01,SS
238,Dick Schofield,0,9.9,1317,7.5,8.5,0.526,9.2,1,6.6,6.8,-4.7,0,0,0,0,0,0,0,0,19,1953,1971,0,1321,3545,3083,394,699,113,20,21,211,12,29,390,526,0.227,0.317,0.297,0.614,73,*6*H45/97,schofdi01,SS
239,Charles Fulmer,0,9.3,846,7.5,8.9,0.524,9.1,2.5,7.2,4.7,1.3,0,0,0,0,0,0,0,0.1,11,1871,1884,0,583,2482,2439,361,635,70,30,8,262,14,8,43,67,0.26,0.273,0.323,0.597,89,*645/3O12,fulmech01,SS
240,Bob Bailor,0,9.2,1232,0,8.9,0.522,9.1,1.5,5.1,5,-1.9,0,0,0,0,0,0,0,0,11,1975,1985,0,954,3206,2937,339,775,107,23,9,222,90,36,187,164,0.264,0.31,0.325,0.636,77,9645H87/D1,bailobo01,RF
241,Billy Klaus,0,9.8,1227,7.5,8.1,0.52,9,1.6,6.8,4.4,-0.8,0,0,0,0.08,0,0,0,0,11,1952,1963,0,821,2887,2513,357,626,106,15,40,250,14,7,331,285,0.249,0.335,0.351,0.686,83,*65H4/7,klausbi01,SS
242,Chester Williams,0,8.7,939,7.5,9.2,0.518,9,2.7,6.5,5.4,2.1,0,0,0,0,0,0,1,0.3,12,1930,1942,4,562,2281,2081,292,585,81,34,10,270,39,,136,,0.281,0.327,0.367,0.694,88,*64/52,willich03,SS
243,Otto Lopez,0,8.8,569,7.5,8.8,0.516,8.8,4.5,6.6,3.8,4.8,0,0,0,0,0,0,1,0.1,5,2021,2026,0,316,1238,1144,143,312,57,3,25,140,42,14,77,192,0.273,0.321,0.393,0.714,98,64/H58D7,lopezot01,SS
244,Anthony Volpe,0,8.7,872,7.5,8.7,0.514,8.7,3,6.3,5.4,2.5,0,0,0,0,0,0,0,0,4,2023,2026,0,477,1906,1730,219,386,84,15,52,195,72,20,144,477,0.223,0.286,0.379,0.665,84,*6/H,volpean01,SS
245,Billy Clingman,0,8.9,1275,2.5,8.5,0.512,8.7,1.7,5.3,6.9,-2.9,0,0,0,0,0,0,0,0,10,1890,1903,0,820,3252,2854,413,700,86,32,8,302,98,,303,303,0.245,0.323,0.306,0.629,73,*5*6/4,clingbi01,3B
246,Dickey Pearce,0,8.6,414,7.5,8.6,0.51,8.6,4.8,5.2,4.9,3.6,0,0,0,0,0,0,1,0.2,7,1871,1877,0,291,1361,1328,217,333,21,4,2,134,13,4,33,21,0.251,0.269,0.277,0.546,80,6/4O513,pearcdi01,SS
247,José Caballero,0,8.6,632,7.5,8.6,0.508,8.6,3.4,5.4,4.6,4,0,0,0,0,0,0,0,0,4,2023,2026,0,410,1280,1121,160,260,58,3,22,119,132,35,110,326,0.232,0.317,0.348,0.664,89,645H9/D781,cabaljo01,SS
248,Tom Carey,0,8.5,809,7.5,8.5,0.506,8.5,2.6,8.5,2.8,0.3,0,0,0,0,0,0,0,0,9,1871,1879,0,536,2410,2394,405,646,77,14,5,270,27,7,16,61,0.27,0.275,0.32,0.595,89,*64/5O3,careyto01,SS
249,José Vizcaíno,0,10,2311,7.5,7,0.504,8.5,0.6,8.5,4.9,-11.1,0,0,0,0,0,0,0,0,18,1989,2006,0,1820,5918,5379,633,1453,204,47,36,480,74,62,378,729,0.27,0.318,0.346,0.663,76,*6*4*H53/D7,vizcajo01,SS
250,Ernie Johnson,0,8.7,1212,7.5,8.2,0.502,8.5,1.6,7.6,5.3,-1.3,0,0,0,0,0,0,0,0,10,1912,1925,0,813,2919,2619,372,697,91,36,19,257,114,44,181,160,0.266,0.317,0.35,0.667,82,*6H45,johnser01,SS
251,Khalil Greene,0,8.5,1298,7.5,8.5,0.5,8.5,1.9,8.6,3.4,-0.1,0,0,0,0,0,0,0,0,7,2003,2009,0,736,2835,2567,322,628,157,14,90,352,25,6,190,556,0.245,0.302,0.422,0.723,94,*6H/5,greenkh01,SS
252,Jimmy Cooney,0,8.3,615,7.5,8.3,0.498,8.3,4.2,4.6,5.8,3.4,0,0,0,0,0,0,0,0,3,1890,1892,0,324,1459,1302,221,315,35,14,4,118,77,,148,48,0.242,0.324,0.3,0.623,81,*6/2,cooneji01,SS
253,Bob Johnson,0,8.1,1050,7.5,8.3,0.496,8.2,1.5,7.4,2.4,0.2,0,0,0,0,0,0,0,0,11,1960,1970,0,874,2508,2307,254,628,88,11,44,230,24,12,156,291,0.272,0.32,0.377,0.697,95,H6453/7,johnsbo02,SS
254,Ramón Santiago,0,9,1036,7.5,7.4,0.494,8.2,1.3,6.3,5.1,-2.6,0,0,0,0,0,0,0,0,13,2002,2014,0,920,2794,2436,295,592,85,18,30,214,30,15,203,420,0.243,0.314,0.33,0.643,75,*6*4H5/D7,santira01,SS
255,Dal Maxvill,0,8.5,1270,7.5,7.7,0.492,8.1,0.9,0,15.6,-5.9,0,0,0,0.01,0,0,0,0,14,1962,1975,0,1423,3898,3443,302,748,79,24,6,252,7,11,370,538,0.217,0.293,0.259,0.552,57,*64H/579,maxvida01,SS
256,Ollie Beard,0,8,652,7.5,8,0.49,8,3.9,5,4.8,4.1,0,0,0,0,0,0,0,0,3,1889,1891,0,331,1423,1307,195,353,34,34,4,173,73,,112,61,0.27,0.33,0.357,0.687,96,65,beardol01,SS
257,Masyn Winn,0,8,630,7.5,8,0.488,8,3.6,6.2,3.9,3.2,0,0,0,0,0,0,1,0.1,4,2023,2026,0,357,1486,1353,183,341,69,7,27,137,26,12,99,270,0.252,0.307,0.373,0.68,92,*6/HD,winnma01,SS
258,Halley Harding,0,7.9,792,7.5,7.9,0.486,7.9,3.4,7.8,1.6,2.5,0,0,0,0,0,0,0,0,7,1926,1937,0,380,1654,1485,268,441,76,22,4,151,59,,160,,0.297,0.368,0.386,0.754,101,*67/4958,hardiha01,SS
259,Deivi Cruz,0,8.3,1749,7.5,7.4,0.484,7.9,1,8.2,5.5,-7.4,0,0,0,0.01,0,0,0,0,9,1997,2005,0,1234,4375,4124,442,1109,250,16,70,464,16,28,132,429,0.269,0.293,0.388,0.682,78,*6H4/5D3,cruzde01,SS
260,Aledmys Díaz,0,8.7,1157,7.5,7.1,0.482,7.9,1.6,8.8,0.1,-1.3,0,0,0,0,0,0,0,0,9,2016,2024,1,705,2543,2327,291,602,140,5,78,294,15,11,156,394,0.259,0.312,0.424,0.735,99,*654H73/D9,diazal02,SS
261,Larry Brown,0,8.8,1417,7.5,6.9,0.48,7.8,1,6.6,6.8,-6.2,0,0,0,0,0,0,0,0,12,1963,1974,0,1129,3872,3449,331,803,108,13,47,254,22,23,317,414,0.233,0.3,0.313,0.612,76,*645H,brownla01,SS
262,Alex Cora,0,8.4,1446,7.5,7,0.478,7.7,0.9,4.4,7,-5.2,0,0,0,0,0,0,0,0,14,1998,2011,0,1273,3825,3408,360,828,140,39,35,286,47,21,248,423,0.243,0.31,0.338,0.648,72,*6*4H5/3D7,coraal01,SS
263,Alex Grammas,0,8,881,7.5,7.3,0.476,7.7,1.3,3.8,7.8,-1.6,0,0,0,0,0,0,0,0,10,1954,1963,0,913,2352,2073,236,512,90,10,12,163,17,14,206,193,0.247,0.318,0.317,0.635,68,*654H,grammal01,SS
264,Mike Aviles,0,9.4,1350,7.5,5.9,0.474,7.7,1,6.1,2.7,-5.6,0,0,0,0,0,0,0,0,10,2008,2017,0,915,3234,3009,380,786,139,13,60,306,78,31,141,424,0.261,0.295,0.376,0.671,82,*645H79/D83,avilemi01,SS
265,Rafael Ramírez,0,9.1,2253,7.5,6.1,0.472,7.6,0.6,12.8,2.2,-13.7,0,0,0,0.04,0,0,0,0,13,1980,1992,1,1539,5887,5494,562,1432,224,31,53,484,112,75,264,621,0.261,0.295,0.342,0.637,77,*6H5/479,ramirra01,SS
266,Dave Altizer,0,7.5,782,7.5,7.5,0.47,7.5,2.4,9.9,-1.5,0.1,0,0,0,0,0,0,0,0,6,1906,1911,0,514,1998,1734,204,433,36,21,4,116,119,,140,120,0.25,0.318,0.302,0.619,100,63894H/57,altizda01,SS
267,Jesse Williams,0,7.5,450,7.5,7.5,0.468,7.5,4.6,5.5,3.3,4.5,0,0,0,0,0,2,2,1.2,7,1939,1945,2,264,1042,932,154,250,35,17,5,98,29,,87,,0.268,0.338,0.358,0.696,110,64/5738,willibi04,SS
268,Wil Cordero,0,9,2217,0,6,0.466,7.5,0.8,12.7,-7.7,-9.3,0,0,0,0,0,0,0,0,14,1992,2005,1,1247,4738,4311,587,1178,261,19,122,566,49,19,325,775,0.273,0.33,0.428,0.758,95,*7*63HD4/95,cordewi01,LF
269,Tim Foli,0,9.1,2217,7.5,5.7,0.464,7.4,0.5,-0.2,16.5,-15.4,0,0,0,0,0,0,0,0,16,1970,1985,0,1696,6573,6047,576,1515,241,20,25,501,81,55,265,399,0.251,0.283,0.309,0.593,64,*645H/38D7,foliti01,SS
270,Shorty Fuller,0,7.7,1767,7.5,7.1,0.462,7.4,1.2,4.4,8.1,-5.2,0,0,0,0,0,0,0,0,9,1888,1896,0,964,4157,3678,651,863,96,43,6,349,260,,444,198,0.235,0.322,0.289,0.611,67,*64/5O,fullesh01,SS
271,Zeb Terry,0,7.4,960,7.5,7.4,0.46,7.4,1.9,4.1,6.6,-1.5,0,0,0,0,0,0,0,0,7,1916,1922,0,640,2667,2327,254,605,90,24,2,216,32,40,179,133,0.26,0.318,0.322,0.64,79,*6*4/H5,terryze01,SS
272,Damian Jackson,0,7.7,1165,2.5,6.6,0.458,7.2,1.3,6.6,2,-1.2,0,0,0,0,0,0,0,0,11,1996,2006,0,827,2509,2209,332,536,121,17,32,198,133,39,245,517,0.243,0.323,0.356,0.679,81,*46H78/59D3,jacksda04,2B
273,George Strickland,0,7.4,1252,7.5,6.9,0.456,7.2,1.1,5,7,-3.9,0,0,0,0,0,0,0,0,10,1950,1960,0,971,3268,2824,305,633,84,27,36,284,12,10,361,453,0.224,0.313,0.311,0.624,70,*645H/3,stricge01,SS
274,Mike Benjamin,0,7.5,803,7.5,6.7,0.454,7.1,1.3,-1.2,10.5,0.1,0,0,0,0,0,0,0,0,13,1989,2002,0,818,2124,1926,227,442,109,15,24,169,44,14,106,429,0.229,0.277,0.339,0.616,61,*654H/3D19,benjami01,SS
275,Eric McNair,0,9.3,2093,7.5,4.9,0.452,7.1,0.6,8.1,2.7,-12.3,0,0,0,0.06,0,0,0,0,14,1929,1942,0,1251,4870,4519,592,1240,229,29,82,633,59,54,261,328,0.274,0.318,0.392,0.71,80,*645H/39,mcnaier01,SS
276,Billy Urbanski,0,7.1,1247,7.5,7.1,0.45,7.1,1.5,8.9,2.9,-3.9,0,0,0,0,0,0,0,0,7,1931,1937,0,763,3346,3046,379,791,123,27,19,207,24,24,198,252,0.26,0.309,0.337,0.646,81,*65/H,urbanbi01,SS
277,César Izturis,0,7.9,1735,7.5,6.1,0.448,7,0.8,-0.9,13,-8.5,0,0,0,0,0,0,0,0,13,2001,2013,1,1310,4679,4350,441,1103,177,34,17,312,110,53,226,431,0.254,0.293,0.322,0.614,64,*6H45/D3,izturce01,SS
278,Ryan Theriot,0,7.1,1542,7.5,6.7,0.446,6.9,1.2,8.1,2.1,-4.1,0,0,0,0,0,0,0,0,8,2005,2012,0,899,3615,3246,446,911,138,18,17,257,121,49,285,383,0.281,0.341,0.35,0.691,83,*6*4H/579,theriry01,SS
279,John McDonald,0,7.4,937,7.5,6.3,0.444,6.9,0.9,-0.6,10.9,-2.9,0,0,0,0,0,0,0,0,16,1999,2014,0,1100,2651,2434,276,568,105,14,28,210,34,19,118,379,0.233,0.273,0.323,0.596,59,*645H/D71,mcdonjo03,SS
280,José Pagán,0,8,1558,7.5,5.7,0.442,6.9,0.7,9.3,0.9,-9.2,0,0,0,0.05,0,0,0,0,15,1959,1973,0,1326,4032,3689,387,922,138,26,52,372,46,35,244,510,0.25,0.298,0.344,0.641,79,*6*5H7/4932,paganjo01,SS
281,Brad Miller,0,7.4,1695,7.5,6.2,0.44,6.8,1,14,-6.8,-6,0,0,0,0,0,0,0,0,11,2013,2023,0,1055,3531,3132,397,740,133,30,123,405,43,18,350,873,0.236,0.314,0.416,0.73,101,*6H43D57/981,millebr02,SS
282,Steve Yerkes,0,6.8,1143,2.5,6.8,0.438,6.8,1.5,8.5,-0.4,-2.8,0,0,0,0,0,0,0,0,7,1909,1916,0,711,2879,2521,307,676,124,32,6,254,54,22,207,197,0.268,0.328,0.35,0.677,95,*46/H5,yerkest02,2B
283,Johnny Lipon,0,7.3,1238,7.5,5.9,0.436,6.6,1.3,5.2,5.2,-3,0,0,0,0,0,0,0,0,9,1942,1954,0,758,3089,2661,350,690,95,24,10,266,28,25,347,152,0.259,0.346,0.324,0.671,78,*6H/54,liponjo01,SS
284,Kevin Elster,0,7.1,1381,7.5,6.2,0.434,6.6,1.1,7,4.5,-4.4,0,0,0,0,0,0,0,0,13,1986,2000,0,940,3225,2844,332,648,136,12,88,376,14,11,295,562,0.228,0.3,0.377,0.677,83,*6H/534,elsteke01,SS
285,Andre Rodgers,0,7,1233,7.5,6.3,0.432,6.6,1.2,10.4,-0.3,-4.9,0,0,0,0,0,0,0,0,11,1957,1967,0,854,2872,2521,268,628,112,23,45,245,22,20,290,507,0.249,0.328,0.365,0.694,90,*6H35/479,rodgean01,SS
286,Kevin Stocker,0,7.3,1310,7.5,5.9,0.43,6.6,1.1,6.3,4.5,-4.2,0,0,0,0,0,0,0,0,8,1993,2000,0,846,3197,2773,340,703,124,28,23,248,45,28,313,541,0.254,0.338,0.343,0.682,79,*6/H,stockke01,SS
287,Jordy Mercer,0,6.5,1456,7.5,6.6,0.428,6.5,1.1,10.4,0.8,-4.4,0,0,0,0,0,0,0,0,10,2012,2021,0,950,3416,3104,330,796,173,15,66,308,13,11,246,589,0.256,0.315,0.386,0.701,91,*64H/53D79,mercejo03,SS
288,Leroy Morney,0,7.2,612,7.5,5.8,0.426,6.5,2.7,6,0.8,1.6,0,0,0,0,0,1,1,0.4,12,1932,1944,3,345,1375,1211,207,336,59,17,8,160,34,,125,,0.277,0.348,0.374,0.722,104,645/7398,mornele01,SS
289,Ivy Olson,0,6.9,2384,7.5,6,0.424,6.5,0.6,10.2,5.1,-16.1,0,0,0,0,0,0,0,0,14,1911,1924,0,1574,6635,6111,730,1575,191,69,13,446,156,46,285,301,0.258,0.295,0.318,0.613,74,*645H3/79,olsoniv01,SS
291,Tom Foley,0,7.2,1195,7.5,5.6,0.42,6.4,0.8,3.4,5.8,-4.4,0,0,0,0,0,0,0,0,13,1983,1995,0,1108,2988,2708,248,661,134,20,32,263,32,29,232,387,0.244,0.303,0.344,0.647,79,*6*4H53/71,foleyto02,SS
292,John Richmond,0,6.6,630,7.5,6.1,0.418,6.3,2.2,6.3,1,0.8,0,0,0,0,0,0,1,0.2,8,1875,1885,0,440,1833,1725,239,410,45,28,5,83,1,0,103,80,0.238,0.283,0.305,0.588,96,6O/42,richmjo01,SS
293,George Toporcer,0,6.4,756,7.5,6.1,0.416,6.3,1.8,6.4,2,0.4,0,0,0,0,0,0,0,0,8,1921,1928,0,546,1779,1566,223,437,76,22,9,151,22,14,150,93,0.279,0.347,0.373,0.72,90,6H45/39,toporsp01,SS
294,Bob Fisher,0,6.2,754,7.5,6.2,0.414,6.2,2,6.9,2.5,0.2,0,0,0,0,0,0,0,0,7,1912,1919,0,503,1912,1742,189,480,61,26,11,170,48,36,80,157,0.276,0.309,0.359,0.668,97,*64H/57,fishebo01,SS
295,Dave Anderson,0,6.7,899,7.5,5.8,0.412,6.2,1.1,6.1,2.9,-2,0,0,0,0,0,0,0,0,10,1983,1992,0,873,2287,2026,244,490,73,12,19,143,49,30,206,331,0.242,0.312,0.318,0.629,79,*65H4/3,anderda02,SS
296,Jake Dunn,0,6.7,910,7.5,5.7,0.41,6.2,1.8,6.3,0,-0.7,0,0,0,0,0,0,0,0,11,1930,1943,2,513,2004,1777,305,497,76,30,24,288,28,,177,,0.28,0.346,0.397,0.743,97,69847/531,dunnja02,SS
297,Oneil Cruz,0,6.2,931,7.5,6.2,0.408,6.2,2.3,9.6,-1.7,0.5,0,0,0,0,0,0,0,0,6,2021,2026,0,424,1760,1573,223,371,75,10,70,230,89,13,166,565,0.236,0.311,0.43,0.741,105,68/HD7,cruzon01,SS
298,Bobby Crosby,0,6.8,1228,7.5,5.4,0.406,6.1,1.2,6.5,2.1,-4.6,0,0,0,0,0,0,0,0,8,2003,2010,0,747,2846,2559,329,605,146,8,62,276,34,13,241,516,0.236,0.304,0.372,0.677,80,*635H/4D9,crosbbo01,SS
299,Bus Clarkson,0,6.1,408,7.5,6.1,0.404,6.1,5.7,6.5,0,4.1,0,0,0,0,0,1,1,0.6,6,1938,1952,1,173,686,601,127,191,38,7,25,141,10,0,80,3,0.318,0.399,0.529,0.928,158,65/794H3,clarkbu01,SS
300,Artie Wilson,0,6,288,7.5,6,0.402,6,7.4,5.3,1.4,4.6,0,0,0,0,0,1,2,0.8,6,1944,1951,7,131,541,483,90,177,21,12,0,48,17,0,49,1,0.366,0.428,0.46,0.888,153,6/H43,wilsoar02,SS
301,Bill Almon,0,7.2,1520,7.5,4.7,0.4,6,0.6,9.5,-1.5,-7.2,0,0,0,0.02,0,0,0,0,15,1974,1988,0,1236,3659,3330,390,846,138,25,36,296,128,60,250,636,0.254,0.305,0.343,0.648,84,*6H57439/D82,almonbi01,SS
302,Ezequiel Tovar,0,5.9,849,7.5,5.9,0.398,5.9,2.1,4.4,4.3,-0.1,0,0,0,0.01,0,0,0,0,5,2022,2026,0,460,1902,1784,221,453,111,12,52,199,25,13,80,518,0.254,0.288,0.417,0.705,85,*6/H,tovarez01,SS
303,Dale Berra,0,6.4,1119,7.5,5.4,0.396,5.9,1,3.6,6.1,-4.2,0,0,0,0,0,0,0,0,11,1977,1987,0,853,2853,2553,236,603,109,9,49,278,32,17,210,422,0.236,0.294,0.344,0.638,76,*65H/4D,berrada01,SS
304,Adeiny Hechavarría,0,6.6,1275,7.5,5,0.394,5.8,0.9,3.9,5.8,-5.7,0,0,0,0,0,0,0,0,9,2012,2020,0,922,3288,3071,311,778,116,36,37,273,35,19,163,550,0.253,0.291,0.351,0.641,76,*64H5/D,hechaad01,SS
305,Nicky Lopez,0,6,890,2.5,5.6,0.392,5.8,1.3,5.1,3.4,-2.5,0,0,0,0,0,0,0,0,8,2019,2026,0,690,2379,2133,263,522,83,18,7,153,47,19,181,342,0.245,0.309,0.31,0.62,72,*465H/D317,lopezni01,2B
306,Pat Meares,0,6.7,1421,7.5,4.8,0.39,5.7,0.8,4.8,5.4,-7.1,0,0,0,0,0,0,0,0,9,1993,2001,0,982,3560,3287,401,849,157,24,58,382,43,27,150,588,0.258,0.299,0.374,0.673,73,*64H/89,mearepa01,SS
307,Don Buddin,0,5.7,1246,7.5,5.7,0.388,5.7,1.3,9.9,0,-2.8,0,0,0,0,0,0,0,0,6,1956,1962,0,711,2766,2289,342,551,123,12,41,225,15,8,410,404,0.241,0.358,0.359,0.717,92,*6/H54,buddido01,SS
308,Leo Durocher,0,7.1,2122,7.5,4.1,0.386,5.6,0.4,2.4,11.4,-16,0,0,2,0.3,0,0,0,0,17,1925,1945,3,1637,5829,5350,575,1320,210,56,24,567,31,41,377,480,0.247,0.299,0.32,0.619,66,*64H/5,durocle01,SS
309,Bill Knickerbocker,0,6.7,1548,7.5,4.5,0.384,5.6,0.8,5.4,4.3,-8.4,0,0,0,0.03,0,0,0,0,10,1933,1942,0,907,3756,3418,423,943,198,27,28,368,25,46,244,238,0.276,0.326,0.374,0.7,79,*64H/5,knickbi01,SS
310,Frank Shugart,0,5.8,1487,7.5,5.1,0.382,5.5,1.1,8.7,-0.8,-6,0,0,0,0,0,0,0,0,8,1890,1901,0,745,3290,3014,483,804,110,79,22,384,131,,218,207,0.267,0.323,0.378,0.7,90,*6O/52,shugafr01,SS
311,Greg Pryor,0,6.3,731,2.5,4.6,0.38,5.5,0.9,2,5.6,-2.1,0,0,0,0,0,0,0,0,10,1976,1986,0,789,2049,1883,204,471,85,9,14,146,11,12,104,185,0.25,0.291,0.327,0.618,70,*564H/3D,pryorgr01,3B
312,Stan Rojek,0,5.4,759,7.5,5.4,0.378,5.4,1.7,4.6,4.1,-2.3,0,0,1,0.15,0,0,0,0,8,1942,1952,0,522,1960,1764,225,470,67,13,4,122,32,32,152,100,0.266,0.327,0.326,0.653,75,*6H/45,rojekst01,SS
313,Wally Gerber,0,6.5,2102,7.5,4.3,0.376,5.4,0.5,7.3,6.5,-18,0,1,1,0.4,0,0,0,0,15,1914,1929,0,1522,5831,5099,558,1309,172,46,7,477,43,47,465,357,0.257,0.323,0.313,0.635,67,*6H/458,gerbewa01,SS
314,Jorge Mateo,0,5.3,688,7.5,5.3,0.374,5.3,1.7,4.1,3.1,0.2,0,0,0,0,0,0,0,0,7,2020,2026,0,516,1474,1362,200,306,74,12,32,127,111,22,77,394,0.225,0.27,0.367,0.637,79,*6H48/D5791,mateojo01,SS
315,Kiko Garcia,0,5.3,604,7.5,4.9,0.372,5.1,1.3,2.3,5.9,-0.5,0,0,0,0,0,0,0,0,10,1976,1985,0,619,1595,1470,162,351,56,16,12,112,34,22,95,285,0.239,0.286,0.323,0.609,71,*64H5/7,garciki01,SS
316,Everth Cabrera,0,5.1,912,7.5,5.1,0.37,5.1,1.6,7.2,0.6,-1.2,0,0,0,0,0,0,0,0,7,2009,2015,1,510,2068,1829,228,450,73,20,12,132,138,38,175,432,0.246,0.315,0.328,0.643,83,*6/H45,cabreev01,SS
317,Neifi Pérez,0,7.5,2210,7.5,2.6,0.368,5,0.3,-3.5,13,-14.2,0,0,0,0,0,0,0,0,12,1996,2007,0,1403,5510,5127,640,1370,238,61,64,489,57,45,231,503,0.267,0.297,0.375,0.672,64,*64H/52D,perezne01,SS
318,Ángel Alfonso,0,5,632,2.5,5,0.366,5,2.7,4.9,1.2,0.8,0,0,0,0,0,0,0,0,7,1924,1930,0,302,1318,1168,200,321,57,19,16,157,31,,137,,0.275,0.357,0.397,0.755,97,465,alfonan02,2B
319,Rubén Tejada,0,5.5,890,7.5,4.5,0.364,5,1.1,5.9,1.6,-3,0,0,0,0,0,0,0,0,9,2010,2019,0,663,2396,2119,225,530,110,1,10,158,16,11,202,359,0.25,0.324,0.317,0.641,81,*645H/1,tejadru01,SS
320,Orlando Arcia,0,6,1485,7.5,3.8,0.362,4.9,0.6,4.6,3.9,-7.7,0,0,0,0,0,0,0,0,10,2016,2025,1,1013,3537,3254,345,778,137,8,90,347,43,17,241,722,0.239,0.292,0.369,0.661,76,*64H/573D18,arciaor01,SS
321,Colson Montgomery,0,4.8,265,7.5,4.8,0.36,4.8,6.7,4,1.5,3.3,0,0,0,0,0,0,0,0,2,2025,2026,0,117,476,422,66,100,17,1,34,86,1,1,43,140,0.237,0.32,0.524,0.844,132,6/5HD,montgco01,SS
322,Rabbit Warstler,0,5.7,1620,7.5,3.9,0.358,4.8,0.5,0.4,9.7,-12.7,0,0,0,0,0,0,0,0,11,1930,1940,0,1205,4616,4088,431,935,133,36,11,332,42,34,405,414,0.229,0.3,0.287,0.587,59,*6*4H/5,warstra01,SS
323,Roger Metzger,0,6,1668,7.5,3.5,0.356,4.7,0.5,7,4.2,-11.2,0,0,0,0,0,0,0,0,11,1970,1980,0,1219,4676,4201,453,972,101,71,5,254,83,36,355,449,0.231,0.291,0.293,0.584,68,*6H/45,metzgro01,SS
324,Kevin Newman,0,5.2,939,7.5,4.2,0.354,4.7,1,5.4,1.7,-3.6,0,0,0,0,0,0,0,0,8,2018,2025,0,672,2343,2172,243,562,102,12,28,210,47,15,120,300,0.259,0.3,0.355,0.656,78,*645H/3D71,newmake01,SS
325,Kurt Stillwell,0,6.2,1404,7.5,3.1,0.352,4.6,0.5,9.7,-1.5,-8.5,0,0,0,0,0,0,0,0,9,1986,1996,1,998,3478,3125,362,779,151,30,34,310,38,29,274,455,0.249,0.311,0.349,0.66,82,*64H/53D,stillku01,SS
326,Willi Castro,0,4.9,1203,2.5,4.2,0.35,4.6,0.9,8.8,-3.4,-4.8,0,0,0,0,0,0,0,0,8,2019,2026,1,744,2733,2456,362,600,117,24,58,244,78,30,186,668,0.244,0.312,0.382,0.694,93,467589H/D13,castrwi01,2B
327,Johnny Burnett,0,5,850,7.5,4.1,0.348,4.6,1.2,5.8,0.7,-3.3,0,0,0,0,0,0,0,0,9,1927,1935,0,558,2042,1835,288,521,94,15,9,213,15,12,163,107,0.284,0.345,0.366,0.712,81,65H4/79,burnejo01,SS
328,Álvaro Espinoza,0,5.2,908,7.5,3.9,0.346,4.6,0.7,1,7.3,-5.1,0,0,0,0,0,0,0,0,12,1984,1997,0,942,2659,2478,252,630,105,9,22,201,13,19,76,324,0.254,0.279,0.331,0.61,66,*654H/3D1,espinal01,SS
329,John Knight,0,5,1119,7.5,4,0.344,4.5,0.8,7.2,-0.3,-7.7,0,0,0,0.06,0,0,0,0,8,1905,1913,0,767,3003,2664,301,636,96,24,14,270,86,2,211,448,0.239,0.3,0.309,0.609,84,*6534/H9,knighjo02,SS
330,Larry Kopf,0,5.2,1223,7.5,3.8,0.342,4.5,0.7,8,1.5,-7.6,0,0,0,0,0,0,0,0,10,1913,1923,0,853,3386,3010,349,750,84,30,5,266,72,48,242,214,0.249,0.312,0.302,0.614,78,*645H/87,kopfla01,SS
331,Ike Caveney,0,4.5,670,7.5,4.5,0.34,4.5,1.6,2.5,4.9,-1.2,0,0,0,0,0,0,0,0,4,1922,1925,0,466,1751,1577,173,410,61,24,13,196,15,13,97,126,0.26,0.307,0.354,0.661,74,*6/4H,cavenik01,SS
332,Bobby Wheelock,0,4.4,467,7.5,4.4,0.338,4.4,3,2.9,2.6,1.8,0,0,0,0,0,0,0,0,3,1887,1891,0,236,974,854,138,201,25,4,3,70,106,,118,70,0.235,0.33,0.285,0.614,80,6/O4,wheelbo01,SS
333,Jackie Tavener,0,4.4,1008,7.5,4.4,0.336,4.4,1.1,5,3.2,-5.1,0,0,0,0.09,0,0,0,0,6,1921,1929,0,632,2434,2131,254,543,88,53,13,243,46,36,186,231,0.255,0.318,0.364,0.682,76,*6/H,tavenja01,SS
334,Adalberto Mondesí,0,4.4,712,7.5,4.4,0.334,4.4,2,4.4,1.6,-0.3,0,0,0,0,0,0,0,0,7,2015,2022,0,358,1366,1273,180,311,54,20,38,157,133,26,60,412,0.244,0.28,0.408,0.687,82,64/5HD,mondera02,SS
335,Jimmy Cooney,0,4.4,621,7.5,4.4,0.332,4.4,1.6,1.2,6,-1.4,0,0,0,0,0,0,0,0,7,1917,1928,0,448,1722,1575,181,413,64,16,2,150,30,27,76,58,0.262,0.298,0.327,0.625,67,*64/H57,cooneji02,SS
336,Pat Listach,0,4.3,831,7.5,4.3,0.33,4.3,1.4,4.9,2.1,-2.5,0,0,0,0.02,0,0,0,0,6,1992,1997,0,503,1991,1772,250,444,63,13,5,143,116,38,167,338,0.251,0.316,0.309,0.626,68,*684H/759D,listapa01,SS
337,George Magoon,0,4.2,780,7.5,4.2,0.328,4.2,1.3,5.1,1.5,-3.5,0,0,0,0,0,0,0,0,5,1898,1903,0,522,2118,1834,199,439,62,16,2,201,47,,194,161,0.239,0.321,0.294,0.615,78,*64/5H,magooge01,SS
338,Ed Caskin,0,4.2,585,7.5,4.2,0.326,4.2,1.4,4.3,3,-2.9,0,0,0,0,0,0,0,0,7,1879,1886,0,482,1953,1871,229,427,50,10,2,163,0,,82,170,0.228,0.261,0.269,0.529,69,*652/4,caskied01,SS
339,Kyle Farmer,0,4.8,997,7.5,3.6,0.324,4.2,0.7,4.1,1.6,-4.3,0,0,0,0,0,0,0,0,10,2017,2026,0,814,2402,2186,247,541,103,7,63,288,16,17,134,491,0.247,0.306,0.387,0.693,85,*645H3D/271,farmeky01,SS
340,David Hamilton,0,4,326,2.5,4,0.322,4,2.7,2.1,2.9,1.8,0,0,0,0,0,0,0,0,4,2023,2026,0,241,673,606,94,135,25,2,14,54,65,14,55,162,0.223,0.291,0.34,0.631,77,46H/5D,hamilda03,2B
341,Charlie Babb,0,4,545,7.5,4,0.32,4,1.9,5.7,0.5,-0.5,0,0,0,0,0,0,0,0,3,1903,1905,0,347,1376,1180,144,287,41,13,0,116,66,,125,174,0.243,0.339,0.3,0.639,92,*63/5H4,babbch01,SS
342,Jeff Huson,0,5.8,809,7.5,2.2,0.318,4,0.4,2.1,3,-5.1,0,0,0,0,0,0,0,0,12,1988,2000,0,827,2127,1879,242,439,65,13,8,150,64,21,191,228,0.234,0.304,0.295,0.599,64,*6H453/D789,husonje01,SS
343,Larvell Blanks,0,4.7,732,7.5,3.2,0.316,4,0.8,5.9,0.7,-3.4,0,0,0,0,0,0,0,0,9,1972,1980,0,629,1953,1766,203,446,57,14,20,172,9,7,132,178,0.253,0.302,0.335,0.637,78,*64H5/D,blankla01,SS
344,Silvio García,0,4,262,7.5,4,0.314,4,5.2,3.6,0.9,2.5,0,0,0,0,0,0,0,0.1,4,1936,1947,4,123,493,447,61,144,21,6,9,84,23,,35,,0.322,0.379,0.456,0.835,125,6/5471,garcisi01,SS
345,Mike Moynahan,0,3.9,308,7.5,3.9,0.312,3.9,3.8,4.5,0.1,1.8,0,0,0,0,0,0,0,0.1,4,1880,1884,0,169,735,688,124,202,30,13,1,95,,,47,35,0.294,0.339,0.379,0.718,127,6O/45,moynami01,SS
346,Matt McLain,0,3.9,570,2.5,3.9,0.31,3.9,2.2,4.5,0.5,0.2,0,0,0,0,0,0,0,0,3,2023,2026,0,284,1175,1043,158,255,50,4,36,119,39,9,110,326,0.244,0.324,0.404,0.727,96,46/DH,mclaima01,2B
347,Bob Meacham,0,3.9,620,7.5,3.9,0.308,3.9,1.4,5,1.9,-1.2,0,0,0,0,0,0,0,0,6,1983,1988,0,457,1591,1371,202,324,58,8,8,114,58,24,140,276,0.236,0.313,0.308,0.621,73,*64/H5D,meachbo01,SS
348,Tim Beckham,0,3.9,822,7.5,3.9,0.306,3.9,1.3,6.4,-1,-2.2,0,0,0,0,0,0,0,0,7,2013,2022,0,484,1776,1639,202,404,75,15,63,199,13,12,111,514,0.246,0.299,0.426,0.724,96,645HD/73,beckhti01,SS
349,Denny Mack,0,4.2,532,0,3.4,0.304,3.8,1.5,2.8,1.7,-2.1,0,0,0,0,0,0,0,0,8,1871,1883,0,373,1598,1505,309,343,42,10,1,102,31,7,93,40,0.228,0.273,0.271,0.544,75,364/O1,mackde01,1B
350,Tyler Fitzgerald,0,3.8,311,2.5,3.8,0.302,3.8,3.4,3.6,0.9,1.6,0,0,0,0,0,0,0,0,3,2023,2025,0,178,618,563,75,142,31,3,21,53,28,8,41,188,0.252,0.309,0.43,0.739,109,46/8H75D193,fitzgty01,2B
351,Irv Ray,0,3.7,469,7.5,3.7,0.3,3.7,2.7,4.5,-0.2,1,0,0,0,0,0,0,0,0,4,1888,1891,0,226,999,902,154,263,30,11,3,123,59,,86,35,0.292,0.36,0.359,0.72,109,6O/54,rayir01,SS
352,Skeeter Newsome,0,6.2,1444,7.5,1.1,0.298,3.6,0.2,1.4,6.5,-12.6,0,0,0,0.01,0,0,0,0,12,1935,1947,0,1128,4087,3716,381,910,164,15,9,292,67,39,246,194,0.245,0.293,0.304,0.597,62,*64H5/79,newsosk01,SS
353,Joe Boley,0,3.6,776,7.5,3.6,0.296,3.6,1.1,3.9,2.7,-4.1,0,0,0,0,0,0,0,0,6,1927,1932,0,540,1982,1780,203,478,88,22,7,227,15,10,130,84,0.269,0.323,0.354,0.677,72,*6/H45,boleyjo01,SS
354,Wayne Tolleson,0,4.7,1007,7.5,2.3,0.294,3.5,0.4,3.3,2.9,-6.1,0,0,0,0,0,0,0,0,10,1981,1990,0,863,2614,2322,301,559,60,17,9,133,108,41,219,384,0.241,0.307,0.293,0.6,66,*645H/D87,tollewa01,SS
355,Phil Tomney,0,3.5,436,7.5,3.5,0.292,3.5,2.2,2.3,2.6,1.1,0,0,0,0,0,0,0,0,3,1888,1890,0,254,986,882,148,205,32,12,5,100,64,,96,69,0.232,0.313,0.313,0.626,85,6,tomneph01,SS
356,Dick Culler,0,3.7,614,7.5,3.3,0.29,3.5,1.1,3.3,2.9,-2.9,0,0,0,0,0,0,0,0,8,1936,1949,0,472,1729,1527,195,372,39,6,2,99,19,19,166,87,0.244,0.32,0.281,0.601,68,*65/4H,culledi01,SS
357,Willie Bloomquist,0,5.1,1310,7.5,1.8,0.288,3.5,0.3,5.1,-2,-8.9,0,0,0,0,0,0,0,0,14,2002,2015,0,1055,3136,2891,398,778,110,23,18,225,133,51,189,494,0.269,0.316,0.342,0.658,78,*6H548973D,bloomwi01,SS
358,Frank Taveras,0,4.9,1816,7.5,1.8,0.286,3.4,0.3,8.8,0.1,-12.2,0,0,0,0,0,0,0,0,11,1971,1982,0,1150,4399,4043,503,1029,144,44,2,214,300,106,249,474,0.255,0.301,0.313,0.614,72,*6H/4,taverfr01,SS
359,Hal Rhyne,0,3.4,853,7.5,3.4,0.284,3.4,0.8,3.3,3.3,-5,0,0,0,0.13,0,0,0,0,7,1926,1933,0,655,2298,2031,252,508,98,22,2,192,13,18,184,127,0.25,0.318,0.323,0.641,70,*64H/59,rhyneha01,SS
360,Félix Fermín,0,4.9,1031,7.5,1.8,0.282,3.4,0.3,4.2,3.2,-8.8,0,0,0,0,0,0,0,0,10,1987,1996,0,903,3072,2767,294,718,86,11,4,207,27,21,166,147,0.259,0.305,0.303,0.608,67,*64/5H3,fermife01,SS
361,Brayan Rocchio,0,3.3,441,7.5,3.3,0.28,3.3,1.6,2.7,2.3,-0.3,0,0,0,0,0,0,0,0,4,2023,2026,0,328,1089,961,115,223,47,3,17,114,26,13,88,212,0.232,0.306,0.34,0.646,83,64/H5,rocchbr01,SS
362,Rubén Amaro Sr.,0,4.3,868,7.5,2.3,0.278,3.3,0.4,3.3,2.6,-7,0,0,0,0.02,0,0,0,0,11,1958,1969,0,940,2451,2155,211,505,75,13,8,156,11,14,227,280,0.234,0.309,0.292,0.601,71,*63H5/47,amaroru01,SS
363,Joe Koppe,0,3.8,746,7.5,2.7,0.276,3.3,0.8,2.9,2.9,-3.5,0,0,0,0,0,0,0,0,8,1958,1965,0,578,1857,1606,202,379,61,12,19,141,16,13,209,345,0.236,0.324,0.324,0.649,77,*6H45/9,koppejo01,SS
364,Sonny Jackson,0,4.8,1301,7.5,1.7,0.274,3.3,0.3,6.9,-1.6,-10,0,0,0,0,0,0,0,0,12,1963,1974,0,936,3390,3055,396,767,81,28,7,162,126,51,250,265,0.251,0.308,0.303,0.611,73,*68H7/59,jacksso01,SS
365,Jacob Wilson,0,3.2,356,7.5,3.2,0.272,3.2,2.7,4.9,-0.4,0.6,0,0,0,0,0,0,0,0,3,2024,2026,1,192,794,739,91,221,36,2,16,85,7,2,40,69,0.299,0.341,0.418,0.759,106,6/DH,wilsoja05,SS
366,Luis Aguayo,0,3.7,535,7.5,2.7,0.27,3.2,0.8,4.3,0.5,-1.5,0,0,0,0,0,0,0,0,10,1980,1989,0,568,1244,1104,142,260,43,10,37,109,7,5,94,220,0.236,0.304,0.393,0.697,91,64H5/D,aguaylu01,SS
367,Red Shannon,0,3.1,489,2.5,3.1,0.268,3.1,1.6,4,0.4,-1.5,0,0,0,0,0,0,0,0,7,1915,1926,0,310,1227,1070,124,277,38,22,0,96,21,7,109,178,0.259,0.334,0.336,0.67,89,46/H5,shannre01,2B
368,Gerard Williams,0,3.1,384,7.5,3.1,0.266,3.1,2.6,3.1,1,0.4,0,0,0,0,0,0,0,0,3,1922,1924,0,196,874,772,128,214,31,11,4,92,26,,79,,0.277,0.346,0.361,0.707,92,6/54,willige04,SS
369,Benji Gil,0,3.5,702,7.5,2.8,0.264,3.1,0.7,-0.7,5.9,-3.4,0,0,0,0,0,0,0,0,8,1993,2003,0,604,1767,1610,158,381,75,12,32,171,24,21,102,448,0.237,0.283,0.358,0.641,65,*64H3D/58,gilbe01,SS
370,Rocky Bridges,0,3.4,927,7.5,2.9,0.262,3.1,0.5,0.7,6,-5.7,0,0,0,0,0,0,0,0,11,1951,1961,1,919,2538,2272,245,562,80,11,16,187,10,15,205,229,0.247,0.31,0.313,0.623,68,*645H/7,bridgro01,SS
371,Simon Nicholls,0,3.1,432,7.5,3.1,0.26,3.1,1.6,4.6,0.4,-1.8,0,0,0,0,0,0,0,0,6,1903,1910,0,312,1278,1133,144,284,32,6,4,58,27,,65,102,0.251,0.293,0.3,0.593,87,64/5H3,nichosi01,SS
372,Bobby Valentine,0,4.1,721,7.5,2,0.258,3.1,0.5,3.6,-0.6,-4.3,0,0,0,0,0,0,0,0,10,1969,1979,0,639,1909,1698,176,441,59,9,12,157,27,20,140,134,0.26,0.315,0.326,0.641,85,6H457/93D82,valenbo02,SS
373,Jim Holdsworth,0,3.1,530,7.5,3,0.256,3,1.5,6.2,-3.2,-1.9,0,0,0,0,0,0,0,0,8,1872,1884,0,319,1492,1484,221,432,38,22,0,138,8,7,8,20,0.291,0.295,0.346,0.641,108,O65/43,holdsji01,SS
374,Jake Stephens,0,3.9,670,7.5,2.1,0.254,3,0.8,0.4,4,-3.5,0,0,0,0,0,0,0,0,12,1923,1937,1,452,1789,1599,245,388,42,16,1,127,63,0,142,15,0.243,0.312,0.291,0.602,61,*6/4951,stephja02,SS
375,Tim Bogar,0,4.1,660,7.5,1.8,0.252,3,0.4,-0.7,4.6,-3.3,0,0,0,0,0,0,0,0,9,1993,2001,0,701,1710,1516,180,345,69,9,24,161,13,12,143,272,0.228,0.298,0.332,0.631,64,*6H534/71D,bogarti01,SS
376,Swede Risberg,0,2.9,738,7.5,2.9,0.25,2.9,1,5.9,0.1,-4.1,0,0,0,0,0,0,0,0,4,1917,1920,0,476,1838,1619,196,394,72,27,6,173,52,10,148,180,0.243,0.311,0.332,0.644,83,*6/35H49,risbesw01,SS
377,Pumpsie Green,0,2.9,440,2.5,2.9,0.248,2.9,1.4,3.8,0.2,0,0,0,0,0,0,0,0,0,5,1959,1963,0,344,954,796,119,196,31,12,13,74,12,10,138,132,0.246,0.357,0.364,0.721,95,4H6/5,greenpu01,2B
378,Joe Hewitt,0,3.6,660,7.5,2.1,0.246,2.9,0.9,4.3,-0.8,-2.9,0,0,0,0,0,0,0,0,10,1920,1932,0,385,1581,1276,248,293,32,6,3,101,90,,224,,0.23,0.36,0.271,0.631,75,645/798,hewitjo01,SS
379,Roy Smalley,0,3.3,1214,7.5,2.4,0.244,2.9,0.4,5.5,2.2,-9.1,0,0,0,0,0,0,0,0,11,1948,1958,0,872,2949,2644,277,601,103,33,61,305,4,6,257,541,0.227,0.3,0.36,0.66,77,*6H/435,smallro01,SS
380,David Howard,0,3,640,7.5,2.6,0.242,2.8,0.6,-1.5,6.5,-3.5,0,0,0,0,0,0,0,0,9,1991,1999,0,645,1795,1583,169,362,57,14,11,148,23,19,137,311,0.229,0.291,0.303,0.595,57,*64H5/9873D1,howarda02,SS
381,Roxey Roach,0,2.7,281,7.5,2.7,0.24,2.7,2.5,2.5,1.4,0.9,0,0,0,0,0,0,0,0,4,1910,1915,0,177,685,608,67,151,31,6,3,54,26,0,52,73,0.248,0.311,0.334,0.645,90,6/74H,roachro01,SS
382,Jimmy Esmond,0,2.7,749,7.5,2.7,0.238,2.7,1,5,0.9,-0.7,0,0,0,0,0,0,0,0,4,1911,1915,0,461,1754,1540,204,406,52,35,8,162,61,,136,163,0.264,0.324,0.358,0.682,93,*6/H54,esmonji01,SS
383,Chris Owings,0,4.1,1061,7.5,1.4,0.236,2.7,0.3,1.1,2.1,-6.9,0,0,0,0,0,0,0,0,11,2013,2023,0,720,2489,2305,262,550,124,27,37,220,79,16,143,610,0.239,0.286,0.364,0.65,71,64H985/71D,owingch01,SS
384,Pelayo Chacón,0,2.6,282,7.5,2.6,0.234,2.6,2.7,2.4,1,0.6,0,0,0,0,0,0,0,0,5,1923,1927,0,156,647,584,82,165,21,12,0,77,18,,54,,0.283,0.347,0.36,0.707,92,6/3457,chacope01,SS
385,Chris Woodward,0,4.1,768,7.5,1.1,0.232,2.6,0.3,0.7,2.2,-5.3,0,0,0,0,0,0,0,0,12,1999,2011,0,659,1896,1706,211,408,87,14,33,191,9,6,137,400,0.239,0.296,0.365,0.661,71,*6H453/7D98,woodwch01,SS
386,Bill White,0,2.6,773,7.5,2.6,0.23,2.6,0.9,2.8,2.4,-2,0,0,0,0,0,0,0,0,5,1883,1888,0,467,1966,1834,272,441,39,37,6,205,76,,125,97,0.24,0.291,0.312,0.603,83,*6/5O41,whitebi02,SS
387,Alex Arias,0,3.2,811,7.5,1.9,0.228,2.6,0.4,4.3,-0.4,-4.2,0,0,0,0,0,0,0,0,11,1992,2002,0,775,2010,1773,203,470,84,6,18,196,10,5,181,211,0.265,0.338,0.35,0.688,81,*6H54/3,ariasal01,SS
388,Kevin McGonigle,0,2.6,107,7.5,2.6,0.226,2.6,9,2.1,0.7,1.9,0,0,0,0,0,1,1,0.4,1,2026,2026,0,46,202,172,28,50,12,2,2,16,7,0,28,25,0.291,0.396,0.419,0.815,130,6/5,mcgonke01,SS
389,Aaron Ledesma,0,2.5,330,7.5,2.5,0.224,2.5,1.4,2,1.3,-0.3,0,0,0,0,0,0,0,0,5,1995,2000,0,284,813,754,94,223,38,4,2,76,11,8,44,111,0.296,0.338,0.365,0.703,81,6H54/3D,ledesaa01,SS
390,Fred Stanley,0,3.3,641,7.5,1.7,0.222,2.5,0.3,3.4,2.8,-4.8,0,0,0,0,0,0,0,0,14,1969,1982,0,816,1906,1650,197,356,38,5,10,120,11,6,196,243,0.216,0.301,0.263,0.564,62,*64H5/D37,stanlfr01,SS
391,Ramón Vázquez,0,3.5,919,7.5,1.4,0.22,2.5,0.3,5.7,-2,-5.9,0,0,0,0,0,0,0,0,9,2001,2009,0,696,2227,1951,244,496,86,17,22,176,20,7,217,414,0.254,0.328,0.35,0.678,83,654H/3D,vazqura01,SS
392,Rey Ordóñez,0,3.7,1185,7.5,1.2,0.218,2.4,0.2,-3.8,10.1,-9.2,0,0,0,0,0,0,0,0,9,1996,2004,0,973,3407,3115,291,767,129,17,12,287,28,24,191,339,0.246,0.289,0.31,0.6,59,*6/H,ordonre01,SS
393,Andrés Blanco,0,3,534,2.5,1.8,0.216,2.4,0.5,2.5,0.3,-2.7,0,0,0,0,0,0,0,0,10,2004,2017,0,536,1321,1191,137,305,73,9,18,109,5,13,79,202,0.256,0.31,0.378,0.688,83,4H653/D719,blancan01,2B
394,John Radcliff,0,2.4,307,7.5,2.4,0.214,2.4,2.5,2.3,0.6,-0.1,0,0,0,0,0,0,0,0,5,1871,1875,0,157,825,812,198,229,32,9,2,113,9,5,13,5,0.282,0.293,0.351,0.644,92,65/O43,radcljo01,SS
395,Danny Shay,0,2.4,368,7.5,2.4,0.212,2.4,1.7,4.3,-0.5,-0.6,0,0,0,0,0,0,0,0,4,1901,1907,0,231,889,775,89,186,26,5,2,62,52,,88,54,0.24,0.325,0.294,0.62,90,64/H8,shayda01,SS
396,Milt Bolling,0,2.3,520,7.5,2.3,0.21,2.3,0.9,1.5,2.9,-1.9,0,0,0,0,0,0,0,0,7,1952,1958,0,400,1330,1161,127,280,50,7,19,94,5,12,114,188,0.241,0.313,0.345,0.658,75,*64H/5,bollimi01,SS
397,Marr Phillips,0,2.3,277,7.5,2.3,0.208,2.3,1.9,1.5,2.1,0.1,0,0,0,0,0,0,0,0,3,1884,1890,0,198,851,824,73,197,31,8,0,53,10,,23,13,0.239,0.263,0.296,0.559,78,6,phillma01,SS
398,Cool Turner,0,2.8,390,7.5,1.8,0.206,2.3,1.1,1.5,1.3,-1.6,0,0,0,0,0,0,0,0,9,1923,1932,0,267,1015,930,115,241,34,11,4,85,11,,70,,0.259,0.311,0.332,0.643,76,65/43,turneco01,SS
399,Eduardo Núñez,0,4.4,1413,2.5,0.2,0.204,2.3,0,10,-7.8,-10,0,0,0,0,0,0,0,0,11,2010,2020,1,858,3008,2813,353,776,148,19,58,309,142,38,135,400,0.276,0.31,0.404,0.714,91,*564HD7/91,nunezed02,3B
400,Jerry DaVanon,0,2.5,228,7.5,2,0.202,2.2,1.2,1.7,1.2,0.1,0,0,0,0,0,0,0,0,8,1969,1977,0,262,574,499,73,117,21,5,3,50,3,8,68,80,0.234,0.331,0.315,0.646,86,64H5/D39,davanje01,SS
401,Charley O'Leary,0,3.7,1118,7.5,0.7,0.2,2.2,0.1,5.3,1.2,-13,0,0,0,0,0,0,0,0,11,1904,1934,0,955,3607,3232,317,731,104,18,3,220,74,12,164,247,0.226,0.27,0.272,0.543,67,*645/H879,o'leach01,SS
402,Ángel Berroa,0,3.4,1130,7.5,1,0.198,2.2,0.2,5.4,-0.6,-8.9,0,0,0,0,0,0,0,0,9,2001,2009,0,746,2807,2575,329,665,118,21,46,254,50,20,117,460,0.258,0.303,0.374,0.677,76,*6H/5D4,berroan01,SS
403,Luis Rivera,0,3.1,929,7.5,1.2,0.196,2.2,0.3,2.9,2.8,-7.3,0,0,0,0,0,0,0,0,11,1986,1998,0,781,2453,2215,249,516,114,12,28,209,20,22,171,443,0.233,0.291,0.333,0.624,71,*6H4/5D7,riverlu01,SS
404,Billy Geer,0,2.2,306,7.5,2.2,0.194,2.2,1.5,2.6,0.8,-1.1,0,0,0,0,0,0,0,0,6,1874,1885,0,232,950,893,128,191,36,11,0,33,2,2,55,22,0.214,0.261,0.279,0.54,82,6/O4135,geerbi01,SS
405,Pedro Florimón,0,2.3,340,7.5,2,0.192,2.2,1,0.3,3,-1,0,0,0,0,0,0,0,0,8,2011,2018,0,321,867,788,96,166,35,7,12,73,26,10,63,243,0.211,0.27,0.319,0.588,61,6H/4895D17,floripe01,SS
406,Alan Storke,0,2.1,337,0,2.1,0.19,2.1,1.3,2.9,-0.2,-1.1,0,0,0,0,0,0,0,0,4,1906,1909,0,266,950,863,68,225,22,11,2,74,17,,45,66,0.261,0.3,0.319,0.619,94,356/H4,storkal01,1B
407,Marty Perez,0,4.3,1245,7.5,-0.1,0.188,2.1,0,2.5,2,-11.3,0,0,0,0,0,0,0,0,10,1969,1978,0,931,3463,3131,313,771,108,22,22,241,11,17,245,369,0.246,0.301,0.316,0.617,70,*6*4H5,perezma01,SS
408,Nick Allen,0,2.1,391,7.5,2.1,0.186,2.1,0.8,-1,5.1,-1.9,0,0,0,0,0,0,0,0,5,2022,2026,0,403,1213,1104,105,236,33,2,9,65,16,10,75,241,0.214,0.266,0.272,0.537,55,*64/H5D,allenni02,SS
409,Phil Linz,0,2,552,7.5,2,0.184,2,0.6,2.8,1.1,-2.8,0,0,0,0,0,0,0,0,7,1962,1968,0,519,1518,1372,185,322,64,4,11,96,13,13,112,195,0.235,0.295,0.311,0.606,72,6H45/987,linzph01,SS
410,Jerry Dybzinski,0,2,366,7.5,2,0.182,2,0.7,1.5,2.9,-1.3,0,0,0,0,0,0,0,0,6,1980,1985,0,468,1037,909,108,213,32,5,3,93,32,13,70,109,0.234,0.293,0.29,0.584,61,*6H45/D,dybzije01,SS
411,Gordon Slade,0,2,555,7.5,2,0.18,2,0.7,1.8,2.4,-2.9,0,0,0,0.06,0,0,0,0,6,1930,1935,0,437,1504,1372,147,353,60,11,8,123,12,18,84,116,0.257,0.307,0.335,0.641,74,*64H5/7,sladego01,SS
412,Andy Stankiewicz,0,2,363,2.5,2,0.178,2,0.8,1.7,1.5,-1.1,0,0,0,0,0,0,0,0,7,1992,1998,0,429,957,844,105,203,45,3,4,59,17,9,80,141,0.241,0.313,0.315,0.628,72,H46/5D,stankan01,2B
413,Rich Severson,0,2,108,7.5,2,0.176,2,3.5,1.1,1.4,1,0,0,0,0,0,0,0,0,2,1970,1971,0,93,293,270,26,69,11,3,1,23,0,0,19,38,0.256,0.307,0.33,0.637,77,64/H5,severri01,SS
414,Charley Williams,0,2.2,750,2.5,1.7,0.174,2,0.6,1.5,2,-4.8,0,0,0,0,0,0,0,0,8,1921,1931,0,493,1900,1769,184,457,63,22,8,225,43,,119,,0.258,0.307,0.332,0.639,71,*465/27,willich02,2B
415,Woody Woodward,0,2.2,810,7.5,1.6,0.172,1.9,0.3,0.7,5.3,-7.1,0,0,0,0,0,0,0,0,9,1963,1971,0,880,2424,2187,208,517,79,14,1,148,14,15,169,301,0.236,0.294,0.287,0.58,64,*645H/3,woodwwo01,SS
416,Nasim Nuñez,0,1.9,155,7.5,1.9,0.17,1.9,2.3,1.3,1.1,0.8,0,0,0,0,0,0,0,0,3,2024,2026,0,135,331,277,45,59,4,1,4,28,37,5,41,66,0.213,0.315,0.278,0.593,72,64H/D8,nunezna01,SS
417,Morten Clark,0,1.9,462,7.5,1.9,0.168,1.9,1.2,3.2,0.1,-1.8,0,0,0,0,0,0,0,0,4,1920,1923,0,259,1168,1006,185,254,30,11,4,77,36,,108,,0.252,0.328,0.316,0.644,83,6/58479,clarkmo01,SS
418,Danny Thompson,0,1.8,815,7.5,1.8,0.166,1.8,0.4,2.2,3.8,-6.7,0,0,0,0.01,0,0,0,0,7,1970,1976,0,694,2411,2218,189,550,70,11,15,194,8,11,120,235,0.248,0.287,0.31,0.596,69,*654H/D,thompda01,SS
419,Joe Cassidy,0,1.8,424,7.5,1.8,0.164,1.8,1,3.3,0.5,-3.2,0,0,0,0,0,0,0,0,2,1904,1905,0,303,1242,1157,130,264,28,23,2,76,40,,40,160,0.228,0.258,0.297,0.555,77,6/5897,cassijo02,SS
420,Joe Miller,0,1.8,267,7.5,1.8,0.162,1.8,1.4,1.2,1.9,-0.1,0,0,0,0,0,0,0,0,2,1884,1885,0,203,819,762,90,163,21,13,1,24,,,54,,0.214,0.269,0.28,0.548,75,6/54,millejo02,SS
421,Joe Sullivan,0,1.8,799,7.5,1.8,0.16,1.8,0.7,6,-3.1,-4.4,0,0,0,0,0,0,0,0,4,1893,1896,0,415,1845,1656,289,495,45,29,11,227,51,,117,80,0.299,0.362,0.381,0.743,93,*6O/45,sullijo01,SS
422,Chris Gomez,0,4.9,2099,7.5,-1.4,0.158,1.8,-0.1,10.1,-5.4,-18.4,0,0,0,0,0,0,0,0,16,1993,2008,0,1515,5148,4604,517,1206,234,18,60,487,35,33,408,750,0.262,0.325,0.36,0.685,82,*643H5/D,gomezch02,SS
423,Ehire Adrianza,0,2.4,638,7.5,1.1,0.156,1.7,0.3,2.1,0,-4.4,0,0,0,0,0,0,0,0,12,2013,2024,0,624,1578,1394,187,330,76,9,22,151,19,8,129,312,0.237,0.307,0.352,0.658,80,H65473/9D18,adriaeh01,SS
424,Glenn Crawford,0,1.7,154,7.5,1.7,0.154,1.7,3.2,1.9,0,0.6,0,0,0,0,0,0,0,0,2,1945,1946,0,87,350,306,41,89,13,2,2,24,5,3,37,15,0.291,0.369,0.366,0.735,108,69/4H7,crawfgl01,SS
425,Rick Auerbach,0,2.5,565,7.5,1,0.152,1.7,0.2,2.1,1.9,-4.6,0,0,0,0,0,0,0,0,11,1971,1981,0,624,1567,1407,167,309,56,5,9,86,36,21,127,198,0.22,0.286,0.286,0.572,66,*6H45,auerbri01,SS
426,Jimmy Macullar,0,1.7,603,7.5,1.7,0.15,1.7,0.6,3.6,-0.5,-2.8,0,0,0,0,0,0,0,0,6,1879,1886,0,449,1710,1541,246,319,47,19,7,91,23,,155,27,0.207,0.285,0.276,0.561,82,*6O/415,maculji01,SS
427,Art Butler,0,1.7,590,7.5,1.7,0.148,1.7,0.6,4.3,-0.6,-3.2,0,0,0,0,0,0,0,0,6,1911,1916,0,454,1490,1289,181,311,44,13,3,98,54,19,146,102,0.241,0.323,0.303,0.626,85,6H4/5897,butlear01,SS
428,Andrew Romine,0,2.6,504,7.5,0.7,0.146,1.7,0.2,0.6,1.2,-4.5,0,0,0,0,0,0,0,0,11,2010,2021,0,609,1391,1262,157,294,41,5,11,86,40,12,86,312,0.233,0.288,0.3,0.587,63,65H438/7D912,rominan01,SS
429,Rafael Belliard,0,3.4,776,7.5,-0.1,0.144,1.6,0,-4.1,8.8,-8.2,0,0,0,0,0,0,0,0,17,1982,1998,0,1155,2524,2301,217,508,55,14,2,142,43,17,136,384,0.221,0.27,0.259,0.53,46,*64H/5,bellira01,SS
430,Lennie Merullo,0,1.6,797,7.5,1.6,0.142,1.6,0.4,3.1,2.7,-6.2,0,0,0,0,0,0,0,0,7,1941,1947,0,639,2264,2071,191,497,92,8,6,152,38,17,136,174,0.24,0.291,0.301,0.591,69,*6H/3,merulle01,SS
431,Elliot Johnson,0,1.6,337,7.5,1.6,0.14,1.6,0.8,0.7,2,-1.3,0,0,0,0,0,0,0,0,5,2008,2014,0,318,826,749,80,161,26,7,12,69,46,16,54,218,0.215,0.269,0.316,0.586,63,64H/57D938,johnsel02,SS
432,Orlando Miller,0,1.6,430,7.5,1.6,0.138,1.6,0.9,2.2,0.9,-1.6,0,0,0,0,0,0,0,0,4,1994,1997,0,297,1017,943,95,244,53,5,24,113,8,11,43,223,0.259,0.305,0.402,0.707,90,65/HD34,milleor01,SS
433,Rudy Hulswitt,0,1.6,886,7.5,1.6,0.136,1.6,0.4,9.6,-3.5,-6.7,0,0,0,0,0,0,0,0,7,1899,1910,0,644,2426,2230,208,564,64,32,3,203,49,,136,172,0.253,0.299,0.314,0.613,89,*6H/45,hulswru01,SS
434,Ron Washington,0,1.9,676,7.5,1.2,0.134,1.6,0.4,3.8,0.1,-4.2,0,0,0,0,0,0,0,0,10,1977,1989,0,564,1689,1586,190,414,65,22,20,146,28,18,65,266,0.261,0.292,0.368,0.659,79,*64H5D/873,washiro01,SS
435,Mike Phillips,0,2.5,675,7.5,0.7,0.132,1.6,0.2,0.8,2.9,-5.3,0,0,0,0,0,0,0,0,11,1973,1983,0,712,1886,1719,166,412,46,24,11,145,12,12,124,234,0.24,0.291,0.314,0.605,70,*64H5,phillmi01,SS
436,Frank O'Rourke,0,4.4,1771,2.5,-1.3,0.13,1.6,-0.2,2.7,0.1,-18.7,0,0,0,0.09,0,0,0,0,14,1912,1931,0,1131,4611,4069,547,1032,196,42,15,429,100,60,314,377,0.254,0.315,0.333,0.649,69,*564H/38,o'roufr01,3B
437,Claude Corbitt,0,1.5,235,7.5,1.5,0.128,1.5,1.1,1.1,1.5,-1.3,0,0,0,0,0,0,0,0,4,1945,1949,0,215,701,630,60,153,22,1,1,37,8,6,47,30,0.243,0.297,0.286,0.583,63,64H/5,corbicl01,SS
438,Tom Barlow,0,1.5,227,12.5,1.5,0.126,1.5,1.9,2,0.1,-0.5,0,0,0,0,0,0,0,0,4,1872,1875,0,126,614,604,120,175,6,3,1,32,27,13,10,5,0.29,0.301,0.315,0.616,88,26/45,barloto01,C
439,Whitey Wietelmann,0,2,667,7.5,0.9,0.124,1.5,0.2,0.9,3.5,-6.3,0,0,0,0,0,0,0,0,9,1939,1947,0,580,1948,1762,170,409,55,6,7,122,14,19,156,131,0.232,0.298,0.282,0.58,63,*64H/513,wietewh01,SS
440,Bobby Sturgeon,0,1.4,429,7.5,1.4,0.122,1.4,0.6,1.8,2.1,-3.4,0,0,0,0,0,0,0,0,6,1940,1948,0,420,1279,1220,106,313,48,12,1,80,7,3,34,79,0.257,0.277,0.318,0.595,68,64H/5,sturgbo01,SS
441,Jimmy Hallinan,0,1.4,302,7.5,1.4,0.12,1.4,1.4,4.7,-2.8,-1.2,0,0,0,0,0,0,0,0,5,1871,1878,0,170,775,760,142,218,25,12,5,83,5,5,15,18,0.287,0.301,0.371,0.672,122,6O/45,halliji01,SS
442,Jim Brideweser,0,1.4,262,7.5,1.4,0.118,1.4,0.7,2.1,0.6,-0.7,0,0,0,0,0,0,0,0,7,1951,1957,0,329,700,620,79,156,22,6,1,50,6,2,63,78,0.252,0.322,0.311,0.633,76,6H4/5,brideji01,SS
443,Rico Rossy,0,1.4,134,7.5,1.4,0.116,1.4,1.6,0.6,1.4,0.1,0,0,0,0,0,0,0,0,4,1991,1998,0,147,365,317,43,67,18,1,4,28,0,3,35,45,0.211,0.293,0.312,0.605,64,654/HD,rossyri01,SS
444,Erik González,0,1.4,337,7.5,1.4,0.114,1.4,0.6,-0.7,3,-1.6,0,0,0,0,0,0,0,0,7,2016,2022,0,352,894,842,87,204,41,4,11,77,13,9,38,219,0.242,0.276,0.34,0.615,65,654H/37D98,gonzaer01,SS
445,Jeff Kunkel,0,1.7,354,7.5,1,0.112,1.4,0.4,0.8,1.6,-2.3,0,0,0,0,0,0,0,0,8,1984,1992,0,357,935,867,88,192,44,9,18,73,9,8,37,234,0.221,0.259,0.355,0.614,69,64H58/7D913,kunkeje01,SS
446,Phil Lewis,0,1.4,650,7.5,1.4,0.11,1.4,0.4,6.5,-0.9,-5.4,0,0,0,0,0,0,0,0,4,1905,1908,0,508,1945,1775,146,429,33,13,4,130,55,,95,107,0.242,0.281,0.282,0.563,80,*6/H,lewisph01,SS
447,Bill Akers,0,1.4,262,7.5,1.4,0.108,1.4,1.2,2.2,-0.1,-0.7,0,0,0,0,0,0,0,0,4,1929,1932,0,174,558,475,64,124,17,9,11,69,7,6,63,64,0.261,0.349,0.404,0.753,93,65/H4,akersbi01,SS
448,Glennfman,0,2.4,858,7.5,0.3,0.106,1.4,0.1,1.8,2.8,-7.4,0,0,0,0,0,0,0,0,9,1980,1989,0,766,2383,2163,247,524,106,9,23,210,5,16,136,309,0.242,0.291,0.331,0.623,68,*65/4H3D,hoffmgl01,SS
449,Justin Sellers,0,1.3,100,7.5,1.3,0.104,1.3,2.2,-0.2,1.9,0.4,0,0,0,0,0,0,0,0,4,2011,2014,0,99,287,252,33,50,13,1,3,17,1,1,25,59,0.198,0.28,0.294,0.574,61,6/45H,selleju01,SS
450,Ralph Wyatt,0,1.3,177,7.5,1.3,0.102,1.3,2,1.1,0.8,0.1,0,0,0,0,0,0,0,0,6,1941,1946,1,109,465,430,61,106,6,9,3,41,8,,30,,0.247,0.296,0.323,0.619,86,6/58,wyattra01,SS
451,Avelino Cañizares,0,1.3,50,7.5,1.3,0.1,1.3,11.3,1,0.4,1.1,0,0,0,0,0,0,1,0.1,1,1945,1945,0,19,87,80,16,30,7,0,1,8,4,0,6,,0.375,0.419,0.5,0.919,168,/6,canizav01,SS
452,Brian Giles,0,1.3,316,2.5,1.3,0.098,1.3,0.7,0.6,1.8,-1.4,0,0,0,0,0,0,0,0,6,1981,1990,0,287,791,709,74,162,27,0,10,50,27,13,70,151,0.228,0.298,0.309,0.607,70,46H/D5,gilesbr01,2B
453,Larnie Jordan,0,1.3,158,7.5,1.3,0.096,1.3,2.4,1.4,0.3,0.3,0,0,0,0,0,0,0,0,3,1940,1942,0,87,337,318,58,97,18,8,2,40,6,,15,,0.305,0.336,0.431,0.767,107,6/45,jordala01,SS
454,Charles Moran,0,1.3,355,7.5,1.3,0.094,1.3,0.8,2,0.8,-3.1,0,0,0,0,0,0,0,0,3,1903,1905,0,269,1099,970,89,201,28,6,1,50,20,,91,83,0.207,0.279,0.252,0.531,67,65/4H9,moranch01,SS
455,Kurt Abbott,0,1.9,1019,7.5,0.5,0.092,1.2,0.1,3.8,-1.1,-6.3,0,0,0,0,0,0,0,0,9,1993,2001,0,702,2227,2044,273,523,109,23,62,242,22,11,133,571,0.256,0.305,0.423,0.728,86,*64H57/39D8,abbotku01,SS
456,Howdy Caton,0,1.2,335,7.5,1.2,0.09,1.2,0.8,1,1.9,-1.8,0,0,0,0,0,0,0,0,4,1917,1920,0,231,923,814,85,184,18,16,0,53,18,9,83,52,0.226,0.301,0.287,0.588,72,6/5H8,catonho01,SS
457,Andrew Velazquez,0,1.2,244,7.5,1.2,0.088,1.2,0.7,-0.1,2.4,-0.9,0,0,0,0,0,0,0,0,6,2018,2023,0,275,624,566,77,107,19,2,12,40,40,7,38,211,0.189,0.244,0.293,0.537,49,6H/4875D9,velazan01,SS
458,Max Schuemann,0,1.2,275,7.5,1.2,0.086,1.2,0.8,1.6,0.5,-1.1,0,0,0,0,0,0,0,0,3,2024,2026,0,243,691,593,78,127,20,2,9,48,23,4,74,158,0.214,0.31,0.3,0.611,75,654H/789D,schuema01,SS
459,Tommy Cahill,0,1.2,228,12.5,1.2,0.084,1.2,1.6,1.7,0,0,0,0,0,0,0,0,0,0,1,1891,1891,0,119,477,430,68,109,17,7,3,44,38,,41,51,0.253,0.327,0.347,0.674,96,26/O45,cahilto01,C
460,Ricky Gutiérrez,0,3.8,1686,7.5,-1.4,0.082,1.2,-0.2,10.6,-6.8,-14.1,0,0,0,0,0,0,0,0,12,1993,2004,0,1119,4126,3632,471,967,141,25,38,357,50,30,364,586,0.266,0.338,0.35,0.689,83,*64H5/79D,gutieri01,SS
461,Konnor Griffin,0,1.2,80,7.5,1.2,0.08,1.2,4.7,0.9,0.6,0.7,0,0,0,0,0,0,0,0,1,2026,2026,0,41,164,149,19,39,7,2,3,20,10,1,11,45,0.262,0.317,0.396,0.713,99,6/H,griffko01,SS
462,Mark Wagner,0,1.6,321,7.5,0.8,0.078,1.2,0.3,1.7,1.3,-2.3,0,0,0,0,0,0,0,0,9,1976,1984,0,414,942,843,81,205,20,9,3,71,8,7,61,130,0.243,0.295,0.299,0.594,67,*64/5HD1,wagnema01,SS
463,Joe Hoover,0,1.2,502,7.5,1.2,0.076,1.2,0.6,2.1,1.5,-3,0,0,0,0,0,0,0,0,3,1943,1945,0,338,1384,1238,177,301,45,15,5,84,19,17,92,202,0.243,0.3,0.316,0.616,74,*6/H4,hoovejo01,SS
464,Craig Wilson,0,1.1,174,2.5,1.1,0.074,1.1,1.3,1.1,0.5,-0.3,0,0,0,0,0,0,0,0,3,1998,2000,0,139,418,372,54,101,16,1,7,40,3,1,31,39,0.272,0.328,0.376,0.704,79,56/4H3D,wilsocr02,3B
465,Ed Busch,0,1.1,342,7.5,1.1,0.072,1.1,0.7,1.7,1.3,-1.9,0,0,0,0,0,0,0,0,3,1943,1945,0,270,1000,917,80,240,21,6,0,75,7,7,62,28,0.262,0.311,0.298,0.608,77,6/4H53,busched01,SS
466,James Stafford,0,1.3,1028,2.5,0.9,0.07,1.1,0.3,3,-2.1,-7.7,0,0,0,0,0,0,0,0,8,1890,1899,0,571,2360,2137,341,585,60,19,21,291,118,,164,182,0.274,0.33,0.349,0.68,82,O46/513,staffge01,2B
467,Ed Poles,0,1,95,7.5,1,0.068,1,2.4,1,0.4,0.2,0,0,0,0,0,0,0,0,2,1923,1924,0,67,244,212,36,58,4,5,0,19,2,,21,,0.274,0.342,0.34,0.682,92,6/54,polesed01,SS
468,Jim Anderson,0,1,379,7.5,1,0.066,1,0.4,0.6,2.6,-2.6,0,0,0,0,0,0,0,0,6,1978,1984,0,419,1091,970,107,211,35,2,13,86,9,13,81,130,0.218,0.28,0.298,0.578,61,*65H/4D279,anderji01,SS
469,Otis Johnson,0,1,130,7.5,1,0.064,1,2.3,1.3,0.1,0,0,0,0,0,0,0,0,0,1,1911,1911,0,71,265,209,21,49,9,6,3,36,12,,39,43,0.234,0.363,0.378,0.741,102,6/4H5,johnsot01,SS
470,Blondy Ryan,0,1,467,7.5,1,0.062,1,0.4,-1.5,4.6,-3.8,0,0,1,0.24,0,0,0,0,6,1930,1938,0,386,1412,1330,127,318,36,13,8,133,6,3,57,184,0.239,0.271,0.304,0.575,57,654/H,ryanbl01,SS
471,Ron Wotus,0,1,24,7.5,1,0.06,1,5.1,-0.1,1.2,0.8,0,0,0,0,0,0,0,0,2,1983,1984,0,32,67,58,4,12,6,0,0,2,0,0,6,9,0.207,0.277,0.31,0.587,65,/64H,wotusro01,SS
472,Paul Janish,0,1.6,437,7.5,0.4,0.058,1,0.1,-2.3,4.5,-4.3,0,0,0,0,0,0,0,0,9,2008,2017,0,473,1305,1172,123,249,59,2,7,87,7,5,97,187,0.212,0.28,0.284,0.564,52,*65H/41,janispa01,SS
473,JT Riddle,0,1,304,7.5,1,0.056,1,0.6,-0.3,2.2,-1.5,0,0,0,0,0,0,0,0,6,2017,2022,0,252,797,745,72,166,31,5,19,80,1,5,39,173,0.223,0.261,0.354,0.616,67,6H8/57934D,riddljt01,SS
474,Henry Kappel,0,1,212,7.5,1,0.054,1,1.5,1.5,-0.1,0,0,0,0,0,0,0,0,0,3,1887,1889,0,105,422,394,54,106,14,11,4,51,33,,25,78,0.269,0.318,0.391,0.708,109,65/4O,kappehe01,SS
475,Clarence Lindsay,0,0.9,310,7.5,0.9,0.052,0.9,0.8,0.6,1.2,-2.1,0,0,0,0,0,0,0,0,6,1923,1929,0,190,749,679,88,172,27,7,7,82,7,,69,,0.253,0.323,0.345,0.668,71,65/418,lindscl01,SS
476,Sam Khalifa,0,0.9,197,7.5,0.9,0.05,0.9,0.9,-0.2,2.1,-1,0,0,0,0,0,0,0,0,3,1985,1987,0,164,558,488,39,107,20,3,2,37,5,4,53,86,0.219,0.294,0.285,0.578,62,6/4H,khalisa01,SS
477,Enzo Hernández,0,1.4,938,7.5,0.4,0.048,0.9,0.1,2.3,2.4,-8,0,0,0,0,0,0,0,0,8,1971,1978,0,714,2612,2327,241,522,66,13,2,113,129,33,189,151,0.224,0.283,0.266,0.55,61,*6H/79,hernaen01,SS
478,Marty Berghammer,0,0.9,362,7.5,0.9,0.046,0.9,0.5,1.8,0.8,-1,0,0,0,0,0,0,0,0,4,1911,1915,0,285,925,774,136,180,16,7,1,52,46,10,103,92,0.233,0.335,0.275,0.61,79,6H/4,berghma01,SS
479,Wilson Delgado,0,1.1,222,7.5,0.7,0.044,0.9,0.4,0.3,1.2,-1.3,0,0,0,0,0,0,0,0,9,1996,2004,0,253,601,542,59,136,15,2,5,43,5,1,47,108,0.251,0.314,0.314,0.627,65,6H45,delgawi01,SS
480,Denny Hocking,0,2.4,1053,2.5,-0.6,0.042,0.9,-0.1,1.4,-0.4,-9.8,0,0,0,0,0,0,0,0,13,1993,2005,0,954,2632,2358,294,591,112,17,25,226,36,27,205,442,0.251,0.31,0.344,0.654,69,46H59783/D,hockide01,2B
481,Félix Martínez,0,0.9,257,7.5,0.9,0.04,0.9,0.6,-0.2,2.4,-1.7,0,0,0,0,0,0,0,0,5,1997,2001,0,239,731,641,77,137,26,7,3,39,18,9,53,143,0.214,0.287,0.29,0.577,51,6/H4D,martife01,SS
482,Tom McLaughlin,0,0.9,390,7.5,0.9,0.038,0.9,0.4,0,2.3,-2.1,0,0,0,0,0,0,0,0,5,1883,1891,0,340,1270,1183,142,227,28,19,2,81,16,,75,6,0.192,0.247,0.253,0.5,61,64/O53,mclauto01,SS
483,Frank Connaughton,0,0.9,252,7.5,0.9,0.036,0.9,1,0.9,0.4,-1.1,0,0,0,0,0,0,0,0,3,1894,1906,0,146,585,530,98,150,12,4,4,77,26,,44,24,0.283,0.344,0.343,0.687,77,6O/24,connafr01,SS
484,Boob Fowler,0,0.9,80,7.5,0.9,0.034,0.9,1.8,0.9,0.3,0.3,0,0,0,0,0,0,0,0,4,1923,1926,0,78,181,175,30,57,7,2,1,18,3,2,6,19,0.326,0.348,0.406,0.754,101,6H/45,fowlebo01,SS
485,Clem Koshorek,0,0.9,131,7.5,0.9,0.032,0.9,1.4,0.8,0.5,-0.5,0,0,0,0,0,0,0,0,2,1952,1953,0,99,357,323,27,84,17,0,0,15,4,7,26,40,0.26,0.319,0.313,0.632,74,6/45H,koshocl01,SS
486,Hal Lanier,0,2.6,1165,7.5,-0.9,0.03,0.9,-0.1,-7.4,12.5,-15.1,0,0,0,0,0,0,0,0,10,1964,1973,0,1196,3940,3703,297,843,111,20,8,273,11,11,136,436,0.228,0.255,0.275,0.529,50,*6*45/H3,lanieha01,SS
487,Livan Soto,0,0.9,47,7.5,0.9,0.028,0.9,4,1,0,0.6,0,0,0,0,0,0,0,0,3,2022,2024,0,35,87,77,12,27,6,1,1,9,1,1,8,18,0.351,0.407,0.494,0.9,154,/645DH,sotoli01,SS
488,Jim O'Neill,0,0.9,150,7.5,0.9,0.026,0.9,1.3,1.5,0,-0.5,0,0,0,0,0,0,0,0,2,1920,1923,0,109,356,327,33,94,18,7,1,43,7,3,14,33,0.287,0.321,0.394,0.715,91,6/H459,o'neiji01,SS
489,Red Longley,0,1.7,294,0,0,0.024,0.9,0,0.5,-0.6,-2.4,0,0,0,0,0,0,0,0,12,1932,1947,0,221,793,695,73,159,21,5,4,82,11,0,81,,0.229,0.312,0.291,0.603,77,7256/8493,longlre01,LF
490,Mike Milosevich,0,0.9,150,7.5,0.9,0.022,0.9,1.1,0.3,1.4,-0.4,0,0,0,0,0,0,0,0,2,1944,1945,0,124,423,381,32,92,13,4,0,39,1,2,36,43,0.241,0.309,0.297,0.605,72,6/H4,milosmi01,SS
491,Andre Robertson,0,0.8,267,7.5,0.8,0.02,0.8,0.5,0.5,1.9,-1.7,0,0,0,0,0,0,0,0,5,1981,1985,0,254,778,724,80,182,32,4,5,54,4,8,26,120,0.251,0.279,0.327,0.607,69,645/H,roberan01,SS
492,Al Pedrique,0,0.8,168,7.5,0.8,0.018,0.8,0.8,0.2,1.5,-0.9,0,0,0,0,0,0,0,0,3,1987,1989,0,174,489,449,32,111,18,1,1,36,5,4,29,61,0.247,0.298,0.298,0.597,65,6/5H4,pedrial01,SS
493,Ron Gardenhire,0,0.8,269,7.5,0.8,0.016,0.8,0.5,-0.2,2.4,-1.9,0,0,0,0,0,0,0,0,5,1981,1985,0,285,777,710,57,165,27,3,4,49,13,9,46,122,0.232,0.277,0.296,0.573,62,6H4/5,gardero01,SS
494,Kent Anderson,0,0.8,145,7.5,0.8,0.014,0.8,1,1.3,0.4,-0.6,0,0,0,0,0,0,0,0,2,1989,1990,0,135,409,366,43,95,12,2,1,22,1,4,30,61,0.26,0.318,0.311,0.63,80,6/54H9D,anderke01,SS
495,Mike Caruso,0,0.8,432,7.5,0.8,0.012,0.8,0.5,2.2,0.3,-3.2,0,0,0,0,0,0,0,0,3,1998,2002,0,281,1140,1072,144,294,28,10,7,90,34,20,35,76,0.274,0.302,0.339,0.641,66,6/H45D,carusmi01,SS
496,T.J. Brown,0,0.9,188,7.5,0.7,0.01,0.8,0.7,1,0.4,-1,0,0,0,0,0,0,0,0,9,1939,1948,1,147,534,481,55,115,21,4,1,41,9,,32,,0.239,0.292,0.306,0.598,79,6/5,browntj01,SS
497,Ricky Adams,0,0.8,85,7.5,0.8,0.008,0.8,1.1,-0.1,1.4,-0.1,0,0,0,0,0,0,0,0,3,1982,1985,0,120,269,247,35,53,5,1,4,16,3,2,10,37,0.215,0.26,0.291,0.551,55,65/H4,adamsri02,SS
498,Billy Harrell,0,0.8,152,7.5,0.8,0.006,0.8,0.7,0.6,0.8,-0.4,0,0,0,0,0,0,0,0,4,1955,1961,0,173,370,342,54,79,7,1,8,26,17,3,23,54,0.231,0.283,0.327,0.61,67,65H/439,harrebi01,SS
499,Pedro Ciriaco,0,0.8,280,2.5,0.8,0.004,0.8,0.5,1.8,-0.6,-1.5,0,0,0,0,0,0,0,0,6,2010,2015,0,272,649,612,70,164,32,7,5,51,35,7,20,126,0.268,0.294,0.368,0.661,81,H564/D7389,ciriape01,3B
500,Desi Relaford,0,2,1393,7.5,-0.5,0.002,0.7,-0.1,3.6,-0.9,-11.3,0,0,0,0,0,0,0,0,11,1996,2007,0,939,3347,2939,375,714,147,19,40,308,81,28,293,497,0.243,0.319,0.347,0.666,73,*645H79/8D1,relafde01,SS
151,Tom York,0,14.4,1751,0,19.5,0.7,17,3.3,16.6,-2,5.3,0,0,0,0,0,0,0,0.1,15,1871,1885,0,963,4213,4005,743,1095,218,89,14,502,20,7,198,202,0.273,0.309,0.383,0.692,119,*O,yorkto01,Unknown
152,Kal Daniels,0,16.9,1571,0,16.9,0.698,16.9,3.8,20.5,-6.4,7.8,0,0,0,0,0,0,0,0.1,7,1986,1992,0,727,2739,2338,391,666,125,8,104,360,87,26,365,493,0.285,0.382,0.479,0.861,138,*7H/3,danieka01,LF
153,Steven Kwan,0,16.7,1286,0,16.7,0.696,16.7,4.3,9.8,5,8,0,0,0,0,0,0,0,0.1,5,2022,2026,2,628,2789,2471,368,682,112,18,37,216,75,19,270,269,0.276,0.35,0.381,0.731,107,*78/D9H,kwanst01,LF
160,Manny Mota,0,14.5,1810,0,17.7,0.682,16.1,1.9,19.9,-6.9,2.9,0,0,0,0.01,0,0,0,0,20,1962,1982,1,1536,4227,3779,496,1149,125,52,31,438,50,42,289,320,0.304,0.355,0.389,0.744,112,*7*H89/542,motama01,LF
161,Davy Jones,0,14.2,1910,0,17.3,0.68,15.7,2.5,14.5,-2.3,2.3,0,0,0,0,0,0,0,0,15,1901,1918,0,1090,4405,3774,643,1020,98,40,9,288,207,7,478,311,0.27,0.356,0.325,0.68,104,*789H,jonesda01,LF
164,Gary Roenicke,0,15.9,1598,0,15.4,0.674,15.6,2.3,11.8,-0.4,5,0,0,0,0,0,0,0,0,12,1976,1988,0,1064,3204,2708,367,670,135,4,121,410,16,20,406,428,0.247,0.351,0.434,0.785,117,*7H98D/35,roeniga01,LF
166,Ray Blades,0,15.6,1475,0,15.5,0.67,15.5,3.3,14.7,-2,6.3,0,0,0,0,0,0,0,0.1,10,1922,1932,0,767,2846,2415,467,726,133,51,50,340,33,34,331,310,0.301,0.395,0.46,0.855,123,*7H9/5468,bladera01,LF
169,Lee Maye,0,14.7,2000,0,15.7,0.664,15.2,2,18.1,-7,-0.7,0,0,0,0,0,0,0,0,13,1959,1971,0,1288,4383,4048,533,1109,190,39,94,419,59,34,282,481,0.274,0.323,0.41,0.733,108,*7*H*98/534,mayele01,LF
171,Jarren Duran,0,15,1193,2.5,15,0.66,15,4.4,13.1,1.8,7.8,0,0,1,0.21,0,1,1,0.6,6,2021,2026,1,552,2310,2100,302,546,148,34,54,245,100,17,169,570,0.26,0.322,0.44,0.762,111,87H/9D,duranja01,CF
174,Birdie Cree,0,14.8,1436,0,15.1,0.654,15,3.3,16.4,-4.6,3.2,0,0,1,0.25,0,0,0,0,8,1908,1915,0,742,3007,2603,345,761,117,62,11,332,132,36,269,274,0.292,0.368,0.398,0.766,125,*78H9/645,creebi01,LF
180,Rick Reichardt,0,14.4,1672,0,13.9,0.642,14.2,2.3,14.5,-5.1,1,0,0,0,0.01,0,0,0,0,11,1964,1974,0,997,3686,3307,391,864,109,24,116,445,40,41,263,672,0.261,0.326,0.414,0.74,115,*78H9D/35,reichri01,LF
181,Roy Parnell,0,13,1332,0,15.2,0.64,14.1,4.1,15.5,-3,9.6,0,0,0,0,1,1,2,1.1,13,1927,1943,2,596,2459,2208,451,727,126,50,40,368,52,,207,,0.329,0.39,0.486,0.876,137,*789/1534,parnero01,LF
182,Bob Fothergill,0,14.2,1745,0,14,0.638,14.1,2,15.5,-5.1,0.2,0,0,0,0.09,0,0,0,0,12,1922,1933,0,1106,3583,3269,452,1064,225,52,36,582,42,54,202,177,0.325,0.368,0.459,0.828,115,*7*H98,fothebo01,LF
184,Frank Catalanotto,0,13.3,2077,0,14.5,0.634,13.9,1.9,16.8,-6.2,-0.6,0,0,0,0,0,0,0,0,14,1997,2010,0,1265,4292,3824,562,1113,262,37,84,457,45,27,331,492,0.291,0.357,0.445,0.802,107,*7*HD4395,catalfr01,LF
185,Wilson Redus,0,14.7,1620,0,12.8,0.632,13.7,2.7,15.6,-6.3,2.6,0,0,0,0,0,0,1,0.3,16,1924,1940,2,773,3070,2772,478,844,131,44,86,510,49,,250,,0.304,0.368,0.477,0.845,126,*798/452,reduswi01,LF
186,Chuck Hinton,0,13.7,2179,0,13.6,0.63,13.7,1.6,15.5,-6.9,-0.7,0,0,0,0.02,0,0,0,0,11,1961,1971,1,1353,4455,3968,518,1048,152,47,113,443,130,50,416,685,0.264,0.332,0.412,0.744,109,*7*9H8345/26,hintoch01,LF
187,Les Mann,0,12.7,2332,0,14.5,0.628,13.6,1.6,15,-7.3,-1.5,0,0,0,0,0,0,0,0,16,1913,1928,0,1498,5204,4716,677,1332,203,106,44,503,129,42,324,464,0.282,0.332,0.398,0.731,110,*7*89H/6,mannle01,LF
188,Darby O'Brien,0,13.3,1658,0,13.3,0.626,13.3,3,11.3,-1.8,4.8,0,0,0,0,0,0,0,0,6,1887,1892,0,709,3128,2856,577,805,147,47,20,394,321,,231,327,0.282,0.344,0.387,0.732,117,*O/3651,o'brida01,1B
189,Max West,0,13.3,1460,0,13.3,0.624,13.3,2.6,12.4,-2.7,2.2,0,0,0,0.04,0,0,0,0,7,1938,1948,1,824,3059,2676,338,681,136,20,77,380,19,17,353,340,0.254,0.344,0.407,0.751,114,*7938H,westma02,LF
190,Mike Easler,0,13.5,2012,0,13,0.622,13.2,1.8,14.7,-8.3,-0.5,0,0,0,0.01,0,0,0,0,14,1973,1987,1,1151,4061,3677,465,1078,189,25,118,522,20,26,321,696,0.293,0.349,0.454,0.804,118,*7*DH9/3,easlemi01,LF
191,Corey Dickerson,0,13.3,2004,0,13,0.62,13.1,1.9,14,-5.5,0,0,0,0,0,0,0,0,0,11,2013,2023,1,1083,3938,3671,483,1028,237,37,136,469,30,25,227,799,0.28,0.323,0.476,0.799,113,*7DH8/91,dickeco01,LF
192,Dick Wakefield,0,13.1,1323,0,13,0.618,13.1,3.3,13.7,-3.6,5.5,0,1,2,0.59,0,0,0,0,9,1941,1952,1,638,2506,2132,334,625,102,29,56,315,10,17,360,270,0.293,0.396,0.447,0.843,131,*7H/9,wakefdi01,LF
194,Lourdes Gurriel Jr.,0,12.8,1762,0,12.8,0.614,12.8,2.3,12.3,-2.5,0.8,0,0,0,0,0,0,0,0,9,2018,2026,1,896,3643,3367,420,920,186,11,130,500,37,19,207,673,0.273,0.319,0.451,0.77,110,*7D64H/3,gurrilo01,LF
196,Tyler O'Neill,0,13,1242,0,12.1,0.61,12.6,2.9,10.4,-0.7,4.2,0,0,1,0.15,0,0,1,0.3,9,2018,2026,0,672,2410,2134,348,511,92,4,120,311,48,9,223,723,0.239,0.319,0.455,0.774,113,*79H8D,oneilty01,LF
197,Jacque Jones,0,13.2,2456,0,11.6,0.608,12.4,1.4,11.2,-2.9,-5.4,0,0,0,0,0,0,0,0,10,1999,2008,0,1302,4993,4594,632,1272,255,19,165,630,82,45,314,949,0.277,0.326,0.448,0.775,98,*9*78HD,jonesja05,RF
198,Riley Greene,0,12.3,1152,0,12.3,0.606,12.3,3.7,12.1,-0.6,4.9,0,0,0,0.01,0,0,1,0.1,5,2022,2026,2,534,2272,2037,290,549,110,15,80,288,15,8,208,645,0.27,0.339,0.456,0.796,122,78D/9H,greenri03,LF
199,Carson Bigbee,0,13.4,2071,0,11.2,0.604,12.3,1.6,8.2,-1.9,-3.6,0,0,0,0,0,0,0,0,11,1916,1926,0,1147,4670,4192,629,1205,139,75,17,324,182,70,344,161,0.287,0.345,0.369,0.713,97,*7H84/965,bigbeca01,LF
200,Eddie Rosario,0,13.5,2121,0,11.1,0.602,12.3,1.6,10.9,-3.8,-3.6,0,0,0,0.01,0,0,0,0,11,2015,2025,0,1126,4355,4073,567,1064,201,29,169,583,65,28,226,869,0.261,0.298,0.449,0.747,100,*798DH/5,rosared01,LF
201,Jack Graney,0,11.5,2469,0,13,0.6,12.3,1.5,14.2,-8.5,-8.6,0,0,0,0,0,0,0,0,14,1908,1922,0,1402,5592,4705,706,1178,219,79,18,420,148,49,712,495,0.25,0.354,0.342,0.696,101,*7H89/1,graneja01,LF
202,Debs Garms,0,12.9,1486,2.5,11.6,0.598,12.2,1.9,12.5,-2.8,-0.6,0,0,0,0.09,0,0,0,0,12,1932,1945,0,1010,3461,3111,438,910,141,39,17,328,18,34,288,161,0.293,0.355,0.379,0.735,103,5H798/46,garmsde01,3B
203,Dmitri Young,0,12.1,2693,0,12.2,0.596,12.2,1.5,15.6,-10.4,-4.7,0,0,0,0,0,0,0,0,13,1996,2008,2,1364,5253,4762,648,1389,301,29,171,683,25,22,407,871,0.292,0.351,0.475,0.826,114,*3*7*DH95,youngdm01,1B
204,John Milner,0,11.7,1955,0,12.5,0.594,12.1,1.7,14.7,-8,-0.3,0,0,0,0,0,0,0,0,12,1971,1982,0,1215,3985,3436,455,855,140,16,131,498,31,22,504,473,0.249,0.344,0.413,0.757,112,*3*7H/98,milnejo01,1B
205,Gerardo Parra,0,13.4,2373,0,10.7,0.592,12.1,1.1,3.9,2,-5.9,0,0,0,0,0,0,0,0.1,12,2009,2021,0,1519,5290,4858,633,1335,269,42,90,532,97,55,318,920,0.275,0.322,0.403,0.725,91,*7*9H83/45D1,parrage01,LF
206,Luke Scott,0,12.1,1702,0,11.8,0.59,12,2.2,12.1,-5.2,0.8,0,0,0,0,0,0,0,0,9,2005,2013,0,889,3193,2810,370,725,181,20,135,436,17,7,334,662,0.258,0.34,0.481,0.821,117,*D7H93/8,scottlu01,LF
208,Carmelo Martínez,0,12.7,1599,0,11,0.586,11.9,1.8,9,-2.8,-0.4,0,0,0,0,0,0,0,0,9,1983,1991,0,1003,3356,2906,350,713,134,7,108,424,10,16,404,528,0.245,0.337,0.408,0.745,108,*7*3H/95D,martica01,LF
209,Curt Blefary,0,12.5,1659,0,11.1,0.584,11.8,1.8,13.9,-6.8,-0.8,0,0,0,0,0,0,0,0,8,1965,1972,0,974,3490,2947,394,699,104,20,112,382,24,24,456,444,0.237,0.342,0.4,0.743,115,*739H2/54,blefacu01,LF
210,Taylor Ward,0,12.4,1506,0,11.2,0.582,11.8,2.4,13.2,-4.4,1.2,0,0,0,0,0,0,0,0,9,2018,2026,0,751,3048,2662,389,659,139,8,114,358,25,13,325,732,0.248,0.334,0.434,0.768,113,*795D/H832,wardta01,LF
211,Alex Johnson,0,13.5,2168,0,10,0.58,11.8,1.2,13.6,-10.6,-7.6,0,0,1,0.21,0,0,0,0,13,1964,1976,1,1322,4948,4623,550,1331,180,33,78,525,113,63,244,626,0.288,0.326,0.392,0.718,105,*7DH9/8,johnsal01,LF
212,Wade Johnston,0,11.4,1489,0,11.8,0.578,11.6,2.9,12.5,-3.5,3.2,0,0,0,0,0,0,1,0.2,12,1922,1933,0,666,2909,2604,487,790,110,55,43,371,71,,279,,0.303,0.373,0.437,0.81,117,*78/193,johnswa04,LF
213,Bob Cerv,0,12.1,1311,0,11.1,0.576,11.6,2.2,11.4,-3,3.3,0,1,1,0.49,0,1,1,0.4,12,1951,1962,1,829,2517,2261,320,624,96,26,105,374,12,10,212,392,0.276,0.34,0.481,0.821,122,*7H89/3,cervbo01,LF
214,Steve Henderson,0,11.7,1905,0,11.5,0.574,11.6,1.7,15.8,-8.8,-1.3,0,0,0,0,0,0,0,0,12,1977,1988,0,1085,3916,3484,459,976,162,49,68,428,79,58,386,677,0.28,0.352,0.413,0.765,114,*7HD9/38,hendest01,LF
215,Adam Duvall,0,12.3,1826,0,10.6,0.572,11.5,1.7,5.2,2.2,-1.4,0,0,0,0,0,0,0,0,11,2014,2024,1,1026,3723,3393,456,771,171,15,195,566,22,12,247,1074,0.227,0.287,0.459,0.746,96,*798H3/D5,duvalad01,LF
216,Emmett Seery,0,11.9,1973,2.5,10.9,0.57,11.4,1.9,10.1,-3.8,-0.8,0,0,0,0,0,0,0,0,9,1884,1892,0,916,4051,3547,695,893,152,68,27,300,240,,471,426,0.252,0.345,0.356,0.701,107,*O/5216,seeryem01,3B
217,Brad Wilkerson,0,11.8,1948,0,11,0.568,11.4,1.8,9.2,-1.4,-0.9,0,0,0,0,0,0,0,0,8,2001,2008,0,972,3753,3187,500,788,193,28,122,399,53,43,492,947,0.247,0.35,0.44,0.79,105,*7389H/D,wilkebr01,LF
218,Eric Byrnes,0,12.3,1787,0,10.5,0.566,11.4,1.8,8.1,0.3,-1,0,0,0,0.1,0,0,0,0,11,2000,2010,0,963,3532,3202,482,827,191,30,109,396,129,23,253,538,0.258,0.32,0.439,0.759,94,*78H9/D,byrneer01,LF
219,Carlos May,0,12.1,2212,0,10.5,0.564,11.3,1.5,17.1,-13.6,-6.2,0,0,0,0.03,0,0,0,0,10,1968,1977,2,1165,4723,4120,545,1127,172,23,90,536,85,53,512,565,0.274,0.357,0.392,0.749,111,*7D3H/9,mayca01,LF
220,Candy Maldonado,0,12.6,2166,0,10,0.562,11.3,1.1,11.4,-6.8,-5.8,0,0,0,0.01,0,0,0,0,15,1981,1995,0,1410,4590,4106,498,1042,227,17,146,618,34,33,391,864,0.254,0.322,0.424,0.746,107,*9*7H8D/5,maldoca01,RF
221,Seth Smith,0,10.9,2051,0,11.6,0.56,11.3,1.5,13.9,-7.6,-1.9,0,0,0,0,0,0,0,0,11,2007,2017,0,1249,4084,3582,525,934,224,31,126,458,22,7,431,797,0.261,0.344,0.446,0.79,112,*7*9HD/8,smithse01,LF
222,Carlos Quentin,0,11.9,1663,0,10.5,0.558,11.2,2,16,-8.9,-0.5,0,1,1,0.41,0,0,0,0,9,2006,2014,2,834,3247,2790,416,702,173,6,154,491,16,9,298,516,0.252,0.347,0.484,0.831,120,*7*9DH,quentca01,LF
223,Pete Incaviglia,0,12.1,2290,0,10.3,0.556,11.2,1.3,11.6,-6.4,-4.8,0,0,0,0,0,0,0,0,12,1986,1998,0,1284,4677,4233,546,1043,194,21,206,655,33,26,360,1277,0.246,0.31,0.448,0.758,104,*79HD8,incavpe01,LF
224,Khris Davis,0,11.4,2011,0,10.8,0.554,11.1,1.8,13.5,-8.3,-2,0,0,1,0.1,0,0,0,0,9,2013,2021,0,980,3804,3394,506,820,164,9,221,590,18,5,328,1017,0.242,0.314,0.491,0.805,117,*7*DH,daviskh01,LF
225,Reed Johnson,0,11.6,1692,0,10.6,0.552,11.1,1.3,8,-0.4,-2.8,0,0,0,0,0,0,0,0,13,2003,2015,0,1320,3992,3630,518,1014,215,23,65,408,41,29,181,728,0.279,0.335,0.405,0.74,94,*7*H*98/D,johnsre02,LF
226,John Lowenstein,0,12.2,1976,0,9.9,0.55,11.1,1.2,13.6,-7.5,-3.5,0,0,0,0,0,0,0,0,16,1970,1985,0,1368,3989,3476,510,881,137,18,116,441,128,78,446,596,0.253,0.337,0.403,0.741,108,*7*H9D548/36,lowenjo01,LF
227,Dan Pasqua,0,10.9,1490,0,10.7,0.548,10.8,1.9,8.7,-2,0.7,0,0,0,0,0,0,0,0,10,1985,1994,0,905,3000,2620,341,638,129,15,117,390,7,10,335,642,0.244,0.33,0.438,0.768,112,*79H3D,pasquda01,LF
228,Billy Sample,0,11.2,1260,0,10.4,0.546,10.8,2,10.3,-2.2,1.3,0,0,0,0,0,0,0,0,9,1978,1986,0,826,2798,2516,371,684,127,9,46,230,98,31,195,230,0.272,0.329,0.384,0.713,98,*7H89D/4,samplbi01,LF
229,Fats Jenkins,0,10.5,1160,0,10.9,0.544,10.7,3.6,10.2,-1.5,4.2,0,0,0,0,0,0,0,0.1,11,1924,1940,2,493,2223,1961,446,653,81,21,16,220,100,,236,,0.333,0.407,0.42,0.828,116,*7/98,jenkifa01,LF
230,Ducky Holmes,0,11.2,1795,0,9.8,0.542,10.5,1.7,9.7,-4.4,-5.3,0,0,0,0,0,0,0,0,10,1895,1905,0,933,4026,3605,540,1014,142,58,17,375,236,,236,304,0.281,0.336,0.367,0.703,99,*O97/5H6814,holmedu01,RF
231,Luis Polonia,0,11.9,2544,0,9,0.54,10.5,1.1,15,-10.7,-9,0,0,0,0,0,0,0,0,12,1987,2000,0,1379,5296,4840,728,1417,189,70,36,405,321,145,369,543,0.293,0.342,0.383,0.726,97,*7DH89,polonlu01,LF
232,George Hall,0,10.5,810,0,10.5,0.538,10.5,4.6,10.4,-1.6,4.8,0,0,0,0,0,0,0,0.1,7,1871,1877,0,365,1708,1671,377,538,68,54,13,252,20,7,37,29,0.322,0.337,0.451,0.787,143,*O/3,hallge01,1B
233,Austin Hays,0,10.9,1242,0,10,0.536,10.4,2.3,8.2,-0.5,1.2,0,0,0,0,0,0,0,0,9,2017,2026,1,694,2664,2451,340,641,143,13,84,319,24,14,156,595,0.262,0.312,0.433,0.745,106,*798DH,haysau01,LF
234,Juan Rivera,0,11.6,1806,0,9.2,0.534,10.4,1.4,7.1,-2.2,-3.8,0,0,0,0,0,0,0,0,12,2001,2012,0,1058,3787,3471,425,950,182,4,132,539,17,26,253,448,0.274,0.323,0.443,0.766,102,*79H3D8/4,riverju01,LF
235,Wyatt Langford,0,10.4,620,0,10.4,0.532,10.4,5.8,6.7,2.8,6.4,0,0,0,0,0,0,0,0.1,3,2024,2026,0,288,1214,1068,156,263,53,7,39,140,44,9,129,285,0.246,0.33,0.419,0.749,119,78/DH,langfwy01,LF
236,Gates Brown,0,10.8,1222,0,9.9,0.53,10.4,1.5,8.9,-2.5,1.3,0,0,0,0,0,0,0,0,13,1963,1975,0,1051,2545,2262,330,582,78,19,84,322,30,8,242,275,0.257,0.33,0.42,0.75,110,*H*7D/93,brownga01,LF
237,David Murphy,0,10.7,1867,0,10,0.528,10.4,1.5,11,-5.2,-4,0,0,0,0,0,0,0,0,10,2006,2015,0,1110,3847,3467,440,950,203,16,104,472,54,28,316,575,0.274,0.333,0.432,0.765,103,*7*9HD8/1,murphda07,LF
238,Mike Menosky,0,10.9,1298,0,9.8,0.526,10.3,2,8.5,-1.9,-0.7,0,0,0,0,0,0,0,0,9,1914,1923,0,810,2882,2465,382,685,98,38,18,252,90,36,295,290,0.278,0.364,0.37,0.735,101,*7H98,menosmi01,LF
239,Jack McCarthy,0,10.2,1945,0,10.3,0.524,10.2,1.5,11.4,-6,-5.9,0,0,0,0,0,0,0,0,12,1893,1907,0,1092,4655,4200,551,1205,171,66,8,476,145,,268,158,0.287,0.333,0.365,0.698,100,*O*78/3H,mccarja01,LF
240,Jurickson Profar,0,10.9,2161,0,9.5,0.522,10.2,1.3,15.4,-7.5,-5.8,0,0,0,0.05,0,0,0,0,12,2012,2025,1,1199,4662,4065,584,995,211,18,125,487,66,19,478,751,0.245,0.333,0.398,0.731,100,*746H53D9/8,profaju01,LF
241,Wes Covington,0,11.1,1641,0,9.2,0.52,10.2,1.4,17.5,-11.8,-3.5,0,0,0,0.05,0,0,0,0,11,1956,1966,0,1075,3291,2978,355,832,128,17,131,499,7,4,247,414,0.279,0.337,0.466,0.803,122,*7*H9/8,covinwe01,LF
242,George Whitted,0,10.6,1643,0,9.6,0.518,10.1,1.5,7.7,-0.9,-3.6,0,0,0,0,0,0,0,0,11,1912,1922,0,1025,4043,3630,440,978,145,60,23,451,116,69,215,310,0.269,0.313,0.361,0.675,96,*759834H6,whittpo01,LF
243,Robbie Grossman,0,9.9,2113,0,10.3,0.516,10.1,1.4,12.9,-7.9,-5.1,0,0,0,0,0,0,0,0,12,2013,2024,0,1213,4561,3891,524,943,204,15,93,431,67,27,590,1014,0.242,0.345,0.374,0.719,100,*7*9DH8,grossro01,LF
244,Clyde Barnhart,0,10.8,1412,0,9.3,0.514,10,1.8,8.7,-1.3,-0.7,0,0,0,0,0,0,0,0,9,1920,1928,0,814,3050,2673,404,788,121,61,27,436,35,24,265,149,0.295,0.36,0.416,0.776,101,*795H,barnhcl01,LF
245,Hersh Martin,0,9.8,1206,2.5,9.8,0.512,9.8,2.6,10.9,-2.6,1.4,0,0,0,0,0,0,0,0,6,1937,1945,1,607,2547,2257,331,643,135,29,28,215,33,28,253,207,0.285,0.359,0.408,0.766,110,*87H/9,martihe01,CF
246,Glenallen Hill,0,10,2158,0,9.7,0.51,9.8,1.3,13.2,-7.8,-3.3,0,0,0,0,0,0,0,0,13,1989,2001,0,1162,4033,3715,528,1005,187,21,186,586,96,38,270,845,0.271,0.321,0.482,0.804,112,*9*7HD8,hillgl01,RF
247,Rip Radcliff,0,10.6,2048,0,9,0.508,9.8,1.3,10.9,-5.8,-5.9,0,0,1,0.33,0,0,0,0,10,1934,1943,1,1081,4437,4074,598,1267,205,50,42,533,40,30,310,141,0.311,0.362,0.417,0.779,97,*7H93,radclri01,LF
248,Vic Harris,0,8.9,1315,0,10.6,0.506,9.8,2.6,9.2,-1.4,2.5,0,0,0,0,0,0,2,0.6,18,1922,1947,7,647,2730,2436,481,738,117,47,31,391,27,,246,,0.303,0.37,0.428,0.798,112,*798/53426,harrivi02,LF
249,Steel Arm Davis,0,9.6,908,0,9.6,0.504,9.6,3.5,10,-2.5,3.2,0,0,0,0,0,0,0,0.1,10,1920,1935,1,442,1700,1550,254,500,88,38,26,290,42,,124,,0.323,0.378,0.479,0.856,131,379/1845,davisst04,1B
250,Jack Cust,0,9.8,1375,0,9.4,0.502,9.6,2.3,11.3,-6.2,0.1,0,0,0,0,0,0,0,0,10,2001,2011,0,670,2581,2107,311,510,96,2,105,323,6,6,444,819,0.242,0.374,0.439,0.813,120,*D79H,custja01,LF
251,Tom Paciorek,0,11.6,2012,0,7.6,0.5,9.6,0.9,9.4,-7.6,-6.7,0,0,1,0.12,0,0,0,0.1,18,1970,1987,1,1392,4465,4121,494,1162,232,30,86,503,55,38,245,704,0.282,0.325,0.415,0.741,103,*7*39H8D/56,pacioto01,LF
252,Mel Hall,0,10.4,2150,0,8.7,0.498,9.6,1.1,13.2,-9,-6.5,0,0,0,0,0,0,0,0,13,1981,1996,0,1276,4575,4237,568,1171,229,25,134,620,31,22,267,575,0.276,0.318,0.437,0.755,107,*79HD8,hallme01,LF
253,Bill Hoskins,0,9.2,848,0,9.8,0.496,9.5,4.3,9.8,-1.7,5.7,0,0,0,0,0,0,1,0.4,10,1937,1946,1,371,1506,1355,254,440,63,39,36,271,29,0,130,,0.325,0.387,0.508,0.896,145,*7/98435,hoskibi01,LF
254,Austin McHenry,0,9.5,1029,0,9.5,0.494,9.5,2.8,9.1,-2.2,2.3,0,0,0,0,0,0,1,0.3,5,1918,1922,0,543,2143,1959,262,592,105,39,34,286,35,33,117,229,0.302,0.343,0.448,0.791,124,*78/H9,mchenau01,LF
255,Pat Duncan,0,9.3,1372,0,9.3,0.492,9.3,2.1,8.4,-2.4,-0.6,0,0,0,0,0,0,0,0,7,1915,1924,0,727,3008,2695,361,827,137,50,23,374,55,84,184,164,0.307,0.355,0.42,0.775,110,*7/H89,duncapa01,LF
256,Ward Miller,0,9.3,1242,0,9.3,0.49,9.3,1.9,8.5,-2.5,2.2,0,0,0,0,0,0,0,0,8,1909,1917,0,769,2683,2244,322,623,79,35,8,225,128,36,318,244,0.278,0.375,0.355,0.729,113,*79H8,millewa02,LF
257,Gus Zernial,0,10.1,2405,0,8.4,0.488,9.3,1.1,13.7,-10.2,-5.5,0,0,0,0.09,0,0,0,0,11,1949,1959,1,1234,4562,4131,572,1093,159,22,237,776,15,7,383,755,0.265,0.329,0.486,0.815,116,*7H3/9,zernigu01,LF
258,Cliff Carroll,0,9.9,1865,0,8.6,0.486,9.2,1.4,7.6,-3.9,-6.6,0,0,0,0,0,0,0,0,11,1882,1893,0,991,4380,3972,729,995,125,47,31,423,197,,361,290,0.251,0.32,0.329,0.649,91,*O,carrocl01,Unknown
259,Joe Hornung,0,10.1,1954,0,7.9,0.484,9,1.1,5.2,-2.6,-8.6,0,0,0,0,0,0,0,0,12,1879,1890,0,1123,4918,4784,787,1230,172,90,31,564,159,,120,498,0.257,0.277,0.35,0.627,92,*O3/5461,hornujo01,1B
260,Walton Cruise,0,9.9,1182,0,8.1,0.482,9,1.8,9.5,-4.7,-0.5,0,0,0,0,0,0,0,0,10,1914,1924,0,736,2652,2321,293,644,83,39,30,272,49,15,238,250,0.277,0.348,0.386,0.733,114,*798H/3,cruiswa01,LF
261,Mike Aldrete,0,9.2,1143,0,8.8,0.48,9,1.5,6.9,-1.7,0.4,0,0,0,0,0,0,0,0,10,1986,1996,0,930,2498,2147,277,565,104,9,41,271,19,18,314,381,0.263,0.356,0.377,0.733,104,*H379D/81,aldremi01,1B
262,Bill Robinson,0,10.3,2246,0,7.6,0.478,8.9,0.8,8.4,-6.4,-7.9,0,0,0,0.13,0,0,0,0,16,1966,1983,0,1472,4730,4364,536,1127,229,29,166,641,71,49,263,820,0.258,0.3,0.438,0.738,104,*7*98H35,robinbi02,LF
263,Patrick Gillespie,0,8.8,1197,2.5,8.9,0.476,8.9,2,8.6,-3.3,-2,0,0,0,0,0,0,0,0,8,1880,1887,0,714,3038,2927,450,809,108,45,10,351,54,,106,218,0.276,0.303,0.354,0.657,103,*O/5,gillepe01,3B
264,Marty Cordova,0,10,1918,0,7.7,0.474,8.8,1.3,10,-6.1,-5.7,0,0,0,0,0,0,0,0,9,1995,2003,0,952,3835,3419,480,938,192,18,122,540,57,36,329,730,0.274,0.344,0.448,0.792,104,*7D9H/8,cordoma01,LF
265,Mike Tauchman,0,9,847,0,8.5,0.472,8.8,2.4,5.8,1.3,2.5,0,0,0,0,0,0,0,0,8,2017,2025,0,567,1803,1550,251,381,77,4,41,195,30,8,228,422,0.246,0.347,0.38,0.727,101,978HD/1,tauchmi01,RF
266,Billy Lush,0,8.7,947,0,8.7,0.47,8.7,2.9,7.9,-1.5,0.9,0,0,0,0,0,0,0,0,7,1895,1904,0,489,2102,1722,294,429,49,35,8,152,84,,291,228,0.249,0.36,0.332,0.692,107,*O78/954H6,lushbi01,LF
267,Bo Jackson,0,9.1,1417,0,8.3,0.468,8.7,1.9,10.5,-4.5,-0.5,0,0,1,0.12,0,0,0,0,8,1986,1994,1,694,2626,2393,341,598,86,14,141,415,82,32,200,841,0.25,0.309,0.474,0.784,112,*7D89H,jacksbo01,LF
268,Freddy Leach,0,9.5,1860,0,7.8,0.466,8.7,1.3,9.2,-4.7,-5.2,0,0,0,0,0,0,0,0,10,1923,1932,0,991,3999,3733,543,1147,196,53,72,509,32,48,163,189,0.307,0.341,0.446,0.787,101,*7*8H9/3,leachfr01,LF
269,Dom Dallessandro,0,8.7,1068,0,8.3,0.464,8.5,1.8,9.8,-3.4,0.4,0,0,0,0,0,0,0,0,8,1937,1947,0,746,2270,1945,242,520,110,23,22,303,16,15,310,150,0.267,0.369,0.381,0.75,112,*7H8/9,dalledo01,LF
270,Mitchell Page,0,8.7,1251,0,8.1,0.462,8.4,1.9,9.4,-5.5,0,0,0,0,0,0,0,1,0.2,8,1977,1984,0,673,2398,2104,297,560,84,21,72,259,104,55,245,449,0.266,0.346,0.429,0.774,118,*D7H/9,pagemi02,LF
271,Lou Johnson,0,8.6,958,0,8.1,0.46,8.4,1.9,6.9,-2.3,-0.2,0,0,0,0.02,0,0,0,0,8,1960,1969,0,677,2251,2049,244,529,97,14,48,232,50,24,110,320,0.258,0.311,0.389,0.701,103,*79H8,johnslo01,LF
272,Joe Connolly,0,8.4,743,0,8.4,0.458,8.4,3.3,8.7,-2.5,3.6,0,0,0,0,0,0,0,0,4,1913,1916,0,412,1471,1241,202,358,65,31,14,157,48,33,168,131,0.288,0.38,0.425,0.805,137,*7H/98,connojo04,LF
273,Eddie Burke,0,8.4,1941,2.5,8.2,0.456,8.3,1.6,7.7,-3,-4.7,0,0,0,0,0,0,0,0,8,1890,1897,0,855,3938,3516,747,983,142,57,30,413,293,,319,245,0.28,0.352,0.378,0.73,94,*O4/5,burkeed01,2B
274,Troy O'Leary,0,9.5,2146,0,7.2,0.454,8.3,1,6.9,-3.5,-8,0,0,0,0,0,0,0,0,11,1993,2003,0,1198,4418,4010,547,1100,234,40,127,591,17,22,334,661,0.274,0.332,0.448,0.78,98,*7*9H8/D,o'leatr01,LF
275,Lew Ford,0,8.3,835,0,8.3,0.452,8.3,2.6,5,2.1,1.9,0,0,0,0.01,0,0,0,0,6,2003,2012,0,519,1795,1585,235,425,83,10,35,176,48,10,154,249,0.268,0.345,0.399,0.744,95,78DH9,fordle01,LF
276,Brent Rooker,0,8.3,1194,0,8.3,0.45,8.3,2.4,10.5,-6.3,1,0,0,1,0.1,0,0,1,0.1,7,2020,2026,2,556,2241,1991,275,508,101,6,115,314,23,4,205,631,0.255,0.333,0.485,0.818,125,*D79/H,rookebr01,LF
277,Jimmie Lyons,0,8.2,605,0,8.2,0.448,8.2,4.7,5.5,1.5,4.2,0,0,0,0,0,1,1,0.4,6,1920,1932,0,283,1141,996,207,300,40,16,16,145,88,,97,,0.301,0.364,0.422,0.786,118,78/931,lyonsji01,LF
278,Daniel Nava,0,8.1,852,0,8.1,0.446,8.1,2.2,6.7,-0.8,1.3,0,0,0,0,0,0,0,0,7,2010,2017,0,589,1977,1701,224,452,103,2,29,206,10,5,196,387,0.266,0.357,0.38,0.737,102,*79H3/D8,navada01,LF
279,Johnny Rizzo,0,8.1,1009,0,8.1,0.444,8.1,2.3,8.4,-2.8,0.7,0,0,1,0.3,0,0,0,0,5,1938,1942,0,557,2075,1842,268,497,90,16,61,289,7,10,200,197,0.27,0.345,0.435,0.781,117,*79H8/5,rizzojo01,LF
280,Jim Lemon,0,8.8,1960,0,7,0.442,7.9,1.1,12.2,-9.6,-4.9,0,0,1,0.12,0,0,0,0,12,1950,1963,2,1010,3873,3445,446,901,121,35,164,529,13,18,363,787,0.262,0.332,0.46,0.792,114,*9*7H3,lemonji01,RF
281,Al Martin,0,8.4,2447,0,7.4,0.44,7.9,1,12.6,-9.3,-7.1,0,0,0,0,0,0,0,0,11,1992,2003,0,1232,4688,4242,664,1172,220,48,132,485,173,65,390,879,0.276,0.339,0.444,0.783,103,*78HD/93,martial03,LF
282,Bert Daniels,0,7.8,1019,0,7.8,0.438,7.8,2.4,6.6,-1.3,-0.7,0,0,0,0.02,0,0,0,0,5,1910,1914,0,526,2247,1903,295,486,76,40,5,130,159,20,203,224,0.255,0.349,0.345,0.695,99,798H/53,daniebe01,LF
283,Eric Tipton,0,7.7,866,0,7.7,0.436,7.7,2.5,6.8,-1.2,1.5,0,0,0,0,0,0,0,0,7,1939,1945,0,501,1890,1626,212,439,80,19,22,151,20,22,223,127,0.27,0.36,0.383,0.744,112,*7H/89,tiptoer01,LF
284,Moose Solters,0,9,1799,0,6.3,0.434,7.7,1.1,5.8,-2.6,-6.3,0,0,1,0.2,0,0,0,0,9,1934,1943,0,938,3677,3421,503,990,213,42,83,599,42,23,221,377,0.289,0.334,0.449,0.783,98,*7H89,soltemo01,LF
285,Scott Hairston,0,8.8,1285,0,6.5,0.432,7.6,1.1,5.3,-0.5,-1.7,0,0,0,0,0,0,0,0,11,2004,2014,0,923,2660,2431,300,589,133,17,106,313,36,11,175,577,0.242,0.296,0.442,0.738,97,*7*H894/D,hairssc01,LF
286,Gerald Williams,0,8.7,1540,2.5,6.5,0.43,7.6,0.9,2.4,2.6,-4.5,0,0,0,0,0,0,0,0,14,1992,2005,0,1168,3323,3059,474,780,183,18,85,365,106,57,180,530,0.255,0.301,0.41,0.711,82,*8*7H9/D,willige02,CF
287,Dick Sisler,0,7.6,1291,0,7.1,0.428,7.4,1.4,7.9,-3.8,-4.2,0,0,0,0.01,0,0,0,0,8,1946,1953,1,799,2881,2606,302,720,118,28,55,360,6,13,226,253,0.276,0.336,0.406,0.743,101,*37H/9,sisledi01,1B
288,Dusty Cooke,0,7.3,1048,0,7.4,0.426,7.3,2,7.1,-1.4,0,0,0,0,0,0,0,0,0,8,1930,1938,0,608,2059,1745,324,489,109,28,24,229,32,28,290,276,0.28,0.384,0.416,0.8,105,97H8,cookedu01,RF
289,Sandy Amorós,0,7.3,793,0,7.3,0.424,7.3,2.3,7.1,-1.3,1.4,0,0,0,0,0,0,0,0,7,1952,1960,0,517,1561,1311,215,334,55,23,43,180,18,15,211,189,0.255,0.361,0.43,0.791,106,*7H8/9,amorosa01,LF
290,Todd Hollandsworth,0,8.1,1738,0,6.5,0.422,7.3,0.9,7,-3.5,-4.3,0,0,0,0,0,0,0,0,12,1995,2006,0,1118,3492,3191,451,871,192,22,98,401,75,43,262,701,0.273,0.328,0.439,0.767,97,*7H89/3D,hollato01,LF
291,Johnny Jones,0,7.3,868,0,7.3,0.42,7.3,2.7,5.9,0,1.4,0,0,0,0,0,0,0,0,7,1922,1929,0,431,1847,1658,318,493,70,30,24,221,23,,150,,0.297,0.361,0.419,0.78,107,794/85,jonesjo03,LF
292,Buttercup Dickerson,0,7.1,712,7.5,7.1,0.418,7.1,2.8,7.1,-2,1.9,0,0,0,0,0,0,0,0,7,1878,1885,0,408,1812,1762,302,500,84,34,4,127,,,48,51,0.284,0.304,0.377,0.68,121,*O/654,dickebu01,SS
293,Chris James,0,9.1,1477,0,5,0.416,7.1,0.9,6.9,-6.1,-6,0,0,0,0,0,0,0,0,10,1986,1995,0,946,3294,3040,343,794,145,24,90,386,27,17,193,490,0.261,0.307,0.413,0.721,99,*79DH85/3,jamesch02,LF
294,Beals Becker,0,7.7,1468,0,6.5,0.414,7.1,1.2,8.3,-5.8,-3.5,0,0,0,0,0,0,0,0,8,1908,1915,0,876,3108,2764,368,763,114,43,45,296,129,31,241,347,0.276,0.335,0.397,0.732,113,*978H/3,beckebe01,RF
295,Johnny Davis,0,7,589,0,7,0.412,7,4.2,6.4,-0.3,3.3,0,0,0,0,0,0,0,0.1,8,1941,1948,2,272,1114,965,157,290,51,12,29,181,11,,126,,0.301,0.385,0.468,0.853,135,78/193,davisjo07,LF
296,Morrie Arnovich,0,7,973,0,7,0.41,7,1.9,4.9,-0.6,-1,0,0,0,0.03,0,0,0,0,7,1936,1946,1,590,2231,2013,234,577,104,12,22,261,17,22,185,139,0.287,0.35,0.383,0.733,100,*7H/89,arnovmo01,LF
297,John Cangelosi,0,7.9,1152,2.5,6,0.408,6.9,0.9,5.7,-0.9,-1.5,0,0,0,0,0,0,0,0,13,1985,1999,0,1038,2432,2004,328,501,73,15,12,134,154,61,358,322,0.25,0.37,0.319,0.69,91,*H*879/D1,cangejo01,CF
298,Jesse Winker,0,7.2,1444,0,6.4,0.406,6.8,1.3,10.8,-8,-2.9,0,0,0,0,0,0,0,0,9,2017,2025,1,781,2856,2434,352,636,127,5,96,334,18,7,365,532,0.261,0.366,0.436,0.802,117,*7D9H/8,winkeje01,LF
299,Al Wingo,0,6.8,795,0,6.8,0.404,6.8,2.2,7.8,-2.6,0.7,0,0,0,0.11,0,0,0,0.1,6,1919,1928,0,493,1581,1326,225,409,87,19,9,191,23,22,211,119,0.308,0.404,0.423,0.827,115,7H98/5,wingoal01,LF
300,Andy Leonard,0,6.9,970,2.5,6.6,0.402,6.7,2.1,8.6,-3.1,-1.4,0,0,0,0,0,0,0,0,9,1871,1880,0,501,2423,2394,481,715,86,27,4,343,74,28,29,52,0.299,0.307,0.362,0.669,110,*O46/53,leonaan01,2B
301,Billy Hatcher,0,9.5,2063,0,4,0.4,6.7,0.5,7.2,-5.5,-12,0,0,0,0,0,0,0,0,12,1984,1995,0,1233,4752,4339,586,1146,210,30,54,399,218,87,267,476,0.264,0.312,0.364,0.676,86,*7*8H9/4D,hatchbi01,LF
302,Mike Young,0,6.8,1021,0,6.4,0.398,6.6,1.6,6.1,-2.5,-0.5,0,0,0,0,0,0,0,0,8,1982,1989,0,635,2116,1840,244,454,80,6,72,235,22,17,237,465,0.247,0.338,0.414,0.752,107,79DH/8,youngmi01,LF
303,Jack Lelivelt,0,6.6,575,0,6.6,0.396,6.6,2.8,6.4,-1.4,1.5,0,0,0,0,0,0,0,0,6,1909,1914,0,384,1290,1154,114,347,43,22,2,126,46,11,89,131,0.301,0.353,0.381,0.735,123,7H89/3,lelivja01,LF
304,Jackson Chourio,0,6.5,642,0,6.5,0.394,6.5,3.6,5.7,0.3,2.7,0,0,0,0,0,0,0,0,3,2024,2026,0,291,1219,1131,172,310,69,8,43,162,46,14,72,257,0.274,0.319,0.463,0.782,115,789/HD,chourja01,LF
305,Austin Meadows,0,6.4,891,0,6.4,0.392,6.4,2.5,7.4,-3,0.8,0,0,0,0.04,0,0,0,0,6,2018,2023,1,417,1693,1507,209,390,82,15,70,238,23,13,156,363,0.259,0.333,0.472,0.806,121,7D9H/8,meadoau01,LF
306,Jason Michaels,0,7.2,1215,0,5.6,0.39,6.4,0.9,4.4,-0.8,-2.8,0,0,0,0,0,0,0,0,11,2001,2011,0,1031,2629,2332,332,613,140,10,59,299,22,18,243,496,0.263,0.335,0.407,0.742,95,*H*789/D5,michaja01,LF
307,Lester Lockett,0,6.6,530,0,5.9,0.388,6.2,3.1,4.2,1,2.1,0,0,0,0,0,0,1,0.3,11,1937,1948,4,303,1237,1132,174,324,48,17,9,184,15,0,82,,0.286,0.337,0.383,0.72,109,75/48693,lockele01,LF
308,James Wood,0,6.2,705,0,6.2,0.386,6.2,3.5,7.4,-2.3,2.4,0,0,0,0,0,0,0,0,3,2024,2026,1,284,1253,1077,171,277,64,4,52,165,36,16,164,389,0.257,0.359,0.469,0.828,134,79D/H,woodja03,LF
309,Charlie Duffee,0,6.2,1046,2.5,6.2,0.384,6.2,2,3.9,0.3,0.4,0,0,0,0,0,0,0,0,5,1889,1893,0,508,2134,1943,314,518,67,33,35,281,110,,180,150,0.267,0.332,0.389,0.721,107,*O5/364,duffech01,3B
310,Charlie Mason,0,6.4,736,0,6,0.382,6.2,3,6.7,-2.2,1.1,0,0,0,0,0,0,0,0.1,8,1923,1932,0,327,1344,1210,241,375,48,17,38,238,47,,118,,0.31,0.376,0.472,0.848,125,79/381,masonch02,LF
311,Bob Ganley,0,6.2,927,0,6.2,0.38,6.2,1.8,5.3,-2.4,-2.6,0,0,0,0,0,0,0,0,5,1905,1909,0,572,2484,2129,246,540,44,24,2,123,112,,177,154,0.254,0.313,0.3,0.612,97,978/H,ganlebo01,RF
312,Jerry Hairston,0,6,917,0,6.1,0.378,6.1,1.2,6.1,-2.3,-0.6,0,0,0,0,0,0,0,0,14,1973,1989,0,859,2023,1699,216,438,91,6,30,205,4,5,282,240,0.258,0.362,0.371,0.734,102,*H7D938/4,hairsje01,LF
313,Bud Stewart,0,6.2,1084,0,5.9,0.376,6,1.2,5.8,-2.5,-1.2,0,0,0,0,0,0,0,0,9,1941,1954,0,773,2336,2041,288,547,96,32,32,260,29,28,252,157,0.268,0.351,0.393,0.744,102,7H98/54,stewabu01,LF
314,Terry Whitfield,0,6.1,909,0,5.7,0.374,5.9,1.3,4.8,-1.4,-1.2,0,0,0,0,0,0,0,0,10,1974,1986,0,730,2106,1913,233,537,93,12,33,179,18,24,138,288,0.281,0.33,0.394,0.724,103,*7H98/D,whitfte01,LF
315,Mark Carreon,0,7.2,1034,0,4.6,0.372,5.9,1,7.4,-5.3,-2.4,0,0,0,0,0,0,0,0,10,1987,1996,0,738,2191,2012,246,557,108,5,69,289,12,11,140,246,0.277,0.327,0.438,0.766,108,H3798/D,carrema01,1B
316,Eli Marrero,0,6.9,1008,12.5,4.9,0.37,5.9,1.1,2.3,3.2,-1.6,0,0,0,0,0,0,0,0,10,1997,2006,0,724,2126,1906,262,463,99,12,66,261,56,11,168,372,0.243,0.303,0.411,0.714,84,*2H7938/D5,marreel01,C
317,George Tebeau,0,5.8,1424,0,5.8,0.368,5.8,1.5,5.9,-2.9,-1.9,0,0,0,0,0,0,0,0,6,1887,1895,0,628,2676,2319,441,623,96,54,15,311,228,,324,235,0.269,0.364,0.376,0.74,103,*O3/15,tebeage01,1B
318,Hack Miller,0,5.8,662,0,5.8,0.366,5.8,2.7,5.9,-1.5,1.7,0,0,0,0,0,0,0,0,6,1916,1925,0,349,1291,1200,164,387,65,11,38,205,10,9,64,103,0.323,0.361,0.49,0.851,121,*7H/89,milleha01,LF
319,Glenn Braggs,0,5.8,1214,0,5.8,0.364,5.8,1.4,4.5,-1.6,-2.6,0,0,0,0,0,0,0,0,7,1986,1992,0,692,2609,2336,308,601,102,16,70,321,58,26,211,472,0.257,0.322,0.405,0.726,98,*7*9HD/8,bragggl01,LF
320,Chas McCormick,0,5.8,747,0,5.8,0.362,5.8,1.9,4.5,0.4,0.5,0,0,0,0,0,0,0,0,5,2021,2025,0,500,1567,1388,198,343,52,5,56,196,37,16,137,430,0.247,0.321,0.413,0.734,104,789H/D1,mccorch01,LF
321,Adam Comorosky,0,6.5,1386,0,5,0.36,5.7,1,3.4,-1.4,-5.1,0,0,0,0.02,0,0,0,0,10,1926,1935,0,813,3116,2787,404,795,134,51,28,417,57,39,214,158,0.285,0.339,0.4,0.739,91,*7H89,comorad01,LF
322,Mike McCormick,0,6.3,1044,2.5,5,0.358,5.7,1.1,3.9,-0.9,-4.5,0,0,0,0,0,0,0,0,10,1940,1951,0,748,2589,2325,302,640,100,29,14,215,16,24,188,173,0.275,0.33,0.361,0.692,90,*8*7H9,mccormi02,CF
323,Ryan Raburn,0,7.9,1304,0,3.5,0.356,5.7,0.6,6.1,-5.4,-6.2,0,0,0,0,0,0,0,0,12,2004,2017,0,946,2734,2472,340,626,147,13,93,358,16,10,210,683,0.253,0.316,0.436,0.752,100,*7H94D85/31,raburry01,LF
324,Kevin Mench,0,5.9,1272,0,5.5,0.354,5.7,1.2,5.8,-3.1,-3.5,0,0,0,0,0,0,0,0,8,2002,2010,0,729,2597,2362,311,632,150,14,89,331,12,6,183,335,0.268,0.324,0.456,0.78,99,*79HD/8,menchke01,LF
325,Blondie Purcell,0,6.1,2034,0,5.2,0.352,5.6,0.8,11.1,-10.8,-15.6,0,0,0,0,0,0,0,0,12,1879,1890,0,1097,4875,4563,767,1217,177,60,13,495,197,,284,248,0.267,0.314,0.34,0.654,103,*O15/632,purcebl01,Unknown
326,Herm McFarland,0,5.6,735,0,5.6,0.35,5.6,2.6,5.9,-1.6,0.2,0,0,0,0,0,0,0,0,5,1896,1903,0,352,1500,1278,204,340,61,28,13,167,64,,175,138,0.266,0.362,0.388,0.75,111,*O78/92,mcfarhe01,LF
327,Bris Lord,0,6,1212,0,5.3,0.348,5.6,1.1,4.1,-2.7,-6.4,0,0,0,0.06,0,0,0,0,8,1905,1913,0,742,3088,2767,380,707,119,49,13,236,74,22,175,342,0.256,0.304,0.348,0.652,95,*798H/1,lordbr01,LF
328,Jason Kubel,0,7.1,1925,0,4.1,0.346,5.6,0.6,8.5,-9.8,-9.5,0,0,0,0.01,0,0,0,0,10,2004,2014,0,1036,3883,3480,442,913,187,19,140,564,12,7,355,834,0.262,0.33,0.448,0.777,108,*7*D9H,kubelja01,LF
329,Rip Repulski,0,5.7,1579,0,5.3,0.344,5.5,0.9,6.8,-4.2,-7.2,0,0,0,0,0,0,0,0,9,1953,1961,1,928,3379,3088,407,830,153,23,106,416,25,29,207,433,0.269,0.319,0.436,0.755,98,*78H9,repulri01,LF
330,Spike Shannon,0,5.5,1196,0,5.5,0.342,5.5,1.3,4.7,-3.1,-4.3,0,0,0,0,0,0,0,0,5,1904,1908,0,694,3021,2613,383,677,49,15,3,183,145,,286,288,0.259,0.337,0.293,0.63,96,*79/8H,shannsp01,LF
331,Gene Stephens,0,6.4,939,0,4.5,0.34,5.5,0.8,0.6,1,-2.3,0,0,0,0,0,0,0,0,12,1952,1964,0,964,2197,1913,283,460,78,15,37,207,27,20,233,322,0.24,0.325,0.355,0.68,83,*7*H89,stephge01,LF
332,Hal Lee,0,5.5,1296,0,5.5,0.338,5.5,1.2,3.8,-1.8,-4.6,0,0,0,0,0,0,0,0,7,1930,1936,0,752,2998,2750,316,755,144,40,33,323,15,33,203,225,0.275,0.326,0.392,0.718,95,*7H/894,leeha01,LF
333,Al Spangler,0,6.6,1128,0,4.3,0.336,5.4,0.8,8,-6.7,-5.6,0,0,0,0,0,0,0,0,13,1959,1971,0,912,2616,2267,307,594,87,26,21,175,37,32,295,234,0.262,0.347,0.351,0.698,100,*7H98,spangal01,LF
334,Brandon Guyer,0,5.4,614,0,5.4,0.334,5.4,1.7,4.9,-1,0.4,0,0,0,0,0,0,0,0,7,2011,2018,0,517,1487,1291,184,323,72,5,32,137,22,8,91,269,0.25,0.339,0.388,0.727,101,79H8D/1,guyerbr01,LF
335,Jonny Gomes,0,7.4,1973,0,3.5,0.332,5.4,0.5,9.9,-12.3,-10.2,0,0,0,0,0,0,0,0,13,2003,2015,0,1203,4009,3456,495,835,157,14,162,526,50,24,417,1088,0.242,0.333,0.436,0.769,106,*7*DH9/1,gomesjo01,LF
336,Mike Morse,0,6.9,1359,0,3.8,0.33,5.4,0.7,9.6,-9.2,-5.2,0,0,0,0.01,0,0,0,0,13,2005,2017,0,832,2813,2569,296,705,139,8,105,355,6,6,178,668,0.274,0.331,0.457,0.788,115,739H6D/5,morsemi01,LF
337,Mickey Hatcher,0,7.7,1447,0,3,0.328,5.3,0.4,2.7,-3.5,-8.8,0,0,0,0,0,0,0,0,12,1979,1990,0,1130,3607,3377,348,946,172,20,38,375,11,15,164,246,0.28,0.313,0.377,0.69,89,*7H3D958/1,hatchmi01,LF
338,Ron Kittle,0,5.8,1534,0,4.7,0.326,5.3,0.9,7.6,-7.5,-5,0,0,0,0,0,0,0,0,10,1982,1991,1,843,3013,2708,356,648,100,3,176,460,16,16,236,744,0.239,0.306,0.473,0.779,110,*D*7H3/98,kittlro01,LF
339,Sam Fuld,0,5.5,660,0,5.1,0.324,5.3,1.4,1.9,2.1,-0.3,0,0,0,0,0,0,0,0,8,2007,2015,0,598,1535,1354,177,308,60,18,12,112,67,20,153,227,0.227,0.307,0.325,0.632,77,78H9/D1,fuldsa01,LF
340,Al Ferrara,0,5.4,741,0,5.1,0.322,5.3,1.4,7.6,-4.3,-0.4,0,0,0,0,0,0,0,0,8,1963,1971,0,574,1573,1382,148,358,60,7,51,198,0,1,156,286,0.259,0.344,0.423,0.768,119,7H9,ferraal01,LF
341,Harry Anderson,0,5.2,875,0,5.2,0.32,5.2,1.7,5.6,-2.3,-1.6,0,0,0,0.01,0,0,0,0,5,1957,1961,0,484,1786,1586,199,419,82,16,60,242,3,6,159,291,0.264,0.334,0.45,0.784,108,*73H/9,anderha02,LF
342,Eloy Jiménez,0,5.2,1061,0,5.2,0.318,5.2,1.5,6.5,-4.7,-2,0,0,0,0,0,0,0,0,7,2019,2026,0,546,2161,1997,235,537,91,2,95,301,3,0,141,489,0.269,0.319,0.459,0.778,112,D7/H9,jimenel02,LF
343,Matt Diaz,0,6.5,946,0,3.8,0.316,5.2,0.8,4.6,-3.1,-2.5,0,0,0,0,0,0,0,0,11,2003,2013,0,736,2052,1881,212,546,98,14,45,226,33,16,106,378,0.29,0.338,0.429,0.767,103,*7H9/D38,diazma02,LF
344,Dick Williams,0,6.8,1398,0,3.4,0.314,5.1,0.5,3.3,-2.4,-6.7,0,0,0,0,0,0,0,0,13,1951,1964,0,1023,3265,2959,358,768,157,12,70,331,12,21,227,392,0.26,0.312,0.392,0.704,92,7H5389/4,willidi02,LF
345,Butch Nieman,0,5,603,0,5,0.312,5,2.5,4.8,-1.1,1.2,0,0,0,0,0,0,0,0,3,1943,1945,0,332,1183,1050,147,269,46,14,37,167,20,15,129,119,0.256,0.339,0.432,0.771,116,79H/8,niemabu01,LF
346,Joe Sommer,0,6.3,1476,2.5,3.7,0.31,5,0.7,1.1,-0.3,-6.2,0,0,0,0,0,0,0,0.1,10,1880,1890,0,920,3933,3675,617,911,109,42,11,342,101,,238,118,0.248,0.297,0.309,0.607,88,*O546/132,sommejo01,3B
347,Smead Jolley,0,5,906,0,5,0.308,5,1.7,6.7,-3.4,-1.7,0,0,0,0.04,0,0,0,0,4,1930,1933,0,473,1815,1710,188,521,111,21,46,313,5,7,89,105,0.305,0.343,0.475,0.818,112,79H/2,jollesm01,LF
348,Willie Harris,0,6.6,1258,0,3.3,0.306,5,0.5,3,-0.1,-5.7,0,0,0,0,0,0,0,0,12,2001,2012,0,1046,2816,2441,365,580,100,24,39,212,107,40,306,500,0.238,0.327,0.346,0.673,79,*H*78495/D6,harriwi02,LF
349,Shane Spencer,0,5,880,0,5,0.304,5,1.5,3.4,-0.7,-1.5,0,0,0,0,0,0,0,0,7,1998,2004,0,538,1867,1671,208,438,84,8,59,242,13,11,152,357,0.262,0.326,0.428,0.754,95,79HD/38,spencsh01,LF
350,Ernie Koy,0,4.9,966,0,4.9,0.302,4.9,1.4,5.6,-2.7,-2.2,0,0,0,0,0,0,0,0,5,1938,1942,0,558,2018,1846,238,515,108,29,36,260,40,27,137,284,0.279,0.332,0.427,0.759,107,*78H9/5,koyer01,LF
351,Gene Clines,0,5.2,1033,0,4.6,0.3,4.9,0.8,3.7,-1.5,-3.8,0,0,0,0.02,0,0,0,0,10,1970,1979,0,870,2556,2328,314,645,85,24,5,187,71,40,169,291,0.277,0.329,0.341,0.67,88,*H*789/D,clinege01,LF
352,Guy Curtright,0,4.8,560,0,4.8,0.298,4.8,2.4,4.9,-1.4,1,0,0,0,0,0,0,0,0,4,1943,1946,0,331,1228,1065,147,294,45,16,9,108,20,20,142,124,0.276,0.363,0.374,0.737,115,7H89,curtrgu01,LF
353,Travis Snider,0,5.1,900,0,4.4,0.296,4.8,1.1,2.8,-0.5,-2.5,0,0,0,0,0,0,0,0,8,2008,2015,0,630,1971,1783,214,435,100,7,54,212,22,11,167,492,0.244,0.311,0.399,0.709,93,79H/D81,snidetr01,LF
354,Jim Greengrass,0,4.7,974,0,4.7,0.294,4.7,1.5,5.1,-2.2,-2.7,0,0,0,0,0,0,0,0,5,1952,1956,0,504,1977,1793,243,482,82,16,69,282,6,9,165,271,0.269,0.33,0.448,0.778,103,*79H/85,greenji02,LF
355,Jerry Turner,0,5.2,878,0,4.2,0.292,4.7,0.9,5.3,-3.4,-2,0,0,0,0,0,0,0,0,10,1974,1983,0,733,1931,1742,222,448,73,9,45,238,45,24,159,245,0.257,0.319,0.387,0.706,101,*H*79D/8,turneje01,LF
356,Craig Monroe,0,5.7,1394,0,3.7,0.29,4.7,0.7,4.2,-3.4,-6.7,0,0,0,0,0,0,0,0,9,2001,2009,0,814,2924,2691,368,678,146,9,115,433,19,18,188,588,0.252,0.301,0.441,0.742,94,*79D8H,monrocr01,LF
357,Hugh High,0,4.6,759,0,4.6,0.288,4.6,1.4,5.1,-2.7,-2.7,0,0,0,0,0,0,0,0,6,1913,1918,0,516,1839,1546,176,386,54,21,3,123,56,19,212,168,0.25,0.345,0.318,0.662,98,78H/9,highhu01,LF
358,Spud Johnson,0,4.5,721,2.5,4.5,0.286,4.5,2.2,6.1,-2.9,0.6,0,0,0,0,0,0,0,0,3,1889,1891,0,331,1463,1324,246,400,45,31,4,238,93,,109,70,0.302,0.368,0.392,0.76,124,O5/36,johnssp01,3B
359,Henry Cotto,0,4.9,1043,2.5,4.1,0.284,4.5,0.7,4.6,-2,-3.7,0,0,0,0,0,0,0,0,10,1984,1993,0,884,2334,2178,296,569,87,9,44,210,130,26,107,352,0.261,0.299,0.37,0.669,84,*8*7H9/D,cottohe01,CF
360,Mike Felder,0,5.6,1058,0,3.1,0.282,4.3,0.6,1.4,-0.6,-5.1,0,0,0,0,0,0,0,0,10,1985,1994,0,899,2497,2262,318,564,59,32,14,173,161,46,168,217,0.249,0.301,0.322,0.623,73,*7H89D/45,feldemi01,LF
361,Laynce Nix,0,4.8,930,2.5,3.8,0.28,4.3,0.8,0.6,2.2,-3,0,0,0,0,0,0,0,0,11,2003,2013,0,758,2063,1915,235,460,110,11,69,249,9,5,122,534,0.24,0.286,0.417,0.703,82,H879/3D,nixla01,CF
362,Chris Heisey,0,4.6,794,0,4,0.278,4.3,0.9,1.6,0.4,-1.5,0,0,0,0,0,0,0,0,8,2010,2017,0,697,1758,1594,218,380,69,12,62,178,25,10,110,414,0.238,0.296,0.413,0.71,90,*7H89/D,heisech01,LF
363,Fred Odwell,0,4.2,658,0,4.2,0.276,4.2,1.7,2.1,0,-1.2,0,0,0,0,0,0,0,0,4,1904,1907,0,411,1589,1412,198,365,42,30,10,168,72,,89,187,0.258,0.313,0.352,0.665,97,79/8H4,odwelfr01,LF
364,Ryan Langerhans,0,5.3,667,0,3.1,0.274,4.2,0.8,0.6,0.9,-1.5,0,0,0,0,0,0,0,0,11,2002,2013,0,597,1474,1250,177,283,58,12,33,125,11,8,192,388,0.226,0.333,0.371,0.704,86,*7H89/3D,langery01,LF
365,Don Lenhardt,0,4.2,886,0,4.2,0.272,4.2,1.4,5.5,-3.3,-1.1,0,0,0,0,0,0,0,0,5,1950,1954,0,481,1720,1481,192,401,64,9,61,239,6,7,214,235,0.271,0.365,0.45,0.815,114,7H3/598,lenhado01,LF
366,Jerry Lynch,0,5.7,1570,0,2.7,0.27,4.2,0.4,10.5,-10.8,-9.3,0,0,0,0,0,0,0,0,13,1954,1966,0,1184,3145,2879,364,798,123,34,115,470,12,17,224,416,0.277,0.329,0.463,0.792,111,*H*79/2,lynchje01,LF
367,Delmon Young,0,5.2,1944,0,3.2,0.268,4.2,0.5,7.9,-9.5,-12.3,0,0,1,0.11,0,0,0,0,10,2006,2015,0,1118,4371,4108,473,1162,218,11,109,566,36,21,179,784,0.283,0.316,0.421,0.737,98,*79DH8,youngde03,LF
368,Doc Dudley,0,4.2,478,0,4.2,0.266,4.2,3.1,5,-1.9,1.1,0,0,0,0,0,0,0,0,4,1920,1923,0,216,928,808,153,243,41,20,13,118,42,,73,,0.301,0.37,0.449,0.819,126,78/9,dudledo01,LF
369,Rob Ducey,0,5.1,694,0,3.2,0.264,4.1,0.7,1.4,0.3,-1.7,0,0,0,0,0,0,0,0,13,1987,2001,0,703,1478,1279,190,309,78,13,31,146,22,17,166,346,0.242,0.331,0.396,0.726,91,H798/D,duceyro01,LF
370,Trevor Larnach,0,4.1,833,0,4.1,0.262,4.1,1.4,3.6,-2,-1.8,0,0,0,0,0,0,0,0,6,2021,2026,0,478,1787,1566,216,380,79,5,54,210,12,7,190,467,0.243,0.328,0.403,0.731,103,7D9H,larnatr01,LF
371,Fred Nicholson,0,4.1,445,0,4.1,0.26,4.1,2.2,4.5,-1.4,1.2,0,0,0,0,0,0,0,0,5,1917,1922,0,303,891,794,112,247,34,21,12,108,21,17,65,97,0.311,0.367,0.452,0.819,124,7H9/834,nichofr02,LF
372,Kyle Blanks,0,4.1,433,0,4.1,0.258,4.1,2.4,2.7,-0.1,1.2,0,0,0,0,0,0,0,0,7,2009,2015,0,278,933,827,110,199,42,2,33,111,6,2,83,275,0.241,0.322,0.416,0.738,107,739H/D,blankky01,LF
373,Pat Seerey,0,4.1,1009,0,4.1,0.256,4.1,1.2,4.9,-3.2,-2.3,0,0,0,0,0,0,0,0,7,1943,1949,0,561,2095,1815,236,406,73,5,86,261,3,8,259,485,0.224,0.321,0.412,0.733,109,798H,seerepa01,LF
374,Fred Lewis,0,4.1,852,0,4.1,0.254,4.1,1.2,4.4,-1.9,-1.5,0,0,0,0,0,0,0,0,7,2006,2012,0,535,1763,1562,261,415,91,21,27,136,53,23,170,390,0.266,0.344,0.403,0.747,97,*7H9/8D,lewisfr02,LF
375,Harry McCormick,0,4,610,0,4,0.252,4,1.5,6,-3.8,-0.7,0,0,0,0,0,0,0,0,5,1904,1913,0,429,1383,1247,165,356,62,26,6,132,30,0,92,160,0.285,0.34,0.391,0.732,122,7H98/3,mccormo01,LF
376,David Dellucci,0,5.3,1613,0,2.5,0.25,3.9,0.4,5.6,-7,-8.3,0,0,0,0,0,0,0,0,13,1997,2009,0,1099,3266,2873,431,736,141,35,101,398,41,25,322,714,0.256,0.338,0.435,0.773,98,*7*H9D8,delluda01,LF
377,Chad Pinder,0,3.9,777,0,3.9,0.248,3.9,1.1,3.9,-0.8,-2.2,0,0,0,0,0,0,0,0,7,2016,2022,0,553,1740,1603,204,388,89,3,62,197,5,4,103,475,0.242,0.294,0.417,0.711,96,79H456/D831,pindech01,LF
378,George Treadway,0,3.9,782,0,3.9,0.246,3.9,1.9,4.1,-1.7,-1.1,0,0,0,0,0,0,0,0,4,1893,1896,0,328,1477,1290,259,368,58,46,13,227,60,,165,115,0.285,0.37,0.432,0.802,107,*O/3,treadge01,1B
379,Henry Rodríguez,0,5.3,1744,0,2.4,0.244,3.9,0.4,5.9,-7.2,-7.8,0,0,0,0.02,0,0,0,0,11,1992,2002,1,950,3343,3031,389,784,176,9,160,523,10,14,276,803,0.259,0.321,0.481,0.802,108,*7H39/D,rodrihe02,LF
380,Orlando Palmeiro,0,5.2,1119,0,2.6,0.242,3.9,0.3,2.5,-2.8,-6.4,0,0,0,0,0,0,0,0,13,1995,2007,0,1206,2706,2335,306,640,113,14,12,226,37,28,265,230,0.274,0.351,0.35,0.701,83,*H*798D,palmeor01,LF
381,Buddy Armour,0,3.8,335,7.5,3.9,0.24,3.9,3.5,2.8,1.1,1.6,0,0,0,0,0,0,1,0.2,10,1933,1947,4,182,734,667,104,190,33,9,3,94,28,0,57,,0.285,0.344,0.375,0.719,107,687/951,armoubu01,SS
382,Joe Evans,0,4.6,950,2.5,3,0.238,3.8,0.7,3.1,-0.2,-6.2,0,0,0,0,0,0,0,0,11,1915,1925,0,733,2365,2043,306,529,71,31,3,210,67,16,212,152,0.259,0.329,0.328,0.658,79,57H89/634,evansjo01,3B
383,Gil Coan,0,5.6,1349,0,2,0.236,3.8,0.4,1.7,-3.1,-7.5,0,0,0,0.02,0,0,0,0,11,1946,1956,0,918,3167,2877,384,731,98,44,39,278,83,38,232,384,0.254,0.316,0.359,0.675,84,*7H8/9,coangi01,LF
384,Jim Wohlford,0,5.5,1377,0,2,0.234,3.8,0.3,0.8,-2.8,-9.6,0,0,0,0,0,0,0,0,15,1972,1986,0,1220,3371,3049,349,793,125,33,21,305,89,68,241,376,0.26,0.313,0.343,0.656,84,*7*H9D8/45,wohlfji01,LF
385,Thad Bosley,0,5.2,754,0,2.3,0.232,3.8,0.5,1.6,-0.8,-3.6,0,0,0,0,0,0,0,0,14,1977,1990,0,784,1755,1581,183,430,50,12,20,158,47,24,143,275,0.272,0.33,0.357,0.686,89,*H789D,bosleth01,LF
386,Curt Motton,0,3.7,309,0,3.7,0.23,3.7,1.9,2.7,0.2,1.3,0,0,0,0,0,0,0,0,8,1967,1974,0,316,671,567,85,121,20,1,25,89,5,7,86,116,0.213,0.319,0.384,0.704,105,H7/9D,mottocu01,LF
387,Miguel Diloné,0,4.9,1074,0,2.5,0.228,3.7,0.5,4,-3.5,-4.7,0,0,0,0.01,0,0,0,0,12,1974,1985,0,800,2182,2000,314,530,67,25,6,129,267,78,142,197,0.265,0.315,0.333,0.648,82,*7H89D/5,dilonmi01,LF
388,Scott Van Slyke,0,3.7,413,0,3.7,0.226,3.7,1.7,1.6,0.6,1,0,0,0,0,0,0,0,0,6,2012,2017,0,355,869,760,84,184,44,1,29,95,11,6,85,223,0.242,0.326,0.417,0.744,107,7H93/8D,vanslsc01,LF
389,Andy Dirks,0,3.7,490,0,3.7,0.224,3.7,2,2.7,-0.1,-0.1,0,0,0,0,0,0,0,0,3,2011,2013,0,297,1063,971,150,268,47,7,24,100,13,4,76,173,0.276,0.332,0.413,0.745,101,79H/8D,dirksan01,LF
390,Marty Sullivan,0,3.6,900,0,3.6,0.222,3.6,1.5,4.1,-2.5,-2.5,0,0,0,0,0,0,0,0,5,1887,1891,0,398,1787,1618,280,441,56,32,26,220,99,,162,168,0.273,0.341,0.395,0.736,106,*O/351,sullima01,1B
391,Alec Burleson,0,3.5,812,0,3.5,0.22,3.5,1.2,4.8,-3.7,-2.2,0,0,0,0,0,0,0,0,5,2022,2026,0,459,1738,1584,184,426,78,3,54,219,20,6,120,241,0.269,0.322,0.424,0.746,109,37D9H/1,burleal01,1B
392,Tyler Soderstrom,0,3.5,554,0,3.5,0.218,3.5,1.9,2.9,-0.6,-0.3,0,0,0,0,0,0,0,0,4,2023,2026,0,308,1164,1043,124,251,59,2,42,146,9,3,105,276,0.241,0.315,0.422,0.737,101,73/HD2,soderty01,LF
393,Dusty Rhodes,0,3.5,656,0,3.5,0.216,3.5,1,4.9,-2.7,-1.5,0,0,0,0,0,0,0,0,7,1952,1959,0,576,1316,1172,146,296,44,10,54,207,3,2,131,196,0.253,0.328,0.445,0.773,104,*H79/8,rhodedu01,LF
394,Skip Schumaker,0,5.4,1490,2.5,1.6,0.214,3.5,0.2,7.6,-6.6,-9.3,0,0,0,0,0,0,0,0,11,2005,2015,0,1149,3582,3252,416,905,169,13,28,284,26,17,280,476,0.278,0.337,0.364,0.701,91,*4H798/D1,schumsk01,2B
395,Ricky Ledée,0,4.2,1110,0,2.8,0.212,3.5,0.5,3.2,-2,-4.8,0,0,0,0,0,0,0,0,10,1998,2007,0,855,2307,2030,290,494,120,17,63,318,29,15,244,495,0.243,0.325,0.412,0.737,91,*H*798/D,ledeeri01,LF
396,Bill Lamar,0,3.8,961,0,3.1,0.21,3.5,0.9,3.9,-2.9,-5.3,0,0,0,0,0,0,0,0,9,1917,1927,0,550,2203,2040,303,633,114,23,19,245,25,26,86,78,0.31,0.339,0.417,0.755,95,*7H8/93,lamarbi01,LF
397,Jesse Hill,0,3.4,530,0,3.4,0.208,3.4,1.9,3.5,-0.8,-0.5,0,0,0,0,0,0,0,0,3,1935,1937,0,295,1092,959,175,277,53,12,6,108,43,8,115,91,0.289,0.366,0.388,0.753,95,78H/9,hillje01,LF
398,Thomas Howard,0,4.5,1185,0,2.4,0.206,3.4,0.4,1.7,-1.3,-6.1,0,0,0,0,0,0,0,0,11,1990,2000,0,1015,2696,2483,297,655,123,22,44,264,66,41,165,432,0.264,0.311,0.384,0.695,85,*H*789/D3,howarth01,LF
399,Earl Smith,0,3.4,710,0,3.4,0.204,3.4,1.1,3.1,-0.9,-3.3,0,0,0,0,0,0,0,0,7,1916,1922,0,495,1738,1580,176,429,72,32,9,186,36,8,82,127,0.272,0.311,0.375,0.686,90,79H58,smithea01,LF
400,Derrick May,0,4.2,1061,0,2.6,0.202,3.4,0.5,1.7,-1.7,-4.8,0,0,0,0,0,0,0,0,10,1990,1999,0,797,2387,2200,244,596,103,10,52,310,30,12,156,254,0.271,0.319,0.398,0.717,92,*7H9/D3,mayde01,LF
401,Nolan Reimold,0,3.9,750,0,2.9,0.2,3.4,1,3.4,-2.6,-2.6,0,0,0,0,0,0,0,0,8,2009,2016,0,480,1556,1378,179,339,61,7,56,174,18,7,150,356,0.246,0.323,0.422,0.745,99,*7DH9/8,reimono01,LF
402,Mike Mansell,0,3.4,564,0,3.4,0.198,3.4,1.5,2.5,-1.1,-0.8,0,0,0,0,0,0,0,0,5,1879,1884,0,371,1535,1470,237,351,41,42,9,25,,,61,82,0.239,0.271,0.342,0.613,104,*O,mansemi01,Unknown
403,Chris Dickerson,0,3.3,403,0,3.3,0.196,3.3,1.5,1.6,0.7,0.7,0,0,0,0,0,0,0,0,7,2008,2014,0,355,820,721,105,185,35,7,17,66,35,7,83,231,0.257,0.335,0.395,0.73,95,7H98D,dickech01,LF
404,Connor Joe,0,3.3,769,0,3.3,0.194,3.3,1.1,2.1,-1.1,-2.2,0,0,0,0,0,0,0,0,7,2019,2026,0,496,1698,1476,196,352,88,9,36,148,15,11,188,374,0.238,0.333,0.383,0.716,94,397HD/8,joeco01,1B
405,Matt Murton,0,3.3,518,0,3.3,0.192,3.3,1.5,2.5,-0.3,0.1,0,0,0,0,0,0,0,0,5,2005,2009,0,346,1058,952,134,272,46,5,29,112,10,3,93,149,0.286,0.352,0.436,0.788,100,7H9/8,murtoma01,LF
406,Mark Quinn,0,3.2,597,0,3.2,0.19,3.2,1.8,3,-1.1,-0.9,0,0,0,0,0,0,0,0,4,1999,2002,0,293,1166,1089,153,307,72,5,45,167,17,8,56,186,0.282,0.324,0.481,0.805,101,7D9/H8,quinnma01,LF
407,Jocko Fields,0,3.2,705,12.5,3.2,0.188,3.2,1.5,5.6,-2.6,-1.3,0,0,0,0,0,0,0,0,6,1887,1892,0,344,1464,1329,214,361,66,32,12,178,51,,127,140,0.272,0.339,0.397,0.735,113,O24/6531,fieldjo01,C
408,Masataka Yoshida,0,3.2,593,0,3.2,0.186,3.2,1.6,3.8,-2.8,-1.1,0,0,0,0,0,0,0,0,4,2023,2026,0,334,1302,1184,140,332,69,4,29,160,14,0,83,165,0.28,0.339,0.419,0.758,109,D7H/9,yoshima02,LF
409,Earl Gurley,0,3.2,350,0,3.2,0.184,3.2,2.2,2.6,-0.2,-0.4,0,0,0,0,0,0,0,0,8,1922,1932,0,239,725,657,85,189,33,16,9,89,7,,62,,0.288,0.35,0.428,0.778,112,719/384,gurleea01,LF
410,Dwight Smith,0,3.8,955,0,2.6,0.182,3.2,0.5,4.9,-4.1,-3.6,0,0,0,0,0,0,0,0,8,1989,1996,0,813,1988,1807,244,497,88,20,46,226,42,37,150,334,0.275,0.333,0.422,0.755,103,*H798/D,smithdw01,LF
411,Jerald Clark,0,3.1,757,0,3.1,0.18,3.1,1,-0.3,0.9,-2.3,0,0,0,0,0,0,0,0,7,1988,1995,0,516,1728,1609,170,414,79,16,44,208,17,8,83,295,0.257,0.301,0.408,0.709,90,*73H9/8D,clarkje01,LF
412,Seth Brown,0,3.1,857,0,3.1,0.178,3.1,0.9,3.3,-2.7,-2.9,0,0,0,0,0,0,0,0,7,2019,2025,0,568,1804,1641,180,371,79,8,74,233,24,6,145,496,0.226,0.292,0.419,0.712,101,973HD/8,brownse01,RF
413,Tom Poquette,0,3,551,0,3,0.176,3,1.1,1.6,0.1,-1.6,0,0,0,0,0,0,0,0,7,1973,1982,0,452,1350,1226,127,329,62,18,10,136,13,13,81,82,0.268,0.317,0.373,0.69,92,7H98/D,poqueto01,LF
414,Frenchy Bordagaray,0,3.9,1202,2.5,2.2,0.174,3,0.4,6.2,-5.5,-7.4,0,0,0,0,0,0,0,0,11,1934,1945,0,930,2872,2632,410,745,120,28,14,270,66,37,173,186,0.283,0.331,0.366,0.697,91,*H5987/4,bordafr01,3B
415,Justin Ruggiano,0,3.6,736,2.5,2.5,0.172,3,0.8,4.2,-2.4,-2.4,0,0,0,0,0,0,0,0,9,2007,2017,0,483,1479,1340,164,343,72,4,53,163,40,25,114,394,0.256,0.318,0.434,0.753,104,87H9/D,ruggiju01,CF
416,Collin Cowgill,0,3,299,0,3,0.17,3,1.5,0.9,1.3,0.4,0,0,0,0,0,0,0,0,6,2011,2016,0,317,759,689,83,161,22,4,12,57,14,7,58,197,0.234,0.297,0.329,0.627,78,79H8/D,cowgico01,LF
417,Colton Cowser,0,3,504,0,3,0.168,3,1.6,2.1,0.4,-0.6,0,0,0,0,0,0,0,0,4,2023,2026,0,309,1093,969,137,206,42,3,41,122,24,5,103,353,0.213,0.297,0.389,0.686,95,789/HD,cowseco01,LF
418,Heliot Ramos,0,3,677,0,3,0.166,3,1.4,5.2,-3.1,-1.6,0,0,0,0,0,0,0,0,5,2022,2026,1,356,1471,1336,167,343,63,5,48,163,12,5,105,366,0.257,0.317,0.419,0.737,109,78/9DH,ramoshe02,LF
419,Al Scheer,0,2.9,522,0,2.9,0.164,2.9,1.7,3.2,-1.8,1.3,0,0,0,0,0,0,0,0,3,1913,1915,0,281,1087,931,141,262,48,20,5,105,41,0,116,81,0.281,0.368,0.392,0.76,119,79/H486,scheeal01,LF
420,Chet Ross,0,2.9,643,0,2.9,0.162,2.9,1.1,2.3,-1.1,-2.1,0,0,0,0,0,0,0,0,6,1939,1944,0,413,1443,1309,156,316,53,21,34,170,6,6,124,281,0.241,0.309,0.392,0.701,100,*7H/98,rossch01,LF
421,Cliff Lee,0,3.3,850,0,2.5,0.16,2.9,0.8,4.6,-3.5,-3.2,0,0,0,0,0,0,0,0,8,1919,1926,0,521,1720,1583,216,475,87,28,38,216,14,11,104,186,0.3,0.344,0.462,0.806,106,79H32/85,leecl01,LF
422,Phil Plantier,0,3.4,1076,0,2.3,0.158,2.9,0.6,4.3,-4.3,-4.6,0,0,0,0,0,0,0,0,8,1990,1997,0,610,2166,1883,260,457,90,3,91,292,13,15,237,476,0.243,0.332,0.439,0.77,104,*79HD/8,plantph01,LF
423,Woody Jensen,0,3.8,1129,0,2,0.156,2.9,0.4,1.6,-2.5,-7.5,0,0,0,0,0,0,0,0,9,1931,1939,0,738,2869,2720,392,774,114,37,26,235,20,25,69,100,0.285,0.307,0.382,0.689,85,*7H8/9,jensewo01,LF
424,Clyde Vollmer,0,3.8,1062,0,2,0.154,2.9,0.5,2.7,-2.7,-5.1,0,0,0,0,0,0,0,0,10,1942,1954,0,685,2288,2021,283,508,77,10,69,339,7,7,243,328,0.251,0.335,0.402,0.737,96,78H9,vollmcl01,LF
425,George Shuba,0,2.9,461,0,2.9,0.152,2.9,1.3,3,-1,-0.8,0,0,0,0.01,0,0,0,0,7,1948,1955,0,355,949,814,106,211,45,4,24,125,5,6,120,122,0.259,0.358,0.413,0.771,104,7H/98,shubage01,LF
426,Sam Haggerty,0,3,320,0,2.7,0.15,2.9,1.5,1.9,-0.2,0.4,0,0,0,0,0,0,0,0,8,2019,2026,0,293,694,617,100,144,26,5,11,54,46,7,61,172,0.233,0.311,0.345,0.656,91,7H9D/8435,haggesa01,LF
427,Buddy Burbage,0,3.2,438,0,2.5,0.148,2.8,2,3.1,-1.4,0,0,0,0,0,0,0,0,0.1,9,1929,1943,0,206,879,771,151,232,41,16,10,114,19,,84,,0.301,0.372,0.435,0.806,112,97/84216,burbabu01,RF
428,Frank Huelsman,0,2.8,386,0,2.8,0.146,2.8,1.9,4.2,-2.8,-0.9,0,0,0,0,0,0,0,0,3,1897,1905,0,235,917,824,76,213,52,13,5,97,18,,62,144,0.258,0.322,0.371,0.693,122,O7/9H8,huelsfr01,LF
429,Rube Ellis,0,2.8,956,0,2.8,0.144,2.8,0.8,3.3,-3.4,-4.2,0,0,0,0,0,0,0,0,4,1909,1912,0,555,2273,1985,279,517,66,30,13,199,58,,216,246,0.26,0.336,0.344,0.68,101,*7H/98,ellisru01,LF
430,Chris Duncan,0,2.8,689,0,2.8,0.142,2.8,1.2,3.8,-2.5,-1.1,0,0,0,0,0,0,0,0,5,2005,2009,0,389,1317,1147,164,295,55,5,55,175,4,3,160,316,0.257,0.348,0.458,0.805,109,7H3/9D,duncach01,LF
431,Akil Baddoo,0,2.8,538,0,2.8,0.14,2.8,1.3,1.9,0.2,-1,0,0,0,0,0,0,0,0,5,2021,2025,0,347,1143,1016,137,228,39,12,28,104,43,13,120,307,0.224,0.305,0.369,0.674,88,78H/9D,baddoak01,LF
432,Jason Tyner,0,3.2,568,0,2.4,0.138,2.8,0.9,0,1.2,-2.8,0,0,0,0,0,0,0,0,8,2000,2008,0,440,1467,1358,168,373,41,11,1,94,61,15,68,137,0.275,0.314,0.323,0.637,71,78HD9,tynerja01,LF
433,Tom O'Brien,0,2.7,750,0,2.7,0.136,2.7,1,4.4,-2.7,-3.5,0,0,0,0,0,0,0,0,4,1897,1900,0,428,1760,1573,249,437,60,24,10,229,55,,120,87,0.278,0.341,0.366,0.707,97,O3/546,o'brito02,1B
434,Marcus Thames,0,3.6,1048,0,1.9,0.134,2.7,0.5,4.1,-5.3,-5.3,0,0,0,0,0,0,0,0,10,2002,2011,0,640,2016,1827,256,450,83,4,115,301,3,9,159,510,0.246,0.309,0.485,0.794,105,7DH93/5,thamema01,LF
435,Dan Wilson,0,3,485,0,2.4,0.132,2.7,1.4,2.4,-0.5,-0.8,0,0,0,0,0,0,0,0.1,10,1936,1947,5,268,1095,977,177,270,42,17,2,113,38,,95,,0.276,0.346,0.36,0.706,95,745/986,wilsoda02,LF
436,Tom Grieve,0,3.5,907,0,1.8,0.13,2.7,0.4,3.1,-4.8,-5.5,0,0,0,0,0,0,0,0,9,1970,1979,0,670,2093,1907,209,474,76,10,65,254,7,7,135,424,0.249,0.301,0.401,0.702,100,7D9H/83,grievto01,LF
437,Cozy Dolan,0,2.7,625,0,2.7,0.128,2.7,1.1,4.2,-2.1,-1.8,0,0,0,0,0,0,0,0,7,1909,1922,0,379,1373,1187,210,299,43,21,6,111,102,25,121,182,0.252,0.328,0.339,0.666,95,75H89/643,dolanco02,LF
438,Barry Bonnell,0,3.6,1485,0,1.7,0.126,2.7,0.3,3.1,-4,-9.1,0,0,0,0,0,0,0,0,10,1977,1986,0,976,3354,3068,363,833,143,24,56,355,64,39,229,387,0.272,0.323,0.389,0.712,91,*7*89H5/D3,bonneba01,LF
439,Stone Garrett,0,2.6,191,0,2.6,0.124,2.6,3.6,2.1,0.1,1.5,0,0,0,0,0,0,0,0,3,2022,2024,0,118,361,315,55,87,26,0,14,53,6,2,30,109,0.276,0.341,0.492,0.833,130,7H/D9,garrest01,LF
440,Larry Stahl,0,2.8,768,0,2.3,0.122,2.6,0.5,1,-1,-4.1,0,0,0,0,0,0,0,0,10,1964,1973,0,730,1889,1721,167,400,58,19,36,163,22,16,142,357,0.232,0.292,0.351,0.643,86,*H7983,stahlla01,LF
441,Richie Palacios,0,2.6,318,2.5,2.6,0.12,2.6,1.8,2.3,-0.1,0.3,0,0,0,0,0,0,0,0,5,2022,2026,0,227,680,586,84,143,24,1,13,60,33,5,77,127,0.244,0.339,0.355,0.694,98,47H9/D8536,palacri01,2B
442,Josh Clarke,0,2.5,430,0,2.5,0.118,2.5,1.8,2.8,-1.4,-0.8,0,0,0,0,0,0,0,0,5,1898,1911,0,223,973,809,118,193,18,9,5,43,51,,135,139,0.239,0.351,0.302,0.653,103,7/948H6,clarkjo02,LF
443,Joe Knight,0,2.5,268,0,2.5,0.116,2.5,3.1,2.5,-0.7,-0.6,0,0,0,0,0,0,0,0,2,1884,1890,0,133,547,505,69,156,29,8,4,69,17,,38,33,0.309,0.362,0.422,0.784,127,O/1,knighjo01,Unknown
444,Larry Bigbie,0,2.5,629,0,2.5,0.114,2.5,1,3.7,-2,-2.3,0,0,0,0,0,0,0,0,6,2001,2006,0,392,1367,1227,164,328,56,4,31,137,25,8,119,302,0.267,0.331,0.395,0.726,91,78H9/D,bigbila01,LF
445,John Glenn,0,2.5,478,0,2.5,0.112,2.5,1.3,2.4,-0.8,-2.3,0,0,0,0,0,0,0,0,7,1871,1877,0,315,1407,1372,235,366,44,7,1,157,16,7,35,33,0.267,0.285,0.311,0.596,89,O3,glennjo01,1B
446,Ben Francisco,0,2.5,836,0,2.5,0.11,2.5,0.7,3.7,-3.1,-3.5,0,0,0,0,0,0,0,0,7,2007,2013,0,563,1771,1579,199,400,104,3,50,190,30,17,146,325,0.253,0.323,0.418,0.741,98,79HD8,francbe01,LF
447,Gino Cimoli,0,3.7,1411,0,1.3,0.108,2.5,0.2,0.8,-2.8,-10.6,0,0,0,0,0,0,0,0,10,1956,1965,1,969,3358,3054,370,808,133,48,44,321,21,6,221,474,0.265,0.315,0.383,0.698,85,*9*87H,cimolgi01,RF
448,Len Gabrielson,0,3.2,810,0,1.7,0.106,2.5,0.4,2.9,-3.9,-5.5,0,0,0,0,0,0,0,0,9,1960,1970,0,708,1940,1764,178,446,64,12,37,176,20,12,145,315,0.253,0.309,0.366,0.675,94,7H93/85,gabrile02,LF
449,Nolan Jones,0,2.5,590,0,2.5,0.104,2.5,1.2,2.3,-1,-1.5,0,0,0,0,0,0,0,0,4,2022,2025,0,349,1218,1064,132,263,54,7,30,137,33,11,136,361,0.247,0.336,0.396,0.731,98,978H/D35,jonesno01,RF
450,Leron Lee,0,2.8,758,0,2.1,0.102,2.4,0.5,2.5,-2.5,-3.8,0,0,0,0,0,0,0,0,8,1969,1976,0,614,1769,1617,173,404,83,13,31,152,19,14,133,315,0.25,0.307,0.375,0.682,95,*7H9/D,leele02,LF
451,Kyle Stowers,0,2.4,436,0,2.4,0.1,2.4,1.5,2.7,-1.3,-0.5,0,0,0,0,0,0,0,0,5,2022,2026,1,260,905,805,101,200,40,6,32,112,6,3,82,267,0.248,0.325,0.432,0.758,111,79H/8D3,stoweky01,LF
452,Ned Cuthbert,0,3.4,804,12.5,1.4,0.098,2.4,0.5,2.9,-3.5,-4.7,0,0,0,0,0,0,0,0,10,1871,1884,0,452,2179,2114,453,537,74,17,8,182,70,9,65,35,0.254,0.276,0.316,0.593,90,*O/234,cuthbne01,C
453,Danny Gardella,0,2.4,294,0,2.4,0.096,2.4,2.3,2.6,-0.7,0.5,0,0,0,0,0,0,0,0,3,1944,1950,0,169,610,543,74,145,12,3,24,85,2,2,57,68,0.267,0.343,0.433,0.776,115,7H/938,gardeda01,LF
454,Ted Savage,0,3.2,745,0,1.6,0.094,2.4,0.4,3.2,-3.5,-4.3,0,0,0,0,0,0,0,0,9,1962,1971,0,642,1614,1375,202,321,51,11,34,163,49,24,200,272,0.233,0.334,0.361,0.694,95,H798/345,savagte01,LF
455,Larry Sheets,0,2.9,1178,0,1.9,0.092,2.4,0.4,4.5,-6.9,-6.3,0,0,0,0,0,0,0,0,8,1984,1993,0,748,2502,2284,273,607,98,5,94,339,6,12,175,351,0.266,0.321,0.437,0.757,109,*D79H/325,sheetla01,LF
456,Tracy Jones,0,2.4,667,0,2.4,0.09,2.4,0.8,3.2,-2.8,-2.5,0,0,0,0,0,0,0,0,6,1986,1991,0,493,1434,1303,173,356,56,6,27,164,62,19,100,140,0.273,0.329,0.388,0.716,97,7H9D8/3,jonestr01,LF
457,Chris Coghlan,0,3.7,1348,0,1,0.088,2.4,0.2,6.4,-7.5,-8,0,0,0,0,0,0,0,0,9,2009,2017,0,801,2905,2580,353,666,149,26,53,234,47,23,275,535,0.258,0.334,0.398,0.731,98,*7H8954/3D,coghlch01,LF
458,Red Worthington,0,2.3,489,0,2.3,0.086,2.3,1.3,2.5,-1.3,-1.3,0,0,0,0,0,0,0,0,4,1931,1934,0,292,1103,1037,118,298,69,18,12,111,2,6,48,71,0.287,0.321,0.423,0.745,102,7H/9,worthre01,LF
459,So Taguchi,0,2.4,668,0,2.2,0.084,2.3,0.5,1.9,-1.1,-2.4,0,0,0,0,0,0,0,0,8,2002,2009,0,672,1524,1369,197,382,74,7,19,163,39,12,102,195,0.279,0.332,0.385,0.717,86,78H9/4D,tagucso01,LF
460,Eddie Lukon,0,2.3,311,0,2.3,0.082,2.3,1.7,1.6,-0.1,-0.4,0,0,0,0,0,0,0,0,4,1941,1947,0,213,673,606,64,143,17,9,23,70,4,2,60,72,0.236,0.307,0.408,0.714,98,79H/8,lukoned01,LF
461,Henry Moore,0,2.2,210,7.5,2.2,0.08,2.2,3.3,2.4,-0.7,2.1,0,0,0,0,0,0,0,0,1,1884,1884,0,111,480,461,77,155,23,5,1,,,,19,,0.336,0.363,0.414,0.777,163,O/6,mooreha01,SS
462,Quincy Trouppe,0,2.7,255,12.5,1.8,0.078,2.2,1.8,2.1,-0.3,0,0,0,0,0,0,0,0,0,11,1930,1952,8,158,551,474,89,123,24,9,6,71,6,0,66,3,0.259,0.357,0.386,0.743,108,2/79345186,troupqu01,C
463,Johnny Dickshot,0,2.2,491,0,2.2,0.076,2.2,1.1,3.2,-2.4,-1.4,0,0,0,0,0,0,0,0,6,1936,1945,0,322,1110,990,142,273,35,19,7,116,23,9,101,97,0.276,0.345,0.371,0.715,104,7H/9,dicksjo01,LF
464,Butch Davis,0,2.2,175,0,2.2,0.074,2.2,5.3,2.2,-0.2,1.3,0,0,0,0,0,0,1,0.2,1,1947,1947,0,67,288,267,50,91,12,12,3,52,25,,14,,0.341,0.382,0.509,0.892,141,7/98,davisbu03,LF
465,Max Venable,0,3.6,666,0,0.8,0.072,2.2,0.2,1.3,-1.9,-4.5,0,0,0,0,0,0,0,0,12,1979,1991,0,727,1561,1397,176,337,57,17,18,128,64,18,120,218,0.241,0.302,0.345,0.647,81,*H789/D,venabma01,LF
466,Eric Young Jr.,0,2.9,881,0,1.4,0.07,2.1,0.4,1.8,-1.5,-4.6,0,0,0,0,0,0,0,0,10,2009,2018,0,651,1926,1725,275,422,67,22,13,112,162,39,147,350,0.245,0.312,0.332,0.643,74,7H849/D,younger03,LF
467,Erv Dusak,0,2.6,521,0,1.7,0.068,2.1,0.7,1.8,-0.8,-3.4,0,0,0,0,0,0,0,0,9,1941,1952,0,413,1192,1035,168,251,32,6,24,106,12,12,142,188,0.243,0.334,0.355,0.688,84,78H945/16,dusaker01,LF
468,Al Woods,0,2.1,959,0,2.1,0.066,2.1,0.6,2.9,-3.1,-5.2,0,0,0,0,0,0,0,0,7,1977,1986,0,618,2203,1986,233,538,98,14,35,196,23,24,167,180,0.271,0.326,0.387,0.713,94,*7HD/9,woodsal01,LF
469,L.D. Livingston,0,2.1,358,0,2.1,0.064,2.1,1.9,2.5,-1.2,-0.3,0,0,0,0,0,0,0,0,3,1928,1930,0,174,682,617,104,172,25,22,15,131,10,,62,,0.279,0.348,0.464,0.811,115,7/89,livinld01,LF
470,Walter Christensen,0,2.1,269,0,2.1,0.062,2.1,2,2.4,-0.9,0.1,0,0,0,0,0,0,0,0,2,1926,1927,0,171,595,514,66,162,21,7,0,57,12,12,60,34,0.315,0.392,0.383,0.775,111,78H/9,chriscu01,LF
471,Buddy Ryan,0,2,264,2.5,2,0.06,2,2,1.7,-0.4,-0.5,0,0,0,0,0,0,0,0,2,1912,1913,0,166,644,571,79,161,18,10,1,63,21,10,41,38,0.282,0.339,0.354,0.692,97,879/H3,ryanbu01,CF
472,Rufino Linares,0,2,246,0,2,0.058,2,1.6,0.9,0.4,0.1,0,0,0,0,0,0,0,0,4,1981,1985,0,207,577,545,66,147,21,3,11,63,15,6,24,74,0.27,0.299,0.38,0.679,88,7H/D9,linarru01,LF
473,Bobby Brown,0,2,657,0,2,0.056,2,0.7,1.1,-0.1,-2.5,0,0,0,0,0,0,0,0,7,1979,1985,0,502,1393,1277,183,313,38,12,26,130,110,34,94,238,0.245,0.295,0.355,0.649,80,78H9/D,brownbo04,LF
474,Mike Huff,0,2,409,0,2,0.054,2,0.9,1,0.4,-1.3,0,0,0,0,0,0,0,0,7,1989,1996,0,369,948,801,113,198,42,7,9,75,19,9,109,146,0.247,0.344,0.351,0.695,88,798H/45D,huffmi01,LF
475,Maurice Van Robays,0,1.9,842,0,1.9,0.052,1.9,0.6,3,-3.5,-5.2,0,0,0,0.02,0,0,0,0,6,1939,1946,0,529,2010,1844,232,493,94,27,20,303,2,14,139,155,0.267,0.321,0.38,0.702,97,*79H/358,vanroma01,LF
476,Count Gedney,0,1.9,286,0,1.9,0.05,1.9,1.5,0.3,0.7,-0.5,0,0,0,0,0,0,0,0,4,1872,1875,0,202,845,832,139,209,25,8,5,99,8,7,13,26,0.251,0.263,0.319,0.581,84,O/31,gedneco01,1B
477,Curtis Pride,0,2.7,436,0,1.1,0.048,1.9,0.4,1,-1.1,-1.9,0,0,0,0,0,0,0,0,11,1993,2006,0,421,898,796,132,199,39,12,20,82,29,14,85,211,0.25,0.327,0.405,0.731,88,H7D9/8,pridecu01,LF
478,Marv Rackley,0,1.9,232,0,1.9,0.046,1.9,1.7,2.2,-0.7,-0.2,0,0,0,0,0,0,0,0,4,1947,1950,0,185,519,477,87,151,20,6,1,35,10,10,36,36,0.317,0.365,0.39,0.754,100,7H8/9,racklma01,LF
479,Roy Foster,0,1.9,564,0,1.9,0.044,1.9,0.9,3.9,-3.5,-2.2,0,0,0,0,0,0,0,0,3,1970,1972,0,337,1153,1016,136,257,51,1,45,118,9,6,110,146,0.253,0.336,0.438,0.774,112,79H,fostero01,LF
480,José Tábata,0,1.9,776,0,1.9,0.042,1.9,0.6,2.1,-2.3,-3.6,0,0,0,0,0,0,0,0,6,2010,2015,0,509,1765,1592,208,438,81,15,17,126,47,30,129,254,0.275,0.336,0.377,0.713,99,79H/8D,tabatjo01,LF
481,Andrew Toles,0,1.9,123,0,1.9,0.04,1.9,3.2,1.2,0.5,1.1,0,0,0,0,0,0,0,0,3,2016,2018,0,96,249,231,41,66,14,1,8,35,2,2,15,49,0.286,0.333,0.459,0.792,111,H7/89,tolesan01,LF
482,William Hoover,0,1.9,258,7.5,1.9,0.038,1.9,2.4,2.6,-1.2,1,0,0,0,0,0,0,0,0,3,1884,1892,0,127,564,525,114,151,23,14,1,16,16,,37,13,0.288,0.337,0.39,0.727,141,O/6345,hoovebu01,SS
483,Clarence Foster,0,1.9,459,0,1.9,0.036,1.9,1.1,2.4,-1.6,-1.8,0,0,0,0,0,0,0,0,4,1898,1901,0,262,1021,924,146,260,36,20,10,137,17,,76,108,0.281,0.341,0.396,0.737,106,7/6594H,fostepo01,LF
484,George Anderson,0,1.8,512,0,1.8,0.034,1.8,1.1,1.9,-1.6,-0.1,0,0,0,0,0,0,0,0,3,1914,1918,0,269,1140,1007,148,289,40,17,5,69,36,,98,111,0.287,0.359,0.375,0.734,115,978/H,anderge01,RF
485,Ben Gamel,0,2.2,1046,0,1.5,0.032,1.8,0.3,4.8,-5.8,-6.3,0,0,0,0,0,0,0,0,9,2016,2024,0,723,2320,2046,283,516,112,15,41,204,22,15,243,571,0.252,0.334,0.382,0.716,96,*79H8D/3,gamelbe01,LF
486,Isaac Collins,0,1.8,297,0,1.8,0.03,1.8,1.6,2.4,-1.1,-0.2,0,0,0,0,0,0,0,0,3,2024,2026,0,183,617,520,72,129,27,3,12,69,20,10,79,146,0.248,0.355,0.381,0.736,107,7H/9D45,colliis01,LF
487,Charlie Hamburg,0,1.8,282,0,1.8,0.028,1.8,2.2,1.7,-0.6,0.4,0,0,0,0,0,0,0,0,1,1890,1890,0,133,560,485,93,132,22,2,3,77,46,,69,,0.272,0.37,0.344,0.714,111,O,hambuch01,Unknown
488,Luis Olmo,0,1.7,781,2.5,1.7,0.026,1.7,0.6,4.7,-3.6,-4.1,0,0,0,0.04,0,0,0,0,6,1943,1951,0,462,1733,1629,208,458,65,25,29,272,33,18,88,128,0.281,0.319,0.405,0.724,102,875H49,olmolu01,CF
489,Jake Mangum,0,1.7,229,0,1.7,0.024,1.7,1.9,1.3,0.1,0,0,0,0,0,0,0,0,0,2,2025,2026,0,149,513,480,50,139,20,1,3,43,32,6,27,83,0.29,0.331,0.354,0.685,92,789/HD,manguja01,LF
490,Alex Dickerson,0,1.7,503,0,1.7,0.022,1.7,0.8,3.2,-2.5,-1.5,0,0,0,0,0,0,0,0,6,2015,2022,0,339,1001,902,136,230,49,8,40,132,7,2,81,204,0.255,0.325,0.46,0.785,111,7H/D9,dickeal01,LF
491,Daylen Lile,0,1.7,292,0,1.7,0.02,1.7,2,3,-1.9,-0.1,0,0,0,0,0,0,0,0,2,2025,2026,0,138,561,511,81,146,27,11,16,66,11,9,38,95,0.286,0.338,0.476,0.814,130,79/DH,lileda01,LF
492,Bob Speake,0,1.7,397,0,1.7,0.018,1.7,0.9,1.6,-0.5,-1.6,0,0,0,0,0,0,0,0,4,1955,1959,0,305,854,761,110,170,26,10,31,104,8,11,80,158,0.223,0.301,0.406,0.707,88,H738/9,speakbo01,LF
493,Jack Voigt,0,1.7,321,0,1.7,0.016,1.7,0.9,0.8,-0.2,-0.7,0,0,0,0,0,0,0,0,7,1992,1998,0,294,676,588,84,138,32,3,20,83,7,3,78,129,0.235,0.324,0.401,0.726,88,79H3/D85,voigtja01,LF
494,Heinie Heitmuller,0,1.7,156,0,1.7,0.014,1.7,2.8,1.5,-0.3,0.2,0,0,0,0,0,0,0,0,2,1909,1910,0,95,360,321,47,87,11,10,0,22,13,,25,45,0.271,0.33,0.368,0.697,117,7/8H9,heitmhe01,LF
495,Chuck Essegian,0,1.6,551,0,1.6,0.012,1.6,0.7,3.3,-2.8,-2.1,0,0,0,0,0,0,0,0,6,1958,1963,0,404,1140,1018,139,260,45,4,47,150,0,0,97,233,0.255,0.323,0.446,0.769,106,7H/98,essegch01,LF
496,Willie Smith,0,2.5,780,0,0.8,0.01,1.6,0.2,2,-3.6,-4.4,0,0,0,0,0,0,0,0,9,1963,1971,0,691,1795,1654,171,410,63,21,46,211,20,16,107,284,0.248,0.295,0.395,0.689,94,7H39/18,smithwi02,LF
497,Benny Ayala,0,2.2,448,0,1,0.008,1.6,0.4,0.8,-1.6,-2,0,0,0,0,0,0,0,0,10,1974,1985,0,425,951,865,114,217,42,1,38,145,2,4,71,136,0.251,0.305,0.434,0.739,104,HD7/93,ayalabe01,LF
498,Lou Skizas,0,1.6,379,0,1.6,0.006,1.6,1.1,1.3,-0.5,-0.8,0,0,0,0,0,0,0,0,4,1956,1959,0,239,788,725,80,196,27,4,30,86,8,3,50,37,0.27,0.317,0.443,0.759,103,97H5,skizalo01,RF
499,Bruce Aven,0,1.6,326,0,1.6,0.004,1.6,1,1.4,-0.5,-0.5,0,0,0,0,0,0,0,0,5,1997,2002,0,259,683,609,85,166,33,2,20,103,6,4,57,135,0.273,0.343,0.432,0.774,100,7H9/8D,avenbr01,LF
500,Eli White,0,1.6,328,0,1.6,0.002,1.6,0.8,-0.4,1.2,-1,0,0,0,0,0,0,0,0,7,2020,2026,0,302,781,719,108,151,20,6,22,77,31,7,48,224,0.21,0.267,0.346,0.613,71,798H/D34,whiteel04,LF
154,Willard Brown,0,17.2,1162,2.5,20.2,0.694,18.7,7.6,18.6,0.8,14.9,0,0,0,0,1,8,9,4.9,11,1937,1948,7,431,1785,1652,332,580,127,44,54,391,80,2,125,7,0.351,0.398,0.579,0.977,178,87/6945H3,brownwi02,CF
191,Luis Robert Jr.,0,16,1284,2.5,16,0.62,16,4.3,14.2,3.6,7.8,0,0,0,0.05,0,0,1,0.1,7,2020,2026,1,601,2473,2263,328,584,118,2,104,306,104,26,162,653,0.258,0.313,0.45,0.763,110,*8/HD,roberlu01,CF
205,Michael Harris II,0,15.2,1125,2.5,15.2,0.592,15.2,4.3,12,4.9,7.9,0,0,0,0.02,0,0,0,0,5,2022,2026,0,567,2252,2123,282,583,105,15,81,279,72,18,92,462,0.275,0.308,0.453,0.761,109,*8/HD7,harrimi04,CF
207,Elliott Maddox,0,15.2,1418,2.5,14.9,0.588,15.1,2.3,12.8,1.4,3.3,0,0,1,0.18,0,0,0,0.1,11,1970,1980,0,1029,3340,2843,360,742,121,16,18,234,60,54,409,358,0.261,0.358,0.334,0.692,100,*859H7/64D3,maddoel01,CF
211,Jarrod Dyson,0,14.6,1342,2.5,15.1,0.58,14.8,2.5,5.3,10.3,5.5,0,0,0,0,0,0,0,0,12,2010,2021,0,992,2833,2513,387,612,83,38,21,185,266,49,242,478,0.244,0.314,0.332,0.645,75,*8H97D,dysonja01,CF
212,Henry Kimbro,0,13.9,1332,2.5,15.6,0.578,14.8,4.5,14.8,0,8.7,0,0,0,0,1,2,3,1.6,12,1937,1948,7,559,2530,2172,479,651,106,48,30,261,72,,317,,0.3,0.394,0.434,0.828,127,*87/951,kimbrhe01,CF
214,Trent Grisham,0,14.6,1444,2.5,14.8,0.574,14.7,2.9,13,3.7,4.9,0,0,0,0,0,0,0,0,8,2019,2026,0,813,3013,2577,386,553,112,13,110,347,53,14,370,763,0.215,0.319,0.396,0.715,99,*8H/79D,grishtr01,CF
216,Clint Thomas,0,13.1,1571,2.5,16,0.57,14.6,3.7,15.7,-1.6,6.9,0,0,0,0,0,0,1,0.2,13,1921,1938,0,695,2837,2550,475,785,139,62,56,499,127,9,228,8,0.308,0.369,0.477,0.846,125,8749/52,thomacl03,CF
217,Rick Miller,0,13.4,1893,2.5,15.5,0.568,14.4,1.7,11.2,3,0.6,0,0,0,0,0,0,0,0,15,1971,1985,0,1482,4440,3887,552,1046,161,35,28,369,78,65,454,583,0.269,0.346,0.35,0.696,93,*8*H97/D3,milleri01,CF
218,Jimmie Hall,0,14.7,1560,2.5,13.8,0.566,14.3,2.3,13.1,-1.7,3.5,0,0,0,0.07,0,0,1,0.3,8,1963,1970,2,963,3169,2848,387,724,100,24,121,391,38,18,287,529,0.254,0.321,0.434,0.755,112,*879H/3,hallji02,CF
219,Sam Jethroe,0,13.4,1403,2.5,15,0.564,14.2,4,15.9,-1.1,5.8,0,0,0,0.02,0,0,1,0.3,12,1938,1954,7,604,2671,2395,418,658,128,41,58,273,136,23,225,293,0.275,0.345,0.435,0.78,118,*8/754H293,jethrsa01,CF
221,Lip Pike,0,14,1028,2.5,14.2,0.56,14.1,5.4,15.8,-2.7,7.6,0,0,0,0,0,0,1,0.3,10,1871,1887,0,425,2030,1979,434,638,120,53,21,332,50,15,51,57,0.322,0.339,0.468,0.808,157,*O4/653,pikeli01,2B
222,Dave May,0,14.5,1782,2.5,13.5,0.558,14,1.8,11.1,0,-0.7,0,0,1,0.19,0,0,0,0,12,1967,1978,1,1252,4087,3670,462,920,130,20,96,422,60,47,344,501,0.251,0.318,0.375,0.694,98,*8*9H7/D,mayda01,CF
223,Johnny Lindell,0,14.1,1504,2.5,13.9,0.556,14,2.6,11.8,-0.3,3.6,0,0,0,0.02,0,0,0,0.1,12,1941,1954,1,854,3123,2795,401,762,124,48,72,404,17,13,289,366,0.273,0.344,0.429,0.773,114,879H1/3,lindejo01,CF
224,Hank Leiber,0,14.4,1575,2.5,13.6,0.554,14,2.7,16.4,-4.2,2.5,0,0,0,0.14,0,0,0,0,10,1933,1942,3,813,3141,2805,410,808,137,24,101,518,5,19,274,319,0.288,0.356,0.462,0.818,122,*8H97/31,leibeha01,CF
225,Adolfo Phillips,0,13.9,1101,2.5,13.8,0.552,13.8,3.4,11.6,1.7,6,0,0,0,0,0,0,1,0.2,8,1964,1972,0,649,2173,1875,270,463,86,21,59,173,82,44,251,485,0.247,0.343,0.41,0.753,111,*8H/79,phillad01,CF
226,Danny Taylor,0,13.8,1300,0,13.8,0.55,13.8,3.3,14,-2.1,5.5,0,0,0,0,0,0,0,0,9,1926,1936,0,674,2494,2190,388,650,121,37,44,305,56,31,267,268,0.297,0.374,0.446,0.821,121,*78H/9,tayloda01,LF
228,Albie Pearson,0,14.2,1647,2.5,13.2,0.546,13.7,2.2,15.8,-4.2,2.2,0,0,0,0.08,0,0,1,0.1,9,1958,1966,1,988,3628,3077,485,831,130,24,28,214,77,33,477,195,0.27,0.369,0.355,0.724,103,*89H7,pearsal02,CF
229,Cameron Maybin,0,13.8,1985,2.5,13.4,0.544,13.6,1.9,14.1,0.1,-0.3,0,0,0,0,0,0,0,0,15,2007,2021,0,1162,4251,3824,556,973,173,34,72,354,187,55,368,921,0.254,0.323,0.374,0.697,92,*87H9/D,maybica01,CF
230,Jim McTamany,0,13.6,1892,0,13.6,0.542,13.6,2.7,12.6,-2.7,5.2,0,0,0,0,0,0,0,0,7,1885,1891,0,813,3682,3102,693,794,135,58,19,334,255,,535,264,0.256,0.373,0.355,0.728,117,*O,mctamji01,Unknown
231,Randal Grichuk,0,13.3,2414,0,13.8,0.54,13.6,1.6,12.5,-1.8,-2,0,0,0,0,0,0,0,0,13,2014,2026,0,1388,4888,4546,622,1138,272,29,215,638,27,19,274,1206,0.25,0.298,0.465,0.762,103,*9*87HD/1,grichra01,RF
232,Jim Busby,0,14.3,1896,2.5,12.8,0.538,13.5,1.5,5.9,5.9,-1.6,0,0,0,0.03,0,0,0,0.1,13,1950,1962,1,1352,4656,4250,541,1113,162,35,48,438,97,48,310,439,0.262,0.314,0.35,0.665,82,*8H/7952,busbyji01,CF
233,Bobby Estalella,0,13.6,1287,2.5,13.3,0.536,13.5,3.2,14.4,-2.5,5.4,0,0,0,0.01,0,0,0,0,9,1935,1949,0,680,2569,2196,279,620,106,33,44,308,13,17,350,246,0.282,0.383,0.421,0.804,128,87H59/3,estalbo01,CF
235,Desmond Jennings,0,13.4,1130,2.5,13.4,0.532,13.4,3.8,11.3,2.3,5.3,0,0,0,0,0,0,0,0,7,2010,2016,0,567,2351,2076,311,508,99,22,55,191,95,27,219,481,0.245,0.322,0.393,0.716,101,*87H/D9,jennide01,CF
237,Aaron Hicks,0,13.5,1733,2.5,13.2,0.528,13.4,2.2,13.7,0.3,0.7,0,0,0,0,0,0,0,0,12,2013,2024,0,981,3651,3135,469,724,120,15,109,392,71,26,461,793,0.231,0.33,0.383,0.713,96,*897H/D1,hicksaa01,CF
239,Odúbel Herrera,0,13.3,1500,2.5,13.3,0.524,13.3,2.6,12,2.9,3.1,0,0,0,0,0,0,0,0,7,2015,2022,1,817,3181,2915,376,791,158,19,78,305,68,25,211,663,0.271,0.326,0.419,0.745,100,*8H7/9,herreod01,CF
240,César Gerónimo,0,13.5,1827,2.5,13,0.522,13.2,1.4,5.6,5.9,-0.5,0,0,0,0.01,0,0,0,0,15,1969,1983,0,1522,4229,3780,460,977,161,50,51,392,82,40,354,746,0.258,0.325,0.368,0.693,93,*8H97/D,geronce01,CF
241,Jon Jay,0,13.6,1773,2.5,12.8,0.52,13.2,1.7,13.5,-1.4,-0.8,0,0,0,0,0,0,0,0,12,2010,2021,0,1201,4315,3838,532,1087,185,25,37,341,55,33,285,716,0.283,0.348,0.373,0.721,97,*897H/D1,jayjo02,CF
242,Michael A. Taylor,0,13.6,1711,2.5,12.8,0.518,13.2,1.7,2.8,11.5,0.4,0,0,0,0,0,0,0,0,12,2014,2025,0,1216,3801,3480,427,807,156,15,109,388,128,35,263,1164,0.232,0.288,0.379,0.667,79,*8H79/D31,taylomi02,CF
244,Lyman Bostock,0,13.1,1071,2.5,13.1,0.514,13.1,4,13.5,-0.9,5.6,0,0,0,0.03,0,0,1,0.2,4,1975,1978,0,526,2214,2004,305,624,102,30,23,250,45,28,171,174,0.311,0.365,0.427,0.791,123,897H/D,bostoly01,CF
245,Jackie Brandt,0,13.1,2001,2.5,13.1,0.512,13.1,1.7,13,-2.8,-1,0,0,0,0,0,0,0,0,11,1956,1967,2,1221,4318,3895,540,1020,175,37,112,485,45,30,351,574,0.262,0.323,0.412,0.735,101,*8*79H/534,brandja01,CF
247,Eddie Milner,0,13.1,1331,2.5,12.9,0.508,13,2.6,8.1,4.5,3.5,0,0,0,0,0,0,0,0,9,1980,1988,0,804,2718,2395,376,607,111,28,42,195,145,72,286,280,0.253,0.333,0.376,0.709,95,*8H79,milneed01,CF
248,Harry Walker,0,13.3,1303,2.5,12.5,0.506,12.9,2.5,13,-1.6,1.2,0,0,1,0.16,0,0,1,0.3,11,1940,1955,2,807,2981,2651,385,786,126,37,10,214,42,24,245,175,0.296,0.358,0.383,0.741,103,*8H79/345,walkeha01,CF
249,Jim Hickman,0,12.5,2200,0,13,0.504,12.7,1.5,16.5,-8.1,-3.1,0,0,1,0.15,0,0,0,0,13,1962,1974,1,1421,4536,3974,518,1002,163,25,159,560,17,19,491,832,0.252,0.335,0.426,0.76,108,*9*8*3H75/1,hickmji02,RF
250,Jerry Benjamin,0,11.1,1551,2.5,14,0.502,12.5,3.1,11.5,1.6,5,0,0,0,0,0,1,1,0.6,16,1932,1948,3,725,3260,2890,607,862,107,43,28,346,128,0,284,,0.298,0.364,0.394,0.758,106,*84/9756,benjaje01,CF
251,Don Demeter,0,12.2,1784,2.5,12.9,0.5,12.5,1.9,14,-3,-0.6,0,0,0,0.05,0,0,0,0,11,1956,1967,0,1109,3730,3443,467,912,147,17,163,563,22,25,180,658,0.265,0.307,0.459,0.766,108,*8H5739,demetdo01,CF
252,Darrin Jackson,0,13.5,1234,2.5,11.4,0.498,12.4,1.9,2.9,7.8,2.1,0,0,0,0,0,0,0,0,12,1985,1999,0,960,2816,2629,311,676,114,15,80,317,43,17,131,480,0.257,0.293,0.403,0.696,87,*8H97/D1,jacksda03,CF
253,Don Lock,0,12.2,1527,2.5,12,0.496,12.1,2.1,13.5,-2.6,1.9,0,0,0,0,0,0,0,0,8,1962,1969,0,921,3116,2695,359,642,92,12,122,373,30,29,373,776,0.238,0.331,0.417,0.748,111,*8H79/3,lockdo01,CF
254,Juan Lagares,0,13,1003,2.5,11,0.494,12,2.1,2.4,9.6,3,0,0,0,0,0,0,0,0,10,2013,2022,0,850,2508,2329,270,582,119,22,31,217,45,19,120,528,0.25,0.291,0.36,0.651,80,*8H9/7,lagarju01,CF
255,Goody Rosen,0,11.9,994,2.5,11.9,0.492,11.9,3.5,10.5,0.4,4.6,0,0,1,0.17,0,0,1,0.3,6,1937,1946,0,551,2163,1916,310,557,71,34,22,197,14,18,218,166,0.291,0.364,0.398,0.762,111,*89H/7,rosengo01,CF
256,Rick Manning,0,11.9,2431,2.5,11.8,0.49,11.8,1.2,13.2,-0.8,-7.3,0,0,0,0,0,0,0,0,13,1975,1987,0,1555,5832,5248,664,1349,189,43,56,458,168,78,471,616,0.257,0.317,0.341,0.658,85,*89H7/D,manniri01,CF
258,Brandon Marsh,0,11.6,1107,2.5,11.6,0.486,11.6,2.9,10.6,0.9,4.2,0,0,0,0,0,0,0,0,6,2021,2026,0,649,2264,2020,273,538,106,19,56,256,55,11,202,690,0.266,0.334,0.421,0.754,107,*8*7H/9D,marshbr02,CF
259,Leonys Martín,0,11.8,1245,2.5,11.4,0.484,11.6,2.4,5.9,7.3,1.6,0,0,0,0,0,0,0,0,9,2011,2019,0,770,2792,2532,334,617,94,22,58,228,126,45,190,637,0.244,0.301,0.367,0.668,81,*8H9/7D1,martile01,CF
260,Manuel Margot,0,11.8,1432,2.5,11.4,0.482,11.6,2,7.6,3.5,1,0,0,0,0,0,0,0,0,10,2016,2025,0,923,3211,2946,353,748,150,26,56,317,96,39,218,567,0.254,0.306,0.379,0.686,90,*89H7/D,margoma01,CF
261,Rajai Davis,0,11.4,2291,2.5,11.7,0.48,11.5,1.3,12.4,-1.6,-4.5,0,0,0,0,0,0,0,0,14,2006,2019,0,1448,4607,4244,637,1111,226,43,62,387,415,108,267,844,0.262,0.311,0.379,0.69,86,*8*7H9D/4,davisra01,CF
262,Chaney White,0,10.5,1261,2.5,12.5,0.478,11.5,3.4,11,-0.5,4.4,0,0,0,0,0,0,1,0.2,11,1923,1936,0,598,2528,2284,473,734,100,41,26,376,50,,217,,0.321,0.384,0.435,0.82,116,*87/91,whitech03,CF
263,Doug Glanville,0,11.8,1883,2.5,10.9,0.476,11.4,1.6,6.1,6.2,-1.7,0,0,0,0,0,0,0,0,9,1996,2004,0,1115,4282,3964,553,1100,166,32,59,333,168,36,208,502,0.277,0.315,0.38,0.695,79,*87H/9,glanvdo01,CF
264,Ken Landreaux,0,12.3,2086,2.5,10.4,0.474,11.4,1.3,15.6,-6.2,-5,0,0,0,0,0,0,0,0,11,1977,1987,1,1264,4504,4101,522,1099,180,45,91,479,145,60,299,421,0.268,0.317,0.4,0.718,99,*8H79/D,landrke01,CF
265,Jake Marisnick,0,11,990,2.5,11.6,0.472,11.3,2.1,3.3,9.2,4,0,0,0,0,0,0,0,0,11,2013,2023,0,877,2247,2053,287,469,96,15,65,223,81,32,119,671,0.228,0.281,0.385,0.666,81,*8H79/D,marisja01,CF
266,Homer Smoot,0,11.1,1233,2.5,11.1,0.47,11.1,2.6,13.1,-3.9,1.4,0,0,0,0,0,0,0,0,5,1902,1906,0,680,2894,2635,308,763,102,45,15,269,84,,149,300,0.29,0.336,0.38,0.715,119,*89/7H,smootho01,CF
267,Harry Bay,0,11.2,1250,2.5,10.7,0.468,11,2.6,10.1,-1.6,-0.1,0,0,0,0,0,0,0,0,8,1901,1908,0,675,2968,2640,413,722,65,42,5,141,169,,195,284,0.273,0.328,0.336,0.663,102,*87/9H,bayha01,CF
268,Corey Patterson,0,12.2,2093,2.5,9.7,0.466,10.9,1.3,6.9,4.3,-4.9,0,0,0,0,0,0,0,0,12,2000,2011,0,1230,4499,4171,571,1050,197,34,118,431,218,64,206,933,0.252,0.29,0.4,0.691,79,*8H7/9D,patteco01,CF
269,Valentín Dreke,0,10.5,1000,2.5,11.2,0.464,10.8,3.9,10.1,-0.8,4.5,0,0,0,0,0,0,0,0,8,1920,1927,0,466,2064,1874,333,619,85,24,15,264,60,,143,,0.33,0.385,0.425,0.81,121,87/9,drekeva01,CF
271,Nemo Leibold,0,11.2,2068,2.5,10.4,0.46,10.8,1.3,10.3,-4.4,-8.5,0,0,0,0,0,0,0,0,13,1913,1925,0,1268,4873,4167,638,1109,145,49,3,283,136,60,571,335,0.266,0.357,0.327,0.683,91,*8*9H7/5,leibone01,CF
272,Myles Straw,0,11,988,2.5,10.4,0.458,10.7,2.3,5.6,6.1,2.6,0,0,0,0,0,0,0,0,9,2018,2026,0,738,2364,2105,319,521,94,10,12,163,102,18,215,413,0.248,0.317,0.319,0.636,78,*8H79/6D4,strawmy01,CF
273,Oddibe McDowell,0,10.6,1581,2.5,10.6,0.456,10.6,2.1,11.1,0.1,0.5,0,0,0,0,0,0,0,0,7,1985,1994,0,830,3172,2829,458,715,125,28,74,266,169,53,294,550,0.253,0.323,0.395,0.718,95,*8H7/9D,mcdowod01,CF
274,Darren Lewis,0,10.7,1963,2.5,10.5,0.454,10.6,1.3,5.2,6.2,-4.5,0,0,0,0,0,0,0,0,13,1990,2002,0,1354,4654,4081,607,1021,137,37,27,342,247,107,403,514,0.25,0.323,0.322,0.645,73,*89H7/D,lewisda01,CF
275,Pete Crow-Armstrong,0,10.4,635,2.5,10.4,0.452,10.4,4.9,6.3,5.2,6.3,0,0,1,0.15,0,0,1,0.3,4,2023,2026,1,341,1272,1152,165,274,55,12,46,163,76,16,68,310,0.238,0.288,0.426,0.715,103,*8/HD,crowape01,CF
276,Craig Gentry,0,10.8,617,2.5,9.7,0.45,10.3,2.6,4,5.5,4.7,0,0,0,0,0,0,0,0,10,2009,2018,0,601,1402,1242,180,325,47,14,7,104,94,20,102,250,0.262,0.333,0.339,0.672,85,*87H9/D1,gentrcr01,CF
277,Rocco Baldelli,0,10.2,1008,2.5,10.2,0.448,10.2,3.2,8.9,1.8,2.9,0,0,0,0,0,0,0,0,7,2003,2010,0,519,2065,1910,281,531,99,18,60,262,60,16,102,388,0.278,0.323,0.443,0.766,101,*8D9H/75,baldero01,CF
278,Peter Bourjos,0,10.7,998,2.5,9.5,0.446,10.1,1.8,4.3,5.6,1.6,0,0,0,0,0,0,0,0,10,2010,2019,0,875,2334,2116,284,502,91,37,43,170,68,32,134,562,0.237,0.293,0.376,0.669,84,*8H97/D4,bourjpe01,CF
279,Jelly Gardner,0,10.3,1268,0,9.4,0.444,9.8,2.3,6.2,0.6,0.1,0,0,0,0,0,0,1,0.2,12,1920,1931,0,670,2787,2402,457,678,73,18,3,225,132,,340,,0.282,0.373,0.331,0.704,91,*9*87/45,gardnje02,RF
280,Hi Myers,0,11.6,2157,2.5,7.8,0.442,9.7,1,8.6,-4.1,-9.5,0,0,0,0,0,0,0,0,14,1909,1925,0,1310,5318,4910,555,1380,179,100,32,559,107,56,195,362,0.281,0.312,0.378,0.69,96,*8H45/937,myershy01,CF
281,Billy Hamilton,0,9.6,1528,2.5,9.8,0.44,9.7,1.7,2.4,9.2,-0.6,0,0,0,0,0,0,0,0,11,2013,2023,0,951,3285,2988,454,713,109,39,24,189,326,72,230,708,0.239,0.292,0.325,0.617,66,*8H7/D945,hamilbi02,CF
282,Dave Roberts,0,10.3,1541,2.5,9.1,0.438,9.7,1.8,9.3,-0.1,-0.4,0,0,0,0,0,0,0,0,10,1999,2008,0,832,3092,2707,437,721,95,53,23,213,243,58,307,362,0.266,0.342,0.366,0.708,89,*87H/9D,roberda07,CF
283,Chris Singleton,0,9.7,1134,2.5,9.7,0.436,9.7,2.2,7,4,1.1,0,0,0,0,0,0,0,0,6,1999,2005,0,704,2439,2230,326,609,133,23,45,276,81,27,130,343,0.273,0.312,0.414,0.726,87,*8H7/9D,singlch01,CF
284,Roy Weatherly,0,9.8,1385,2.5,9.1,0.434,9.4,1.8,8.8,-0.8,-0.6,0,0,0,0.1,0,0,0,0,10,1936,1950,0,811,3008,2781,415,794,152,44,43,290,42,50,180,170,0.286,0.331,0.418,0.749,98,*8H97/5,weathro01,CF
285,Víctor Robles,0,9.6,959,2.5,9.1,0.432,9.4,2.3,6.4,3.6,1.8,0,0,0,0,0,0,0,0,10,2017,2026,0,644,2223,1958,266,484,103,12,36,192,107,28,133,500,0.247,0.319,0.367,0.686,89,*89H/7D,roblevi01,CF
286,Rudy Law,0,9.2,1297,2.5,9.2,0.43,9.2,2,9.2,-0.4,0.7,0,0,0,0.01,0,0,0,0,7,1978,1986,0,749,2647,2421,379,656,101,37,18,199,228,65,184,210,0.271,0.325,0.366,0.691,89,*87H9/D,lawru01,CF
287,Ceddanne Rafaela,0,9.1,636,2.5,9.1,0.428,9.1,3.9,5.4,5.3,4.5,0,0,0,0,0,0,0,0,4,2023,2026,0,381,1411,1321,183,332,69,11,37,162,45,20,57,332,0.251,0.292,0.404,0.697,94,864/H5D9,rafaece01,CF
288,Dannyfman,0,9.1,1390,2.5,9.1,0.426,9.1,1.8,10,-4.1,-3.7,0,0,0,0,0,0,0,0,9,1903,1911,0,829,3335,2981,361,762,71,52,14,235,185,,226,582,0.256,0.316,0.328,0.645,102,*897/H1,hoffmda01,CF
289,Tom Goodwin,0,9.6,2038,2.5,8.5,0.424,9.1,1.1,7.6,2,-5.8,0,0,0,0,0,0,0,0,14,1991,2004,0,1288,4315,3846,636,1029,125,39,24,284,369,118,365,660,0.268,0.332,0.339,0.671,73,*8H79/D,goodwto01,CF
290,Ryan Freel,0,9.2,1097,2.5,8.8,0.422,9,2.4,5.9,3,1.9,0,0,0,0,0,0,0,0,8,2001,2009,0,594,2274,1983,306,532,100,17,22,122,143,48,222,350,0.268,0.354,0.369,0.723,88,8954H7,freelry01,CF
291,Marvin Benard,0,9.3,1426,2.5,8.6,0.42,8.9,1.6,8.7,-0.5,-0.3,0,0,0,0,0,0,0,0,9,1995,2003,0,891,2945,2630,441,714,138,21,54,260,105,43,265,454,0.271,0.343,0.402,0.744,97,*89H7/D,benarma01,CF
292,Alejandro Oms,0,8.9,699,2.5,8.9,0.418,8.9,5.2,8.8,-0.6,5.5,0,0,0,0,0,0,0,0.1,7,1923,1935,1,275,1170,1036,206,341,69,18,31,216,32,,128,,0.329,0.404,0.52,0.925,144,8/9751,omsal01,CF
293,Buster Adams,0,8.8,1048,2.5,8.8,0.416,8.8,2.5,9.8,-1.6,1.4,0,0,0,0.04,0,0,0,0,6,1939,1947,0,576,2293,2003,282,532,96,12,50,249,12,12,234,281,0.266,0.346,0.4,0.747,110,*87H9,adamsbu01,CF
294,Lenny Green,0,9.4,1567,2.5,8.2,0.414,8.8,1.2,9.7,-3.6,-2.1,0,0,0,0,0,0,0,0,12,1957,1968,0,1136,3398,2956,461,788,138,27,47,253,78,41,368,260,0.267,0.351,0.379,0.731,99,*8*7*H9,greenle01,CF
295,Gary Geiger,0,8.8,1416,2.5,8.7,0.412,8.8,1.5,9.2,-1.7,-0.5,0,0,0,0,0,0,0,0,12,1958,1970,0,954,2970,2569,388,633,91,29,77,283,62,29,341,466,0.246,0.337,0.394,0.731,98,*8H79/351,geigega01,CF
296,Juan Encarnación,0,8.8,2481,0,8.7,0.41,8.7,1.1,11.4,-5.6,-7.6,0,0,0,0,0,0,0,0,11,1997,2007,0,1259,5095,4685,618,1264,242,46,156,667,127,59,288,853,0.27,0.317,0.441,0.758,97,*9*87H/D,encarju01,RF
297,Ollie Pickering,0,8.9,1592,2.5,8.5,0.408,8.7,1.6,9.3,-4.3,-5.3,0,0,0,0,0,0,0,0,8,1896,1908,0,886,3759,3352,500,910,96,39,9,287,194,,287,339,0.271,0.334,0.331,0.665,96,*O*89/H734,pickeol01,CF
298,Rich Becker,0,9,1245,2.5,8.3,0.406,8.7,1.7,8.3,0.2,-0.7,0,0,0,0,0,0,0,0,8,1993,2000,0,789,2624,2227,345,570,100,12,45,243,66,26,350,616,0.256,0.358,0.372,0.731,90,*8H97/D,beckeri01,CF
299,Ethan Allen,0,9.4,2118,2.5,7.8,0.404,8.6,1,7.5,-2.8,-7.9,0,0,0,0.05,0,0,0,0,13,1926,1938,0,1281,4766,4418,623,1325,255,45,47,501,84,74,223,310,0.3,0.336,0.41,0.745,93,*8*7H9,allenet01,CF
300,Andrés Torres,0,9.3,1011,2.5,7.8,0.402,8.6,2,5.6,2.1,1.1,0,0,0,0,0,0,0,0,9,2002,2013,0,650,2157,1910,277,462,113,29,32,174,77,29,205,476,0.242,0.317,0.382,0.699,93,*87H9/D,torrean02,CF
301,Gabe Kapler,0,8.3,1599,2.5,8.7,0.4,8.5,1.3,8.5,-1,-2.8,0,0,0,0,0,0,0,0,12,1998,2010,0,1104,3315,2983,443,799,176,16,82,386,77,30,269,480,0.268,0.329,0.42,0.749,92,*8*9H7/D3,kaplega01,CF
302,Thurman Tucker,0,9.1,1092,2.5,7.9,0.398,8.5,1.8,5.6,1.7,0.3,0,0,0,0,0,0,0,0,9,1942,1951,1,701,2542,2231,325,570,79,24,9,179,77,47,291,237,0.255,0.342,0.325,0.667,89,*8H/79,tucketh01,CF
303,Drew Stubbs,0,9,1547,2.5,8,0.396,8.5,1.4,9.6,-0.8,-1.9,0,0,0,0,0,0,0,0,9,2009,2017,0,911,3167,2834,444,687,106,20,92,283,161,34,277,972,0.242,0.313,0.391,0.704,89,*89H7/D,stubbdr01,CF
304,Nate McLouth,0,10.1,1834,2.5,6.5,0.394,8.3,1,12.4,-6.2,-5,0,0,0,0,0,0,0,0,10,2005,2014,1,1045,3737,3257,521,803,191,19,101,333,133,24,366,639,0.247,0.332,0.41,0.742,98,*87H9/D,mclouna01,CF
305,Grégor Blanco,0,9.3,1505,2.5,7.3,0.392,8.3,1.1,7.3,-1.6,-3.3,0,0,0,0,0,0,0,0,10,2008,2018,0,1060,3349,2929,394,746,118,39,26,235,122,40,363,661,0.255,0.338,0.348,0.687,91,*8*7H9/D,blancgr01,CF
306,Ben Revere,0,8.8,1437,2.5,7.8,0.39,8.3,1.5,9.1,-1.3,-3.3,0,0,0,0,0,0,0,0,8,2010,2017,0,857,3343,3138,400,892,88,37,7,198,211,53,151,308,0.284,0.319,0.343,0.661,83,*879H/D,reverbe01,CF
307,Neil Robinson,0,7.8,555,2.5,8.7,0.388,8.3,5.3,7.9,0.8,5.6,0,0,0,0,0,1,1,0.6,12,1937,1948,9,264,1054,931,161,280,54,15,20,161,30,1,101,,0.301,0.375,0.455,0.831,142,86/7549,robinne02,CF
308,Andy Pages,0,8.2,615,2.5,8.2,0.386,8.2,4.2,6.3,2.2,4.1,0,0,0,0,1,1,1,0.8,3,2024,2026,0,320,1261,1161,166,311,58,2,50,173,21,10,71,282,0.268,0.316,0.45,0.766,114,897/HD,pagesan01,CF
309,Jimmy Welsh,0,8.2,1297,2.5,8.2,0.384,8.2,1.8,7.2,-1,-1.6,0,0,0,0,0,0,0,0,6,1925,1930,0,715,2993,2684,387,778,127,47,35,288,37,34,156,144,0.29,0.34,0.411,0.751,97,*897H/43,welshji01,CF
310,Dutch Zwilling,0,8.1,734,2.5,8.1,0.382,8.1,3.6,6.6,0.4,5.6,0,0,0,0,0,0,2,0.2,4,1910,1916,0,366,1444,1280,167,364,76,15,30,202,46,,128,155,0.284,0.351,0.438,0.789,134,*8/H93,zwilldu01,CF
311,Dave Philley,0,8.3,3067,0,7.8,0.38,8.1,0.7,8.5,-6.4,-13.8,0,0,0,0.05,0,0,0,0,18,1941,1962,0,1904,7004,6296,789,1700,276,72,84,729,101,63,594,551,0.27,0.334,0.377,0.71,92,*9*8*H73/5,phillda01,RF
312,Pete Hotaling,0,7.9,1534,12.5,7.9,0.378,7.9,1.5,11.6,-7.3,-3.4,0,0,0,0,0,0,0,0,9,1879,1888,0,840,3734,3492,590,931,148,63,9,371,78,,224,251,0.267,0.314,0.353,0.667,108,*O/245,hotalpe01,C
313,Ray Powell,0,8.1,1618,2.5,7.6,0.376,7.8,1.4,8.2,-3.2,-4.2,0,0,0,0,0,0,0,0,9,1913,1924,0,875,3729,3324,467,890,117,67,35,276,51,56,321,461,0.268,0.336,0.375,0.711,102,*89H/7,powelra01,CF
314,Preston Wilson,0,9,2349,2.5,6.4,0.374,7.7,0.9,15,-7.6,-7,0,0,0,0.03,0,0,0,0,10,1998,2007,1,1108,4436,4003,573,1055,221,16,189,668,124,55,350,1085,0.264,0.329,0.468,0.797,103,*87H9,wilsopr01,CF
315,Brian Hunter,0,7.9,1662,2.5,7.4,0.372,7.7,1.2,5.1,3.2,-4.3,0,0,0,0,0,0,0,0,10,1994,2003,0,1000,3659,3347,500,882,146,28,25,241,260,61,243,581,0.264,0.313,0.346,0.66,72,*87H9/D,huntebr02,CF
316,Eddie Brown,0,7.6,1318,2.5,7.6,0.37,7.6,1.6,7.5,-2.3,-2.7,0,0,0,0.13,0,0,0,0,7,1920,1928,0,790,3127,2902,341,878,170,33,16,407,29,25,127,109,0.303,0.334,0.4,0.735,98,*8*7H/39,browned02,CF
317,Alex Metzler,0,7.6,1060,0,7.6,0.368,7.6,2.2,7.2,-1.6,-1.1,0,0,0,0.08,0,0,0,0,6,1925,1930,0,560,2301,1968,290,561,85,41,9,206,45,25,260,144,0.285,0.374,0.384,0.757,97,789H,metzlal01,LF
318,Jackson Merrill,0,7.6,637,2.5,7.6,0.366,7.6,3.9,7.2,1.4,3.4,0,0,1,0.14,0,0,0,0,3,2024,2026,1,316,1267,1167,159,313,65,12,44,176,26,5,77,258,0.268,0.314,0.458,0.772,113,*8/H,merrija01,CF
319,Alejandro De Aza,0,7.8,1335,2.5,7.2,0.364,7.5,1.4,8.5,-2.2,-2.5,0,0,0,0,0,0,0,0,10,2007,2017,0,838,2878,2575,367,669,131,33,51,258,91,44,225,622,0.26,0.325,0.396,0.721,96,*8*7H9/D,deazaal01,CF
320,Tyrone Taylor,0,7.6,791,2.5,7.3,0.362,7.4,1.9,3.5,3.1,1.6,0,0,0,0,0,0,0,0,8,2019,2026,0,611,1749,1610,213,379,96,13,53,212,41,8,90,396,0.235,0.288,0.41,0.698,93,897H/D,tayloty01,CF
321,Dave Eggler,0,9.8,939,2.5,5,0.36,7.4,1.4,3.4,-0.6,-3.5,0,0,0,0,0,0,1,0.3,11,1871,1885,0,576,2593,2544,491,697,85,31,0,242,46,22,49,162,0.274,0.288,0.332,0.619,95,*O/45,eggleda01,2B
322,Scott Podsednik,0,7.8,2124,0,6.8,0.358,7.3,1,8.6,-3.1,-7.3,0,0,0,0.04,0,0,0,0,11,2001,2012,1,1079,4346,3906,563,1096,178,41,42,312,309,104,333,630,0.281,0.339,0.379,0.719,88,*7*8H/D9,podsesc01,LF
323,Jake Meyers,0,7.3,688,2.5,7.3,0.356,7.3,2.5,4.9,3.6,2,0,0,0,0,0,0,0,0,6,2021,2026,0,477,1601,1446,186,352,67,8,34,165,38,13,113,384,0.243,0.307,0.371,0.679,90,*8H/7D9,meyerja02,CF
324,Kyle Isbel,0,7.2,687,2.5,7.2,0.354,7.2,2.2,3.5,4.5,1.8,0,0,0,0,0,0,0,0,6,2021,2026,0,536,1643,1496,211,360,72,21,26,154,38,14,97,351,0.241,0.291,0.369,0.66,84,*89H7/D,isbelky01,CF
325,Jody Gerut,0,7.2,971,0,7.2,0.352,7.2,2,6.4,-0.1,0.6,0,0,0,0,0,0,0,0,6,2003,2010,0,574,1992,1804,246,472,107,13,59,226,30,19,159,261,0.262,0.325,0.433,0.758,103,98H7/D,gerutjo01,RF
326,Milt Byrnes,0,7.2,707,2.5,7.2,0.35,7.2,3,6.3,-0.5,2.5,0,0,0,0,0,0,0,0,3,1943,1945,0,390,1520,1278,174,350,77,15,16,154,3,14,199,183,0.274,0.373,0.395,0.768,118,897H/3,byrnemi01,CF
327,Bob Dernier,0,7.7,1267,2.5,6.5,0.348,7.1,1.2,5.5,0.4,-2.9,0,0,0,0.02,0,0,0,0,10,1980,1989,0,904,2757,2483,374,634,92,16,23,152,218,63,222,301,0.255,0.318,0.333,0.651,79,*8H97,dernibo01,CF
328,Gary Thomasson,0,7.2,1268,2.5,6.9,0.346,7.1,1.2,6,-2.2,-1.8,0,0,0,0,0,0,0,0,9,1972,1980,0,900,2702,2373,315,591,103,25,61,294,50,16,291,463,0.249,0.33,0.391,0.721,99,8H973/D,thomaga01,CF
329,Bill Tuttle,0,8.7,2067,2.5,5.4,0.344,7.1,0.7,7,-2.3,-9.4,0,0,0,0.01,0,0,0,0,11,1952,1963,0,1270,4842,4268,578,1105,149,47,67,443,38,44,480,416,0.259,0.334,0.363,0.697,88,*859H/74,tuttlbi01,CF
330,Pete Washington,0,7.2,840,2.5,6.6,0.342,6.9,2.4,4.3,1.2,1,0,0,0,0,0,0,0,0.1,8,1924,1935,0,447,1752,1566,234,432,62,17,42,257,31,,155,,0.276,0.347,0.418,0.764,101,*87/9,washipe01,CF
331,Dion James,0,7.5,1422,0,6.2,0.34,6.9,1.1,11.7,-8,-4.2,0,0,0,0,0,0,0,0,11,1983,1996,0,917,3074,2708,362,781,142,21,32,266,43,38,318,307,0.288,0.364,0.392,0.755,108,*78H9D3,jamesdi01,LF
332,Russ Snyder,0,8.4,1670,0,5.2,0.338,6.8,0.6,7,-6.4,-7.7,0,0,0,0,0,0,0,0,12,1959,1970,0,1365,4014,3631,488,984,150,29,42,319,58,32,294,438,0.271,0.325,0.363,0.688,94,*7*8*H*9/3,snyderu01,LF
333,Nyjer Morgan,0,6.8,979,2.5,6.8,0.336,6.8,1.8,5.5,1.3,0.1,0,0,0,0,0,0,0,0,7,2007,2014,0,598,2206,1953,288,550,74,27,12,136,120,51,145,352,0.282,0.343,0.366,0.708,91,*87H9/D,morgany01,CF
334,Michael Saunders,0,7.6,1284,0,5.9,0.334,6.7,1.2,7.9,-3.2,-3.8,0,0,0,0,0,0,0,0,9,2009,2017,1,775,2747,2455,324,570,123,19,81,263,55,23,255,711,0.232,0.305,0.397,0.701,94,789H/D,saundmi01,LF
335,Fred Mann,0,6.7,1103,2.5,6.7,0.332,6.7,1.9,9.2,-4.6,0.9,0,0,0,0,0,0,0,0,6,1882,1887,0,577,2483,2277,388,597,104,68,12,181,67,,163,57,0.262,0.323,0.383,0.707,121,*O5/346,mannfr01,3B
336,Roger Repoz,0,6.9,1143,2.5,6.5,0.33,6.7,1.3,6.5,-2.4,-2,0,0,0,0,0,0,0,0,9,1964,1972,0,831,2471,2145,257,480,73,19,82,260,26,25,280,499,0.224,0.314,0.39,0.704,105,*89H37,repozro01,CF
337,Tim Hendryx,0,6.7,697,2.5,6.6,0.328,6.7,2.6,7.3,-2.2,0.7,0,0,0,0,0,0,0,0,8,1911,1921,0,416,1548,1291,152,356,68,22,6,192,26,16,185,141,0.276,0.372,0.376,0.749,115,89H7/5,hendrti01,CF
338,F.P. Santangelo,0,6.7,870,0,6.7,0.326,6.7,1.6,4.4,1.7,0.4,0,0,0,0,0,0,0,0,7,1995,2001,0,665,2075,1691,258,415,87,14,21,162,37,18,240,319,0.245,0.364,0.351,0.715,89,78H495/6D,santaf.01,LF
339,John O'Rourke,0,6.6,465,0,6.6,0.324,6.6,4.7,6.5,-0.9,3.4,0,0,0,0,0,0,0,0.1,3,1879,1883,0,230,992,945,148,279,58,24,11,98,,,47,64,0.295,0.329,0.442,0.771,149,O/3,o'roujo01,1B
340,Johnny Groth,0,7.5,1941,2.5,5.8,0.322,6.6,0.8,7.9,-3.8,-7.3,0,0,0,0,0,0,0,0,15,1946,1960,0,1248,4302,3808,480,1064,197,31,60,486,19,42,419,329,0.279,0.352,0.395,0.746,99,*8H79,grothjo01,CF
341,Deion Sanders,0,7.5,1178,2.5,5.5,0.32,6.5,1.4,5.1,0.6,-1.4,0,0,0,0,0,0,0,0,9,1989,2001,0,641,2325,2123,308,558,72,43,39,168,186,63,159,352,0.263,0.319,0.392,0.711,89,*87H/9D,sandede02,CF
342,Sandy Thompson,0,6.4,1108,0,6.6,0.318,6.5,1.7,5.5,-1.4,-2,0,0,0,0,0,0,0,0,10,1923,1932,0,639,2542,2343,346,714,96,22,7,300,55,,178,,0.305,0.356,0.373,0.73,97,789/546,thompsa02,LF
343,TJ Friedl,0,6.4,959,2.5,6.4,0.316,6.4,2.1,8.3,-1.1,0,0,0,0,0,0,0,0,0,6,2021,2026,0,502,2042,1766,246,443,66,16,56,209,60,12,190,339,0.251,0.337,0.401,0.738,100,*87H/9D,friedtj01,CF
344,Jimmy Ripple,0,6.3,877,0,6.3,0.314,6.3,1.9,6.5,-2,-0.8,0,0,0,0,0,0,0,0,7,1936,1943,0,554,2022,1809,241,510,92,14,28,251,7,10,156,89,0.282,0.343,0.395,0.738,101,98H7,ripplji01,RF
345,Endy Chávez,0,7.6,1433,2.5,5,0.312,6.3,0.7,0.5,3.1,-6,0,0,0,0,0,0,0,0,13,2001,2014,0,1151,3436,3149,385,849,140,34,30,266,106,42,180,356,0.27,0.308,0.364,0.672,77,*879H/D,chaveen01,CF
346,George Metkovich,0,6.7,1682,2.5,5.8,0.31,6.3,0.9,6.7,-3.6,-7,0,0,0,0.01,0,0,0,0,10,1943,1954,0,1055,3956,3585,476,934,167,36,47,373,61,28,307,359,0.261,0.322,0.367,0.689,91,*83H97,metkoca01,CF
347,Gerald Young,0,6.5,933,2.5,6,0.308,6.3,1.5,5.2,1.1,-0.8,0,0,0,0,0,0,0,0,8,1987,1994,0,640,2083,1815,259,446,58,19,3,113,155,73,227,213,0.246,0.329,0.304,0.633,82,*8H9/7,youngge02,CF
348,John Corkhill,0,7.4,1794,0,5.1,0.306,6.2,0.8,-2.1,2.3,-6.9,0,0,0,0,0,0,0,0,10,1883,1892,0,1086,4614,4404,650,1120,110,80,31,631,137,,174,109,0.254,0.288,0.337,0.625,88,*O/31654,corkhpo01,1B
349,Gene Benson,0,6.7,1048,2.5,5.6,0.304,6.1,1.6,5.7,-1.1,-1.3,0,0,0,0,0,0,0,0.1,13,1934,1948,4,568,2404,2186,331,637,88,30,19,324,19,,187,,0.291,0.348,0.385,0.733,100,*879/3,bensoge01,CF
350,Ty Cline,0,6.3,733,2.5,5.9,0.302,6.1,1.1,2.4,2.1,-1.3,0,0,0,0,0,0,0,0,12,1960,1971,0,892,2039,1834,251,437,53,25,6,125,22,19,153,262,0.238,0.304,0.304,0.608,73,*8*H739,clinety01,CF
351,John Dobbs,0,6.1,1002,2.5,6.1,0.3,6.1,1.7,6.9,-2.4,-2.4,0,0,0,0,0,0,0,0,5,1901,1905,0,582,2510,2224,305,585,85,23,7,207,78,,187,132,0.263,0.325,0.331,0.656,98,*87/H5946,dobbsjo01,CF
352,Rick Ankiel,0,6.5,994,2.5,5.5,0.298,6,1.4,5,0.8,0.9,0,0,0,0,0,0,0,0,11,1999,2013,0,651,2115,1921,260,462,101,10,76,251,21,12,162,555,0.24,0.302,0.422,0.724,92,*8H917,ankieri01,CF
353,Jimmy Walsh,0,6,902,0,6,0.296,6,1.8,5.3,-1.9,-2.5,0,0,0,0,0,0,0,0,6,1912,1917,0,541,2104,1771,235,410,71,31,6,150,92,55,249,213,0.232,0.33,0.317,0.647,96,987H/536,walshji02,RF
354,Len Koenecke,0,5.9,542,2.5,5.9,0.294,5.9,3.6,5.9,-0.5,2.5,0,0,0,0,0,0,0,0.1,3,1932,1935,0,265,1064,922,155,274,49,9,22,114,11,16,124,96,0.297,0.383,0.441,0.824,124,87/H9,koenele01,CF
355,Steve Brye,0,6.1,888,2.5,5.5,0.292,5.8,1.3,3.8,0.2,-2.2,0,0,0,0,0,0,0,0,9,1970,1978,0,697,2184,1997,237,515,97,13,30,193,16,14,144,276,0.258,0.309,0.365,0.674,90,*87H9/D,bryest01,CF
356,Leody Taveras,0,5.7,908,2.5,5.7,0.29,5.7,1.6,5.9,1.3,-1.1,0,0,0,0,0,0,0,0,7,2020,2026,0,572,2051,1877,227,446,86,13,43,196,78,20,143,497,0.238,0.292,0.366,0.658,86,*8H/9D,taverle01,CF
357,Rubén Rivera,0,5.6,859,2.5,5.7,0.288,5.6,1.4,2.6,3.2,0,0,0,0,0,0,0,0,0,9,1995,2003,0,662,1818,1586,237,343,67,11,64,203,50,20,185,510,0.216,0.307,0.393,0.701,82,*8H97/D,riverru01,CF
358,Oris Hockett,0,5.6,993,2.5,5.6,0.286,5.6,1.6,5.9,-1.9,-1.3,0,0,0,0.04,0,0,0,0,7,1938,1945,1,551,2353,2165,259,598,112,21,13,214,43,49,159,157,0.276,0.329,0.365,0.694,103,897H,hockeor01,CF
359,Tony Gwynn,0,6.1,737,2.5,5.1,0.284,5.6,1.2,1,3.9,-0.4,0,0,0,0,0,0,0,0,8,2006,2014,0,685,1798,1600,192,381,48,23,7,98,80,26,161,297,0.238,0.309,0.31,0.619,71,*8H79/D,gwynnto02,CF
360,Al Shaw,0,5.5,843,2.5,5.5,0.282,5.5,1.9,7.6,-3.7,1.3,0,0,0,0,0,0,0,0,5,1907,1915,0,474,1763,1547,235,434,74,28,14,170,64,,173,241,0.281,0.353,0.392,0.745,128,87H/965,shawal02,CF
361,Evan Carter,0,5.5,306,2.5,5.5,0.28,5.5,5,3.4,2.1,3.4,0,0,0,0,0,0,0,0,4,2023,2026,0,178,626,540,87,117,24,5,20,65,25,2,70,145,0.217,0.316,0.391,0.707,107,87/H9D,carteev01,CF
362,Milt Cuyler,0,5.6,650,2.5,5.4,0.278,5.5,1.8,3.3,2.8,-0.1,0,0,0,0,0,0,0,0,8,1990,1998,0,490,1567,1386,227,329,47,23,10,119,77,26,121,273,0.237,0.305,0.326,0.631,71,*8H79/D,cuylemi01,CF
363,Arnold Statz,0,5.8,1235,2.5,5.1,0.276,5.5,1.2,2.6,0.9,-3.9,0,0,0,0,0,0,0,0,8,1919,1928,0,683,2843,2585,376,737,114,31,17,215,77,51,194,211,0.285,0.337,0.373,0.71,87,*8H/794,statzji01,CF
364,Dave Fultz,0,5.4,1183,2.5,5.4,0.274,5.4,1.4,6.7,-2.7,-4.4,0,0,0,0,0,0,0,0,7,1898,1905,0,644,2721,2393,369,648,84,26,3,223,189,,201,185,0.271,0.332,0.331,0.664,89,*84/5H7639,fultzda01,CF
365,Mallex Smith,0,5.4,788,2.5,5.4,0.272,5.4,2,5,0.3,-0.2,0,0,0,0,0,0,0,0,5,2016,2020,0,442,1654,1480,198,378,63,27,13,114,120,34,134,362,0.255,0.325,0.361,0.686,88,897H/D,smithma05,CF
366,Terrence Long,0,5.5,1493,2.5,5.2,0.27,5.4,0.9,6.5,-1.9,-6.4,0,0,0,0,0,0,0,0,8,1999,2006,0,890,3325,3068,428,824,166,21,69,376,27,15,227,460,0.269,0.318,0.404,0.722,90,*8*79H/D,longte01,CF
367,Fred Lewis,0,5.3,566,2.5,5.3,0.268,5.3,2.7,5.5,-1.5,1.6,0,0,0,0,0,0,0,0,5,1881,1886,0,317,1386,1318,224,390,70,13,4,119,8,,60,28,0.296,0.33,0.378,0.708,124,*O/5,lewisfr01,3B
368,Tony Scott,0,6.3,1228,2.5,4.3,0.266,5.3,0.7,-0.4,3.5,-5.8,0,0,0,0,0,0,0,0,11,1973,1984,0,991,3048,2803,331,699,111,28,17,253,125,69,186,464,0.249,0.297,0.327,0.625,74,*8H79,scottto01,CF
369,Dave Gallagher,0,5.5,942,2.5,4.9,0.264,5.2,1,4.9,-0.8,-2.7,0,0,0,0,0,0,0,0,9,1987,1995,0,794,2343,2081,273,564,100,10,17,190,20,24,187,251,0.271,0.331,0.353,0.684,91,*8H97/D3,gallada01,CF
370,Harry Craft,0,5.2,924,2.5,5.2,0.262,5.2,1.5,3.2,1.4,-2.8,0,0,0,0,0,0,0,0,6,1937,1942,0,566,2245,2104,237,533,85,25,44,267,14,9,110,203,0.253,0.294,0.38,0.674,85,*8/H937,craftha01,CF
371,John Shelby,0,7.1,1405,2.5,3.2,0.26,5.2,0.5,3,0.2,-7.8,0,0,0,0,0,0,0,0,11,1981,1991,0,1036,3326,3090,389,739,128,24,70,313,98,40,182,671,0.239,0.281,0.364,0.645,79,*8H79/D4,shelbjo01,CF
372,Brady Clark,0,5.6,1034,2.5,4.7,0.258,5.2,1,4.3,-0.5,-2.2,0,0,0,0,0,0,0,0,9,2000,2008,0,785,2322,2015,264,559,97,7,36,210,48,33,208,252,0.277,0.358,0.386,0.744,94,*89H7/D,clarkbr02,CF
373,Bernardo Baró,0,5.8,812,0,4.5,0.256,5.1,1.9,6.2,-3.2,-1,0,0,0,0,0,0,0,0,9,1920,1929,0,387,1658,1505,267,468,58,21,16,205,67,,129,,0.311,0.367,0.409,0.776,110,983/17,barobe01,RF
374,Willy Taveras,0,5.1,1120,2.5,5.1,0.254,5.1,1.2,1.8,4.5,-2.9,0,0,0,0,0,0,0,0,7,2004,2010,0,670,2644,2412,358,662,71,16,8,128,195,44,136,390,0.274,0.32,0.327,0.647,68,*8H/97D,taverwi01,CF
375,Delino DeShields,0,5.1,948,2.5,5.1,0.252,5.1,1.4,4.4,1.2,-2.2,0,0,0,0,0,0,0,0,7,2015,2021,0,601,2114,1828,302,450,81,19,19,139,111,32,211,487,0.246,0.327,0.342,0.669,77,*87H/D4,deshide02,CF
376,Daryl Boston,0,5.9,1414,2.5,4.3,0.25,5.1,0.7,6.2,-3.1,-4.8,0,0,0,0,0,0,0,0,11,1984,1994,0,1058,2901,2629,378,655,131,22,83,278,98,50,237,469,0.249,0.312,0.41,0.722,95,*8*H79D,bostoda01,CF
377,Austin Slater,0,5.4,882,2.5,4.8,0.248,5.1,1.1,5.4,-2.2,-1.3,0,0,0,0,0,0,0,0,10,2017,2026,0,720,1907,1673,236,414,67,10,45,186,50,8,196,536,0.247,0.335,0.38,0.715,98,H879D3/145,slateau01,CF
378,Jack Rothrock,0,5.7,1615,0,4.5,0.246,5.1,0.7,4.9,-2.2,-8.4,0,0,0,0.09,0,0,0,0,11,1925,1937,0,1014,3725,3350,498,924,162,35,28,327,76,60,299,312,0.276,0.336,0.37,0.706,86,*98H76453/21,rothrja01,RF
379,Larry Rosenthal,0,5.4,845,2.5,4.8,0.244,5.1,1.3,4.5,-0.8,-1,0,0,0,0,0,0,0,0,8,1936,1945,0,579,1766,1483,240,390,75,25,22,189,13,9,251,195,0.263,0.37,0.392,0.762,96,H897/3,rosenla01,CF
380,Jacob Young,0,5.1,478,2.5,5.1,0.242,5.1,2.3,2.5,3.5,1.3,0,0,0,0,0,0,0,0,4,2023,2026,0,349,1175,1055,139,257,46,3,10,100,63,22,76,217,0.244,0.305,0.321,0.627,79,*8/HD,youngja03,CF
381,Ernie Orsatti,0,5.4,1122,2.5,4.5,0.24,4.9,1,6.4,-3.5,-3.3,0,0,0,0.08,0,0,0,0,9,1927,1935,0,701,2388,2165,306,663,129,39,10,237,46,37,176,218,0.306,0.36,0.416,0.776,102,89H73,orsater01,CF
382,Lloyd Davenport,0,5.4,435,2.5,4.5,0.238,4.9,3.1,3.5,0.4,1.8,0,0,0,0,0,0,1,0.2,10,1935,1945,6,231,952,864,134,253,44,11,3,88,30,0,77,,0.293,0.352,0.38,0.732,111,89/715,davenll01,CF
383,Jack Remsen,0,5.7,832,0,4.2,0.236,4.9,1.2,1.1,0.7,-3.8,0,0,0,0,0,0,0,0,10,1872,1884,0,578,2424,2353,366,573,69,39,9,201,14,7,71,131,0.244,0.266,0.317,0.583,86,*O/3,remseja01,1B
384,Jabbo Andrews,0,5.1,518,0,4.8,0.234,4.9,2.8,4.4,-0.8,0.1,0,0,0,0,0,0,0,0,10,1930,1942,0,271,1055,967,138,287,41,20,23,157,11,,70,,0.297,0.348,0.452,0.8,122,798/136,andreja01,LF
385,Jose Siri,0,4.9,570,2.5,4.9,0.232,4.9,2.1,2.9,2.8,0.8,0,0,0,0,0,0,0,0,6,2021,2026,0,375,1225,1122,179,231,44,6,54,137,45,13,76,443,0.206,0.263,0.4,0.663,85,*8H/97D3,sirijo01,CF
386,Leury García,0,5.6,950,2.5,4,0.23,4.8,0.9,3.9,0.8,-4.1,0,0,0,0,0,0,0,0,10,2013,2022,0,701,2402,2217,290,560,85,15,34,201,64,17,109,550,0.253,0.293,0.35,0.644,76,8479H65/D1,garcile02,CF
387,Luis Matos,0,4.7,782,2.5,4.7,0.228,4.7,1.5,3.4,2,-1.6,0,0,0,0,0,0,0,0,7,2000,2006,0,508,1773,1605,212,410,84,9,30,140,72,24,108,297,0.255,0.312,0.375,0.687,81,*89H7/D,matoslu01,CF
388,Brett Phillips,0,4.7,430,2.5,4.7,0.226,4.7,1.9,0.7,3.7,0.9,0,0,0,0,0,0,0,0,7,2017,2023,0,393,971,854,122,160,25,9,31,99,39,6,95,376,0.187,0.272,0.347,0.619,71,89H7/D1,phillbr02,CF
389,Algie McBride,0,4.6,780,0,4.6,0.224,4.6,1.9,5.7,-2.8,-1.5,0,0,0,0,0,0,0,0,5,1896,1901,0,403,1773,1589,258,464,60,26,12,179,36,,132,128,0.292,0.356,0.385,0.741,108,*O9/87H,mcbrial01,RF
390,Farmer Weaver,0,4.6,1417,12.5,4.6,0.222,4.6,1,5.7,-3.7,-4.9,0,0,0,0,0,0,0,0,7,1888,1894,0,751,3324,3073,421,853,114,38,9,342,162,,185,92,0.278,0.33,0.348,0.678,95,*O2/6354,weavefa01,C
391,Travis Jankowski,0,5,753,2.5,4.2,0.22,4.6,1,1.2,1.5,-1.6,0,0,0,0,0,0,0,0,11,2015,2025,0,706,1759,1552,220,366,54,10,11,98,104,25,176,373,0.236,0.318,0.305,0.623,75,87H9D/1,jankotr01,CF
392,Jerome Walton,0,5.5,787,2.5,3.7,0.218,4.6,1,3.9,-0.5,-1.7,0,0,0,0.04,0,0,0,0,10,1989,1998,0,598,1761,1573,241,423,77,8,25,132,58,29,138,280,0.269,0.333,0.376,0.708,92,*8H79/3D,waltoje01,CF
393,Kiddo Davis,0,4.7,890,2.5,4.4,0.216,4.6,1.2,3.9,-0.3,-2.1,0,0,0,0,0,0,0,0,8,1926,1938,0,575,1997,1824,281,515,112,16,19,171,32,23,142,141,0.282,0.336,0.393,0.728,93,*8H7/9,daviski01,CF
394,Jo-Jo White,0,4.9,1347,2.5,4.2,0.214,4.6,0.8,5.7,-2.7,-6.4,0,0,0,0,0,0,0,0,9,1932,1944,0,878,3086,2652,456,678,83,42,8,232,92,49,386,276,0.256,0.353,0.328,0.681,82,*8H97/6,whitejo01,CF
395,Billy Conigliaro,0,4.6,580,2.5,4.6,0.212,4.6,2.1,4,-0.5,0.1,0,0,0,0,0,0,0,0,5,1969,1973,0,347,1239,1130,142,289,56,10,40,128,9,10,86,244,0.256,0.311,0.429,0.74,104,879H/4,conigbi01,CF
396,Johnny Watwood,0,4.5,697,2.5,4.5,0.21,4.5,1.6,4.4,-1,-1.6,0,0,0,0,0,0,0,0,6,1929,1939,0,469,1627,1423,192,403,66,16,5,158,27,17,154,103,0.283,0.356,0.363,0.718,89,8H93/7,watwojo01,CF
397,Brenton Doyle,0,4.5,786,2.5,4.5,0.208,4.5,1.6,1.8,3.9,-1,0,0,0,0,0,0,0,0,4,2023,2026,0,455,1694,1554,208,362,67,11,49,181,79,14,109,482,0.233,0.284,0.385,0.668,76,*8/HD,doylebr02,CF
398,James Roseman,0,4.5,1147,0,4.5,0.206,4.5,1.1,6.5,-5.2,-3.7,0,0,0,0,0,0,0,0,7,1882,1890,0,681,2956,2761,443,726,120,49,17,222,19,,133,68,0.263,0.312,0.36,0.672,109,*O/31,rosemch01,1B
399,Chuck Carr,0,4.6,862,2.5,4.3,0.204,4.4,1.4,1.6,3.5,-1.5,0,0,0,0,0,0,0,0,8,1990,1997,0,507,1914,1713,254,435,81,7,13,123,144,52,149,273,0.254,0.316,0.332,0.649,71,*8H/79D,carrch02,CF
400,Heinie Mueller,0,5.1,1029,2.5,3.6,0.202,4.4,0.8,4.4,-2.7,-4.1,0,0,0,0,0,0,0,0,11,1920,1935,0,693,2369,2118,296,597,87,37,22,272,37,27,168,147,0.282,0.342,0.389,0.731,94,*8H973,muellhe01,CF
401,Jim Gleeson,0,4.4,677,0,4.4,0.2,4.4,1.8,4.9,-1.7,-0.8,0,0,0,0,0,0,0,0,5,1936,1942,0,392,1472,1277,195,336,77,19,16,154,20,14,158,147,0.263,0.35,0.391,0.741,102,987H,gleesji01,RF
402,Bobby Del Greco,0,5,984,2.5,3.7,0.198,4.4,0.8,3.5,-0.4,-4.5,0,0,0,0,0,0,0,0,9,1952,1965,0,731,2323,1982,271,454,95,11,42,169,16,15,271,372,0.229,0.33,0.352,0.682,85,*8H7/954,delgrbo01,CF
403,Red Killefer,0,4.2,668,2.5,4.2,0.196,4.2,1.5,4.8,-1.8,-2.3,0,0,0,0,0,0,0,0,7,1907,1916,0,467,1808,1537,181,381,61,16,3,116,57,18,128,138,0.248,0.328,0.314,0.642,98,8749/H5623,killere01,CF
404,Pete Hill,0,4.2,308,2.5,4.2,0.194,4.2,4.3,4.1,-0.4,2.2,0,0,0,0,0,0,0,0,5,1920,1925,0,159,610,508,81,154,22,8,7,84,11,,84,,0.303,0.41,0.419,0.829,134,89/7341,hillpe99,CF
405,Alex Cole,0,4.2,983,2.5,4.2,0.192,4.2,1.2,6.5,-1.8,-2.4,0,0,0,0,0,0,0,0,7,1990,1996,0,573,2012,1760,286,493,58,26,5,117,148,59,217,296,0.28,0.36,0.351,0.711,92,*8H97/D,coleal01,CF
406,Tetelo Vargas,0,4.1,318,2.5,4.1,0.19,4.1,5,4.7,-0.6,2.5,0,0,0,0,0,0,0,0.2,5,1927,1943,3,134,579,513,114,186,30,13,3,86,9,,58,,0.363,0.43,0.489,0.92,147,8/673945,vargate01,CF
407,Luis Márquez,0,3.9,376,2.5,3.9,0.188,3.9,2.6,3.6,0.3,1.5,0,0,0,0,0,0,0,0.1,5,1946,1954,4,243,764,683,122,194,33,6,9,71,48,4,62,24,0.284,0.352,0.389,0.742,106,84H/7956,marqulu01,CF
408,Tsuyoshi Shinjo,0,3.9,388,2.5,3.9,0.186,3.9,2.1,0.5,3.3,1,0,0,0,0,0,0,0,0,3,2001,2003,0,303,960,876,98,215,41,4,20,100,9,6,55,128,0.245,0.299,0.37,0.668,77,879H,shinjts01,CF
409,Rebel Oakes,0,3.9,1680,2.5,3.9,0.184,3.9,0.6,5.7,-4.6,-6.8,0,0,0,0,0,0,0,0,7,1909,1915,0,986,4057,3619,428,1011,112,42,15,397,163,26,265,210,0.279,0.334,0.346,0.68,97,*8/H97,oakesre01,CF
410,Carden Gillenwater,0,3.9,522,2.5,3.9,0.182,3.9,1.9,2.8,0.8,0,0,0,0,0,0,0,0,0,5,1940,1948,0,335,1176,1004,129,261,41,7,11,114,20,17,153,138,0.26,0.359,0.348,0.707,96,8H/79,gilleca01,CF
411,Joe Birmingham,0,4.4,1068,2.5,3.3,0.18,3.8,0.7,2.4,-1.6,-8,0,0,0,0.03,0,0,0,0,9,1906,1914,0,771,2882,2633,284,667,89,27,7,265,108,10,129,339,0.253,0.294,0.316,0.61,84,*8H79/536,birmijo01,CF
412,Alfredo Amézaga,0,4.4,630,2.5,3.2,0.178,3.8,0.9,-0.4,4.7,-1.7,0,0,0,0,0,0,0,0,9,2002,2011,0,584,1570,1408,173,348,47,19,12,110,49,26,112,223,0.247,0.307,0.333,0.64,69,8H645/793D,amezaal01,CF
413,Ron Woods,0,3.8,628,2.5,3.8,0.176,3.8,1,1.7,0.9,-1.1,0,0,0,0,0,0,0,0,6,1969,1974,0,582,1461,1247,162,290,34,12,26,130,27,18,175,171,0.233,0.326,0.342,0.668,88,8H79,woodsro01,CF
414,Ryan Thompson,0,3.9,643,2.5,3.5,0.174,3.7,1.4,2.4,1,-0.8,0,0,0,0,0,0,0,0,9,1992,2002,0,416,1385,1257,165,305,71,6,52,176,9,12,90,347,0.243,0.301,0.433,0.734,94,897H,thompry01,CF
415,Estel Crabtree,0,3.7,659,2.5,3.6,0.172,3.6,1.2,3.8,-1.3,-1.6,0,0,0,0.01,0,0,0,0,8,1929,1944,0,489,1554,1408,174,396,53,25,13,142,8,17,113,109,0.281,0.339,0.382,0.721,100,H897/53,crabtes01,CF
416,Jim Gosger,0,4.9,842,2.5,2.3,0.17,3.6,0.5,0.2,0,-4.5,0,0,0,0,0,0,0,0,10,1963,1974,0,705,2067,1815,197,411,67,16,30,177,25,18,217,316,0.226,0.309,0.331,0.64,83,87H9/3,gosgeji01,CF
417,Garrett Mitchell,0,3.6,308,2.5,3.6,0.168,3.6,3.2,3.1,0.8,1.7,0,0,0,0,0,0,0,0,5,2022,2026,0,181,589,511,79,126,29,6,15,63,29,8,67,204,0.247,0.336,0.415,0.75,108,8/9HD,mitchga01,CF
418,Keon Broxton,0,3.5,518,2.5,3.5,0.166,3.5,1.5,1.4,2.5,0.3,0,0,0,0,0,0,0,0,5,2015,2019,0,376,1026,905,136,189,31,7,39,95,60,19,107,396,0.209,0.297,0.388,0.685,79,8H9/7D,broxtke01,CF
419,Blake Perkins,0,3.5,363,2.5,3.5,0.164,3.5,2.1,1.2,2.6,0.8,0,0,0,0,0,0,0,0,4,2023,2026,0,268,836,736,113,164,29,4,13,89,37,9,86,215,0.223,0.306,0.326,0.632,76,8H9/7D,perkibl01,CF
420,Parker Meadows,0,3.5,327,2.5,3.5,0.162,3.5,3,2.8,1.3,1.2,0,0,0,0,0,0,0,0,4,2023,2026,0,189,695,622,83,145,23,11,16,59,24,5,65,179,0.233,0.308,0.383,0.691,93,8/HD,meadopa01,CF
421,Dick Johnston,0,4.3,1379,7.5,2.7,0.16,3.5,0.6,1.1,-1.4,-7.3,0,0,0,0,0,0,0,0,8,1884,1891,0,746,3135,2992,453,751,109,68,33,386,151,,133,283,0.251,0.285,0.366,0.651,87,*O/6,johnsdi01,SS
422,Matt Vierling,0,3.5,781,2.5,3.5,0.158,3.5,1.1,4.8,-1.6,-2.3,0,0,0,0,0,0,0,0,6,2021,2026,0,499,1759,1595,213,406,76,13,39,169,25,12,131,366,0.255,0.314,0.392,0.706,97,8975H/3D4,vierlma01,CF
423,Johan Rojas,0,3.4,299,2.5,3.4,0.156,3.4,2.2,1.2,2.8,1.2,0,0,0,0,0,0,0,0,3,2023,2025,0,250,699,639,94,161,24,7,6,73,51,7,31,151,0.252,0.294,0.34,0.633,75,8H/D,rojasjo03,CF
424,Dain Clay,0,3.4,635,2.5,3.4,0.154,3.4,1.3,2.3,0.8,-2.3,0,0,0,0,0,0,0,0,4,1943,1946,0,433,1699,1540,203,397,63,6,3,98,39,20,115,130,0.258,0.314,0.312,0.626,78,*8H/79,clayda01,CF
425,Pinky Ward,0,3.4,613,2.5,3.4,0.152,3.4,1.6,3.5,-1.2,-1.1,0,0,0,0,0,0,0,0,7,1924,1932,0,332,1299,1125,170,302,50,14,8,120,45,,164,,0.268,0.366,0.359,0.725,96,879/54,wardpi02,CF
426,Babe Melton,0,3.4,279,2.5,3.4,0.15,3.4,4.8,3.6,-0.3,1.8,0,0,0,0,0,0,0,0,3,1926,1929,0,114,435,401,81,132,19,18,16,71,14,,30,,0.329,0.382,0.586,0.968,148,8/42739615,meltoba01,CF
427,Adam Engel,0,3.3,618,2.5,3.3,0.148,3.3,1,1,2.9,-1.9,0,0,0,0,0,0,0,0,7,2017,2023,0,528,1546,1419,173,318,65,11,30,123,47,18,76,452,0.224,0.279,0.349,0.628,72,*89H/7D,engelad01,CF
428,Jack Dalton,0,3.3,595,2.5,3.3,0.146,3.3,1.6,3.7,-1.7,-0.1,0,0,0,0,0,0,0,0,4,1910,1916,0,345,1347,1163,167,333,39,15,4,112,52,,129,112,0.286,0.362,0.356,0.718,111,89H/7,daltoja01,CF
429,Charlie Jones,0,3.3,740,2.5,3.3,0.144,3.3,1.1,3.4,-1.8,-4.3,0,0,0,0,0,0,0,0,6,1901,1908,0,483,1965,1799,217,420,56,28,5,144,100,,93,251,0.233,0.276,0.304,0.58,87,*8/79H436,jonesch03,CF
430,John McMullin,0,3.3,455,0,3.3,0.142,3.3,2.2,2.5,0,-3.8,0,0,0,0,0,0,0,0,5,1871,1875,0,244,1121,1081,233,307,32,13,4,135,38,17,40,41,0.284,0.31,0.349,0.658,103,O1/6,mcmuljo01,Unknown
431,Bernie Neis,0,3.7,938,2.5,2.9,0.14,3.3,0.7,3.4,-2.5,-4.1,0,0,0,0,0,0,0,0,8,1920,1927,0,677,2091,1825,297,496,84,18,25,210,46,42,201,186,0.272,0.346,0.379,0.724,94,8H97/4,neisbe01,CF
432,Albert Almora,0,3.3,664,2.5,3.3,0.138,3.3,0.9,1.2,2.5,-2,0,0,0,0,0,0,0,0,7,2016,2022,0,600,1605,1491,189,386,76,5,33,163,7,6,86,290,0.259,0.3,0.383,0.683,80,*8H97/D1,almoral01,CF
433,Ted Uhlaender,0,3.6,1290,2.5,2.8,0.136,3.2,0.5,6.2,-4.6,-8.3,0,0,0,0,0,0,0,0,8,1965,1972,0,898,3192,2932,343,772,114,21,36,285,52,35,202,277,0.263,0.311,0.353,0.665,86,*87H9,uhlaete01,CF
434,Irvin Brooks,0,3.2,295,2.5,3.2,0.134,3.2,3.7,3.1,-0.3,1.3,0,0,0,0,0,0,0,0,5,1923,1927,0,139,563,509,78,158,20,5,16,98,6,,53,,0.31,0.377,0.464,0.84,126,8/9457,brookir01,CF
435,Ed Stroud,0,3.2,656,2.5,3.2,0.132,3.2,1,4,-2.2,-2.1,0,0,0,0,0,0,0,0,6,1966,1971,0,529,1500,1353,209,320,37,28,14,100,72,26,129,224,0.237,0.306,0.336,0.642,88,8H97,stroued01,CF
436,Ron Roenicke,0,3.4,578,2.5,2.9,0.13,3.2,0.9,2.5,-0.7,-1.5,0,0,0,0,0,0,0,0,8,1981,1988,0,527,1294,1076,141,256,51,3,17,113,24,9,190,195,0.238,0.353,0.338,0.691,92,H897/3D,roeniro01,CF
437,Rick Peters,0,3.1,442,2.5,3.1,0.128,3.1,1.7,2.5,0.2,-0.2,0,0,0,0,0,0,0,0,5,1979,1986,0,307,1058,919,135,255,34,10,2,80,20,24,107,107,0.277,0.356,0.343,0.698,95,8HD7/945,peterri01,CF
438,Leon Culberson,0,3.1,596,2.5,3.1,0.126,3.1,1.4,3.9,-1.5,-1,0,0,0,0,0,0,0,0,6,1943,1948,0,371,1348,1217,148,324,59,18,14,131,28,10,107,126,0.266,0.327,0.379,0.706,100,8H97/5,culbele01,CF
439,Bill Howerton,0,3.1,400,2.5,3.1,0.124,3.1,2,4.2,-1.5,0.2,0,0,0,0,0,0,0,0,4,1949,1952,0,247,747,650,95,178,39,12,22,106,1,3,92,125,0.274,0.364,0.472,0.836,119,8H97/5,howerbi01,CF
440,Armando Marsans,0,3.6,1067,2.5,2.5,0.122,3.1,0.6,4.4,-3.9,-6.1,0,0,0,0.09,0,0,0,0,8,1911,1918,0,655,2553,2273,267,612,67,19,2,221,171,37,173,117,0.269,0.325,0.318,0.643,89,*897H/3456,marsaar01,CF
441,Jerry White,0,3.4,639,2.5,2.7,0.12,3,0.7,2.6,-1.1,-1.8,0,0,0,0,0,0,0,0,11,1974,1986,0,646,1367,1196,155,303,50,9,21,109,57,28,148,174,0.253,0.337,0.363,0.7,94,H879,whiteje01,CF
442,Nook Logan,0,3,416,2.5,3,0.118,3,1.5,1,2.6,-0.2,0,0,0,0,0,0,0,0,4,2004,2007,0,321,957,870,111,233,38,12,2,56,56,14,59,182,0.268,0.314,0.346,0.66,77,*8H/D,loganno01,CF
443,George Johnson,0,3,549,2.5,3,0.116,3,1.7,3.7,-1.5,-0.6,0,0,0,0,0,0,1,0.3,6,1923,1928,0,286,1095,1003,159,288,59,12,20,150,32,,86,,0.287,0.344,0.43,0.774,109,8/793,johnsge01,CF
444,Kirk Nieuwenhuis,0,2.9,519,2.5,2.9,0.114,2.9,1.2,1.8,0.9,-0.6,0,0,0,0,0,0,0,0,6,2012,2017,0,414,1116,978,128,216,59,4,31,117,20,15,123,366,0.221,0.311,0.384,0.695,90,8H79,nieuwki01,CF
445,Felix McLaurin,0,2.9,275,2.5,2.9,0.112,2.9,3.4,2.7,-0.1,1.3,0,0,0,0,0,0,0,0,5,1942,1946,0,141,600,544,82,161,16,11,5,52,13,,48,,0.296,0.357,0.393,0.751,121,8/79,mclaufe01,CF
446,Danny Santana,0,3.8,884,2.5,2.1,0.11,2.9,0.6,4.2,-1.8,-4.3,0,0,0,0,0,0,0,0,8,2014,2021,0,547,1866,1740,254,443,89,23,47,202,75,26,90,478,0.255,0.296,0.413,0.709,88,86H739/4D5,santada01,CF
447,Bradley Zimmer,0,2.9,404,2.5,2.9,0.108,2.9,1.3,1.3,1.9,-0.4,0,0,0,0,0,0,0,0,6,2017,2022,0,372,975,859,121,183,34,3,21,91,42,8,76,331,0.213,0.298,0.333,0.631,71,8H9/7D,zimmebr01,CF
448,Damon Buford,0,3.2,943,2.5,2.5,0.106,2.9,0.6,1.3,1.7,-4.3,0,0,0,0,0,0,0,0,9,1993,2001,0,699,2072,1853,280,448,86,9,54,218,56,35,173,430,0.242,0.311,0.385,0.697,78,*8H97D/45,buforda01,CF
449,Jimmy McAleer,0,4.2,1862,2.5,1.4,0.104,2.8,0.2,-3,0.3,-13.6,0,0,0,0,0,0,0,0,13,1889,1907,0,1021,4423,3981,620,1008,114,40,11,469,262,,365,329,0.253,0.322,0.31,0.632,72,*O/84H519,mcaleji01,CF
450,Guillermo Heredia,0,2.8,617,2.5,2.8,0.102,2.8,0.8,1.6,0.9,-2.6,0,0,0,0,0,0,0,0,7,2016,2022,0,591,1566,1388,179,320,75,2,27,114,7,12,130,313,0.231,0.31,0.346,0.656,80,*87H9/D,heredgu01,CF
451,Samuel Byrd,0,3.1,915,2.5,2.5,0.1,2.8,0.5,5.6,-5.1,-4.5,0,0,0,0,0,0,0,0,8,1929,1936,0,745,1935,1700,304,465,101,10,38,220,17,14,198,178,0.274,0.35,0.412,0.762,103,89H7,byrdsa01,CF
452,John Donaldson,0,2.7,394,2.5,2.7,0.098,2.7,2.1,2.6,-0.5,-0.5,0,0,0,0,0,0,0,0,5,1920,1924,0,211,913,817,128,242,32,10,6,118,29,,53,,0.296,0.341,0.382,0.722,106,8/1937,donaljo03,CF
453,Marty Keough,0,4.1,870,2.5,1.4,0.096,2.7,0.3,1.7,-2.5,-5.5,0,0,0,0,0,0,0,0,11,1956,1966,0,841,2008,1796,256,434,71,23,43,176,26,19,164,318,0.242,0.309,0.379,0.688,87,*H8937,keougma01,CF
454,Monk Cline,0,2.7,411,7.5,2.7,0.094,2.7,1.9,2.7,-0.9,0.5,0,0,0,0,0,0,0,0,5,1882,1891,0,232,1012,940,165,245,39,12,2,71,31,,66,29,0.261,0.313,0.334,0.647,111,O/645,clinemo01,SS
455,Charlie Hanford,0,2.7,412,2.5,2.7,0.092,2.7,1.9,1.5,0.5,1.5,0,0,0,0,0,0,0,0,2,1914,1915,0,232,844,776,110,217,32,18,12,112,47,,44,109,0.28,0.323,0.414,0.737,111,8H9/7,hanfoch01,CF
456,Hub Walker,0,2.7,405,2.5,2.7,0.09,2.7,1.5,3,-0.8,-0.5,0,0,0,0,0,0,0,0,5,1931,1945,0,297,898,779,118,205,43,6,5,58,26,10,104,89,0.263,0.354,0.353,0.707,92,8H7/9432,walkehu01,CF
457,Ed Andrews,0,3.3,1434,2.5,2.1,0.088,2.7,0.4,3,-3.4,-8.8,0,0,0,0,0,0,0,0,8,1884,1891,0,774,3436,3233,602,830,117,26,12,278,205,,194,245,0.257,0.301,0.32,0.621,83,*O4/3,andreed01,2B
458,Bill Harbridge,0,3.2,540,12.5,2.1,0.086,2.7,0.9,3.3,-0.9,-2.3,0,0,0,0,0,0,0,0,9,1875,1884,0,378,1590,1510,200,373,47,16,2,114,2,4,80,69,0.247,0.285,0.303,0.588,90,O2/4635,harbibi01,C
459,Justin Maxwell,0,2.6,565,0,2.6,0.084,2.6,1,2.1,-0.2,-1.2,0,0,0,0,0,0,0,0,7,2007,2015,0,441,1193,1057,145,233,48,9,41,133,28,10,115,371,0.22,0.303,0.399,0.702,90,98H7/D,maxweju01,RF
460,Rasty Wright,0,2.6,248,0,2.6,0.082,2.6,4.2,2.7,-0.5,1.4,0,0,0,0,0,0,0,0,1,1890,1890,0,101,480,393,89,111,11,6,0,29,33,,81,4,0.282,0.413,0.341,0.753,130,O,wrighra01,Unknown
461,Jason McDonald,0,2.6,375,2.5,2.6,0.08,2.6,1.5,1.8,0.6,-0.3,0,0,0,0,0,0,0,0,4,1997,2000,0,286,822,692,113,167,27,5,11,51,33,19,105,155,0.241,0.347,0.342,0.689,83,87H9/D4,mcdonja02,CF
462,Sam Hilliard,0,2.6,483,0,2.6,0.078,2.6,1.3,2,0.1,-0.5,0,0,0,0,0,0,0,0,7,2019,2025,0,332,936,831,133,181,32,9,44,107,26,4,94,321,0.218,0.298,0.437,0.735,89,78H9/D,hillisa01,LF
463,Alek Thomas,0,2.6,597,2.5,2.6,0.076,2.6,0.9,2,1.7,-2.2,0,0,0,0,0,0,0,0,5,2022,2026,0,448,1485,1377,172,317,67,10,31,143,28,9,72,322,0.23,0.273,0.361,0.634,75,*8H/D,thomaal01,CF
464,Don Landrum,0,2.9,500,2.5,2.2,0.074,2.5,0.8,0.8,1,-2.8,0,0,0,0,0,0,0,0,8,1957,1966,0,456,1300,1160,151,272,36,8,12,75,36,14,104,200,0.234,0.307,0.31,0.617,70,8H79/4,landrdo01,CF
465,Gus Felix,0,2.5,955,0,2.5,0.072,2.5,0.7,2.5,-2.1,-5.1,0,0,0,0,0,0,0,0,5,1923,1927,0,583,2299,2046,256,561,91,25,12,230,28,31,189,194,0.274,0.341,0.361,0.701,89,*78H/945,felixgu01,LF
466,Jim Delsing,0,3.4,1215,2.5,1.5,0.07,2.4,0.3,4.7,-5.1,-7.1,0,0,0,0,0,0,0,0,10,1948,1960,0,822,2803,2461,322,627,112,21,40,286,15,23,299,251,0.255,0.339,0.366,0.705,91,*87H9,delsiji01,CF
467,Bob Brower,0,2.4,317,2.5,2.4,0.068,2.4,1.5,1.2,0.9,0.3,0,0,0,0,0,0,0,0,4,1986,1989,0,256,667,582,104,141,21,3,17,60,29,17,69,118,0.242,0.322,0.376,0.698,90,87H/9D,browebo01,CF
468,Denny Sullivan,0,2.4,344,2.5,2.4,0.066,2.4,1.5,1.3,0.2,-1.5,0,0,0,0,0,0,0,0,4,1905,1909,0,255,1045,925,106,221,25,8,1,51,20,,59,103,0.239,0.296,0.286,0.582,87,8/H79,sullide02,CF
469,Harry Kenyon,0,2.7,581,0,2,0.064,2.4,0.9,2,-1,-5.1,0,0,0,0,0,0,0,0,8,1921,1929,0,368,1295,1189,188,341,57,19,9,171,39,,79,,0.287,0.337,0.389,0.726,97,781/9346,kenyoha01,LF
470,Lázaro Salazar,0,2.4,307,0,2.4,0.062,2.4,2.6,2.2,-0.3,2.2,0,0,0,0,0,0,1,0.2,4,1930,1936,0,149,610,532,96,161,28,5,9,72,19,,62,,0.303,0.38,0.425,0.804,111,78/319,salazla01,LF
471,Brad Komminsk,0,2.5,484,0,2.2,0.06,2.4,1,0.7,0.6,-1.7,0,0,0,0,0,0,0,0,8,1983,1991,0,376,1119,986,140,215,37,5,23,105,39,20,114,258,0.218,0.301,0.336,0.637,76,98H7/D5,kommibr01,RF
472,Al Burch,0,2.3,936,2.5,2.3,0.058,2.3,0.6,2.8,-2.9,-5.7,0,0,0,0,0,0,0,0,6,1906,1911,0,611,2432,2185,254,554,48,20,4,103,96,,186,286,0.254,0.312,0.299,0.612,91,*897H/34,burchal01,CF
473,Óscar Mercado,0,2.3,434,2.5,2.3,0.056,2.3,1.3,1.2,0.7,-0.9,0,0,0,0,0,0,0,0,5,2019,2023,0,298,973,890,123,211,46,5,26,100,29,8,60,186,0.237,0.289,0.388,0.677,81,879H/D,mercaos01,CF
474,Joe Marty,0,2.3,888,2.5,2.3,0.054,2.3,0.7,5,-3.5,-4.8,0,0,0,0,0,0,0,0,5,1937,1941,0,538,2023,1832,223,478,78,22,44,222,14,17,142,187,0.261,0.318,0.4,0.717,98,*8H9/71,martyjo01,CF
475,Jeremy Reed,0,2.6,562,2.5,1.9,0.052,2.3,0.6,1,1.3,-2.9,0,0,0,0,0,0,0,0,8,2004,2011,0,483,1376,1250,141,315,67,12,12,110,20,21,100,196,0.252,0.309,0.354,0.663,78,8H7/93D,reedje03,CF
476,Steven Duggar,0,2.2,365,2.5,2.2,0.05,2.2,1.3,1.1,1.3,-0.5,0,0,0,0,0,0,0,0,5,2018,2022,0,271,846,776,101,183,42,9,14,87,19,6,61,262,0.236,0.293,0.367,0.66,79,8H9/7,duggast01,CF
477,Jakob Marsee,0,2.2,234,2.5,2.2,0.048,2.2,3.5,2.6,-0.1,0.8,0,0,0,0,0,0,0,0,2,2025,2026,0,102,441,381,56,98,23,6,8,47,27,11,50,97,0.257,0.352,0.412,0.764,114,8/7H9D,marseja01,CF
478,Joey Gathright,0,2.2,534,2.5,2.2,0.046,2.2,0.8,1.7,1,-2.5,0,0,0,0,0,0,0,0,7,2004,2011,0,452,1329,1175,178,309,30,7,1,96,81,30,97,212,0.263,0.328,0.303,0.631,68,*87H/D9,gathrjo01,CF
479,Phil Baker,0,2.2,318,0,2.2,0.044,2.2,1.8,1.9,0.3,0.6,0,0,0,0,0,0,0,0,3,1883,1886,0,195,856,817,134,212,20,11,3,34,16,,39,32,0.259,0.293,0.322,0.615,100,3O2/6,bakerph01,1B
480,Rick Bosetti,0,2.2,631,2.5,2.2,0.042,2.2,0.8,0.2,2.1,-3.2,0,0,0,0,0,0,0,0,7,1976,1982,0,445,1656,1543,172,385,70,8,17,133,30,34,79,188,0.25,0.288,0.338,0.627,72,*8H7/9D,bosetri01,CF
481,Quinton McCracken,0,4.1,1238,2.5,0.3,0.04,2.2,0.1,1.6,-1.9,-8.5,0,0,0,0,0,0,0,0,12,1995,2006,0,999,2779,2462,359,675,118,32,21,244,89,44,229,445,0.274,0.336,0.374,0.709,79,*8*H79/D,mccraqu01,CF
482,Red Barnes,0,2.2,445,2.5,2.2,0.038,2.2,1.2,2.7,-1,-1.5,0,0,0,0,0,0,0,0,4,1927,1930,0,286,952,836,152,225,41,24,8,97,12,5,95,76,0.269,0.347,0.404,0.752,95,8H/79,barnere01,CF
483,Wayne Comer,0,2.1,359,2.5,2.1,0.036,2.1,1.1,2.4,-1.1,-0.7,0,0,0,0,0,0,0,0,5,1967,1972,0,316,808,687,119,157,22,2,16,67,22,9,106,106,0.229,0.331,0.336,0.667,91,8H79/52,comerwa01,CF
484,Chris Duffy,0,2.1,343,2.5,2.1,0.034,2.1,1.6,1.5,1,-0.3,0,0,0,0,0,0,0,0,4,2005,2009,0,212,791,713,102,187,30,8,6,52,41,7,51,148,0.262,0.323,0.352,0.675,77,8H/79,duffych01,CF
485,Leslie Green,0,2.1,190,2.5,2.1,0.032,2.1,3.8,2,-0.1,1,0,0,0,0,0,0,0,0,4,1939,1946,1,89,370,308,72,81,15,3,3,31,22,,57,,0.263,0.381,0.36,0.742,119,8/791,greenle02,CF
486,Jung Hoo Lee,0,2.1,424,2.5,2.1,0.03,2.1,1.5,4.2,-1.7,-1,0,0,0,0,0,0,0,0,3,2024,2026,0,235,968,884,108,235,45,13,13,80,12,6,67,106,0.266,0.321,0.39,0.712,103,89/HD,leeju01,CF
487,Timo Pérez,0,2.7,753,2.5,1.5,0.028,2.1,0.4,0.3,0.1,-4.4,0,0,0,0,0,0,0,0,8,2000,2007,0,603,1825,1671,187,449,91,10,26,185,23,23,92,159,0.269,0.308,0.382,0.69,81,89H7/D3,perezti01,CF
488,JJ Bleday,0,2.1,775,2.5,2.1,0.026,2.1,0.8,6,-3.6,-3.2,0,0,0,0,0,0,0,0,5,2022,2026,0,424,1610,1408,190,308,86,7,55,161,13,8,189,367,0.219,0.313,0.407,0.72,102,87H9/D,bledajj01,CF
489,Jonny DeLuca,0,2.1,264,0,2.1,0.024,2.1,1.8,1,0.8,0.2,0,0,0,0,0,0,0,0,4,2023,2026,0,189,580,539,56,132,25,7,10,59,29,8,34,121,0.245,0.295,0.373,0.668,89,98H/7D,delucjo01,RF
490,Sanford Jackson,0,3.1,802,2.5,1.1,0.022,2.1,0.3,0.3,1.2,-5.8,0,0,0,0,0,0,0,0,9,1924,1932,0,505,2045,1886,309,492,45,28,2,150,57,,146,,0.261,0.317,0.318,0.634,71,865/7942,jackssa02,CF
491,Calvin Murray,0,2.1,304,2.5,2.1,0.02,2.1,1.2,1.3,1.1,-0.1,0,0,0,0,0,0,0,0,5,1999,2004,0,288,719,633,108,146,33,4,8,54,22,11,71,111,0.231,0.315,0.333,0.648,72,8H/79D,murraca01,CF
492,James Outman,0,2,439,2.5,2,0.018,2,1.1,2.7,-0.4,-1,0,0,0,0,0,0,0,0,5,2022,2026,0,303,938,814,132,173,30,5,34,98,23,6,101,325,0.213,0.312,0.387,0.699,92,87H/9D,outmaja01,CF
493,Anthony Gose,0,2,550,2.5,2,0.016,2,0.8,2.9,-0.3,-2.9,0,0,0,0,0,0,0,0,8,2012,2024,0,372,1252,1128,155,271,47,19,12,69,57,23,101,353,0.24,0.309,0.348,0.656,82,879H1/D,gosean01,CF
494,Chick Fullis,0,2.7,882,2.5,1.3,0.014,2,0.4,3.4,-3.1,-5.3,0,0,0,0,0,0,0,0,8,1928,1936,0,590,2025,1855,305,548,92,14,12,167,46,38,132,113,0.295,0.347,0.38,0.726,93,*8H7/945,fullich01,CF
495,Dave Rowe,0,1.9,594,7.5,1.9,0.012,1.9,0.9,2.5,-1.8,-2.1,0,0,0,0,0,0,0,0.1,7,1877,1888,0,347,1501,1458,223,383,77,32,8,90,4,,42,91,0.263,0.284,0.376,0.66,108,*O6/431,roweda01,SS
496,Chuck Diering,0,2.8,810,2.5,1.1,0.01,1.9,0.2,2.4,-1.7,-5.6,0,0,0,0,0,0,0,0,9,1947,1956,0,752,1921,1648,217,411,76,14,14,141,16,33,237,250,0.249,0.345,0.338,0.683,87,*8H795/6,dierich01,CF
497,Bill Sharp,0,1.9,454,2.5,1.9,0.008,1.9,0.8,0.1,0.9,-2.3,0,0,0,0,0,0,0,0,4,1973,1976,0,398,1222,1104,122,281,52,8,9,95,3,12,75,109,0.255,0.304,0.341,0.644,83,897H/D,sharpbi01,CF
498,Cecil Espy,0,2.3,607,2.5,1.6,0.006,1.9,0.5,0.7,0.5,-2.9,0,0,0,0,0,0,0,0,8,1983,1993,0,546,1385,1248,160,304,43,16,7,108,103,40,104,277,0.244,0.301,0.321,0.622,74,8H79/D6423,espyce01,CF
499,Joey Wiemer,0,1.9,263,2.5,1.9,0.004,1.9,1.5,0.8,1.2,-0.2,0,0,0,0,0,0,0,0,4,2023,2026,0,212,582,518,73,113,26,1,19,66,13,5,52,177,0.218,0.297,0.382,0.679,86,89/H7D1,wiemejo01,CF
500,Abraham Almonte,0,2.9,605,2.5,1,0.002,1.9,0.3,0.9,-0.5,-3.7,0,0,0,0,0,0,0,0,11,2013,2023,0,463,1379,1236,169,288,73,13,24,118,27,9,119,327,0.233,0.3,0.371,0.671,81,87H9/D,almonab01,CF
145,Heavy Johnson,0,18,1242,0,17.8,0.712,17.9,5.9,19.5,-3.8,11.7,0,0,0,0,0,1,2,0.9,11,1920,1932,0,487,1944,1750,327,647,118,50,57,424,47,,159,,0.37,0.428,0.592,1.02,170,972/3841,johnshe01,RF
160,Doc Gessler,0,16.2,1575,0,16.5,0.682,16.3,3,19.6,-7.5,3.6,0,0,0,0,0,0,0,0.1,8,1903,1911,0,880,3478,2969,370,831,127,50,14,363,142,,333,367,0.28,0.37,0.37,0.741,128,*938H/74,gessldo01,RF
166,Charlie Blackwell,0,15.6,1177,0,15.4,0.67,15.5,5.2,16.3,-2.9,8.9,0,0,0,0,0,0,1,0.3,8,1920,1928,0,477,2016,1726,376,563,86,42,43,346,89,,226,,0.326,0.416,0.499,0.915,148,987/4,blackch03,RF
169,Joey Gallo,0,15.4,1838,0,15.5,0.664,15.5,2.7,10.9,1.5,4.1,0,0,0,0,0,0,0,0,10,2015,2024,2,939,3403,2869,463,557,107,10,208,453,33,10,497,1292,0.194,0.319,0.456,0.775,106,*7935H8D,gallojo01,LF
170,Jim Fogarty,0,15.2,1665,2.5,15.2,0.662,15.2,3.3,9.8,2.8,3.8,0,0,0,0,0,0,0,0,7,1884,1890,0,751,3264,2880,508,709,110,55,20,320,325,,351,327,0.246,0.335,0.343,0.678,98,*O5/461,fogarji01,3B
173,Mike Davis,0,15.7,1614,0,14.5,0.656,15.1,2.4,10.7,0.8,3.9,0,0,0,0,0,0,0,0,10,1980,1989,0,963,3298,2999,419,778,161,16,91,371,134,56,236,537,0.259,0.313,0.415,0.728,104,*9H87D/3,davismi02,RF
174,Adolis García,0,15.2,1614,0,14.8,0.654,15,3,10.6,1.9,3.9,0,0,0,0.03,0,0,0,0,8,2018,2026,2,813,3309,3019,419,711,151,8,145,473,75,21,226,928,0.236,0.293,0.435,0.728,103,*98D/H7,garciad02,RF
175,Wally Westlake,0,15.2,1738,0,14.8,0.652,15,2.5,14.3,-2,1.5,0,0,0,0,0,0,0,0,10,1947,1956,1,958,3496,3117,474,848,107,33,127,539,19,30,317,453,0.272,0.345,0.45,0.795,111,*9*87H5,westlwa01,RF
177,Mitch Haniger,0,15,1525,0,14.7,0.648,14.8,3.2,12.9,-0.8,4.6,0,0,0,0.04,0,0,1,0.1,8,2016,2024,1,746,3089,2755,413,688,134,11,130,395,19,6,272,774,0.25,0.324,0.448,0.771,114,*98D7/H,hanigmi01,RF
178,Rap Dixon,0,14.6,1150,0,15,0.646,14.8,5.6,14.3,-0.8,9.4,0,0,0,0,0,2,2,1,12,1924,1937,2,431,1770,1553,376,522,92,36,58,352,89,,201,,0.336,0.415,0.554,0.969,150,987/45316,dixonra01,RF
180,Harry Lumley,0,14.7,1397,0,14.7,0.642,14.7,3.3,16.3,-5.7,4.6,0,0,0,0,0,0,1,0.2,7,1904,1910,0,730,2967,2653,300,728,109,66,38,305,110,,204,394,0.274,0.328,0.408,0.737,134,*9H,lumleha01,RF
182,Bill Hinchman,0,14.9,1502,0,14.1,0.638,14.5,2.5,15.4,-5.6,1.7,0,0,0,0,0,0,0,0.1,10,1905,1920,0,908,3499,3043,364,793,128,69,20,369,85,17,298,438,0.261,0.336,0.368,0.704,118,*9*7368H/54,hinchbi01,RF
185,Cody Ross,0,15.3,1852,0,13.5,0.632,14.4,2,10.5,0.5,1.6,0,0,0,0,0,0,0,0,12,2003,2015,0,1073,3806,3453,449,904,211,13,132,508,33,13,282,800,0.262,0.322,0.445,0.768,104,*9*87H/D1,rossco01,RF
186,Glenn Wilson,0,15.1,1933,0,13,0.63,14.1,1.8,4.8,3.6,-1.9,0,0,0,0,0,0,0,0,10,1982,1993,1,1201,4468,4151,451,1098,209,26,98,521,27,25,253,672,0.265,0.306,0.398,0.704,93,*97H8/3D51,wilsogl01,RF
187,Austin Kearns,0,15.1,1998,0,13,0.628,14,1.9,10.6,-1.5,0,0,0,0,0,0,0,0,0,12,2002,2013,0,1125,4179,3606,522,914,187,13,121,494,33,21,475,898,0.253,0.351,0.413,0.764,102,*97H8/D3,kearnau01,RF
188,Mark Whiten,0,13.9,1744,0,14.1,0.626,14,2.4,9.7,1.2,2.5,0,0,0,0,0,0,0,0,11,1990,2000,0,939,3523,3104,465,804,129,20,105,423,78,40,378,712,0.259,0.341,0.415,0.756,102,*97H8/D1,whitema01,RF
189,Jim Eisenreich,0,14.5,2044,0,13.2,0.624,13.9,1.5,13.1,-4.4,-0.9,0,0,0,0,0,0,0,0,15,1982,1998,0,1422,4391,3995,492,1160,221,39,52,477,105,38,324,435,0.29,0.341,0.404,0.746,103,*9*7*H8D3,eisenji01,RF
190,George Altman,0,14.3,1655,0,13.1,0.622,13.7,2.1,13.1,-3.5,-0.1,0,0,0,0.04,0,0,0,0,9,1959,1967,3,991,3420,3091,409,832,132,34,101,403,52,22,268,572,0.269,0.329,0.432,0.761,106,*97H83,altmage01,RF
191,Wil Myers,0,14,2197,0,13.2,0.62,13.6,1.9,14.2,-5.2,-0.7,0,0,0,0,0,0,0,0,11,2013,2023,1,1100,4290,3826,533,965,211,14,156,533,107,33,418,1169,0.252,0.326,0.437,0.763,109,*9*378H5/D14,myerswi01,RF
193,Elmer Smith,0,12.8,1769,0,14.2,0.616,13.5,2.3,14.1,-4.5,0.4,0,0,0,0,0,0,0,0,10,1914,1925,0,1012,3641,3195,469,881,181,62,70,540,54,27,319,359,0.276,0.344,0.437,0.781,113,*9H7/8,smithel02,RF
194,Rob Deer,0,12.8,2335,0,13.8,0.614,13.3,1.9,15,-5.2,-1.4,0,0,0,0,0,0,0,0,11,1984,1996,0,1155,4513,3881,578,853,148,13,230,600,43,31,575,1409,0.22,0.324,0.442,0.766,109,*97H3/D8,deerro01,RF
195,Ron Northey,0,12.7,1794,0,13.9,0.612,13.3,2.1,18.2,-8.3,1,0,0,0,0.04,0,0,0,0,12,1942,1957,0,1084,3567,3172,385,874,172,28,108,513,7,11,361,297,0.276,0.352,0.45,0.801,124,*9H/75,northro01,RF
196,Leon Roberts,0,14.3,1429,0,12.2,0.61,13.2,2.2,10,-1,1.8,0,0,0,0.01,0,0,0,0,11,1974,1984,0,900,3066,2737,342,731,126,28,78,328,26,25,256,428,0.267,0.332,0.419,0.751,109,*97HD/81,roberle01,RF
198,Earl Webb,0,13,1302,0,13,0.606,13,3.2,14,-3.3,4.1,0,0,1,0.29,0,0,0,0,7,1925,1933,0,650,2461,2161,326,661,155,25,56,333,8,4,260,202,0.306,0.381,0.478,0.859,125,*9H/73,webbea01,RF
199,Greg Gross,0,13.4,1878,0,12.5,0.604,12.9,1.1,11.8,-5,-1.8,0,0,0,0,0,0,0,0,17,1973,1989,0,1809,4355,3745,449,1073,130,46,7,308,39,44,523,250,0.287,0.372,0.351,0.723,103,*H*7*983/1,grossgr01,LF
200,Johnny Wyrostek,0,13.9,2137,0,12,0.602,12.9,1.6,13.5,-5.1,-6.7,0,0,0,0.05,0,0,0,0,11,1942,1954,2,1221,4786,4240,525,1149,209,45,58,481,33,43,482,437,0.271,0.349,0.383,0.731,98,*9*8H7/354,wyrosjo01,RF
201,Tony Conigliaro,0,13.3,1839,0,12.4,0.6,12.9,2.3,16,-7.5,0.3,0,0,0,0,0,0,0,0,8,1964,1975,1,876,3591,3221,464,849,139,23,166,516,20,23,287,629,0.264,0.327,0.476,0.803,119,*97/8HD,conigto01,RF
202,Will Venable,0,12.8,1535,0,12.9,0.598,12.8,2.2,9.8,0.9,3.1,0,0,0,0,0,0,0,0,9,2008,2016,0,967,3146,2836,378,707,118,39,81,307,135,31,254,748,0.249,0.315,0.404,0.719,102,*9*8H7/3,venabwi01,RF
203,Iván Calderón,0,13.4,1866,0,11.9,0.596,12.7,2.1,12.4,-4.4,-0.1,0,0,0,0,0,0,0,0,10,1984,1993,1,924,3672,3312,470,901,200,25,104,444,97,49,306,556,0.272,0.333,0.442,0.775,113,*9*7DH3/8,caldeiv01,RF
205,Ryan Ludwick,0,13.5,1958,0,11.2,0.592,12.3,1.7,11.6,-4.6,-1.2,0,0,0,0.04,0,0,0,0.1,12,2002,2014,1,1065,3986,3549,454,923,201,8,154,587,17,20,339,888,0.26,0.33,0.451,0.781,109,*9*7H8/D,ludwiry01,RF
206,Seiya Suzuki,0,12.2,1291,0,12.2,0.59,12.2,3.5,12.8,-3.3,4.6,0,0,0,0.01,0,0,0,0,5,2022,2026,0,566,2415,2123,300,570,115,17,94,313,36,20,254,602,0.268,0.347,0.472,0.819,129,*9D/7H8,suzukse01,RF
207,Dan Ford,0,12.4,2140,0,11.9,0.588,12.1,1.7,17.6,-8.5,-3.3,0,0,0,0,0,0,0,0,11,1975,1985,0,1153,4582,4163,598,1123,214,38,121,566,61,37,303,722,0.27,0.324,0.427,0.75,109,*98HD/7,fordda01,RF
208,Alex Verdugo,0,12.3,1530,0,11.7,0.586,12,2.2,8.8,0.6,0.5,0,0,0,0.01,0,0,1,0.2,9,2017,2025,0,856,3393,3083,430,831,190,11,70,328,23,11,254,511,0.27,0.326,0.406,0.732,99,*7*98H/D,verdual01,LF
209,Joel Youngblood,0,13.2,1827,0,10.6,0.584,11.9,1.2,12.3,-4.2,-3.2,0,0,0,0,0,0,0,0,14,1976,1989,1,1408,4078,3659,453,969,180,23,80,422,60,55,332,589,0.265,0.329,0.392,0.721,103,*9*H7548/362,youngjo02,RF
210,Gene Hermanski,0,12.4,1124,0,11.1,0.582,11.7,2.4,10,-1.4,2.1,0,0,0,0,0,0,0,0,9,1943,1953,0,739,2296,1960,276,533,85,18,46,259,43,18,289,212,0.272,0.372,0.404,0.776,107,*97H/8,hermage01,RF
211,Clarence Smith,0,11.9,1219,0,11.4,0.58,11.6,3.2,10.5,-1.4,3.5,0,0,0,0,0,0,0,0,10,1921,1933,0,571,2346,2183,386,706,97,54,30,402,91,,127,,0.323,0.362,0.459,0.82,119,9783/4521,smithcl02,RF
214,Johnny Moore,0,11.4,1570,0,11.2,0.574,11.3,2.1,13.4,-5.3,0.3,0,0,0,0.06,0,0,0,0,10,1928,1945,0,846,3271,3013,439,926,155,26,73,452,23,27,195,176,0.307,0.352,0.449,0.801,111,*978H,moorejo01,RF
215,Ollie Brown,0,12,1780,0,10.3,0.572,11.2,1.4,9.6,-4.8,-3.5,0,0,0,0,0,0,0,0,13,1965,1977,0,1221,4012,3642,404,964,144,11,102,454,30,27,314,616,0.265,0.324,0.394,0.718,103,*9HD78/5,brownol02,RF
216,Chet Laabs,0,11.6,1824,0,10.7,0.57,11.1,1.8,12,-4.3,-0.5,0,0,0,0.05,0,0,0,0,11,1937,1947,1,950,3539,3102,467,813,151,44,117,509,32,22,389,595,0.262,0.346,0.452,0.798,113,*789H,laabsch01,LF
217,Pat Mullin,0,11.6,1479,0,10.6,0.568,11.1,2,11.2,-3.5,2,0,0,0,0,0,0,0,0,10,1940,1953,2,864,2849,2493,383,676,106,43,87,385,20,27,330,312,0.271,0.358,0.453,0.811,115,*9H78,mullipa01,RF
218,Cliff Heathcote,0,10.7,2222,0,11.3,0.566,11,1.3,6.5,0,-5,0,0,0,0,0,0,0,0,15,1918,1932,0,1415,4972,4443,643,1222,206,55,42,448,191,108,367,325,0.275,0.333,0.375,0.708,92,*9*8H7/3,heathcl01,RF
219,Jim King,0,10.9,1586,0,11.1,0.564,11,1.6,10,-2.6,0.1,0,0,0,0,0,0,0,0,11,1955,1967,0,1125,3339,2918,374,699,112,19,117,401,23,8,363,401,0.24,0.326,0.411,0.737,104,*9*H7/82,kingji01,RF
220,Hank Edwards,0,11.1,1181,0,10.9,0.562,11,2.4,10.7,-2.3,2.9,0,0,0,0,0,0,0,0,11,1941,1953,0,735,2410,2191,285,613,116,41,51,276,9,23,208,264,0.28,0.343,0.44,0.783,118,*9H78,edwarha01,RF
221,Chris Denorfia,0,10.9,1090,0,10.9,0.56,10.9,2.2,5.9,2,3.4,0,0,0,0,0,0,0,0,10,2005,2015,0,808,2385,2162,289,587,103,17,41,196,56,20,187,408,0.272,0.33,0.392,0.722,103,*97H8/D1,denorch01,RF
222,Pat Kelly,0,10,2472,0,11.7,0.558,10.9,1.4,17.1,-11.3,-5.8,0,0,0,0,0,0,0,0,15,1967,1981,1,1385,5013,4338,620,1147,189,35,76,418,250,118,588,768,0.264,0.354,0.377,0.731,107,*9H7D8,kellypa01,RF
223,Anthony Santander,0,11.5,1645,0,10.1,0.556,10.8,2,10,-3.7,-0.9,0,0,0,0.01,0,0,0,0,9,2017,2025,1,800,3336,3024,399,729,160,6,161,453,10,7,251,705,0.241,0.305,0.458,0.762,110,*9D7/8H3,santaan02,RF
224,Avisaíl García,0,12,1959,0,9.4,0.554,10.7,1.4,10,-4.6,-5.3,0,0,0,0,0,0,0,0,13,2012,2024,1,1104,4298,3949,496,1038,154,17,140,524,51,32,262,1038,0.263,0.316,0.417,0.733,100,*9D8H/7,garciav01,RF
225,Tom McCreery,0,10.8,1615,0,10.5,0.552,10.6,2.1,11.5,-3.9,-1.8,0,0,0,0,0,0,0,0,9,1895,1903,0,802,3366,2962,465,857,99,76,27,388,116,,310,374,0.289,0.359,0.401,0.76,113,*O389/641H75,mccreto01,1B
226,Charlie Smith,0,10.6,533,0,10.6,0.55,10.6,10.6,9.8,0.7,8.4,0,0,0,0,1,1,1,0.9,4,1925,1929,0,162,709,608,160,248,51,10,32,160,29,,89,,0.408,0.492,0.683,1.175,197,94/6587,smithch11,RF
227,Nori Aoki,0,10.5,1384,0,10.5,0.548,10.5,2.2,10.2,-2.5,0.4,0,0,0,0,0,0,0,0,6,2012,2017,0,758,3044,2716,377,774,135,22,33,219,98,44,234,258,0.285,0.35,0.387,0.738,102,*97H8/D1,aokino01,RF
228,Dave Robertson,0,10.8,1365,0,10.1,0.546,10.4,2,10.8,-4.9,0.1,0,0,0,0,0,0,0,0,9,1912,1922,0,804,3034,2830,366,812,117,44,47,364,94,57,113,262,0.287,0.318,0.409,0.727,116,*97H8/3,roberda01,RF
229,Walt Moryn,0,10.8,1376,0,9.9,0.544,10.4,2.1,9.7,-2.6,-0.8,0,0,0,0,0,0,0,0,8,1954,1961,1,785,2803,2506,324,667,116,16,101,354,7,7,251,393,0.266,0.335,0.446,0.781,108,*9*7H/8,morynwa01,RF
230,Darren Bragg,0,11.4,1298,0,9,0.542,10.2,1.6,3.5,4,-0.3,0,0,0,0,0,0,0,0,11,1994,2004,0,916,2835,2461,341,627,145,14,46,260,56,24,304,570,0.255,0.34,0.381,0.721,85,*98H7/D5,braggda01,RF
231,Homer Curry,0,8,1143,0,12.3,0.54,10.2,3.3,12.9,-2.6,0.3,0,0,0,0,0,0,0,0.2,17,1928,1947,0,611,2202,1848,399,556,84,32,25,270,61,,303,,0.301,0.405,0.422,0.826,128,9718/34,currygo01,RF
232,Otto Vélez,0,10.5,1137,0,9.9,0.538,10.2,2.5,9.7,-3.5,2.6,0,0,0,0,0,0,0,0,11,1973,1983,0,637,2174,1802,244,452,87,11,78,272,6,10,336,414,0.251,0.369,0.441,0.81,123,D9H73/5,velezot01,RF
233,Willie Kirkland,0,10.8,1848,0,9.5,0.536,10.2,1.3,8,-2.7,-3.6,0,0,0,0,0,0,0,0,9,1958,1966,0,1149,3882,3494,443,837,134,29,148,509,52,19,323,648,0.24,0.304,0.422,0.726,98,*9H78,kirklwi01,RF
234,Mike Marshall,0,10,1877,0,10.1,0.534,10,1.6,14.1,-9,-3.3,0,0,0,0.03,0,0,0,0,11,1981,1991,1,1035,3908,3593,433,971,173,8,148,530,26,33,247,810,0.27,0.321,0.446,0.768,115,*937H/D5,marshmi02,RF
235,George Watkins,0,10,1727,0,10,0.532,10,1.8,10.7,-4.2,-1.7,0,0,0,0,0,0,0,0,7,1930,1936,0,894,3528,3207,490,925,192,42,73,420,61,54,246,382,0.288,0.347,0.443,0.79,106,*978H/34,watkige01,RF
236,Hunter Renfroe,0,10.9,1882,0,8.9,0.53,9.9,1.4,8.8,-3.6,-3.3,0,0,0,0,0,0,0,0,10,2016,2025,0,996,3763,3422,454,808,186,4,192,510,15,5,289,926,0.236,0.298,0.461,0.759,104,*97H/D83,renfrhu01,RF
238,Wilyer Abreu,0,9.6,601,0,9.6,0.526,9.6,4.8,5.2,3.5,5.8,0,0,0,0,0,0,1,0.1,4,2023,2026,0,321,1145,1023,143,268,63,3,45,160,20,8,109,286,0.262,0.332,0.461,0.794,122,9H/78D,abreuwi02,RF
239,Jeffrey Hammonds,0,10.3,1719,0,8.6,0.524,9.5,1.5,9.5,-3,-2.3,0,0,0,0,0,0,0,0,13,1993,2005,1,957,3404,3032,475,824,172,17,110,423,67,30,292,596,0.272,0.338,0.449,0.787,99,*987H/D,hammoje01,RF
240,Lars Nootbaar,0,9.4,963,0,9.4,0.522,9.4,2.9,7.9,0.3,3.1,0,0,0,0,0,0,0,0,5,2021,2025,0,527,1962,1682,249,407,84,9,58,194,28,11,252,396,0.242,0.341,0.406,0.747,110,978H/D,nootbla01,RF
241,Eddie Murphy,0,9.3,1227,0,9.1,0.52,9.2,1.9,13.1,-7.1,-1.3,0,0,0,0,0,0,0,0,11,1912,1926,0,761,2759,2373,411,680,66,32,4,195,111,55,294,157,0.287,0.374,0.346,0.72,114,*9H/574,murphed02,RF
242,Ryan Church,0,9.1,1025,0,9.1,0.518,9.1,2.3,5.9,1.6,2.7,0,0,0,0,0,0,0,0,7,2004,2010,0,654,2128,1894,251,500,134,7,56,267,21,10,188,459,0.264,0.336,0.431,0.767,103,97H8/D,churcry01,RF
243,Harry Wolter,0,9,1066,0,9,0.516,9,2.5,9.6,-3.3,-1.2,0,0,0,0,0,0,0,0,7,1907,1917,0,588,2265,1907,286,514,69,42,12,167,95,3,268,228,0.27,0.365,0.369,0.733,115,*98H7/31,wolteha01,RF
244,Mike Dorgan,0,9.3,1151,0,8.5,0.514,8.9,1.9,8.9,-3,-3,0,0,0,0,0,0,0,0,10,1877,1890,0,715,3046,2924,443,802,112,34,4,346,39,,118,179,0.274,0.303,0.34,0.643,101,*O3/21564,dorgami01,1B
245,Wild Bill Wright,0,8.1,823,0,9.5,0.512,8.8,4.2,8.9,-0.9,4.9,0,0,0,0,0,0,1,0.3,10,1932,1945,9,367,1517,1385,250,451,76,39,26,252,39,,101,,0.326,0.375,0.493,0.868,135,987,wrighwi01,RF
246,Lee Walls,0,9.4,1284,0,8.1,0.51,8.7,1.5,8.6,-2.9,-2.9,0,0,0,0,0,0,0,0,10,1952,1964,1,902,2868,2558,331,670,88,31,66,284,21,18,245,470,0.262,0.329,0.398,0.726,96,*9H7583/2,wallsle01,RF
247,Michael Tucker,0,9.3,2332,0,8.1,0.508,8.7,0.9,7.9,-4.2,-6.8,0,0,0,0,0,0,0,0,12,1995,2006,0,1417,4686,4083,625,1047,208,49,125,528,114,56,490,960,0.256,0.339,0.423,0.763,95,*9*7H8D/34,tuckemi01,RF
248,Cal Abrams,0,8.9,947,0,8.5,0.506,8.7,2.4,8.8,-2,1.7,0,0,0,0,0,0,0,0,8,1949,1956,0,567,1943,1611,257,433,64,19,32,138,12,20,304,290,0.269,0.386,0.392,0.778,113,9H87/3,abramca01,RF
249,Ben Grieve,0,8.9,1910,0,8.4,0.504,8.7,1.4,16.1,-11,-4.6,0,0,0,0,0,0,0,0,9,1997,2005,1,976,3743,3215,471,864,192,5,118,492,24,5,466,784,0.269,0.367,0.442,0.809,113,*9*7HD,grievbe01,RF
250,Frank Baumholtz,0,9.1,1640,0,8.1,0.502,8.6,1.3,9.7,-4.3,-6.4,0,0,0,0.05,0,0,0,0,10,1947,1957,0,1019,3810,3477,450,1010,165,51,25,272,30,38,258,258,0.29,0.342,0.389,0.73,95,*98H7,baumhfr01,RF
251,Trey Mancini,0,8.6,1633,0,8.6,0.5,8.6,1.7,9.8,-6,-2.7,0,0,0,0,0,0,0,0,7,2016,2023,0,831,3382,3051,407,801,156,11,129,400,2,1,265,795,0.263,0.328,0.448,0.775,110,*3D79H,mancitr01,1B
252,Ron Swoboda,0,9.1,1297,0,8,0.498,8.6,1.4,7.4,-3.5,-2.5,0,0,0,0,0,0,0,0,9,1965,1973,0,928,2924,2581,285,624,87,24,73,344,20,14,299,647,0.242,0.324,0.379,0.703,101,*97H8/3D,swoboro01,RF
253,Tommy Griffith,0,10,2312,0,6.9,0.496,8.4,0.8,10.6,-10.9,-11,0,0,0,0,0,0,0,0,13,1913,1925,0,1401,5454,4947,589,1383,208,72,52,619,70,49,351,262,0.28,0.328,0.382,0.711,102,*9H/78,griffto01,RF
254,Gerónimo Berroa,0,9.1,1421,0,7.4,0.494,8.3,1.5,8.5,-5.2,-2.3,0,0,0,0,0,0,0,0,11,1989,2000,0,779,2825,2506,379,692,113,9,101,382,19,16,276,510,0.276,0.349,0.449,0.798,109,*D9H7/3,berroge01,RF
255,Al Zarilla,0,9.5,1878,0,6.9,0.492,8.2,1,9.5,-7.2,-5.1,0,0,0,0.03,0,0,0,0,10,1943,1953,1,1120,4034,3535,507,975,186,43,61,456,33,33,415,382,0.276,0.357,0.405,0.761,103,*97H8,zarilal01,RF
256,Leroy Stanton,0,9.6,1271,0,6.7,0.49,8.2,1.3,7.1,-3.9,-3.4,0,0,0,0,0,0,0,0,9,1970,1978,0,829,2883,2575,294,628,114,13,77,358,36,27,236,636,0.244,0.311,0.388,0.699,103,*97HD8,stantle01,RF
257,Ed Stone,0,7.5,858,0,8.8,0.488,8.2,3.7,8.4,-1.3,4.1,0,0,0,0,0,0,0,0.2,12,1934,1946,3,385,1628,1424,271,445,63,33,28,253,21,,179,,0.313,0.39,0.462,0.852,128,*97/58436,stoneed01,RF
258,Dick Porter,0,7.9,1331,0,7.9,0.486,7.9,1.9,9.3,-3.8,-2.3,0,0,0,0,0,0,0,0,6,1929,1934,0,675,2846,2515,426,774,159,37,11,282,23,27,268,186,0.308,0.376,0.414,0.79,101,*9H/47,portedi01,RF
259,Dusty Miller,0,7.9,1458,7.5,7.9,0.484,7.9,1.9,7.4,-2.6,-1.9,0,0,0,0,0,0,0,0,7,1889,1899,0,656,2848,2561,445,771,139,51,22,421,206,,174,137,0.301,0.353,0.421,0.774,104,*O/6,milledu01,SS
260,Jim Rivera,0,8.4,1952,0,6.8,0.482,7.6,0.9,5.6,-2.8,-5.6,0,0,0,0,0,0,0,0,10,1952,1961,0,1171,4008,3552,503,911,155,56,83,422,160,70,365,523,0.256,0.328,0.402,0.729,96,*9*8H73,riverji01,RF
261,Ken Harrelson,0,8.6,1653,0,6.6,0.48,7.6,1.2,10.3,-8.5,-4.7,0,1,1,0.37,0,0,0,0,9,1963,1971,1,900,3364,2941,374,703,94,14,131,421,53,30,382,577,0.239,0.325,0.414,0.74,110,*39H7,harreke01,1B
262,Stephen Piscotty,0,7.9,1330,0,7.1,0.478,7.5,1.6,7.5,-3.1,-2,0,0,0,0,0,0,0,0,8,2015,2022,0,726,2802,2517,322,643,142,9,93,354,23,12,225,623,0.255,0.324,0.43,0.754,104,*97H/D38,piscost01,RF
263,Joe Orsulak,0,9.5,2015,0,5.4,0.476,7.5,0.6,6.4,-5.8,-10.1,0,0,0,0,0,0,0,0,14,1983,1997,0,1494,4714,4293,559,1173,186,37,57,405,93,60,318,402,0.273,0.324,0.374,0.698,93,*9*7*H8/3D,orsuljo01,RF
264,Ryan Sweeney,0,7.7,1006,0,6.9,0.474,7.3,1.6,6.2,-0.3,-1.3,0,0,0,0,0,0,0,0,9,2006,2014,0,682,2338,2118,265,584,124,14,23,224,18,9,183,342,0.276,0.333,0.38,0.713,94,*987H/D,sweenry01,RF
265,Alex Ochoa,0,8.2,1163,0,6.4,0.472,7.3,1.3,4.3,-0.5,-1,0,0,0,0,0,0,0,0,8,1995,2002,0,807,2387,2143,320,597,131,19,46,261,56,38,203,288,0.279,0.344,0.422,0.766,97,*97H/8D,ochoaal01,RF
266,Jorge Soler,0,7.9,2300,0,6.6,0.47,7.2,0.9,13.3,-13.3,-8.3,0,0,0,0,0,0,0,0,13,2014,2026,1,1138,4547,3961,552,949,218,4,211,578,12,5,480,1224,0.24,0.327,0.456,0.784,111,*D*97H,solerjo01,RF
267,George Browne,0,7.5,1908,0,6.8,0.468,7.1,1,7.6,-6.8,-9,0,0,0,0,0,0,0,0,12,1901,1912,0,1102,4729,4300,614,1176,119,55,18,303,190,,259,450,0.273,0.318,0.339,0.657,100,*978H,brownge01,RF
268,Félix José,0,7.9,1338,0,6.4,0.466,7.1,1.4,6.7,-2.9,-2.8,0,0,0,0,0,0,0,0,11,1988,2003,1,747,2756,2527,322,708,135,14,54,324,102,57,203,507,0.28,0.334,0.409,0.743,103,*9H78/D,josefe01,RF
269,Nat Rogers,0,6.9,866,0,7.2,0.464,7.1,2.3,6.5,-1.4,1,0,0,0,0,0,0,0,0.1,20,1923,1945,0,503,1894,1743,247,533,83,27,12,269,29,0,131,,0.306,0.356,0.405,0.761,112,97/528346,rogerna01,RF
270,Bill Barrett,0,7.9,1259,0,6.3,0.462,7.1,1.4,7.6,-2.8,-4.3,0,0,0,0,0,0,0,0,9,1921,1930,0,718,2702,2395,318,690,151,30,23,330,80,50,209,239,0.288,0.347,0.405,0.752,97,*96H748/513,barrebi02,RF
271,John Vander Wal,0,7.8,1637,0,6.2,0.46,7,0.7,6.2,-4,-3.4,0,0,0,0,0,0,0,0,14,1991,2004,0,1372,3166,2751,374,717,170,18,97,430,38,20,385,698,0.261,0.351,0.441,0.792,104,*H*973D/8,vandejo02,RF
272,Jack Manning,0,7.9,1423,0,6.1,0.458,7,1.2,10.7,-7.9,-10.2,0,0,0,0,0,0,0,0,12,1873,1886,0,833,3689,3505,562,922,170,37,14,360,34,7,181,198,0.263,0.3,0.345,0.644,108,*O136/45,mannija01,Unknown
273,Dick Higham,0,6.9,713,12.5,6.9,0.456,6.9,3,8.6,-1.9,1.1,0,0,0,0,0,0,0,0.1,8,1871,1880,0,372,1803,1786,384,549,85,15,4,204,20,14,17,28,0.307,0.314,0.378,0.692,119,O24/356,highadi01,C
274,Dante Bichette,0,8.1,3690,0,5.7,0.454,6.9,0.5,15.1,-16.2,-15.9,0,1,1,0.71,0,0,0,0,14,1988,2001,4,1704,6856,6381,934,1906,401,27,274,1141,152,73,355,1078,0.299,0.336,0.499,0.835,107,*9*7HD8/5,bicheda01,RF
275,Al Wickland,0,6.7,832,0,6.7,0.452,6.7,2.5,4.9,-0.7,3.2,0,0,0,0,0,0,0,0,5,1913,1919,0,444,1758,1468,212,397,58,38,12,144,58,4,207,184,0.27,0.364,0.386,0.75,123,97/H8,wicklal01,RF
276,Evar Swanson,0,6.7,1018,0,6.7,0.45,6.7,2.1,7.2,-2,-0.7,0,0,0,0,0,0,0,0,5,1929,1934,0,518,2164,1892,325,573,87,28,7,170,69,36,212,133,0.303,0.376,0.39,0.766,98,987H,swansev01,RF
277,Jim Dwyer,0,7.3,1527,0,6.1,0.448,6.7,0.7,7.4,-6.1,-4.3,0,0,0,0,0,0,0,0,18,1973,1990,0,1328,3234,2761,409,719,115,17,77,349,26,15,402,402,0.26,0.353,0.398,0.751,107,*H*97D83,dwyerji01,RF
278,Don Mueller,0,9.1,1878,0,4.2,0.446,6.7,0.6,7.2,-7.4,-13.1,0,0,0,0.09,0,0,0,0,12,1948,1959,2,1245,4595,4364,499,1292,139,37,65,520,11,9,167,146,0.296,0.322,0.39,0.712,89,*9H7/8,muelldo01,RF
279,Mike Lum,0,7.8,1694,0,5.2,0.444,6.5,0.6,-0.1,-0.1,-7.9,0,0,0,0,0,0,0,0,15,1967,1981,0,1517,3999,3554,404,877,128,20,90,431,13,29,366,506,0.247,0.319,0.37,0.689,89,*H*7*938,lummi01,LF
280,Art Shamsky,0,6.9,913,0,6,0.442,6.4,1.5,5.4,-2.1,-0.7,0,0,0,0,0,0,0,0,8,1965,1972,0,665,1913,1686,194,426,60,15,68,233,5,7,188,254,0.253,0.33,0.427,0.757,110,9H73,shamsar01,RF
281,Bobby Kielty,0,6.4,999,0,6.4,0.44,6.4,1.7,6.2,-1.9,-1,0,0,0,0,0,0,0,0,7,2001,2007,0,599,2084,1792,257,456,105,6,53,253,21,6,246,372,0.254,0.348,0.408,0.757,99,97HD8/3,kieltbo01,RF
282,Danny Moeller,0,6.3,1305,0,6.3,0.438,6.3,1.5,4.9,-2.4,-4.8,0,0,0,0.02,0,0,0,0,7,1907,1916,0,704,2923,2538,379,618,83,43,15,192,171,49,302,442,0.243,0.328,0.328,0.656,92,*97H/84,moellda01,RF
283,Lance Richbourg,0,6.4,1287,0,6.1,0.436,6.3,1.4,5.2,-1.7,-3.1,0,0,0,0.06,0,0,0,0,8,1921,1932,0,698,2861,2619,378,806,101,51,13,247,65,58,174,153,0.308,0.352,0.4,0.752,97,*9H/784,richbla01,RF
284,Jay Gibbons,0,7,1546,0,5.5,0.434,6.3,1.1,6.2,-4.5,-5.8,0,0,0,0,0,0,0,0,9,2001,2011,0,840,3177,2917,364,759,166,7,127,427,2,7,224,442,0.26,0.315,0.453,0.767,102,*9D73H,gibboja01,RF
285,Luke Raley,0,6.2,642,0,6.2,0.432,6.2,2.4,6.2,-1.8,1.2,0,0,0,0,0,0,0,0,6,2021,2026,0,426,1357,1191,168,280,57,6,58,161,28,7,91,422,0.235,0.321,0.439,0.76,115,937HD/81,raleylu01,RF
286,Sal Frelick,0,6.2,663,0,6.2,0.43,6.2,2.6,3.4,1.7,1.3,0,0,0,0,0,0,0,0,4,2023,2026,0,388,1509,1340,191,355,55,8,20,134,47,11,130,215,0.265,0.333,0.363,0.696,94,*98/H75D3,frelisa01,RF
287,Kerry Carpenter,0,6.2,759,0,6.2,0.428,6.2,2.5,6.6,-2.6,1.4,0,0,0,0,0,0,0,0,5,2022,2026,0,403,1449,1320,187,348,57,15,76,210,7,3,89,368,0.264,0.32,0.502,0.822,126,9DH7,carpeke01,RF
288,Greasy Neale,0,6.7,1223,0,5.6,0.426,6.2,1.2,3.7,-2.2,-4.2,0,0,0,0,0,0,0,0,8,1916,1924,0,768,2990,2661,319,688,71,50,8,200,139,24,201,281,0.259,0.319,0.332,0.651,94,*978H,nealegr01,RF
289,Ike Boone,0,6.2,692,0,6,0.424,6.1,2.7,7.5,-2.7,1.1,0,0,0,0.05,0,0,0,0,8,1922,1932,0,356,1314,1160,177,372,79,11,26,194,3,7,138,67,0.321,0.394,0.475,0.869,122,9H7/8,booneik01,RF
290,Dave Harris,0,6.1,866,0,6.1,0.422,6.1,1.8,6.2,-1.6,0.1,0,0,0,0.06,0,0,0,0,7,1925,1934,0,542,1680,1447,243,406,74,33,32,247,28,21,196,245,0.281,0.368,0.444,0.812,112,9H78/534,harrida01,RF
291,Johnny Barrett,0,6.1,1003,0,6.1,0.42,6.1,1.7,6.7,-2.4,-0.8,0,0,0,0.04,0,0,0,0,5,1942,1946,0,588,2108,1811,303,454,82,32,23,220,69,29,265,201,0.251,0.349,0.369,0.718,101,*98H/7,barrejo01,RF
292,Ed Hahn,0,6,888,0,6,0.418,6,1.8,5.7,-3.2,-2.7,0,0,0,0,0,0,0,0,6,1905,1910,0,553,2418,2045,291,484,42,20,1,122,61,,258,114,0.237,0.335,0.278,0.613,97,*97/8H,hahned01,RF
293,Junior Félix,0,6,1087,0,6,0.416,6,1.7,8.2,-2.8,-2,0,0,0,0,0,0,0,0,6,1989,1994,0,585,2340,2132,309,562,105,24,55,280,49,40,158,509,0.264,0.317,0.413,0.73,99,*98/HD7,felixju01,RF
294,Crush Holloway,0,7.1,1571,0,4.7,0.414,5.9,0.9,2,-0.5,-6.4,0,0,0,0,0,0,0,0,15,1921,1939,0,822,3510,3222,544,887,119,53,31,404,133,,233,,0.275,0.327,0.374,0.7,86,*978/43,hollocr01,RF
295,Rob Mackowiak,0,6.1,1218,0,5.5,0.412,5.8,1,5,-0.6,-2.7,0,0,0,0,0,0,0,0,8,2001,2008,0,856,2618,2328,307,603,111,18,64,286,49,17,227,586,0.259,0.332,0.405,0.736,91,9H5874/3D,mackoro01,RF
296,Harry Simpson,0,6.1,1643,0,5.5,0.41,5.8,0.9,7.1,-5.5,-5.7,0,0,0,0.11,0,0,0,0,11,1946,1959,1,1012,3594,3239,414,870,120,45,76,434,23,18,312,429,0.269,0.334,0.404,0.738,102,*938H7/451,simpsha01,RF
297,R.J. Reynolds,0,5.9,1164,0,5.6,0.408,5.8,1.2,5.1,-2.3,-2.9,0,0,0,0,0,0,0,0,8,1983,1990,0,786,2512,2270,288,605,121,17,35,294,109,29,190,419,0.267,0.321,0.381,0.702,97,*97H8,reynor.01,RF
298,Lane Thomas,0,6.1,1139,0,5.4,0.406,5.8,1.4,7.3,-2.9,-2.2,0,0,0,0,0,0,0,0,8,2019,2026,0,637,2351,2104,292,505,108,11,77,262,74,30,199,595,0.24,0.311,0.412,0.722,102,*987H/D41,thomala02,RF
299,Pat Sheridan,0,6,1219,0,5.4,0.404,5.7,1,4.6,-1.2,-3.3,0,0,0,0,0,0,0,0,9,1981,1991,0,876,2702,2419,319,611,91,21,51,257,86,35,236,501,0.253,0.319,0.371,0.69,91,*98H7/D,sheripa01,RF
300,Buzz Boyle,0,5.6,671,0,5.6,0.402,5.6,2.5,5,-0.9,0.7,0,0,0,0.05,0,0,0,0,5,1929,1935,0,366,1474,1343,185,389,58,24,12,125,24,21,116,125,0.29,0.347,0.395,0.743,104,978/H,boylebu01,RF
301,Bunk Congalton,0,5.5,502,0,5.5,0.4,5.5,2.9,4.9,-1.4,0.8,0,0,0,0,0,0,0,0,4,1902,1907,0,309,1276,1172,117,342,27,13,6,131,32,,57,65,0.292,0.328,0.352,0.68,115,9/7H8,congabu01,RF
302,Ray Demmitt,0,5.5,784,0,5.5,0.398,5.5,1.8,6.8,-3.7,-2.1,0,0,0,0,0,0,0,0,7,1909,1919,0,498,1877,1631,205,419,61,33,8,165,42,20,172,166,0.257,0.334,0.349,0.684,108,978H,demmira01,RF
303,Jeff DaVanon,0,5.7,759,0,5.2,0.396,5.4,1.6,4,0.2,0,0,0,0,0,0,0,0,0,8,1999,2007,0,528,1505,1288,205,333,57,13,33,150,59,23,185,268,0.259,0.349,0.4,0.749,97,98HD7,davanje02,RF
304,Jesús Sánchez,0,5.4,1051,0,5.4,0.394,5.4,1.4,3.9,-0.3,-1.9,0,0,0,0,0,0,0,0,7,2020,2026,0,626,2208,2001,246,482,98,13,78,258,34,7,177,567,0.241,0.306,0.42,0.726,98,*987HD,sanchje02,RF
305,Joe Lahoud,0,6.5,1045,0,4.1,0.392,5.3,0.8,4.4,-3.7,-3.9,0,0,0,0,0,0,0,0,11,1968,1978,0,791,2265,1925,239,429,68,12,65,218,20,20,309,339,0.223,0.334,0.372,0.706,104,9H7D/83,lahoujo01,RF
306,Jim Williams,0,5.7,694,0,4.8,0.39,5.3,2.1,4.2,-1,0.2,0,0,0,0,0,0,2,0.3,13,1931,1944,2,370,1495,1375,203,424,79,16,9,241,47,,85,,0.308,0.352,0.409,0.761,107,97/8345,williji06,RF
307,Steven Souza Jr.,0,5.5,926,0,5,0.388,5.3,1.6,4.7,-1.5,-1.5,0,0,0,0,0,0,0,0,8,2014,2022,0,505,1895,1669,223,383,71,8,72,207,42,17,198,601,0.229,0.318,0.411,0.729,98,*9H/D78,souzast01,RF
308,David Whatley,0,5.2,511,0,5.2,0.386,5.2,3.7,5.2,-1,2.5,0,0,0,0,0,0,0,0.1,7,1937,1944,0,227,967,884,174,292,45,20,12,105,28,0,70,,0.33,0.382,0.467,0.849,134,9/874,whatlda01,RF
309,Ed Steele,0,5.2,295,0,5.2,0.384,5.2,7.4,5.6,-0.9,3.9,0,0,0,0,0,0,3,0.7,7,1942,1948,0,114,478,395,90,142,22,15,9,78,15,,59,,0.359,0.462,0.559,1.021,192,9/87,steeled01,RF
310,Jimmy Bannon,0,5.2,892,7.5,5.2,0.382,5.2,2.3,4.4,-0.7,-0.8,0,0,0,0,0,0,0,0,4,1893,1896,0,367,1627,1438,293,460,76,24,19,253,99,,152,101,0.32,0.389,0.446,0.835,105,*O/6451,bannoji01,SS
311,Orville Singer,0,5.2,436,2.5,5.2,0.38,5.2,4,4.5,0.3,2.4,0,0,0,0,0,0,0,0,7,1923,1932,0,207,861,800,133,267,36,12,8,119,34,,51,,0.334,0.376,0.439,0.815,121,4978/56,singeor01,2B
312,Gus Williams,0,5.1,744,0,5.1,0.378,5.1,2,6,-3.1,-1.3,0,0,0,0,0,0,0,0,5,1911,1915,0,410,1569,1398,171,367,58,31,12,147,95,31,126,278,0.263,0.327,0.374,0.702,110,*9/H78,willigu02,RF
313,Sam Dungan,0,5.1,750,0,5.1,0.376,5.1,2.2,5.7,-2.3,-0.7,0,0,0,0,0,0,0,0,5,1892,1901,0,382,1691,1543,214,464,71,26,3,197,38,,116,37,0.301,0.356,0.386,0.742,107,*O93/7,dungasa01,RF
314,Jon Nunnally,0,5.1,580,0,5.1,0.374,5.1,2.3,3.6,0.7,1.8,0,0,0,0,0,0,0,0,6,1995,2000,0,364,1049,885,162,218,47,12,42,125,19,12,146,239,0.246,0.354,0.469,0.823,111,9H87/D,nunnajo01,RF
315,Alex Call,0,5.1,481,0,5.1,0.372,5.1,2.4,3.8,0.6,1.7,0,0,0,0,0,0,0,0,5,2022,2026,0,337,1063,904,129,222,43,4,21,105,19,14,126,189,0.246,0.346,0.372,0.718,103,798H/D,callal02,LF
316,Homer Summa,0,5.4,1403,0,4.6,0.37,5,0.9,6.2,-5.1,-8.2,0,0,0,0,0,0,0,0,10,1920,1930,0,840,3319,3001,413,905,166,34,18,363,44,37,166,88,0.302,0.346,0.398,0.743,92,*9H7/85,summaho01,RF
317,Brad Hawpe,0,5.6,1843,0,4.5,0.368,5,0.8,11.2,-10.2,-5.8,0,0,0,0,0,0,0,0,9,2004,2013,1,910,3401,2934,400,806,176,23,124,492,13,16,430,810,0.275,0.368,0.477,0.845,113,*9H3/D7,hawpebr01,RF
318,Keith Moreland,0,6.5,2317,0,3.5,0.366,5,0.4,11.8,-12,-14.1,0,0,0,0.02,0,0,0,0,12,1978,1989,0,1306,5082,4581,511,1279,214,14,121,674,28,33,405,515,0.279,0.335,0.411,0.746,104,*95237HD,morelke01,RF
319,Turner Ward,0,5.6,820,0,4.4,0.364,5,1.1,2.2,1.2,-1.4,0,0,0,0,0,0,0,0,12,1990,2001,0,626,1790,1548,210,389,73,11,39,219,33,15,186,247,0.251,0.332,0.388,0.721,87,987H/D35,wardtu01,RF
320,Frank Welch,0,5.6,1187,0,4.4,0.362,5,1,5.1,-3.1,-5.9,0,0,0,0,0,0,0,0,9,1919,1927,0,738,2682,2310,310,634,100,31,41,295,18,28,250,225,0.274,0.35,0.398,0.748,93,*98H7,welchfr01,RF
321,Xavier Nady,0,6.2,1490,0,3.8,0.36,5,0.6,4.2,-4.3,-6.2,0,0,0,0,0,0,0,0,12,2000,2014,0,961,3241,2969,365,797,159,7,104,410,19,8,189,626,0.268,0.323,0.432,0.755,99,*93H78/D5,nadyxa01,RF
322,Nate Schierholtz,0,5.3,1011,0,4.6,0.358,5,0.9,2.3,-0.2,-2.4,0,0,0,0,0,0,0,0,8,2007,2014,0,799,2275,2090,238,529,118,22,52,228,30,22,134,408,0.253,0.302,0.405,0.707,92,*9H/78D,schiena01,RF
323,Bill Crowley,0,5.1,793,12.5,4.8,0.356,4.9,1.5,5.7,-3.1,-2.9,0,0,0,0,0,0,0,0,8,1875,1885,0,521,2159,2057,263,540,83,22,8,225,0,0,102,178,0.263,0.297,0.336,0.633,102,*O2/3546,crowlbi01,C
324,Bobby Darwin,0,5.2,1091,0,4.5,0.354,4.8,1.1,7.3,-5.1,-4.8,0,0,0,0,0,0,0,0,9,1962,1977,0,646,2436,2224,250,559,76,16,83,328,15,9,160,577,0.251,0.311,0.412,0.723,104,*98HD7/1,darwibo01,RF
325,Gregory Polanco,0,5.5,1563,0,3.9,0.352,4.7,0.8,4.1,-3.4,-6.4,0,0,0,0,0,0,0,0,8,2014,2021,0,823,3220,2883,399,696,156,19,96,362,98,27,287,694,0.241,0.309,0.409,0.718,94,*9H7/D8,polangr01,RF
326,John Barry,0,5.6,1744,0,3.7,0.35,4.7,0.5,8.1,-8.1,-11.5,0,0,0,0,0,0,0,0,10,1899,1908,0,1100,4481,4014,516,1073,128,47,10,391,140,,279,264,0.267,0.321,0.33,0.651,94,*9374568/H,barrysh01,RF
327,Vin Campbell,0,4.6,1068,2.5,4.6,0.348,4.6,1.4,6.7,-4.1,-0.2,0,0,0,0,0,0,0,0,6,1908,1915,0,546,2275,2069,326,642,85,36,15,171,92,,132,156,0.31,0.357,0.408,0.765,114,89H7,campbvi01,CF
328,Gabe Gross,0,4.6,784,0,4.6,0.346,4.6,1.1,2.6,0.4,-1.1,0,0,0,0,0,0,0,0,7,2004,2010,0,657,1682,1461,203,349,78,8,40,186,22,10,199,349,0.239,0.33,0.385,0.716,88,*9H78/D,grossga01,RF
329,Hugh Nicol,0,5.1,1697,2.5,4.1,0.344,4.6,0.7,-0.9,1,-5.3,0,0,0,0,0,0,0,0,10,1881,1890,0,888,3825,3465,631,813,91,29,5,272,383,,337,158,0.235,0.307,0.282,0.589,78,*O4/65,nicolhu01,2B
330,Jake McCarthy,0,4.6,739,0,4.6,0.342,4.6,1.6,5,-1.5,-0.5,0,0,0,0,0,0,0,0,6,2021,2026,0,468,1560,1398,195,367,53,22,26,157,91,17,106,297,0.263,0.326,0.388,0.714,98,987H/D,mccarja02,RF
331,Lou Finney,0,5.7,2163,0,3.4,0.34,4.6,0.4,5.1,-6,-13.3,0,0,0,0,0,0,0,0,15,1931,1947,1,1270,5034,4631,643,1329,203,85,31,494,39,45,329,186,0.287,0.336,0.388,0.723,88,*9*3H78/45,finnelo01,RF
332,Zollie Wright,0,4.6,452,0,4.5,0.338,4.6,3.1,3.9,-0.6,1.5,0,0,0,0,0,0,0,0.1,8,1932,1941,1,231,950,823,128,246,27,14,14,138,4,,105,,0.299,0.382,0.417,0.798,116,9/76583,wrighzo01,RF
333,Otto Briggs,0,4.5,719,0,4.5,0.336,4.5,2,4.1,-1.2,-0.3,0,0,0,0,0,0,0,0,7,1923,1934,0,358,1551,1379,273,404,50,16,4,130,66,4,155,14,0.293,0.371,0.361,0.732,99,*9/8,briggot01,RF
334,Lou Clinton,0,5.1,1101,0,4,0.334,4.5,0.9,3.5,-2.1,-3.3,0,0,0,0,0,0,0,0,8,1960,1967,0,691,2379,2153,270,532,112,31,65,269,12,7,188,418,0.247,0.308,0.418,0.726,100,*9H/78,clintlo01,RF
335,Wilbur Good,0,4.9,1102,0,4.1,0.332,4.5,0.9,4.9,-4.1,-5.5,0,0,0,0,0,0,0,0,11,1905,1918,0,749,2654,2364,324,609,84,44,9,187,104,19,190,347,0.258,0.322,0.342,0.664,98,*98H/71,goodwi01,RF
336,Bob Thurman,0,4.6,578,0,4.2,0.33,4.4,1.5,4.6,-1.5,-1.9,0,0,0,0,0,0,0,0,8,1946,1959,0,448,1123,1025,165,282,37,18,43,169,11,4,83,112,0.275,0.334,0.472,0.806,113,H97/138,thurmbo01,RF
337,Kosuke Fukudome,0,4.4,1097,0,4.4,0.328,4.4,1.2,4.9,-2,-2.7,0,0,0,0,0,0,0,0,5,2008,2012,1,596,2276,1929,264,498,111,13,42,195,29,29,307,402,0.258,0.359,0.395,0.754,99,*98H/7D,fukudko01,RF
338,Mike Anderson,0,4.3,709,0,4.3,0.326,4.3,1,-0.8,2.8,-0.9,0,0,0,0,0,0,0,0,9,1971,1979,0,721,1675,1490,159,367,67,11,28,134,8,12,161,343,0.246,0.319,0.362,0.681,88,*9H78/31,andermi01,RF
339,Bubba Morton,0,4.3,461,0,4.3,0.324,4.3,1.5,3.6,-0.5,0.7,0,0,0,0,0,0,0,0,7,1961,1969,0,451,1065,928,117,248,37,8,14,128,7,7,111,143,0.267,0.351,0.37,0.72,107,9H87/35,mortobu01,RF
340,Bubba Trammell,0,4.2,1045,0,4.2,0.322,4.2,1.2,6.5,-4.7,-2.4,0,0,0,0,0,0,0,0,7,1997,2003,0,584,2034,1798,243,469,96,7,82,285,10,10,210,325,0.261,0.339,0.459,0.798,109,97HD,trammbu01,RF
341,David Green,0,4.2,703,0,4.2,0.32,4.2,1.4,2.1,-0.1,-1,0,0,0,0,0,0,0,0,6,1981,1987,0,489,1505,1398,168,374,48,18,31,180,68,35,84,278,0.268,0.308,0.394,0.702,96,398H/7,greenda03,1B
342,Randy Moore,0,4.9,1021,0,3.5,0.318,4.2,0.7,3.9,-2.7,-4.7,0,0,0,0.03,0,0,0,0,10,1927,1937,0,749,2453,2253,258,627,110,17,27,308,11,25,158,85,0.278,0.326,0.378,0.705,94,*9H357/824,moorera01,RF
343,Roman Anthony,0,4.1,220,0,4.1,0.316,4.1,6.6,2.7,0.9,2.7,0,0,0,0,0,0,0,0,2,2025,2026,0,101,433,366,60,100,23,2,9,37,6,1,60,117,0.273,0.383,0.421,0.804,129,97D/H,anthoro01,RF
344,Bob Harvey,0,4.1,416,0,4.1,0.314,4.1,2.9,4.1,-1.1,1.4,0,0,0,0,0,0,0,0.1,6,1943,1948,1,224,869,775,113,245,37,11,9,119,5,,80,,0.316,0.382,0.427,0.809,124,97/8,harvebo01,RF
345,Jake Evans,0,4,613,7.5,4,0.312,4,1.4,0.1,1.7,-3.2,0,0,0,0,0,0,0,0,7,1879,1885,0,472,1898,1831,215,435,70,21,1,168,,,63,172,0.238,0.264,0.3,0.565,78,*O/6451,evansja01,SS
346,Wes Schulmerich,0,4,736,0,4,0.31,4,1.5,3.8,-1.6,-1.3,0,0,0,0,0,0,0,0,4,1931,1934,0,429,1586,1442,169,417,73,20,27,192,7,20,118,197,0.289,0.347,0.424,0.771,109,97H/8,schulwe02,RF
347,Josh Lowe,0,4,810,0,4,0.308,4,1.4,4.1,-1.8,-1.5,0,0,0,0,0,0,0,0,6,2021,2026,0,445,1647,1512,195,369,86,8,47,180,80,8,118,458,0.244,0.3,0.405,0.705,97,*97DH/8,lowejo01,RF
348,Lee Thomas,0,4.9,1677,0,3,0.306,3.9,0.5,4.3,-6.2,-8.9,0,0,0,0.11,0,0,0,0,8,1961,1968,2,1027,3731,3324,405,847,111,22,106,428,25,11,332,397,0.255,0.327,0.397,0.724,100,*3*9H7/8,thomale03,1B
349,Jerry Martin,0,5.5,1330,2.5,2.4,0.304,3.9,0.4,3.7,-4,-7.1,0,0,0,0,0,0,0,0,11,1974,1984,0,1018,2904,2652,337,666,130,17,85,345,38,23,207,574,0.251,0.307,0.409,0.716,94,*8*9H7/3D,martije01,CF
350,Bob Coluccio,0,3.9,548,0,3.9,0.302,3.9,1.7,1.2,1.9,-0.4,0,0,0,0,0,0,0,0,5,1973,1978,0,370,1258,1095,141,241,38,15,26,114,33,21,128,202,0.22,0.305,0.353,0.658,88,987H/D,colucbo01,RF
351,Garrett Jones,0,4.2,1595,0,3.6,0.3,3.9,0.6,6.7,-8.2,-6.5,0,0,0,0,0,0,0,0,8,2007,2015,0,911,3228,2924,347,734,178,12,122,400,28,10,265,680,0.251,0.312,0.445,0.757,107,*3*9HD/71,jonesga02,1B
352,Mike Hershberger,0,5.3,1565,0,2.3,0.298,3.8,0.3,2.1,-4,-10.6,0,0,0,0,0,0,0,0,11,1961,1971,0,1150,3983,3572,398,900,150,22,26,344,74,36,319,311,0.252,0.316,0.328,0.645,85,*98H7,hershmi01,RF
353,Lawrence Butler,0,3.8,669,0,3.8,0.296,3.8,1.7,4,-0.7,-0.7,0,0,0,0,0,0,0,0,4,2023,2026,0,363,1358,1234,172,290,61,4,50,143,44,9,116,363,0.235,0.3,0.412,0.713,96,98H,butlela01,RF
354,Joe Lefebvre,0,3.8,602,0,3.8,0.294,3.8,1.4,3.8,-1.3,-0.5,0,0,0,0,0,0,0,0,6,1980,1986,0,447,1253,1091,139,281,52,13,31,130,11,9,139,204,0.258,0.344,0.414,0.758,114,9H75/28,lefebjo01,RF
355,Curry Foley,0,3.8,506,0,3.8,0.292,3.8,2,5.1,-2.5,-5.9,0,0,0,0,0,0,0,0,5,1879,1883,0,305,1339,1305,192,373,57,12,6,128,,,34,83,0.286,0.304,0.362,0.666,114,O13,foleycu01,Unknown
356,John Sneed,0,3.7,543,7.5,3.7,0.29,3.7,2.3,3.7,-1.3,0.9,0,0,0,0,0,0,0,0,3,1884,1891,0,263,1131,982,197,263,26,21,4,130,68,,132,29,0.268,0.364,0.349,0.714,114,O/6,sneedjo01,SS
357,Dick Kokos,0,3.7,944,0,3.7,0.288,3.7,1.3,4.5,-2.9,-1.7,0,0,0,0,0,0,0,0,5,1948,1954,0,475,1816,1558,239,410,82,9,59,223,15,21,242,252,0.263,0.365,0.441,0.806,108,97H,kokosdi01,RF
358,Pancho Coimbre,0,3.7,298,0,3.7,0.286,3.7,4.3,3.1,0.1,2.6,0,0,0,0,0,0,0,0.1,4,1940,1944,2,139,594,530,91,177,28,8,6,93,8,,51,,0.334,0.398,0.451,0.849,129,97/8451,coimbpa01,RF
359,Champ Summers,0,4.3,786,0,3,0.284,3.6,0.7,5.7,-5,-2.2,0,0,0,0,0,0,0,0,11,1974,1984,0,698,1593,1371,199,350,63,4,54,218,15,13,188,244,0.255,0.35,0.425,0.776,112,*H9D73/52,summech01,RF
360,Charlie Dexter,0,3.8,1323,12.5,3.5,0.282,3.6,0.7,5.9,-2.9,-7.6,0,0,0,0,0,0,0,0,8,1896,1903,0,774,3201,2876,430,751,95,24,16,347,183,,198,226,0.261,0.318,0.328,0.646,85,*O2853946/H7,dextech01,C
361,Carl Taylor,0,3.6,446,12.5,3.6,0.28,3.6,1.4,4.4,-0.8,0.1,0,0,0,0,0,0,0,0,6,1968,1973,0,411,1007,846,113,225,31,6,10,115,12,7,136,130,0.266,0.367,0.352,0.72,103,H293/75D,tayloca01,C
362,David Lough,0,3.6,338,0,3.6,0.278,3.6,1.7,0.5,2.4,0.8,0,0,0,0,0,0,0,0,5,2012,2016,0,342,820,749,95,190,29,10,13,67,17,13,43,138,0.254,0.3,0.371,0.671,83,79H8/D,loughda01,LF
363,Whitey Herzog,0,4.5,843,0,2.8,0.276,3.6,0.7,3.8,-2.9,-2.9,0,0,0,0,0,0,0,0,8,1956,1963,0,634,1885,1614,213,414,60,20,25,172,13,18,241,261,0.257,0.354,0.365,0.719,97,9H873,herzowh01,RF
364,Rick Leach,0,4.1,818,0,3.1,0.274,3.6,0.6,0.8,-1.4,-3.3,0,0,0,0,0,0,0,0,10,1981,1990,0,799,1924,1719,205,460,100,10,18,183,8,8,176,217,0.268,0.335,0.369,0.704,94,H39D7/81,leachri01,1B
365,Cozy Dolan,0,4,1399,0,3.2,0.272,3.6,0.6,5.6,-6.1,-9,0,0,0,0,0,0,0,0,9,1895,1906,0,830,3511,3174,428,855,99,37,10,315,114,,227,302,0.269,0.322,0.333,0.656,95,*O*9831/7H4,dolanco01,RF
366,Fred Valentine,0,3.6,747,0,3.6,0.27,3.6,1.1,6.4,-4.4,-2,0,0,0,0.01,0,0,0,0,7,1959,1968,0,533,1660,1458,180,360,56,10,36,138,47,16,156,228,0.247,0.33,0.373,0.703,106,98H7/3,valenfr01,RF
367,Jim Norris,0,3.6,682,0,3.6,0.268,3.6,1.2,2.9,-0.6,-1.5,0,0,0,0,0,0,0,0,4,1977,1980,0,489,1494,1282,173,338,57,17,7,110,59,37,173,128,0.264,0.348,0.351,0.699,95,9H87D/3,norriji01,RF
368,Harold Ramírez,0,3.6,834,0,3.6,0.266,3.6,1.1,5,-4.4,-2.8,0,0,0,0,0,0,0,0,6,2019,2024,0,536,1933,1811,221,517,91,7,38,247,19,13,79,350,0.285,0.322,0.406,0.729,102,D97H83,ramirha02,RF
369,Jimmy Wasdell,0,4.2,1318,0,2.9,0.264,3.6,0.5,5.9,-6.5,-7.7,0,0,0,0,0,0,0,0,11,1937,1947,0,888,3167,2866,339,782,109,34,29,341,29,30,243,165,0.273,0.332,0.365,0.697,96,379H8,wasdeji01,1B
370,Tuck Turner,0,3.6,828,0,3.6,0.262,3.6,1.5,5.3,-3.4,-2.1,0,0,0,0,0,0,0,0,6,1893,1898,0,379,1668,1504,298,482,67,38,7,215,53,,129,101,0.32,0.378,0.43,0.807,111,*O/1,turnetu01,Unknown
371,Ben Paschal,0,3.6,480,0,3.4,0.26,3.5,1.5,4.5,-2,0,0,0,0,0,0,0,0,0,8,1915,1929,0,364,888,787,143,243,47,11,24,136,24,19,72,93,0.309,0.369,0.488,0.857,122,H978,paschbe01,RF
372,Frank Gilhooley,0,4,522,0,3.1,0.258,3.5,1.6,3.1,-1.6,-1.6,0,0,0,0,0,0,0,0,9,1911,1919,0,312,1238,1068,142,289,30,10,2,59,37,0,140,80,0.271,0.357,0.323,0.68,102,9H/87,gilhofr01,RF
373,Rob Refsnyder,0,4.1,728,0,2.9,0.256,3.5,0.8,2.8,-1.9,-2.5,0,0,0,0,0,0,0,0,11,2015,2026,0,571,1619,1405,193,350,73,3,35,159,22,9,172,375,0.249,0.336,0.38,0.716,98,7H9D843/5,refsnro01,LF
374,Billy Sunday,0,4,1017,0,3,0.254,3.5,1,3.3,-2.6,-4.6,0,0,0,0,0,0,0,0,8,1883,1890,0,499,2155,2007,339,498,55,24,12,170,246,,134,229,0.248,0.3,0.317,0.617,86,*O/1,sundabi01,Unknown
375,Walt Williams,0,4.6,1027,0,2.4,0.252,3.5,0.5,2.7,-3.7,-6.6,0,0,0,0,0,0,0,0,10,1964,1975,0,842,2555,2373,284,640,106,11,33,173,34,19,126,211,0.27,0.31,0.365,0.675,91,*9H7D/845,williwa02,RF
376,Dylan Carlson,0,3.5,847,2.5,3.5,0.25,3.5,1,3.8,-1.1,-3,0,0,0,0,0,0,0,0,7,2020,2026,0,570,1991,1759,210,409,92,11,43,195,16,8,179,461,0.233,0.312,0.371,0.682,91,897H/D,carlsdy01,CF
377,Casper Wells,0,3.5,335,0,3.5,0.248,3.5,2,1.3,1.3,0.5,0,0,0,0,0,0,0,0,4,2010,2013,0,276,758,688,92,158,31,4,25,81,6,4,57,201,0.23,0.299,0.395,0.694,93,97H/8D1,wellsca01,RF
378,Tyler Naquin,0,3.7,880,0,3.3,0.246,3.5,0.9,5,-2.5,-2.9,0,0,0,0,0,0,0,0,8,2016,2023,0,562,1819,1668,226,439,97,12,61,237,20,13,117,475,0.263,0.316,0.445,0.762,100,98H7/D,naquity01,RF
379,Nathan Lukes,0,3.5,273,0,3.5,0.244,3.5,2.7,1.2,1.6,1.5,0,0,0,0,0,0,0,0,4,2023,2026,0,206,616,542,77,140,28,5,13,85,3,5,53,85,0.258,0.325,0.4,0.725,99,978H/D,lukesna01,RF
380,George Bechtel,0,3.4,408,0,3.4,0.242,3.4,2.5,2.8,-0.1,-3.2,0,0,0,0,0,0,0,0,6,1871,1876,0,221,1062,1040,216,288,48,12,3,165,17,2,22,12,0.277,0.292,0.355,0.647,101,O1/53,bechtge01,Unknown
381,Domingo Santana,0,3.4,989,0,3.4,0.24,3.4,1.1,6.8,-5.1,-2.8,0,0,0,0,0,0,0,0,7,2014,2020,0,516,1919,1680,233,428,87,2,77,244,30,12,209,612,0.255,0.341,0.446,0.788,109,*97H/8D,santado01,RF
382,LeRoy Taylor,0,3.8,664,0,3,0.238,3.4,1.4,2.6,-1.1,-1.8,0,0,0,0,0,0,0,0,8,1925,1934,1,356,1453,1359,250,416,47,18,5,178,68,,82,,0.306,0.349,0.378,0.727,94,987/2,taylole02,RF
383,George Thomas,0,4.6,808,0,2.2,0.236,3.4,0.5,1.8,-1.4,-3.7,0,0,0,0,0,0,0,0,13,1957,1971,0,685,1865,1688,203,430,71,9,46,202,13,12,138,343,0.255,0.316,0.389,0.705,92,9H875/3246,thomage01,RF
384,Clint Hurdle,0,4,738,0,2.8,0.234,3.4,0.9,3.7,-2.5,-2.5,0,0,0,0,0,0,0,0,10,1977,1987,0,515,1596,1391,162,360,81,12,32,193,1,6,176,261,0.259,0.341,0.403,0.745,106,973H/25D,hurdlcl01,RF
385,Rich Coggins,0,3.4,513,0,3.4,0.232,3.4,1.6,2.6,-0.2,-0.8,0,0,0,0,0,0,0,0,5,1972,1976,0,342,1191,1083,125,287,42,13,12,90,50,21,72,100,0.265,0.312,0.361,0.673,93,98H/7D,coggiri01,RF
386,Doc Cook,0,3.3,510,0,3.3,0.23,3.3,1.9,4,-2.3,-1.5,0,0,0,0,0,0,0,0,4,1913,1916,0,288,1186,1028,138,282,29,9,3,75,56,50,116,109,0.274,0.359,0.329,0.687,106,9/8H,cookdo01,RF
387,Ruben Jones,0,3.3,560,0,3.3,0.228,3.3,1.6,1.9,-0.2,-1,0,0,0,0,0,0,0,0,7,1924,1940,0,325,1225,1171,185,344,55,19,16,195,29,,46,,0.294,0.325,0.414,0.739,98,97/82431,jonesru02,RF
388,Jeremy Giambi,0,3.3,861,0,3.3,0.226,3.3,1.1,6,-5.2,-2.6,0,0,0,0,0,0,0,0,6,1998,2003,0,510,1705,1417,219,372,75,3,52,209,1,3,251,356,0.263,0.377,0.43,0.807,111,DH973,giambje01,RF
389,Jim Kelly,0,3.3,371,0,3.3,0.224,3.3,2.5,2.3,-0.2,1.8,0,0,0,0,0,0,0,0,3,1914,1918,0,215,786,714,91,212,15,22,4,57,42,,46,58,0.297,0.343,0.396,0.739,120,97/H8,kellyji01,RF
390,Augie Bergamo,0,3.3,277,0,3.3,0.222,3.3,3.1,3.2,-0.5,1.4,0,0,0,0,0,0,0,0,2,1944,1945,0,174,589,496,86,151,23,5,5,63,0,1,78,44,0.304,0.4,0.401,0.801,121,9H7/38,bergaau01,RF
391,Matt Wallner,0,3.3,560,0,3.3,0.22,3.3,1.7,5,-3,-0.2,0,0,0,0,0,0,0,0,5,2022,2026,0,307,1107,946,133,211,50,5,55,138,10,5,114,367,0.223,0.333,0.461,0.794,118,97D/H1,wallnma01,RF
392,Henry Milton,0,3.3,423,0,3.3,0.218,3.3,2.9,3,-0.6,0.8,0,0,0,0,0,0,1,0.3,5,1932,1940,5,182,803,713,165,198,26,13,7,78,76,,76,,0.278,0.351,0.38,0.731,109,97/486,miltohe01,RF
393,Steve Brady,0,3.2,747,0,3.2,0.216,3.2,1.1,3,-1.5,-1.9,0,0,0,0,0,0,0,0,6,1874,1886,0,490,2133,2030,313,529,50,20,4,114,22,2,94,15,0.261,0.296,0.311,0.607,97,*O3/4526,bradyst01,1B
394,Jesús Alou,0,5.6,1703,0,0.8,0.214,3.2,0.1,0.8,-6.4,-15.5,0,0,0,0,0,0,0,0,15,1963,1979,0,1380,4577,4345,448,1216,170,26,32,377,31,46,138,267,0.28,0.305,0.353,0.658,86,*9*7*HD/83,alouje01,RF
395,Lefty Davis,0,3.1,649,0,3.1,0.212,3.1,1.5,3.8,-2.4,-2.3,0,0,0,0,0,0,0,0,4,1901,1907,0,348,1515,1296,232,338,32,19,3,110,65,,167,100,0.261,0.348,0.322,0.67,99,978/H46,davisle01,RF
396,Beau Bell,0,3.1,1456,0,3.1,0.21,3.1,0.7,5.3,-4.9,-7.2,0,0,0,0.19,0,0,0,0,7,1935,1941,1,767,3023,2718,378,806,165,32,46,437,11,12,272,239,0.297,0.362,0.432,0.794,100,*9H37/5,bellbe01,RF
397,Billy Maloney,0,3.1,1058,2.5,3.1,0.208,3.1,0.7,2.8,-1.1,-6.4,0,0,0,0,0,0,0,0,6,1901,1908,0,696,2769,2476,294,585,54,42,6,177,155,,162,446,0.236,0.294,0.299,0.593,83,*892/H7,malonbi01,CF
398,Ed Coleman,0,3.1,732,0,3.1,0.206,3.1,1.1,4.2,-2.4,-2.2,0,0,0,0,0,0,0,0,5,1932,1936,0,439,1467,1337,193,381,67,23,40,246,1,3,117,152,0.285,0.345,0.459,0.804,106,*9H/7,colemed01,RF
399,Hal Peck,0,3.1,525,0,3.1,0.204,3.1,1.4,3.7,-2,-0.6,0,0,0,0,0,0,0,0,7,1943,1949,0,355,1192,1092,136,305,52,13,15,112,10,10,87,86,0.279,0.334,0.392,0.726,106,9H/7,peckha01,RF
400,Dick Cox,0,3.1,446,0,3.1,0.202,3.1,2,3.8,-1.8,0,0,0,0,0,0,0,0,0,2,1925,1926,0,246,937,832,121,261,40,14,8,109,10,8,83,49,0.314,0.379,0.424,0.803,112,9/H7,coxdi01,RF
401,Roger Cedeño,0,4.4,1708,0,1.7,0.2,3,0.2,7.7,-8.1,-9.4,0,0,0,0,0,0,0,0,11,1995,2005,0,1100,3557,3174,478,865,127,32,40,274,213,63,319,613,0.273,0.34,0.371,0.71,88,*978H/D4,cedenro01,RF
402,Joe Visner,0,3,540,12.5,3,0.198,3,2,3.5,-1,0.6,0,0,0,0,0,0,0,0,4,1885,1891,0,238,1072,935,187,245,30,36,12,151,33,,124,90,0.262,0.356,0.41,0.766,117,O2/5,visnejo01,C
403,Jeremy Hermida,0,3.3,1072,0,2.7,0.196,3,0.7,2.7,-2.3,-4.3,0,0,0,0,0,0,0,0,8,2005,2012,0,632,2261,2012,248,517,104,9,65,250,22,8,216,517,0.257,0.334,0.415,0.749,96,*97H/8D,hermije01,RF
404,Jake Fraley,0,3.4,818,0,2.6,0.194,3,0.8,4.1,-3.3,-2.8,0,0,0,0,0,0,0,0,8,2019,2026,0,496,1651,1455,188,359,72,3,49,184,64,17,170,365,0.247,0.331,0.401,0.732,100,97HD8,fraleja01,RF
405,Otis Clymer,0,2.9,623,0,2.9,0.192,2.9,1.2,4.4,-3.4,-2.3,0,0,0,0,0,0,0,0,6,1905,1913,0,385,1472,1330,182,355,42,19,2,98,83,6,99,153,0.267,0.322,0.332,0.653,105,9H78/435,clymeot01,RF
406,Bob Addy,0,2.9,461,2.5,2.9,0.19,2.9,1.7,2.9,-0.8,-1.3,0,0,0,0,0,0,0,0,6,1871,1877,0,274,1251,1231,227,341,36,13,1,167,35,17,20,9,0.277,0.289,0.33,0.618,95,O4/56,addybo01,2B
407,Doc Miller,0,2.9,854,0,2.9,0.188,2.9,0.8,4.2,-3.6,-3,0,0,0,0,0,0,0,0,5,1910,1914,0,557,1891,1717,184,507,96,15,12,237,64,1,121,149,0.295,0.343,0.39,0.733,105,*9H/78,milledo03,RF
408,Trayce Thompson,0,2.9,516,0,2.9,0.186,2.9,1.3,2,0.1,-0.6,0,0,0,0,0,0,0,0,7,2015,2023,0,369,1058,935,128,198,41,5,45,126,17,3,115,346,0.212,0.3,0.411,0.711,93,987H/D,thomptr01,RF
409,Terry Crowley,0,3.5,794,0,2.2,0.184,2.9,0.4,2.6,-3.5,-3.8,0,0,0,0,0,0,0,0,15,1969,1983,0,865,1768,1518,174,379,62,1,42,229,3,0,222,181,0.25,0.345,0.375,0.72,104,*HD93/7,crowlte01,RF
410,Mike Vail,0,3.7,726,0,2,0.182,2.8,0.5,1.4,-1.2,-3.6,0,0,0,0,0,0,0,0,10,1975,1984,0,665,1705,1604,146,447,71,11,34,219,3,17,81,317,0.279,0.313,0.4,0.713,96,*H97/358D,vailmi01,RF
411,Grover Gilmore,0,2.8,467,0,2.8,0.18,2.8,1.8,1.4,-0.1,1.3,0,0,0,0,0,0,0,0,2,1914,1915,0,258,1060,941,144,269,47,20,2,79,42,,63,158,0.286,0.341,0.385,0.726,113,9/8H,gilmogr01,RF
412,Warren Newson,0,3.1,608,0,2.6,0.178,2.8,0.9,4.3,-3.2,-1.5,0,0,0,0,0,0,0,0,8,1991,1998,0,489,1193,992,156,248,40,4,34,120,14,3,196,292,0.25,0.374,0.401,0.775,104,9H7D/8,newsowa01,RF
413,Travis Buck,0,2.8,409,0,2.8,0.176,2.8,1.8,1.6,0.3,-0.4,0,0,0,0,0,0,0,0,6,2007,2012,0,253,910,810,99,197,52,7,20,95,8,3,78,186,0.243,0.316,0.399,0.715,94,97H/D8,bucktr01,RF
414,Chuck Workman,0,2.8,829,0,2.8,0.174,2.8,0.8,2.5,-1.4,-3.7,0,0,0,0,0,0,0,0,6,1938,1946,0,526,1958,1749,213,423,57,7,50,230,24,18,161,202,0.242,0.311,0.368,0.679,91,95H/783,workmch01,RF
415,Tom Long,0,2.7,708,0,2.7,0.172,2.7,1.1,4.6,-4.2,-2.6,0,0,0,0,0,0,0,0,5,1911,1917,0,418,1614,1489,148,401,47,49,6,140,65,29,79,145,0.269,0.309,0.379,0.688,110,987H,longto01,RF
416,Armando Ríos,0,2.7,583,0,2.7,0.17,2.7,1.1,1.8,-0.3,-0.8,0,0,0,0,0,0,0,0,6,1998,2003,0,419,1153,1021,135,275,55,8,36,167,14,10,115,206,0.269,0.341,0.445,0.786,105,9H7/8D3,riosar01,RF
417,Duke Cleveland,0,2.8,274,0,2.6,0.168,2.7,2.8,2.1,-0.3,0.8,0,0,0,0,0,0,0,0.1,8,1938,1947,1,150,628,557,105,160,15,6,2,68,19,,62,,0.287,0.361,0.346,0.707,112,97/8,clevedu01,RF
418,Sam Mele,0,4.1,1728,0,1.2,0.166,2.7,0.2,3.6,-6.7,-10.4,0,0,0,0,0,0,0,0,10,1947,1956,0,1046,3798,3437,406,916,168,39,80,544,15,14,311,342,0.267,0.328,0.408,0.736,97,*9H873,melesa01,RF
419,Franmil Reyes,0,2.7,1051,0,2.7,0.164,2.7,0.8,4.3,-5.1,-4,0,0,0,0,0,0,0,0,6,2018,2023,0,548,2078,1881,237,468,73,4,108,285,6,2,172,635,0.249,0.31,0.464,0.775,109,*D9H/71,reyesfr01,RF
420,Johnny Lewis,0,2.7,380,0,2.7,0.162,2.7,1.6,1.6,0.2,-0.7,0,0,0,0,0,0,0,0,4,1964,1967,0,266,876,771,97,175,24,6,22,74,8,9,95,194,0.227,0.313,0.359,0.672,91,98H/7,lewisjo01,RF
421,Esteban Montalvo,0,2.6,461,0,2.6,0.16,2.6,2.1,3.2,-1.4,0.1,0,0,0,0,0,0,0,0,5,1923,1928,0,204,880,781,127,217,40,16,26,171,12,,82,,0.278,0.354,0.47,0.824,119,9/137,montaes01,RF
422,Randy Bush,0,3.8,1638,0,1.4,0.158,2.6,0.2,5.2,-9.3,-9.9,0,0,0,0,0,0,0,0,12,1982,1993,0,1219,3481,3045,388,763,154,26,96,409,33,29,348,505,0.251,0.334,0.413,0.747,102,*H*9*D73/8,bushra01,RF
423,Pete Scott,0,2.5,299,0,2.5,0.156,2.5,2,2.6,-0.7,0.5,0,0,0,0,0,0,0,0,3,1926,1928,0,208,607,522,95,158,41,6,8,88,5,6,59,63,0.303,0.377,0.45,0.827,117,H97/358,scottpe01,RF
424,Jimmy Sebring,0,2.5,646,0,2.5,0.154,2.5,1.1,1.3,-0.6,-2.4,0,0,0,0,0,0,0,0,5,1902,1909,0,363,1536,1411,178,368,51,32,6,168,52,,93,132,0.261,0.308,0.355,0.663,94,*9/8H,sebriji01,RF
425,Emil Frisk,0,2.5,229,0,2.5,0.152,2.5,2.6,3,-1.3,-1.9,0,0,0,0,0,0,0,0,4,1899,1907,0,158,580,506,73,135,15,6,4,45,7,,48,69,0.267,0.346,0.344,0.69,118,9/H18,friskem01,RF
426,Mike Darr,0,2.5,285,0,2.5,0.15,2.5,2.2,0.8,1.2,0.7,0,0,0,0,0,0,0,0,3,1999,2001,0,188,612,542,63,148,28,5,5,67,17,4,67,135,0.273,0.353,0.371,0.724,93,98/H7,darrmi02,RF
427,Richie Scheinblum,0,3.5,578,0,1.5,0.148,2.5,0.5,3.3,-3.5,-3.6,0,0,0,0,0,0,0,0,8,1965,1974,1,462,1397,1218,131,320,52,9,13,127,0,6,149,135,0.263,0.343,0.352,0.695,104,9H7/D8,scheiri01,RF
428,Ted Scheffler,0,2.5,334,12.5,2.5,0.146,2.5,2.8,2.2,-0.4,0.8,0,0,0,0,0,0,0,0,2,1888,1890,0,146,642,539,128,128,15,7,3,38,81,,87,9,0.237,0.36,0.308,0.668,103,O/2,schefte01,C
429,Bombo Rivera,0,2.5,393,0,2.5,0.144,2.5,1.2,0.9,0.3,-0.6,0,0,0,0,0,0,0,0,6,1975,1982,0,335,926,831,109,220,39,11,10,83,11,8,71,144,0.265,0.323,0.374,0.697,90,97H/D8,riverbo01,RF
430,Walt Bond,0,2.5,608,0,2.5,0.142,2.5,1.1,5.2,-4.6,-2.5,0,0,0,0,0,0,0,0,6,1960,1967,0,365,1338,1199,149,307,40,11,41,179,10,4,106,175,0.256,0.323,0.41,0.733,109,397H/8,bondwa01,1B
431,John Sullivan,0,2.4,266,0,2.4,0.14,2.4,2.4,2.9,-1.2,0.5,0,0,0,0,0,0,0,0,2,1920,1921,0,162,566,495,64,153,28,8,5,69,6,7,48,55,0.309,0.374,0.428,0.802,123,79H/38,sullijo04,LF
432,Gibby Brack,0,2.4,532,0,2.4,0.138,2.4,1.2,3.4,-1.9,-1.4,0,0,0,0,0,0,0,0,3,1937,1939,0,315,1083,980,150,273,70,18,16,113,13,25,92,186,0.279,0.341,0.436,0.777,111,98H7/3,brackgi01,RF
433,Clyde Spearman,0,2.6,405,0,2.1,0.136,2.4,1.6,1.8,-0.7,-0.6,0,0,0,0,0,0,0,0,9,1935,1946,0,219,920,805,133,226,24,18,4,93,16,,91,,0.281,0.359,0.37,0.729,99,9/87,spearcl01,RF
434,Tommy Thompson,0,2.3,478,0,2.3,0.134,2.3,0.9,1.7,-0.5,-1.9,0,0,0,0,0,0,0,0,6,1933,1939,0,397,1251,1107,142,294,34,4,9,119,7,4,108,63,0.266,0.335,0.328,0.663,84,9H8/73,thompto02,RF
435,Joe Grace,0,2.3,802,0,2.3,0.132,2.3,0.8,3.9,-3.3,-3.3,0,0,0,0,0,0,0,0,6,1938,1947,0,484,1769,1561,225,442,76,18,20,172,9,17,179,135,0.283,0.362,0.393,0.755,102,97H/82,gracejo01,RF
436,Earl Robinson,0,2.3,233,0,2.3,0.13,2.3,2.2,1.1,0.7,0.8,0,0,0,0,0,0,0,0,4,1958,1964,0,170,476,421,63,113,20,5,12,44,7,5,47,92,0.268,0.34,0.425,0.765,109,9H/785,robinea01,RF
437,Buzz Arlett,0,2.3,273,0,2.3,0.128,2.3,3,2.8,-1,0.7,0,0,0,0,0,0,0,0,1,1931,1931,0,121,469,418,65,131,26,7,18,72,3,9,45,39,0.313,0.387,0.538,0.925,139,9/H3,arletbu01,RF
438,Dustan Mohr,0,2.2,731,0,2.2,0.126,2.2,0.7,2.1,-1.6,-2.9,0,0,0,0,0,0,0,0,7,2001,2007,0,504,1537,1367,203,340,78,6,49,156,13,12,141,393,0.249,0.322,0.422,0.745,92,*97H8/D,mohrdu01,RF
439,Scott Schebler,0,2.2,678,0,2.2,0.124,2.2,0.9,2.4,-1.2,-2.2,0,0,0,0,0,0,0,0,7,2015,2021,0,394,1413,1262,174,299,61,4,61,167,13,11,114,340,0.237,0.314,0.437,0.75,96,98H7/D,schebsc01,RF
440,Jocko Halligan,0,2.2,406,12.5,2.2,0.122,2.2,1.9,3.4,-1.8,-0.4,0,0,0,0,0,0,0,0,3,1890,1892,0,190,827,737,123,207,30,15,10,132,23,,86,77,0.281,0.359,0.403,0.762,121,O/23,hallijo01,C
441,William Nance,0,2.2,350,0,2.2,0.12,2.2,1.9,2.3,-1,-0.6,0,0,0,0,0,0,0,0,3,1897,1901,0,189,780,657,110,182,34,8,7,99,14,,83,53,0.277,0.362,0.385,0.747,104,O7/9,nancedo01,LF
442,Cam Smith,0,2.2,283,0,2.2,0.118,2.2,2,0.4,1.3,0,0,0,0,0,0,0,0,0,2,2025,2026,0,182,674,597,74,135,27,3,13,68,14,2,62,189,0.226,0.308,0.347,0.654,83,9/HD,smithca07,RF
443,Brian Bogusevic,0,2.2,375,0,2.2,0.116,2.2,1.1,0.9,0.4,-0.5,0,0,0,0,0,0,0,0,5,2010,2015,0,321,834,748,93,178,36,4,19,67,24,7,72,204,0.238,0.311,0.373,0.684,87,9H78/1,bogusbr01,RF
444,Joe Schultz,0,2.9,875,0,1.5,0.114,2.2,0.3,3.7,-4.1,-5.6,0,0,0,0,0,0,0,0,11,1912,1925,0,703,2142,1959,235,558,83,19,15,248,35,16,116,102,0.285,0.327,0.37,0.696,93,*9H754/836,schuljo03,RF
445,Chito Martínez,0,2.2,238,0,2.2,0.112,2.2,2.2,1.9,-0.2,0.5,0,0,0,0,0,0,0,0,3,1991,1993,0,158,482,429,58,111,22,2,18,58,1,2,46,102,0.259,0.33,0.445,0.775,116,9H/D37,martich01,RF
446,Dominic Canzone,0,2.2,357,0,2.2,0.11,2.2,1.4,2.2,-1.3,-0.3,0,0,0,0,0,0,0,0,4,2023,2026,0,250,752,682,87,168,38,0,29,88,6,2,58,168,0.246,0.308,0.43,0.737,110,9D7H,canzodo01,RF
447,Donald Reeves,0,2.2,180,0,2.2,0.108,2.2,4.1,2.4,-0.7,0.7,0,0,0,0,0,0,1,0.1,4,1938,1941,1,86,312,289,48,94,12,8,10,70,8,,20,,0.325,0.371,0.526,0.897,160,9/871,reevedo01,RF
448,Tito Landrum,0,2.5,453,0,1.8,0.106,2.2,0.5,-0.9,0.9,-1.9,0,0,0,0,0,0,0,0,9,1980,1988,0,607,1107,995,120,248,40,12,13,111,17,18,85,196,0.249,0.309,0.353,0.661,84,9H78/3D,landrti01,RF
449,Jordan Luplow,0,2.2,527,0,2.2,0.104,2.2,1,1.6,-0.6,-1.5,0,0,0,0,0,0,0,0,7,2017,2023,0,361,1060,918,132,195,40,6,47,125,13,9,126,264,0.212,0.314,0.423,0.737,99,97H8/3D154,luplojo01,RF
450,Wayne Kirby,0,2.5,555,0,1.8,0.102,2.1,0.6,0.3,0.6,-2.7,0,0,0,0,0,0,0,0,8,1991,1998,0,516,1325,1198,183,302,51,9,14,119,44,21,98,168,0.252,0.309,0.345,0.654,75,9H87/D,kirbywa01,RF
451,Tom Parker,0,2.6,350,0,1.7,0.1,2.1,1.1,2.1,-1.2,-3.6,0,0,0,0,0,0,0,0,12,1931,1948,0,244,787,728,110,210,34,11,12,128,3,,45,,0.288,0.331,0.415,0.746,105,917/8356,parketo01,RF
452,Frank McGowan,0,2.1,595,0,2.1,0.098,2.1,0.9,1.1,-0.4,-3.5,0,0,0,0,0,0,0,0,5,1922,1937,0,375,1427,1208,174,316,58,16,6,108,17,11,154,122,0.262,0.347,0.351,0.698,81,98H/7,mcgowbe01,RF
453,George Vukovich,0,2.1,743,0,2.1,0.096,2.1,0.5,0.6,-0.3,-3.6,0,0,0,0,0,0,0,0,6,1980,1985,0,628,1749,1602,164,430,76,10,27,203,9,19,127,229,0.268,0.322,0.379,0.701,92,*9H7/8,vukovge01,RF
454,Ángel Mangual,0,2.1,494,0,2.1,0.094,2.1,0.7,0.5,-0.1,-2.6,0,0,0,0,0,0,0,0,7,1969,1976,0,450,1318,1241,122,304,44,8,22,125,5,8,59,187,0.245,0.279,0.346,0.625,83,98H7D/345,manguan01,RF
455,Aristides Aquino,0,2.1,376,0,2.1,0.092,2.1,1.4,0,1.2,-0.4,0,0,0,0,0,0,0,0,5,2018,2022,0,244,762,686,87,145,28,1,41,108,12,5,66,255,0.211,0.285,0.434,0.719,86,97H/8D3,aquinar01,RF
456,Dave Clark,0,3.8,1042,0,0.3,0.09,2.1,0.1,3.3,-6,-6.6,0,0,0,0,0,0,0,0,13,1986,1998,0,905,2211,1964,248,518,81,8,62,284,19,12,222,451,0.264,0.338,0.408,0.745,99,*H97D,clarkda05,RF
457,Oswaldo Cabrera,0,2,384,2.5,2,0.088,2,1.1,0.9,0.8,-1.2,0,0,0,0,0,0,0,0,4,2022,2025,0,301,949,858,120,201,34,1,20,95,15,5,72,204,0.234,0.295,0.346,0.641,79,597H/436D81,cabreos01,3B
458,Román Mejías,0,2.9,803,0,1,0.086,2,0.3,2.4,-3.2,-5.9,0,0,0,0,0,0,0,0,9,1955,1964,0,627,1905,1768,212,449,57,12,54,202,22,12,89,238,0.254,0.294,0.391,0.686,86,9H87,mejiaro01,RF
459,Pete Whisenant,0,2.3,497,2.5,1.6,0.084,2,0.5,0,0.5,-2.5,0,0,0,0,0,0,0,0,8,1952,1961,0,475,1096,988,140,221,46,8,37,134,17,5,86,196,0.224,0.284,0.399,0.683,80,H879/452,whisepe01,CF
460,Olaf Henriksen,0,1.9,272,0,1.9,0.082,1.9,0.9,2.8,-1.6,-0.5,0,0,0,0,0,0,0,0,7,1911,1917,0,321,615,487,84,131,12,7,1,48,15,10,97,73,0.269,0.392,0.329,0.721,112,H978,henriol01,RF
461,Cowan Hyde,0,3.1,395,0,0.8,0.08,1.9,0.5,0.5,-0.6,-2,0,0,0,0,0,0,1,0.2,14,1927,1948,3,228,944,899,139,238,28,23,1,91,46,0,34,,0.265,0.294,0.35,0.644,86,97/48526,hydeco01,RF
462,Elijah Dukes,0,1.9,494,0,1.9,0.078,1.9,1.3,2.4,-1,-1.2,0,0,0,0,0,0,0,0,3,2007,2009,0,240,970,824,113,199,39,8,31,123,18,18,129,197,0.242,0.349,0.421,0.771,104,98/7HD,dukesel01,RF
463,Fred Long,0,1.9,164,0,1.9,0.076,1.9,3.9,1.8,-0.3,0.9,0,0,0,0,0,0,0,0,4,1920,1926,0,77,291,271,45,86,17,11,7,55,3,,15,,0.317,0.358,0.539,0.896,139,9/87,longfr01,RF
464,Mike Chartak,0,1.9,405,0,1.9,0.074,1.9,1.2,2,-1.2,-0.8,0,0,0,0,0,0,0,0,4,1940,1944,0,256,879,765,96,186,34,7,21,98,4,7,104,112,0.243,0.337,0.388,0.725,105,9H3/7,chartmi01,RF
465,Aaron Guiel,0,1.9,493,0,1.9,0.072,1.9,1,1.4,-0.4,-2.1,0,0,0,0,0,0,0,0,5,2002,2006,0,307,1099,970,151,239,58,0,35,128,8,12,83,218,0.246,0.322,0.414,0.736,89,97H8/3D,guielaa01,RF
466,Aaron Altherr,0,1.9,538,0,1.9,0.07,1.9,0.8,0.9,-0.1,-1.8,0,0,0,0,0,0,0,0,6,2014,2019,0,359,1156,1016,142,222,54,10,37,150,21,10,110,332,0.219,0.307,0.401,0.708,88,97H8/1,altheaa01,RF
467,Johnny Smith,0,2,258,0,1.7,0.068,1.8,1.8,1.9,-0.8,0.6,0,0,0,0,0,0,0,0.1,8,1940,1948,0,150,612,577,74,179,17,10,2,73,4,,32,,0.31,0.346,0.385,0.731,114,97/18326,smithjo10,RF
468,Cory Snyder,0,3,1807,0,0.7,0.066,1.8,0.1,5.5,-8.1,-11.9,0,0,0,0,0,0,0,0,9,1986,1994,0,1068,3933,3656,439,902,178,13,149,488,28,19,226,992,0.247,0.291,0.425,0.716,96,*97H635/84D,snydeco02,RF
469,Chris Richard,0,1.8,499,0,1.8,0.064,1.8,1.1,2,-1.2,-1.7,0,0,0,0,0,0,0,0,5,2000,2009,0,280,1006,899,132,229,57,6,34,122,18,18,81,183,0.255,0.323,0.445,0.768,102,39D8H/7,richach01,1B
470,Dave Hoskins,0,1.8,266,0,1.8,0.062,1.8,1.5,1.2,0,-1.6,0,0,0,0,0,0,0,0,7,1942,1954,0,200,643,586,93,166,22,11,4,88,3,0,41,14,0.283,0.333,0.379,0.712,95,91/7H58,hoskida01,RF
471,Al Schweitzer,0,1.8,412,0,1.8,0.06,1.8,1,2.4,-2.1,-2.3,0,0,0,0,0,0,0,0,4,1908,1911,0,280,1032,874,97,208,28,8,3,87,47,,104,169,0.238,0.327,0.299,0.626,95,98H/7,schweal01,RF
472,Buddy Bradford,0,2.8,805,2.5,0.8,0.058,1.8,0.2,1.1,-2.3,-5.7,0,0,0,0,0,0,0,0,11,1966,1976,0,697,1834,1605,224,363,50,8,52,175,36,24,184,411,0.226,0.311,0.364,0.676,91,89H7/D5,bradfbu01,CF
473,Tony Barron,0,1.8,92,0,1.8,0.056,1.8,4.9,0.5,1,1.2,0,0,0,0,0,0,0,0,2,1996,1997,0,58,210,190,22,54,12,1,4,24,0,1,12,39,0.284,0.329,0.421,0.75,95,9/H,barroto01,RF
474,Norm Miller,0,2.3,661,0,1.2,0.054,1.8,0.4,2.7,-3.2,-4.2,0,0,0,0,0,0,0,0,10,1965,1974,0,540,1561,1364,166,325,68,10,24,159,16,10,160,265,0.238,0.323,0.356,0.678,95,9H78/52,milleno01,RF
475,Al Pilarcik,0,1.7,785,0,1.7,0.052,1.7,0.4,2.6,-2.7,-4,0,0,0,0,0,0,0,0,6,1956,1961,0,668,1860,1614,205,413,66,7,22,143,41,18,185,150,0.256,0.334,0.346,0.68,89,*9H8/7,pilaral01,RF
476,Mike Simms,0,2.1,379,0,1.4,0.05,1.7,0.7,1.4,-1.3,-1,0,0,0,0,0,0,0,0,9,1990,1999,0,330,744,660,92,163,33,1,36,121,4,4,69,175,0.247,0.323,0.464,0.786,109,9H3D/7,simmsmi01,RF
477,Shane Robinson,0,2.1,314,0,1.4,0.048,1.7,0.5,-1.5,1.9,-1.3,0,0,0,0,0,0,0,0,9,2009,2018,0,461,849,760,105,168,23,5,7,66,19,5,73,120,0.221,0.288,0.292,0.58,61,H789/D1,robinsh01,LF
478,Gene Green,0,1.7,599,0,1.7,0.046,1.7,0.7,3.6,-1.7,-2.6,0,0,0,0,0,0,0,0,7,1957,1963,0,408,1263,1151,130,307,49,7,46,160,2,3,89,185,0.267,0.318,0.441,0.76,102,92H/73,greenge01,RF
479,Steve Hovley,0,1.7,481,0,1.7,0.044,1.7,0.6,2.1,-1.6,-2.4,0,0,0,0,0,0,0,0,5,1969,1973,0,436,1152,1019,122,263,39,5,8,88,29,12,116,128,0.258,0.335,0.33,0.665,89,9H8/7D,hovlest01,RF
480,Lyle Mouton,0,1.7,418,0,1.7,0.042,1.7,0.8,1.8,-1.2,-1.3,0,0,0,0,0,0,0,0,7,1995,2001,0,328,890,805,96,225,43,2,22,116,9,4,71,209,0.28,0.339,0.42,0.759,98,97HD/8,moutoly01,RF
481,Paulo Orlando,0,1.7,376,0,1.7,0.04,1.7,1,0.4,0.7,-1.5,0,0,0,0,0,0,0,0,4,2015,2018,0,278,918,874,98,230,44,10,14,81,18,7,22,203,0.263,0.289,0.384,0.673,80,987/HD,orlanpa01,RF
482,Oscar Owens,0,1.7,134,0,1.7,0.038,1.7,4.4,2.1,-0.7,0.1,0,0,0,0,0,0,0,0,2,1922,1929,0,61,210,186,49,74,16,1,5,38,5,,22,,0.398,0.464,0.575,1.039,168,/91783,owensos01,RF
483,Bud Souchock,0,2,664,0,1.4,0.036,1.7,0.5,2.2,-2.5,-2.7,0,0,0,0,0,0,0,0,8,1946,1955,0,473,1326,1227,163,313,58,20,50,186,15,9,88,164,0.255,0.307,0.457,0.764,106,H793/548,souchst01,LF
484,Mortimer Hogan,0,1.6,254,7.5,1.6,0.034,1.6,2.2,1.9,-0.9,0.6,0,0,0,0,0,0,0,0,3,1884,1888,0,121,526,426,88,88,23,7,0,29,42,,87,73,0.207,0.357,0.293,0.651,108,O/65,hoganed02,SS
485,Zaza Harvey,0,1.6,142,0,1.6,0.032,1.6,3.5,1.7,-0.4,0.1,0,0,0,0,0,0,0,0,3,1900,1902,0,76,283,259,37,86,10,6,1,32,17,,14,13,0.332,0.373,0.429,0.802,125,9/71H,harveza01,RF
486,Ron Jones,0,1.6,139,0,1.6,0.03,1.6,2.7,1.5,-0.2,0.7,0,0,0,0,0,0,0,0,4,1988,1991,0,97,264,239,27,65,10,1,13,40,1,1,22,33,0.272,0.33,0.485,0.815,129,9H/7,jonesro02,RF
487,Carlos López,0,1.6,240,0,1.6,0.028,1.6,1.1,1.1,0,-0.2,0,0,0,0,0,0,0,0,3,1976,1978,0,237,538,500,61,130,24,1,12,54,23,11,25,98,0.26,0.298,0.384,0.682,90,9H8/D,lopezca01,RF
488,Joe Wilhoit,0,1.6,354,0,1.6,0.026,1.6,0.9,2,-1.8,-1.3,0,0,0,0,0,0,0,0,4,1916,1919,0,283,887,782,93,201,23,9,3,74,28,,75,82,0.257,0.323,0.321,0.644,101,9H7/83,wilhojo01,RF
489,Lefty Johnson,0,1.6,366,0,1.6,0.024,1.6,1.5,1.5,-0.8,-0.3,0,0,0,0,0,0,0,0,5,1884,1892,0,169,740,636,121,168,15,17,2,90,45,,98,61,0.264,0.368,0.351,0.718,105,O,johnsbi01,Unknown
490,Curt Ford,0,1.6,358,0,1.6,0.022,1.6,0.6,-0.3,0.7,-1.2,0,0,0,0,0,0,0,0,6,1985,1990,0,406,822,742,88,182,37,8,7,89,36,17,66,126,0.245,0.305,0.345,0.65,79,H97/384,fordcu01,RF
491,Joey Rickard,0,1.6,416,0,1.6,0.02,1.6,0.7,0.4,0.2,-1.8,0,0,0,0,0,0,0,0,5,2016,2020,0,347,984,904,103,222,47,3,20,71,20,6,61,223,0.246,0.3,0.371,0.671,81,978H/D,rickajo01,RF
492,Bob Hazle,0,1.5,155,0,1.5,0.018,1.5,2.3,1.9,-0.7,0.4,0,0,0,0,0,0,0,0,3,1955,1958,0,110,297,261,37,81,14,0,9,37,1,3,32,35,0.31,0.39,0.467,0.857,134,9H/7,hazlebo01,RF
493,George Puccinelli,0,1.5,356,0,1.5,0.016,1.5,1.3,1.6,-0.7,-0.8,0,0,0,0,0,0,0,0,4,1930,1936,0,187,688,607,109,172,40,3,19,102,3,3,78,92,0.283,0.367,0.453,0.82,105,97H,puccige01,RF
494,Blainey Hall,0,1.5,130,0,1.5,0.014,1.5,3.7,1.5,-0.3,0.6,0,0,0,0,0,0,0,0,2,1923,1925,0,67,264,242,48,82,12,3,3,33,5,,16,,0.339,0.382,0.45,0.833,129,9/87,hallbl01,RF
495,Carlos Cortes,0,1.5,126,0,1.5,0.012,1.5,3.1,1.6,-0.4,0.9,0,0,0,0,0,0,0,0,2,2025,2026,0,79,219,200,22,66,16,2,8,30,1,0,15,32,0.33,0.374,0.55,0.924,147,9/H7D51,corteca01,RF
496,Fred Sington,0,1.5,298,0,1.5,0.01,1.5,1.3,1.7,-0.8,-0.7,0,0,0,0,0,0,0,0,6,1934,1939,0,181,612,516,66,140,36,5,7,85,2,4,89,66,0.271,0.382,0.401,0.783,103,9H7,singtfr01,RF
497,Mel Clark,0,1.5,290,0,1.5,0.008,1.5,1.1,0.4,0.4,-1.2,0,0,0,0,0,0,0,0,6,1951,1957,0,215,708,656,82,182,29,15,3,63,3,3,37,61,0.277,0.318,0.381,0.699,85,9H7/5,clarkme01,RF
498,Alex Escobar,0,1.5,207,2.5,1.5,0.006,1.5,1.9,1.3,0,0,0,0,0,0,0,0,0,0,4,2001,2006,0,125,439,388,53,100,14,4,13,52,5,1,41,112,0.258,0.328,0.415,0.743,97,89/H7D,escobal01,CF
499,Lawrence Davis,0,1.5,102,0,1.5,0.004,1.5,4.8,1.2,0.1,0.9,0,0,0,0,0,0,0,0,2,1924,1925,0,49,175,159,32,51,8,6,3,38,7,,15,,0.321,0.383,0.503,0.886,140,9/675,davisl02,RF
500,Jason Lane,0,1.5,686,0,1.5,0.002,1.5,0.5,1.7,-1.7,-2.4,0,0,0,0,0,0,0,0,7,2002,2014,0,500,1366,1211,165,292,64,7,61,189,10,6,123,258,0.241,0.314,0.457,0.771,97,9H87/31,laneja01,RF