"rk","name","war","war7","jaws","jawspercentile","warper162","owar","dwar","waa","col_11","top5","top10","mvpshare","col_15","top5_15","top10_16","winshare","yrs","fromyear","toyear","asg","g","pa","ab","r","h","double","triple","hr","rbi","sb","cs","bb","so","ba","obp","slg","ops","opsplus","pos","player_add","name","name_additional","hof"
"1","Johnny Bench HOF","75.2","47.2","61.2","1","5.6","65.7","19.7","46.7","2","4","5","2.77","0","3","5","2","17","1967","1983","14","2158","8674","7658","1091","2048","381","24","389","1376","68","43","891","1278","0.267","0.342","0.476","0.817","126","*253H79/8","benchjo01","Johnny Bench","benchjo01","1"
"2","Gary Carter HOF","70.1","48.4","59.2","0.998","4.9","56.3","26.1","40.1","0","2","4","1.93","1","3","8","3.2","19","1974","1992","11","2296","9019","7971","1025","2092","371","31","324","1225","39","42","848","997","0.262","0.335","0.439","0.773","115","*2H93/75","cartega01","Gary Carter","cartega01","1"
"3","Iván Rodríguez HOF","68.7","39.8","54.3","0.996","4.4","54.5","29.6","33.4","1","1","4","1.04","0","0","3","0.4","21","1991","2011","14","2543","10270","9592","1354","2844","572","51","311","1332","127","64","513","1474","0.296","0.334","0.464","0.798","106","*2HD/34","rodriiv01","Iván Rodríguez","rodriiv01","1"
"4","Carlton Fisk HOF","68.5","37.6","53","0.994","4.4","66.3","17.1","35.4","0","2","4","1.28","0","1","3","0.8","24","1969","1993","11","2499","9853","8756","1276","2356","421","47","376","1330","128","58","849","1386","0.269","0.341","0.457","0.797","117","*2DH7/35","fiskca01","Carlton Fisk","fiskca01","1"
"5","Mike Piazza HOF","59.6","43.1","51.4","0.992","5","66.4","1.5","35.9","0","4","7","3.16","0","3","3","1.4","16","1992","2007","12","1912","7745","6911","1048","2127","344","8","427","1335","17","20","759","1113","0.308","0.377","0.545","0.922","143","*2DH3","piazzmi01","Mike Piazza","piazzmi01","1"
"6","Yogi Berra HOF","59.5","38","48.8","0.99","4.5","56.3","9.2","34","3","7","7","3.98","0","1","6","1.5","19","1946","1965","18","2120","8364","7555","1175","2150","321","49","358","1430","30","26","704","414","0.285","0.348","0.482","0.83","125","*2H79/35","berrayo01","Yogi Berra","berrayo01","1"
"7","Joe Mauer HOF","55.6","39.1","47.4","0.988","4.8","53","3.4","27.9","1","2","4","2.04","0","1","2","1","15","2004","2018","6","1858","7960","6930","1018","2123","428","30","143","923","52","19","939","1034","0.306","0.388","0.439","0.827","124","*2*3*DH/9","mauerjo01","Joe Mauer","mauerjo01","1"
"11","Ted Simmons HOF","50.4","34.8","42.6","0.98","3.3","53.6","5.2","19.1","0","0","3","0.68","0","0","1","0.3","21","1968","1988","8","2456","9685","8680","1074","2472","483","47","248","1389","21","33","855","694","0.285","0.348","0.437","0.785","118","*2DH37/59","simmote01","Ted Simmons","simmote01","1"
"12","Thurman Munson","46.1","37","41.5","0.978","5.2","43.1","11.9","25.5","1","1","3","1.5","0","0","1","0.3","11","1969","1979","7","1423","5905","5344","696","1558","229","32","113","701","48","50","438","571","0.292","0.346","0.41","0.756","116","*2DH/9375","munsoth01","null","null","0"
"13","Gene Tenace","46.8","35","40.9","0.976","4.9","47.6","1.8","27.9","0","0","0","0.06","0","0","1","0.3","15","1969","1983","1","1555","5527","4390","653","1060","179","20","201","674","36","42","984","998","0.241","0.388","0.429","0.817","136","*2*3H/594D7","tenacge01","null","null","0"
"16","Bill Freehan","44.7","33.7","39.2","0.97","4.1","43.3","12","21.2","0","2","3","1.28","0","1","2","0.6","15","1961","1976","11","1774","6900","6073","706","1591","241","35","200","758","24","21","626","753","0.262","0.34","0.412","0.752","112","*23H/D79","freehbi01","null","null","0"
"17","Roy Campanella HOF","42","35","38.5","0.968","4.7","38.6","9","20.7","3","3","4","2.52","0","1","4","1.1","18","1937","1957","11","1449","5727","5030","786","1422","232","31","260","1019","38","20","609","501","0.283","0.363","0.496","0.859","125","*2H/97815","camparo01","Roy Campanella","camparo01","1"
"19","Jorge Posada","42.7","32.6","37.6","0.964","3.8","48.6","2.6","17.3","0","1","2","0.78","0","0","1","0.2","17","1995","2011","5","1829","7150","6092","900","1664","379","10","275","1065","20","21","936","1453","0.273","0.374","0.474","0.848","121","*2DH3/4","posadjo01","null","null","0"
"21","Jason Kendall","41.7","30.4","36","0.96","3.2","40.8","13.9","14.6","0","0","0","0","0","0","0","0","15","1996","2010","3","2085","8702","7627","1030","2195","394","35","75","744","189","89","721","686","0.288","0.366","0.378","0.744","95","*2H/79D","kendaja01","null","null","0"
"23","Darrell Porter","40.9","29.1","35","0.956","3.7","39.8","10.6","18.4","0","0","2","0.25","0","1","1","0.5","17","1971","1987","4","1782","6570","5539","765","1369","237","48","188","826","39","37","905","1025","0.247","0.354","0.409","0.763","113","*2HD/3","porteda02","null","null","0"
"24","Jim Sundberg","40.5","28.7","34.6","0.954","3.3","28.7","25.3","17.6","0","0","0","0.14","0","0","0","0","16","1974","1989","3","1962","6899","6021","621","1493","243","36","95","624","20","37","699","963","0.248","0.327","0.348","0.674","90","*2H/7D","sundbji01","null","null","0"
"27","Lance Parrish","39.5","28.4","33.9","0.948","3.2","36","15.3","13.7","0","0","1","0.26","0","0","0","0","19","1977","1995","8","1988","7797","7067","856","1782","305","27","324","1070","28","37","612","1527","0.252","0.313","0.44","0.753","106","*2DH3/97","parrila02","null","null","0"
"28","Russell Martin","38.6","27.1","32.8","0.946","3.7","33.1","16.4","17.1","0","0","0","0.05","0","0","0","0.2","14","2006","2019","4","1693","6648","5701","803","1416","255","9","191","771","101","51","792","1211","0.248","0.349","0.397","0.746","101","*2H5/D41679","martiru01","null","null","0"
"31","Víctor Martínez","31.8","29","30.4","0.94","2.6","37.4","-8.5","3.1","0","1","2","0.86","0","0","0","0.1","16","2002","2018","5","1973","8166","7297","914","2153","423","3","246","1178","7","7","730","891","0.295","0.36","0.455","0.815","118","*D*23H","martivi01","null","null","0"
"34","Smoky Burgess","33.3","23.4","28.3","0.934","3.2","32.8","6.2","14.2","0","0","0","0.01","0","0","0","0","18","1949","1967","9","1691","5014","4471","485","1318","230","33","126","673","13","14","477","270","0.295","0.362","0.446","0.807","116","*2*H","burgesm01","null","null","0"
"35","Brian McCann","31.6","24.4","28","0.932","2.9","34.1","7.5","9.8","0","0","0","0.02","0","0","0","0.1","15","2005","2019","7","1755","6850","6067","742","1590","294","5","282","1018","25","9","640","1054","0.262","0.337","0.452","0.789","110","*2HD/3","mccanbr01","null","null","0"
"38","Javy López","29.7","24.9","27.3","0.926","3.2","31.2","5.7","11.3","0","1","1","0.35","0","0","1","0.3","15","1992","2006","3","1503","5793","5319","674","1527","267","19","260","864","8","19","357","969","0.287","0.337","0.491","0.828","112","*2DH/3","lopezja01","null","null","0"
"39","Mickey Tettleton","29.4","24.7","27.1","0.924","3.2","34.9","-3.6","9.9","0","0","0","0","0","0","0","0","14","1984","1997","2","1485","5745","4698","711","1132","210","16","245","732","23","29","949","1307","0.241","0.369","0.449","0.818","122","*2*D39H/7","tettlmi01","null","null","0"
"40","Manny Sanguillén","27.6","26.5","27","0.922","3.1","22.4","11.4","9.9","0","0","1","0.35","0","0","0","0","13","1967","1980","3","1448","5383","5062","566","1500","205","57","65","585","35","38","223","331","0.296","0.326","0.398","0.724","102","*2H9D3/7","sanguma01","null","null","0"
"41","Elston Howard","27.1","26.5","26.8","0.92","2.7","24.3","8.2","8.5","1","2","3","1.5","0","0","2","0.4","15","1948","1968","12","1625","5929","5443","635","1491","223","53","168","775","10","14","376","786","0.274","0.321","0.427","0.748","107","*27H39","howarel01","null","null","0"
"42","Tom Haller","29.3","23.9","26.6","0.918","3.7","28.5","7.9","12.7","0","0","0","0.02","0","0","0","0","12","1961","1972","3","1294","4520","3935","461","1011","153","31","134","504","14","30","477","593","0.257","0.34","0.414","0.753","114","*2H/937","halleto01","null","null","0"
"44","Del Crandall","28","24.4","26.2","0.914","2.9","21.7","14","6.7","0","0","1","0.38","0","0","0","0.1","16","1949","1966","11","1573","5584","5026","585","1276","179","18","179","657","26","31","424","477","0.254","0.312","0.404","0.716","96","*2H/397","crandde01","null","null","0"
"45","Sherm Lollar","30.1","21.9","26","0.912","2.8","26.4","10.4","11.1","0","0","2","0.51","0","0","0","0","18","1946","1963","9","1752","6221","5351","623","1415","244","14","155","808","20","10","671","453","0.264","0.357","0.402","0.759","104","*2H/35","lollash01","null","null","0"
"47","Ed Bailey","27.2","22.9","25","0.908","3.6","24.6","8.6","11","0","0","0","0.04","0","0","0","0","14","1953","1966","6","1212","4212","3581","432","915","128","15","155","540","17","18","545","577","0.256","0.355","0.429","0.784","110","*2H/37","baileed01","null","null","0"
"48","Walker Cooper","27.3","22.8","25","0.906","3","29.4","2.5","8.3","0","1","2","0.92","0","0","0","0","18","1940","1957","8","1473","5082","4702","573","1341","240","40","173","812","18","11","309","357","0.285","0.332","0.464","0.796","116","*2*H","coopewa01","null","null","0"
"49","Tim McCarver","28.3","21.4","24.9","0.904","2.4","30","6.4","6.4","0","1","1","0.49","0","0","1","0.1","21","1959","1980","2","1909","6206","5529","590","1501","242","57","97","645","61","49","548","422","0.271","0.337","0.388","0.725","102","*2*H3/75D","mccarti01","null","null","0"
"51","Terry Steinbach","28","21.6","24.8","0.9","2.9","27","9.3","7.8","0","0","0","0","0","0","0","0","14","1986","1999","3","1546","5905","5369","638","1453","273","21","162","745","23","22","418","938","0.271","0.326","0.42","0.746","102","*2HD3/597","steinte01","null","null","0"
"53","Tony Peña","24.7","24.7","24.7","0.896","2","19.2","17.7","0.3","0","0","0","0.09","0","0","1","0.2","18","1980","1997","5","1988","7073","6489","667","1687","298","27","107","708","80","63","455","846","0.26","0.309","0.364","0.673","84","*2H/395D","penato01","null","null","0"
"54","Butch Wynegar","26.5","22.7","24.6","0.894","3.3","21.3","14.1","9.7","0","0","0","0","0","0","0","0","13","1976","1988","2","1301","5067","4330","498","1102","176","15","65","506","10","13","626","428","0.255","0.348","0.347","0.695","93","*2H/D5","wynegbu01","null","null","0"
"55","Mike Napoli","26.4","22","24.2","0.892","3.1","27.8","-2.7","7.6","0","0","0","0","0","0","0","0","12","2006","2017","1","1392","5330","4572","697","1125","224","11","267","744","39","24","650","1468","0.246","0.346","0.475","0.821","117","*3*2DH/7","napolmi01","null","null","0"
"56","Bob Boone","27.4","20.4","23.9","0.89","2","16.3","25.8","1.2","0","0","0","0.03","0","0","0","0","19","1972","1990","4","2264","8148","7245","679","1838","303","26","105","826","38","50","663","608","0.254","0.315","0.346","0.661","82","*2H/35D7","boonebo01","null","null","0"
"58","Mike Scioscia","26.1","21.7","23.9","0.886","2.9","21","13.4","9.2","0","0","0","0.01","0","0","0","0.1","13","1980","1992","2","1441","5057","4373","398","1131","198","12","68","446","29","24","567","307","0.259","0.344","0.356","0.7","99","*2H","sciosmi01","null","null","0"
"60","Darren Daulton","23","23.7","23.3","0.882","3.2","25.4","2.6","9.4","0","0","2","0.5","0","1","1","0.5","14","1983","1997","3","1161","4340","3630","511","891","197","25","137","588","50","10","629","726","0.245","0.357","0.427","0.784","114","*2H93/D7","daultda01","null","null","0"
"62","Benito Santiago","27.4","18.6","23","0.878","2.2","23.5","15.2","3.6","0","0","0","0.01","0","0","0","0","20","1986","2005","5","1978","7516","6951","755","1830","323","41","217","920","91","69","430","1270","0.263","0.307","0.415","0.722","93","*2H/37D","santibe01","null","null","0"
"63","Chris Hoiles","23.5","22.3","22.9","0.876","4.3","23.1","5.3","11.9","0","0","0","0.03","0","0","1","0.1","10","1989","1998","0","894","3339","2820","415","739","122","2","151","449","5","7","435","616","0.262","0.366","0.467","0.833","119","*2DH/35","hoilech01","null","null","0"
"66","Carlos Ruiz","22.5","21.1","21.8","0.87","3.2","18.5","10.8","9.9","0","0","0","0.04","0","0","0","0","12","2006","2017","1","1136","4069","3539","405","935","223","7","71","415","25","10","403","499","0.264","0.35","0.391","0.742","100","*2H/5D31","ruizca01","null","null","0"
"67","Jason Varitek","24.2","18.8","21.5","0.868","2.5","24.9","8.8","3.6","0","0","0","0.02","0","0","0","0","15","1997","2011","3","1546","5839","5099","664","1307","306","14","193","757","25","18","614","1216","0.256","0.341","0.435","0.776","99","*2H/D","varitja01","null","null","0"
"68","Charles Johnson","22.6","20.4","21.5","0.866","3.1","15.7","13.8","8.8","0","0","0","0.06","0","0","0","0","12","1994","2005","2","1188","4386","3836","465","940","211","4","167","570","6","10","475","997","0.245","0.33","0.433","0.762","97","*2H/D","johnsch04","null","null","0"
"70","Rick Dempsey","25.2","17.2","21.2","0.862","2.3","17.8","17.4","7.4","0","0","0","0","0","0","0","0","24","1969","1992","0","1765","5407","4692","525","1093","223","12","96","471","20","19","592","736","0.233","0.319","0.347","0.666","87","*2H/D97315","dempsri01","null","null","0"
"73","John Roseboro","22.5","19.5","21","0.856","2.3","22.4","8.8","1.6","0","0","0","0.12","0","0","0","0","14","1957","1970","6","1585","5529","4847","512","1206","190","44","104","548","67","56","547","677","0.249","0.326","0.371","0.697","95","*2H/3758","rosebjo01","null","null","0"
"74","A.J. Pierzynski","23.7","18.1","20.9","0.854","1.9","28.3","8.4","-3.6","0","0","0","0","0","0","0","0","19","1998","2016","2","2059","7815","7290","807","2043","407","24","188","909","15","23","308","895","0.28","0.319","0.42","0.739","94","*2HD","pierza.01","null","null","0"
"75","John Romano","20.9","20.1","20.5","0.852","3.7","22.5","3.3","10.8","0","0","0","0","0","0","0","0.1","10","1958","1967","4","905","3256","2767","355","706","112","10","129","417","7","9","414","485","0.255","0.354","0.443","0.797","122","*2H/73","romanjo01","null","null","0"
"76","Terry Kennedy","21.6","19.4","20.5","0.85","2.3","18.5","11.3","3.3","0","0","1","0.17","0","0","0","0","14","1978","1991","4","1491","5421","4979","474","1313","244","12","113","628","6","15","365","855","0.264","0.314","0.386","0.699","96","*2H/73","kennete02","null","null","0"
"77","Ramón Hernández","22.1","18.8","20.5","0.848","2.3","22","8.9","2.9","0","0","0","0","0","0","0","0","15","1999","2013","1","1526","5701","5105","580","1345","262","8","169","757","9","5","430","734","0.263","0.327","0.417","0.744","96","*2H3/D5","hernara02","null","null","0"
"79","Joe Ferguson","21","19.6","20.3","0.844","3.4","21","3.9","9.4","0","0","0","0.02","0","0","0","0","14","1970","1983","0","1013","3624","3001","407","719","121","11","122","445","22","12","562","607","0.24","0.358","0.409","0.767","116","*29H/73","fergujo01","null","null","0"
"81","Mike Stanley","20.9","19.5","20.2","0.84","2.3","26.9","-5.2","3.8","0","0","0","0.04","0","0","0","0","15","1986","2000","1","1467","4989","4222","625","1138","220","7","187","702","13","4","652","929","0.27","0.37","0.458","0.827","117","*2*D*3H/57","stanlmi02","null","null","0"
"83","Andy Seminick","21.5","17.8","19.7","0.836","2.7","22.5","3.7","4","0","0","0","0.07","0","0","0","0","15","1943","1957","1","1304","4575","3921","495","953","139","26","164","556","23","22","582","780","0.243","0.347","0.417","0.764","107","*2H/75","seminan01","null","null","0"
"84","John Stearns","19.7","19.5","19.6","0.834","3.9","16","8.1","9.6","0","0","0","0","0","0","0","0","11","1974","1984","4","810","3083","2681","334","696","152","10","46","312","91","51","323","294","0.26","0.341","0.375","0.717","102","*2H3/57","stearjo01","null","null","0"
"90","Earl Battey","18.9","18.6","18.8","0.822","2.7","18.9","6.5","6.1","0","0","3","0.45","0","0","0","0","13","1955","1967","5","1141","4105","3586","393","969","150","17","104","449","13","12","421","470","0.27","0.349","0.409","0.757","106","*2H","batteea01","null","null","0"
"93","Paul Lo Duca","17.8","18.6","18.2","0.816","2.7","14.9","7.9","4.9","0","0","0","0.01","0","0","0","0","11","1998","2008","4","1082","4302","3892","483","1112","222","8","80","481","20","19","266","295","0.286","0.337","0.409","0.746","97","*23H7/D95","loducpa01","null","null","0"
"94","Ernie Whitt","18.3","18.1","18.2","0.814","2.2","16.5","9.5","4.5","0","0","0","0","0","0","0","0","15","1976","1991","1","1328","4271","3774","447","938","176","15","134","534","22","26","436","491","0.249","0.324","0.41","0.734","99","*2H/D","whitter01","null","null","0"
"101","Don Slaught","19.4","14.8","17.1","0.8","2.4","21.9","4.8","5.1","0","0","0","0","0","0","0","0","16","1982","1997","0","1327","4503","4063","415","1151","235","28","77","476","18","15","311","559","0.283","0.338","0.412","0.749","104","*2H/D5","slaugdo01","null","null","0"
"104","Jody Davis","15.9","17","16.4","0.794","2.4","11.1","11.1","2.2","0","0","1","0.15","0","0","0","0","10","1981","1990","2","1082","3984","3585","364","877","164","11","127","490","7","16","333","712","0.245","0.307","0.403","0.71","92","*2H/3","davisjo02","null","null","0"
"106","Steve Yeager","17.9","14.8","16.3","0.79","2.3","9.6","15.4","4.8","0","0","0","0","0","0","0","0","15","1972","1986","0","1269","4015","3584","357","816","118","16","102","410","14","18","342","726","0.228","0.298","0.355","0.653","83","*2H","yeagest01","null","null","0"
"110","Brad Ausmus","16.5","15.1","15.8","0.782","1.4","8.9","18.7","-5.6","0","0","0","0","0","0","0","0","18","1993","2010","1","1971","7102","6279","718","1579","270","34","80","607","102","53","634","1034","0.251","0.325","0.344","0.669","75","*2H/3456","ausmubr01","null","null","0"
"111","Clay Dalrymple","16.8","14.8","15.8","0.78","2.5","9.5","13","3.4","0","0","0","0","0","0","0","0","12","1960","1971","0","1079","3532","3042","243","710","98","23","55","327","3","13","387","403","0.233","0.322","0.335","0.657","85","*2H","dalrycl01","null","null","0"
"113","Stan Lopata","15.3","15.8","15.5","0.776","2.9","18.3","0","3.7","0","0","0","0.03","0","0","0","0","13","1948","1960","2","853","3035","2601","375","661","116","25","116","397","18","13","393","497","0.254","0.351","0.452","0.803","114","*2H3","lopatst01","null","null","0"
"114","Miguel Montero","14.2","16.3","15.3","0.774","1.9","17.5","3.5","0.7","0","0","0","0","0","0","0","0","13","2006","2018","2","1185","4343","3801","458","973","197","7","126","550","5","9","446","881","0.256","0.34","0.411","0.751","100","*2H/D13","montemi01","null","null","0"
"115","Jim Pagliaroni","15.8","14.6","15.2","0.772","3","17","3.4","5.6","0","0","0","0","0","0","0","0","11","1955","1969","0","849","2853","2465","269","622","98","7","90","326","4","7","330","494","0.252","0.344","0.407","0.751","110","*2H/39","pagliji01","null","null","0"
"116","Chris Iannetta","14.9","15.1","15","0.77","2","19","3.2","1.1","0","0","0","0","0","0","0","0","14","2006","2019","0","1197","4253","3563","449","820","181","11","141","502","11","10","576","1024","0.23","0.345","0.406","0.751","98","*2H/3D5","iannech01","null","null","0"
"117","Harry Danning","14.7","15.2","15","0.768","2.7","14","3.4","3.6","0","0","2","0.47","0","0","0","0","10","1933","1942","4","890","3194","2971","363","847","162","26","57","397","13","16","187","217","0.285","0.33","0.415","0.745","104","*2H/3","danniha01","null","null","0"
"118","Johnny Edwards","14.8","15.1","15","0.766","1.6","13.2","9.9","-3.7","0","0","0","0","0","0","0","0","14","1961","1974","3","1470","5132","4577","430","1106","202","32","81","524","15","23","465","635","0.242","0.311","0.353","0.664","85","*2H","edwarjo01","null","null","0"
"120","Mike Lieberthal","15.3","14.6","14.9","0.762","2","19","3.2","1","0","0","0","0","0","0","0","0","14","1994","2007","2","1212","4695","4218","534","1155","257","10","150","610","8","7","335","571","0.274","0.337","0.446","0.783","101","*2H/D","liebemi01","null","null","0"
"124","Milt May","16.5","12.9","14.7","0.754","2.2","14.4","8.9","2.9","0","0","0","0","0","0","0","0","15","1970","1984","0","1192","4075","3693","313","971","147","11","77","443","4","13","305","361","0.263","0.318","0.371","0.689","93","*2H","maymi01","null","null","0"
"126","Jerry Grote","15.1","14.1","14.6","0.75","1.7","12.1","11.3","-1.4","0","0","0","0","0","0","0","0","16","1963","1981","2","1421","4844","4339","352","1092","160","22","39","404","15","23","399","600","0.252","0.316","0.326","0.642","83","*2H/597","groteje01","null","null","0"
"127","Buddy Rosar","14.1","14.7","14.4","0.748","2.3","6.2","11.1","3.1","0","0","0","0.03","0","0","0","0","13","1939","1951","5","988","3573","3198","335","836","147","15","18","367","17","18","315","161","0.261","0.33","0.334","0.663","84","*2H","rosarbu01","null","null","0"
"128","Ron Hassey","14.7","13.7","14.2","0.746","2","16","4.3","2.1","0","0","0","0","0","0","0","0","14","1978","1991","0","1192","3906","3440","348","914","172","7","71","438","14","10","385","378","0.266","0.34","0.382","0.722","100","*2HD/3","hassero01","null","null","0"
"129","Gus Triandos","14.1","14.2","14.1","0.744","1.9","16","2.6","0.2","0","0","0","0.12","0","0","0","0","13","1953","1965","4","1206","4426","3907","389","954","147","6","167","608","1","0","440","636","0.244","0.322","0.413","0.735","103","*23H/5","triangu01","null","null","0"
"130","Mike Macfarlane","14.7","13.6","14.1","0.742","2","16.9","4.2","0.7","0","0","0","0","0","0","0","0","13","1987","1999","0","1164","4047","3602","458","906","221","17","129","514","12","16","295","700","0.252","0.322","0.43","0.752","99","*2HD","macfami01","null","null","0"
"131","Rick Wilkins","14","14.2","14.1","0.74","3.1","9.5","7.9","6.5","0","0","0","0","0","1","1","0.4","11","1991","2001","0","720","2435","2114","280","515","95","7","81","275","9","12","278","571","0.244","0.332","0.41","0.742","100","*2H/3D","wilkiri01","null","null","0"
"132","Phil Masi","14.5","13.4","13.9","0.738","1.9","14.4","3.5","0.6","0","0","0","0.03","0","0","0","0","14","1939","1952","3","1229","3949","3468","420","917","164","31","47","417","45","28","410","311","0.264","0.344","0.37","0.714","97","*2H/3957","masiph01","null","null","0"
"133","Ray Fosse","12.8","15.1","13.9","0.736","2.2","13.6","5.2","1.4","0","0","0","0.02","0","0","0","0","12","1967","1979","2","924","3228","2957","299","758","117","13","61","324","15","19","203","363","0.256","0.306","0.367","0.673","90","*2H/3D4","fossera01","null","null","0"
"134","Ron Karkovice","14.6","13.2","13.9","0.734","2.5","8.5","11.6","4.5","0","0","0","0","0","0","0","0","12","1986","1997","0","939","2948","2597","336","574","120","6","96","335","24","14","233","749","0.221","0.289","0.383","0.672","81","*2H/D79","karkoro01","null","null","0"
"137","Ray Mueller","14","13.5","13.7","0.728","2.3","9.6","7.4","2.4","0","0","1","0.3","0","0","0","0","14","1935","1951","1","985","3239","2911","281","733","123","23","56","373","14","10","250","322","0.252","0.314","0.368","0.681","90","*2H","muellra01","null","null","0"
"140","Ellie Rodríguez","13.4","13.7","13.5","0.722","2.8","12.2","6","4.1","0","0","0","0","0","0","0","0","9","1968","1976","2","775","2622","2173","220","533","76","6","16","203","17","18","332","291","0.245","0.356","0.308","0.664","94","*2H/D","rodriel01","null","null","0"
"141","Dan Wilson","12.9","14.1","13.5","0.72","1.6","9.7","10.9","-3.1","0","0","0","0","0","0","0","0","14","1992","2005","1","1299","4616","4186","441","1097","211","13","88","519","23","14","280","763","0.262","0.309","0.382","0.691","80","*2H/35","wilsoda01","null","null","0"
"142","Gregg Zaun","13.7","13.1","13.4","0.718","1.8","13.8","6","-0.1","0","0","0","0","0","0","0","0","16","1995","2010","0","1232","4042","3489","437","878","194","9","88","446","23","19","479","544","0.252","0.344","0.388","0.732","91","*2HD/34","zaungr01","null","null","0"
"143","Sandy Alomar","13.7","13.1","13.4","0.716","1.6","13.9","7.9","-3.2","0","0","0","0.06","0","0","0","0","20","1988","2007","6","1377","4865","4530","520","1236","249","10","112","588","25","24","212","499","0.273","0.309","0.406","0.716","86","*2H/D3","alomasa02","null","null","0"
"145","Bob Brenly","12.8","13.9","13.3","0.712","2.4","15.4","1","2.4","0","0","0","0","0","0","0","0","9","1981","1989","1","871","3002","2615","321","647","119","7","91","333","45","38","318","438","0.247","0.33","0.403","0.733","106","*2H35/D79","brenlbo01","null","null","0"
"146","Todd Hundley","10.9","15.4","13.2","0.71","1.4","16","0.7","-2.2","0","0","0","0.02","0","0","0","0","14","1990","2003","2","1225","4305","3769","495","883","167","7","202","599","14","11","453","988","0.234","0.32","0.443","0.763","102","*2H7/D","hundlto01","null","null","0"
"147","Mike LaValliere","13.9","12.2","13.1","0.708","2.6","8.7","10","4.4","0","0","0","0","0","0","0","0","12","1984","1995","0","879","2871","2473","185","663","109","5","18","294","5","15","321","244","0.268","0.351","0.338","0.689","93","*2H/5","lavalmi01","null","null","0"
"148","Wes Westrum","12.7","13.3","13","0.706","2.2","11.1","4.7","1.7","0","0","0","0.01","0","0","0","0","11","1947","1957","2","919","2850","2322","302","503","59","8","96","315","10","7","489","514","0.217","0.356","0.373","0.729","94","*2/H5","westrwe01","null","null","0"
"149","Mike Heath","13.4","12.5","13","0.704","1.6","14.1","5.7","-1.6","0","0","0","0","0","0","0","0","14","1978","1991","0","1325","4586","4212","462","1061","173","27","86","469","54","40","278","616","0.252","0.3","0.367","0.667","88","*29H7D5/3648","heathmi02","null","null","0"
"151","Brian Harper","12.3","13.6","13","0.7","2","14","1.9","0.6","0","0","0","0","0","0","0","0","16","1979","1995","0","1001","3386","3151","339","931","186","7","63","428","8","17","133","188","0.295","0.329","0.419","0.748","103","*2HD7/953","harpebr01","null","null","0"
"155","Dick Dietz","12.6","12.9","12.7","0.692","3.1","18.4","-2.9","4.9","0","0","0","0","0","0","0","0","8","1966","1973","1","646","2244","1829","226","478","89","6","66","301","4","6","381","402","0.261","0.39","0.425","0.815","129","*2H3","dietzdi01","null","null","0"
"157","Duke Sims","12.8","12.6","12.7","0.688","2.5","15.2","1.2","3.1","0","0","0","0","0","0","0","0","11","1964","1974","0","843","2810","2422","263","580","80","6","100","310","6","16","338","483","0.239","0.34","0.401","0.741","112","*2H37/9D","simsdu01","null","null","0"
"158","Bo Díaz","11.5","13.8","12.7","0.686","1.9","9.6","7.9","-0.6","0","0","0","0","0","0","0","0","13","1977","1989","2","993","3538","3274","327","834","162","5","87","452","9","17","198","429","0.255","0.297","0.387","0.684","87","*2H/D","diazbo01","null","null","0"
"160","Randy Hundley","11.7","13.4","12.5","0.682","1.8","6","12","-1.5","0","0","0","0.03","0","0","0","0","14","1964","1977","1","1061","3801","3442","311","813","118","13","82","381","12","17","271","565","0.236","0.292","0.35","0.642","77","*2H/D","hundlra01","null","null","0"
"162","Frankie Hayes","10.4","14","12.2","0.678","1.2","18.4","-3.5","-6.2","0","0","0","0.09","0","0","0","0","14","1933","1947","5","1364","5129","4493","545","1164","213","32","119","628","30","20","564","627","0.259","0.343","0.4","0.744","101","*2H/3","hayesfr01","null","null","0"
"163","Aaron Robinson","12.1","12.1","12.1","0.676","3.2","11.7","2.2","5.6","0","0","0","0.04","0","0","0","0","8","1943","1951","1","610","2191","1839","208","478","74","11","61","272","0","6","337","194","0.26","0.375","0.412","0.787","112","*2H","robinaa01","null","null","0"
"164","Welington Castillo","12.1","12.2","12.1","0.674","2.7","11.1","5.2","3.3","0","0","0","0","0","0","0","0","10","2010","2019","0","726","2701","2462","251","626","126","1","98","339","5","0","183","691","0.254","0.313","0.426","0.738","98","*2HD/3","castiwe01","null","null","0"
"166","Geovany Soto","11.9","11.9","11.9","0.67","2.4","13.4","3.4","2.8","0","0","0","0.09","0","0","0","0","13","2005","2017","1","797","2876","2522","308","619","146","4","108","361","3","5","311","673","0.245","0.33","0.435","0.765","102","*2H/D53","sotoge01","null","null","0"
"169","Rich Gedman","9.6","13.4","11.5","0.664","1.5","9.3","6.6","-1.5","0","0","0","0","0","0","0","0","13","1980","1992","2","1033","3468","3159","331","795","176","12","88","382","3","4","236","509","0.252","0.304","0.399","0.703","90","*2H/D","gedmari01","null","null","0"
"173","Jim Essian","10.9","11","11","0.656","2.5","8.8","6","3.7","0","0","0","0","0","0","0","0","12","1973","1984","0","710","2146","1855","194","453","85","3","33","207","9","13","231","171","0.244","0.327","0.347","0.673","90","*2H/5D374","essiaji01","null","null","0"
"174","John Jaso","10.7","11.2","10.9","0.654","2.1","13.5","-3","1.8","0","0","0","0","0","0","0","0","9","2008","2017","0","808","2591","2224","295","573","143","12","55","281","16","10","319","412","0.258","0.356","0.407","0.763","112","*2HD39/7","jasojo01","null","null","0"
"176","Bengie Molina","10.7","10.9","10.8","0.65","1.3","9.4","9.3","-6.6","0","0","0","0","0","0","0","0","13","1998","2010","0","1362","5159","4812","457","1317","217","6","144","711","3","7","208","471","0.274","0.307","0.411","0.718","86","*2HD","molinbe01","null","null","0"
"179","Alan Ashby","11.1","10","10.5","0.644","1.3","17","2.4","-5","0","0","0","0","0","0","0","0","17","1973","1989","0","1370","4699","4123","397","1010","183","13","90","513","7","10","461","622","0.245","0.32","0.361","0.681","93","*2H/35D","ashbyal01","null","null","0"
"180","Dave Nilsson","10.6","10.4","10.5","0.642","2","12.3","-2.7","-0.1","0","0","0","0","0","0","0","0","8","1992","1999","1","837","3153","2779","389","789","157","10","105","470","15","18","320","424","0.284","0.356","0.461","0.817","110","*23D97H","nilssda01","null","null","0"
"184","Matt Nokes","9.8","10.5","10.2","0.634","1.8","12.5","0.8","-0.2","0","0","0","0","0","0","0","0","11","1985","1995","1","902","2997","2735","310","695","96","4","136","422","8","7","200","395","0.254","0.308","0.441","0.75","106","*2HD/3795","nokesma01","null","null","0"
"185","Dave Valle","10","10.3","10.1","0.632","1.7","9","6.5","-0.7","0","0","0","0","0","0","0","0","13","1984","1996","0","970","3147","2775","314","658","121","12","77","350","5","7","258","413","0.237","0.314","0.373","0.687","86","*2H/3D9","valleda01","null","null","0"
"190","Andy Etchebarren","10.8","9.1","9.9","0.622","1.8","9.7","6.9","0.5","0","0","0","0.03","0","0","0","0","15","1962","1978","2","948","2934","2618","245","615","101","17","49","309","13","14","246","529","0.235","0.306","0.343","0.649","88","*2H","etchean01","null","null","0"
"191","Charlie Moore","10.3","9.5","9.9","0.62","1.2","13.4","1.4","-4.5","0","0","0","0","0","0","0","0","15","1973","1987","0","1334","4483","4033","456","1052","187","43","36","408","51","57","346","470","0.261","0.319","0.355","0.675","89","*2*9H7/D845","moorech02","null","null","0"
"193","David Ross","10","9.7","9.9","0.616","1.8","7.3","7.2","2","0","0","0","0","0","0","0","0","15","2002","2016","0","883","2644","2280","254","521","116","5","106","314","3","5","287","735","0.229","0.316","0.423","0.739","94","*2H/1D","rossda01","null","null","0"
"196","Clyde McCullough","9.3","10.2","9.8","0.61","1.4","8.4","4.2","-3.6","0","0","0","0","0","0","0","0","15","1940","1956","2","1098","3462","3121","308","785","121","28","52","339","27","16","265","398","0.252","0.314","0.358","0.672","85","*2H/53","mcculcl01","null","null","0"
"201","Ozzie Virgil","9","9.8","9.4","0.6","2","11.9","1.1","0.2","0","0","0","0","0","0","0","0","11","1980","1990","2","739","2555","2258","258","549","84","6","98","307","4","5","248","453","0.243","0.324","0.416","0.74","102","*2H/D","virgioz02","null","null","0"
"202","Charlie O'Brien","9.7","9.1","9.4","0.598","2","3.5","10.6","1.4","0","0","0","0","0","0","0","0","15","1985","2000","0","800","2560","2232","216","493","119","4","56","261","1","10","209","354","0.221","0.303","0.353","0.656","76","*2H","o'brich01","null","null","0"
"203","Ryan Doumit","9","9.9","9.4","0.596","1.5","12.6","-1.9","-1.9","0","0","0","0","0","0","0","0","10","2005","2014","0","980","3407","3093","350","818","191","7","104","413","12","6","232","621","0.264","0.324","0.432","0.756","103","*2HD93/7","doumiry01","null","null","0"
"204","Ken O'Dea","9.3","9.5","9.4","0.594","1.8","8.8","2.5","0.7","0","0","0","0","0","0","0","0","12","1935","1946","0","832","2514","2195","262","560","101","20","40","323","3","6","273","251","0.255","0.338","0.374","0.712","95","*2H","o'deake01","null","null","0"
"205","Joe Azcue","8.6","10.2","9.4","0.592","1.5","7.8","6.3","-1.7","0","0","0","0","0","0","0","0","11","1960","1972","1","909","3095","2828","201","712","94","9","50","304","5","12","207","344","0.252","0.304","0.344","0.648","85","*2H","azcuejo01","null","null","0"
"207","Ryan Hanigan","9","9.7","9.3","0.588","2.1","6.6","6.5","1.8","0","0","0","0","0","0","0","0","11","2007","2017","0","680","2269","1959","192","492","71","1","30","214","1","1","255","290","0.251","0.344","0.334","0.679","84","*2H/D","hanigry01","null","null","0"
"208","Rick Cerone","8","10.4","9.2","0.586","1","8.2","8.2","-6.6","0","0","1","0.2","0","0","0","0","18","1975","1992","0","1329","4504","4069","393","998","190","15","59","436","6","22","320","450","0.245","0.301","0.343","0.644","78","*2H/D31459","ceronri01","null","null","0"
"209","A.J. Ellis","9.2","9.3","9.2","0.584","2.2","9.2","3.9","1.9","0","0","0","0","0","0","0","0","11","2008","2018","0","672","2303","1948","194","466","82","3","44","229","2","4","280","414","0.239","0.34","0.352","0.693","94","*2H/D7","ellisaj01","null","null","0"
"211","Ed Kirkpatrick","8.2","10.2","9.2","0.58","1","8","-1.4","-5.5","0","0","0","0","0","0","0","0","16","1962","1977","0","1311","4009","3467","411","824","143","18","85","424","34","39","456","518","0.238","0.327","0.363","0.69","97","*H*29738/D54","kirkped01","null","null","0"
"212","Jim Leyritz","8","10.4","9.2","0.578","1.4","11.5","-4","-2.2","0","0","0","0","0","0","0","0","11","1990","2000","0","903","2962","2527","325","667","107","2","90","387","7","7","337","581","0.264","0.362","0.415","0.777","106","*2DH359/74","leyriji01","null","null","0"
"215","Jason LaRue","8.9","9.3","9.1","0.572","1.6","5.4","8.4","-0.7","0","0","0","0","0","0","0","0","12","1999","2010","0","922","3103","2719","307","628","148","7","96","348","14","11","237","760","0.231","0.315","0.396","0.712","84","*2H/3579D","larueja01","null","null","0"
"218","Derek Norris","8.9","8.9","8.9","0.566","2.4","8.5","4","1.6","0","0","0","0","0","0","0","0","6","2012","2017","1","610","2195","1967","242","453","98","4","63","247","26","6","195","541","0.23","0.304","0.38","0.684","90","*2H/3D","norride01","null","null","0"
"219","Tom Pagnozzi","7.7","9.9","8.8","0.564","1.3","2.2","10.1","-2.1","0","0","0","0","0","0","0","0","12","1987","1998","1","927","3142","2896","247","733","153","11","44","320","18","21","189","450","0.253","0.299","0.359","0.658","80","*2H3/5","pagnoto01","null","null","0"
"220","Chad Kreuter","7.7","9.8","8.7","0.562","1.3","7.9","4.5","-2.3","0","0","0","0","0","0","0","0","16","1988","2003","0","944","2932","2505","289","593","123","8","54","274","5","7","361","593","0.237","0.335","0.357","0.692","84","*2H/D37","kreutch01","null","null","0"
"223","Earl Williams","7.9","9.4","8.6","0.556","1.4","12.4","-3.6","-3.6","0","0","0","0","0","0","0","0","8","1970","1977","0","889","3431","3058","361","756","115","6","138","457","2","5","298","574","0.247","0.318","0.424","0.742","106","*2*3H5D","williea02","null","null","0"
"228","Damian Miller","8.9","8.2","8.6","0.546","1.5","7.4","7.1","-2.1","0","0","0","0","0","0","0","0","11","1997","2007","1","989","3558","3182","361","834","205","4","87","406","5","5","303","772","0.262","0.329","0.411","0.74","89","*2H/D39","milleda02","null","null","0"
"230","Darrin Fletcher","7.7","9.2","8.5","0.542","1","10.3","3.6","-6.2","0","0","0","0","0","0","0","0","14","1989","2002","1","1245","4271","3902","377","1048","214","8","124","583","2","6","255","399","0.269","0.318","0.423","0.74","92","*2H/D","fletcda01","null","null","0"
"231","Kelly Shoppach","8.3","8.6","8.5","0.54","2.3","8.3","3.4","1.7","0","0","0","0","0","0","0","0","9","2005","2013","0","572","1855","1616","208","361","92","2","70","216","1","0","155","624","0.223","0.312","0.413","0.725","95","*2H/D","shoppke01","null","null","0"
"234","Jack Hiatt","8.5","8.1","8.3","0.534","2.9","8.4","1.6","3.7","0","0","0","0","0","0","0","0","9","1964","1972","0","483","1387","1142","110","287","51","5","22","154","0","1","224","295","0.251","0.374","0.363","0.737","109","*2H3/7","hiattja01","null","null","0"
"236","Miguel Olivo","8","8.5","8.2","0.53","1.2","8.8","5.4","-5.4","0","0","0","0","0","0","0","0","13","2002","2014","0","1124","3993","3765","435","905","177","26","145","490","53","34","158","1060","0.24","0.275","0.417","0.691","82","*2HD/3","olivomi01","null","null","0"
"238","Jake Early","8.1","8.3","8.2","0.526","1.8","6.2","4.2","0.4","0","0","0","0.02","0","0","0","0","9","1939","1949","1","747","2519","2208","216","532","98","23","32","264","7","8","281","259","0.241","0.33","0.35","0.679","89","*2H","earlyja01","null","null","0"
"239","Evan Gattis","8.2","8.2","8.2","0.524","1.9","9.7","-3.3","-0.8","0","0","0","0","0","0","0","0","6","2013","2018","0","706","2662","2443","299","605","116","12","139","410","3","3","167","575","0.248","0.3","0.476","0.775","111","*D2H7/3","gattiev01","null","null","0"
"241","Joe Garagiola","8","8.2","8.1","0.52","1.9","8.9","1.3","-0.3","0","0","0","0","0","0","0","0","9","1946","1954","0","676","2170","1872","198","481","82","16","42","255","5","5","267","173","0.257","0.354","0.385","0.739","97","*2H","garagjo01","null","null","0"
"245","Bruce Benedict","7.3","8.7","8","0.512","1.2","3.2","9.9","-3.9","0","0","0","0","0","0","0","0","12","1978","1989","2","982","3295","2878","214","696","98","6","18","260","12","20","328","251","0.242","0.32","0.299","0.619","71","*2/H","benedbr01","null","null","0"
"251","Elrod Hendricks","7.4","8.4","7.9","0.5","1.7","7","4.1","-0.1","0","0","0","0","0","0","0","0","12","1968","1979","0","710","2155","1888","205","415","66","7","62","230","1","5","229","319","0.22","0.306","0.361","0.666","90","*2H/3D1","hendrel01","null","null","0"
"252","Bill Salkeld","7.8","7.8","7.8","0.498","3.6","8.2","0.7","3.9","0","0","0","0.02","0","0","0","0","6","1945","1950","0","356","1050","850","111","232","39","2","31","132","6","8","182","101","0.273","0.402","0.433","0.835","128","2H","salkebi01","null","null","0"
"253","Clint Courtney","7.1","8.4","7.8","0.496","1.2","8.1","2.4","-2.7","0","0","0","0.02","0","0","0","0","11","1951","1961","0","946","3147","2796","260","750","126","17","38","313","3","16","264","143","0.268","0.339","0.366","0.705","94","*2H","courtcl01","null","null","0"
"254","Alex Treviño","7.9","7.6","7.8","0.494","1.4","7.1","5.2","-1.3","0","0","0","0","0","0","0","0","13","1978","1990","0","939","2701","2430","245","604","117","10","23","244","19","11","205","317","0.249","0.31","0.333","0.643","81","*2H5/4379","trevial01","null","null","0"
"255","Dioner Navarro","7","8.4","7.7","0.492","1.1","8.1","4.7","-5.3","0","0","0","0","0","0","0","0","13","2004","2016","1","1009","3551","3207","322","802","142","6","77","367","14","12","265","518","0.25","0.309","0.37","0.679","83","*2HD","navardi01","null","null","0"
"256","Nick Hundley","7.3","8.1","7.7","0.49","1.2","9.9","3.1","-3.3","0","0","0","0","0","0","0","0","12","2008","2019","0","974","3373","3097","319","766","169","20","93","376","15","18","219","810","0.247","0.299","0.405","0.703","91","*2H/D7","hundlni01","null","null","0"
"260","Brian Schneider","6.8","8.4","7.6","0.482","1.1","5.2","7.3","-4","0","0","0","0","0","0","0","0","13","2000","2012","0","1048","3570","3165","284","781","167","9","67","387","4","8","331","526","0.247","0.32","0.369","0.689","81","*2H/3D79","schnebr01","null","null","0"
"264","Dave Duncan","6.5","8.3","7.4","0.474","1.1","9.8","2.7","-4.8","0","0","0","0","0","0","0","0","11","1964","1976","1","929","3192","2885","274","617","79","4","109","341","5","13","252","677","0.214","0.279","0.357","0.636","85","*2H/D3","duncada01","null","null","0"
"265","Greg Myers","7.3","7.4","7.4","0.472","1.1","6.7","5","-4.2","0","0","0","0","0","0","0","0","18","1987","2005","0","1108","3352","3042","333","776","150","7","87","396","3","12","268","539","0.255","0.313","0.395","0.708","86","*2HD","myersgr01","null","null","0"
"266","George Mitterwald","6.1","8.6","7.3","0.47","1.1","4.6","6.3","-3.8","0","0","0","0","0","0","0","0","11","1966","1977","0","887","2919","2645","251","623","93","7","76","301","14","17","222","607","0.236","0.296","0.362","0.658","80","*2H3/D7","mittege01","null","null","0"
"267","Clyde Kluttz","7.3","7.3","7.3","0.468","1.8","4.9","4.4","0","0","0","0","0","0","0","0","0","9","1942","1952","0","656","2077","1903","172","510","90","8","19","212","5","3","132","119","0.268","0.318","0.354","0.671","86","*2H","kluttcl01","null","null","0"
"269","Mike Redmond","6.3","8.2","7.2","0.464","1.3","6.1","4","-1.8","0","0","0","0","0","0","0","0","13","1998","2010","0","764","2503","2264","208","649","117","3","13","243","1","2","145","255","0.287","0.342","0.358","0.7","86","*2H/D35","redmomi01","null","null","0"
"271","Gerald Laird","6.5","7.9","7.2","0.46","1.3","5.1","6.3","-3.1","0","0","0","0","0","0","0","0","13","2003","2015","0","799","2734","2452","314","597","137","9","38","238","21","11","193","494","0.243","0.305","0.353","0.658","74","*2H/D3597","lairdge01","null","null","0"
"276","John Wockenfuss","7.1","6.9","7","0.45","1.4","11.4","-5.2","-0.7","0","0","0","0","0","0","0","0","12","1974","1985","0","795","2373","2072","267","543","73","11","86","310","5","11","277","278","0.262","0.349","0.432","0.782","115","2H3D97/5","wockejo01","null","null","0"
"277","Gene Oliver","6.5","7.3","6.9","0.448","1.3","10.4","-3.3","-2.9","0","0","0","0","0","0","0","0","10","1959","1969","0","786","2467","2216","268","546","111","5","93","320","24","21","215","420","0.246","0.315","0.427","0.742","103","*23H7/9","olivege01","null","null","0"
"278","Kirt Manwaring","5.2","8.7","6.9","0.446","0.8","-0.1","10.5","-5.1","0","0","0","0","0","0","0","0","13","1987","1999","0","1008","3338","2982","248","733","111","20","21","278","10","19","243","505","0.246","0.311","0.318","0.629","69","*2/HD","manwaki01","null","null","0"
"283","Frank Fernández","6.8","6.8","6.8","0.436","3.9","5.9","2.3","3.6","0","0","0","0","0","0","0","0","6","1967","1972","0","285","908","727","92","145","21","2","39","116","4","4","164","231","0.199","0.35","0.395","0.744","114","2H/97","fernafr01","null","null","0"
"286","Jake Gibbs","6.7","6.8","6.7","0.43","2","3.8","6.1","0.5","0","0","0","0","0","0","0","0","10","1962","1971","0","538","1795","1639","157","382","53","8","25","146","28","22","120","231","0.233","0.289","0.321","0.61","81","*2H/5","gibbsja01","null","null","0"
"289","Fran Healy","6.5","6.6","6.6","0.424","2.3","6.1","3.3","1.4","0","0","0","0","0","0","0","0","9","1969","1978","0","470","1496","1326","145","332","60","6","20","141","30","17","154","242","0.25","0.329","0.35","0.679","91","*2H/D","healyfr02","null","null","0"
"291","Jarrod Saltalamacchia","5.9","7.1","6.5","0.42","1.1","10","0.7","-5.1","0","0","0","0","0","0","0","0","12","2007","2018","0","895","3191","2852","377","662","161","6","110","381","5","7","304","984","0.232","0.306","0.408","0.715","91","*2H3D","saltaja01","null","null","0"
"293","Ed Taubensee","5.5","7.5","6.5","0.416","0.9","12","-2","-4.2","0","0","0","0","0","0","0","0","11","1991","2001","0","975","3178","2874","351","784","151","9","94","419","11","10","255","574","0.273","0.331","0.43","0.761","99","*2H/3D79","taubeed01","null","null","0"
"300","Ed Herrmann","5.9","6.9","6.4","0.402","1","8.8","2.2","-4.7","0","0","0","0","0","0","0","0","11","1967","1978","1","922","3057","2729","247","654","92","4","80","320","6","8","260","361","0.24","0.31","0.364","0.674","91","*2HD","herrmed01","null","null","0"
"303","Joe Girardi","5.6","7.1","6.3","0.396","0.7","4.8","7.9","-8.8","0","0","0","0","0","0","0","0","15","1989","2003","1","1277","4535","4127","454","1100","186","26","36","422","44","31","279","607","0.267","0.315","0.35","0.666","72","*2H/D","girarjo01","null","null","0"
"304","Chris Cannizzaro","6.2","6.4","6.3","0.394","1.4","4.3","5.9","-1.7","0","0","0","0","0","0","0","0","13","1960","1974","1","740","2240","1950","132","458","66","12","18","169","3","17","241","354","0.235","0.319","0.309","0.628","78","*2H/9","cannich01","null","null","0"
"306","John Wathan","4.9","7.6","6.2","0.39","0.9","6.2","1.4","-4","0","0","0","0","0","0","0","0","10","1976","1985","0","860","2764","2505","305","656","90","25","21","261","105","36","199","265","0.262","0.318","0.343","0.661","83","*23H9/7D","wathajo01","null","null","0"
"307","Rod Barajas","4.6","7.8","6.2","0.388","0.7","5.5","5.6","-8","0","0","0","0","0","0","0","0","14","1999","2012","0","1114","3784","3460","396","812","187","1","136","480","2","2","207","638","0.235","0.284","0.407","0.691","79","*2H/3D","barajro01","null","null","0"
"308","Tom Lampkin","6.2","6.1","6.2","0.386","1.3","5","4","-0.4","0","0","0","0","0","0","0","0","13","1988","2002","0","777","2052","1796","224","422","78","8","56","236","23","17","193","286","0.235","0.319","0.381","0.7","86","*2H/7D93","lampkto01","null","null","0"
"310","Yorvit Torrealba","5.4","6.7","6.1","0.382","1","5.9","4.7","-4.7","0","0","0","0","0","0","0","0","13","2001","2013","0","907","3183","2875","306","737","162","12","56","339","19","17","222","544","0.256","0.315","0.379","0.694","80","*2H/D37","torreyo01","null","null","0"
"314","Ed Ott","5.9","6","5.9","0.374","1.7","5.1","4","-0.6","0","0","0","0","0","0","0","0","8","1974","1981","0","567","1961","1792","196","465","76","10","33","195","14","16","138","254","0.259","0.311","0.368","0.68","86","*2H/79","otted01","null","null","0"
"317","Ron Hodges","6.1","5.5","5.8","0.368","1.5","6.1","2.6","0.6","0","0","0","0","0","0","0","0","12","1973","1984","0","666","1683","1426","119","342","56","2","19","147","10","13","224","217","0.24","0.342","0.322","0.663","88","*2H","hodgero01","null","null","0"
"318","John Buck","5.8","5.7","5.8","0.366","0.9","11","1.6","-7.9","0","0","0","0","0","0","0","0","11","2004","2014","1","1090","4009","3612","389","844","172","9","134","491","6","12","307","959","0.234","0.301","0.398","0.698","86","*2H/D3","buckjo01","null","null","0"
"319","Mickey Owen","4.6","6.8","5.7","0.364","0.6","3.6","4.7","-9.7","0","1","1","0.31","0","0","0","0","13","1937","1954","4","1209","4074","3649","338","929","163","21","14","378","36","18","326","181","0.255","0.318","0.322","0.64","76","*2H/546","owenmi01","null","null","0"
"320","Buck Martinez","4.5","6.9","5.7","0.362","0.7","3.2","7.6","-5.7","0","0","0","0","0","0","0","0","17","1969","1986","0","1049","3072","2743","245","618","128","10","58","321","5","10","230","419","0.225","0.284","0.343","0.627","73","*2H/D19","martibu01","null","null","0"
"321","Jerry May","5.3","6","5.7","0.36","1.6","3.6","4.9","-0.8","0","0","0","0","0","0","0","0","10","1964","1973","0","556","1716","1527","120","357","63","10","15","130","1","2","157","293","0.234","0.307","0.318","0.625","81","*2H","mayje01","null","null","0"
"322","Jeff Reed","4.4","6.9","5.7","0.358","0.6","5.4","4.4","-6.8","0","0","0","0","0","0","0","0","17","1984","2000","0","1234","3566","3101","311","774","144","10","61","323","7","9","391","566","0.25","0.334","0.361","0.695","82","*2H/5D","reedje02","null","null","0"
"324","Toby Hall","4.7","6.4","5.6","0.354","1.1","3","6.1","-4.2","0","0","0","0","0","0","0","0","9","2000","2008","0","686","2514","2350","211","616","123","1","46","269","2","8","104","216","0.262","0.297","0.374","0.671","78","*2/HD35","hallto02","null","null","0"
"325","Ronny Paulino","5.4","5.7","5.6","0.352","1.5","4.4","4","-0.8","0","0","0","0","0","0","0","0","8","2005","2012","0","573","2032","1867","181","508","93","1","33","216","4","2","145","328","0.272","0.324","0.376","0.7","85","*2H/D","pauliro01","null","null","0"
"326","Glenn Borgmann","5.6","5.5","5.5","0.35","1.9","4.2","4.6","0.2","0","0","0","0","0","0","0","0","9","1972","1980","0","474","1526","1294","137","296","42","4","16","151","4","3","191","191","0.229","0.325","0.304","0.63","79","*2/HD","borgmgl01","null","null","0"
"329","Del Rice","4.7","6.1","5.4","0.344","0.6","4.4","5.1","-11.6","0","0","0","0","0","0","0","0","17","1945","1961","1","1309","4314","3826","342","908","177","20","79","441","2","3","382","522","0.237","0.312","0.356","0.668","78","*2H","ricede01","null","null","0"
"330","Bob Stinson","4.3","6.4","5.4","0.342","1.1","7.8","0.2","-2.2","0","0","0","0","0","0","0","0","12","1969","1980","0","652","1921","1634","166","408","61","7","33","180","8","10","201","254","0.25","0.337","0.356","0.693","93","*2H/7D93458","stinsbo01","null","null","0"
"331","Jim Hegan","4.5","6.2","5.4","0.34","0.4","1.2","8.7","-11.7","0","0","0","0.04","0","0","0","0","17","1941","1960","5","1666","5322","4772","550","1087","187","46","92","525","15","24","456","742","0.228","0.295","0.344","0.639","74","*2H","heganji01","null","null","0"
"332","Kenji Johjima","5.3","5.3","5.3","0.338","1.9","6.7","1.6","-0.8","0","0","0","0","0","0","0","0","4","2006","2009","0","462","1722","1609","166","431","84","1","48","198","7","5","66","148","0.268","0.31","0.411","0.721","91","*2/HD","johjike01","null","null","0"
"333","Doug Mirabelli","4.8","5.9","5.3","0.336","1.4","4.5","2.9","-0.9","0","0","0","0","0","0","0","0","12","1996","2007","0","566","1655","1456","162","337","78","2","58","206","3","0","165","415","0.231","0.317","0.407","0.724","87","*2H/D3","mirabdo01","null","null","0"
"342","Red Wilson","4.6","5.9","5.2","0.318","1.2","5.2","2","-1.8","0","0","0","0","0","0","0","0","10","1951","1960","0","602","2038","1765","206","455","84","8","24","189","25","12","215","163","0.258","0.338","0.355","0.694","87","*2H","wilsore01","null","null","0"
"345","Joe Tipton","5.1","5.1","5.1","0.312","2","3.9","2.4","1.1","0","0","0","0","0","0","0","0","7","1948","1954","0","417","1325","1117","116","264","36","5","29","125","3","3","186","142","0.236","0.351","0.355","0.706","92","*2H","tiptojo01","null","null","0"
"346","Todd Pratt","4.3","6","5.1","0.31","1","5.6","1.3","-1.4","0","0","0","0","0","0","0","0","14","1992","2006","0","662","1869","1612","194","404","84","3","49","224","6","2","208","454","0.251","0.344","0.398","0.741","94","*2H/3D7","prattto02","null","null","0"
"350","Birdie Tebbetts","3.8","6.1","5","0.302","0.5","3.1","4.2","-9.1","0","0","0","0.09","0","0","0","0","14","1936","1952","4","1162","4153","3704","357","1000","169","22","38","469","29","23","389","261","0.27","0.341","0.358","0.7","81","*2H","tebbebi01","null","null","0"
"351","Bruce Edwards","4.7","5.2","5","0.3","1.3","5.8","0.4","-2.8","0","1","1","0.48","0","0","0","0","10","1946","1956","2","591","1896","1675","191","429","67","20","39","241","9","10","190","179","0.256","0.335","0.39","0.725","93","*2H/7534","edwarbr01","null","null","0"
"352","Chris Snyder","4.5","5.4","4.9","0.298","1","4.1","4.4","-2.9","0","0","0","0","0","0","0","0","10","2004","2013","0","715","2459","2087","227","467","98","1","77","298","0","3","309","560","0.224","0.328","0.382","0.71","84","*2/H3D7","snydech02","null","null","0"
"354","Michael Barrett","2.7","7","4.9","0.294","0.4","10.1","-2","-9","0","0","0","0","0","0","0","0","12","1998","2009","0","1054","3873","3512","398","925","220","21","98","424","11","17","279","480","0.263","0.32","0.422","0.742","89","*25H/3D6","barremi01","null","null","0"
"355","Joe Oliver","3.8","5.9","4.8","0.292","0.6","3.5","5.9","-8","0","0","0","0","0","0","0","0","13","1989","2001","0","1076","3698","3367","320","831","174","3","102","476","13","13","248","637","0.247","0.299","0.391","0.69","83","*2H/3D79","olivejo01","null","null","0"
"356","Carl Sawatski","4.2","5.4","4.8","0.29","1.1","5.5","0.8","-2.1","0","0","0","0","0","0","0","0","11","1948","1963","0","633","1661","1449","133","351","46","5","58","213","2","0","191","251","0.242","0.33","0.401","0.731","93","*2H/8","sawatca01","null","null","0"
"357","Pat Borders","3.6","6","4.8","0.288","0.5","4.8","4.8","-8.4","0","0","0","0","0","0","0","0","17","1988","2005","0","1099","3499","3282","289","831","168","12","69","346","9","14","155","557","0.253","0.288","0.375","0.663","77","*2HD/534","bordepa01","null","null","0"
"361","Hank Foiles","4.8","4.7","4.7","0.28","1.3","5.3","2","-1.2","0","0","0","0","0","0","0","0","11","1953","1964","1","608","1655","1455","171","353","59","10","46","166","3","7","170","295","0.243","0.321","0.392","0.713","92","*2H","foileha01","null","null","0"
"362","Hal Smith","4.1","5.4","4.7","0.278","0.8","7.8","-0.3","-5.7","0","0","0","0","0","0","0","0","10","1955","1964","0","879","2942","2682","269","715","148","10","58","323","7","10","196","361","0.267","0.317","0.394","0.711","94","*25H/3","smithha08","null","null","0"
"363","Devin Mesoraco","4.5","4.9","4.7","0.276","1.6","5.3","1.8","-0.5","0","0","0","0.01","0","0","0","0","8","2011","2018","1","468","1574","1402","152","325","66","2","58","192","4","7","138","316","0.232","0.309","0.406","0.715","95","*2H/D3","mesorde01","null","null","0"
"366","Duffy Dyer","3.7","5.6","4.6","0.27","0.8","2.2","5.3","-3.7","0","0","0","0","0","0","0","0","14","1968","1981","0","722","2266","1993","151","441","74","11","30","173","10","4","228","415","0.221","0.306","0.315","0.62","73","*2H/D9","dyerdu01","null","null","0"
"368","Don Pavletich","4","5.2","4.6","0.266","1.2","6.7","-1.8","-1.7","0","0","0","0","0","0","0","0","12","1957","1971","0","536","1549","1373","163","349","73","8","46","193","5","2","148","237","0.254","0.328","0.42","0.747","104","23H/5","pavledo01","null","null","0"
"371","Barry Foote","3.5","5.6","4.6","0.26","0.8","1.8","5.6","-3.9","0","0","0","0","0","0","0","0","10","1973","1982","0","687","2300","2127","191","489","103","10","57","230","10","6","136","287","0.23","0.277","0.368","0.645","75","*2H/D35","footeba01","null","null","0"
"373","Don Padgett","4.1","4.8","4.5","0.256","1","7.5","-3.8","-3.6","0","0","0","0","0","0","0","0","8","1937","1948","0","699","2148","1991","247","573","111","16","37","338","6","6","141","130","0.288","0.336","0.415","0.752","102","2H97/38","padgedo01","null","null","0"
"374","Tony Eusebio","4.5","4.5","4.5","0.254","1.2","5.1","2","-1.5","0","0","0","0","0","0","0","0","9","1991","2001","0","598","1955","1739","179","479","87","5","30","241","1","5","182","324","0.275","0.346","0.383","0.729","91","*2H","eusebto01","null","null","0"
"375","Einar Díaz","3.3","5.7","4.5","0.252","0.8","2.3","4.8","-4.5","0","0","0","0","0","0","0","0","11","1996","2006","0","673","2257","2061","222","523","116","6","21","202","21","10","96","199","0.254","0.302","0.346","0.649","68","*2H/354","diazei01","null","null","0"
"380","Dave Rader","4.1","4.7","4.4","0.242","0.8","6.1","2.5","-4.5","0","0","0","0","0","0","0","0","10","1971","1980","0","846","2702","2405","254","619","107","12","30","235","8","4","245","180","0.257","0.326","0.349","0.675","86","*2H/D","raderda01","null","null","0"
"381","John Orsino","4.4","4.4","4.4","0.24","2.1","5.2","0.9","0.8","0","0","0","0","0","0","0","0","7","1961","1967","0","332","1135","1014","114","252","44","5","40","123","3","3","92","191","0.249","0.319","0.42","0.739","106","2H/3","orsinjo01","null","null","0"
"382","José Molina","3.1","5.7","4.4","0.238","0.5","0.9","7.7","-6.9","0","0","0","0","0","0","0","0","15","1999","2014","0","947","2795","2546","240","592","117","3","39","223","20","7","154","576","0.233","0.282","0.327","0.608","64","*2/H3D5","molinjo01","null","null","0"
"385","Buck Rodgers","3.5","5.2","4.3","0.232","0.6","2.5","6.8","-7.3","0","0","0","0.02","0","0","0","0","9","1961","1969","0","932","3353","3033","259","704","114","18","31","288","17","27","234","409","0.232","0.288","0.312","0.6","74","*2H/7","rodgebu01","null","null","0"
"389","Geno Petralli","3.8","4.6","4.2","0.224","0.8","7.4","-0.4","-3.3","0","0","0","0","0","0","0","0","12","1982","1993","0","809","2131","1874","184","501","83","9","24","192","8","6","216","263","0.267","0.344","0.36","0.703","95","*2HD5/4397","petrage01","null","null","0"
"391","Jerry McNertney","4","4.3","4.2","0.22","1.1","3.5","3.1","-1.5","0","0","0","0","0","0","0","0","9","1964","1973","0","590","1606","1423","129","337","51","6","27","163","3","5","119","199","0.237","0.298","0.338","0.636","81","*2H/3","mcnerje01","null","null","0"
"394","Scott Servais","3.1","5.1","4.1","0.214","0.6","3.4","4","-5.3","0","0","0","0","0","0","0","0","11","1991","2001","0","820","2778","2493","243","611","130","2","63","319","3","6","183","407","0.245","0.306","0.375","0.681","79","*2H/3D","servasc01","null","null","0"
"395","Josh Bard","3.3","4.9","4.1","0.212","0.9","5.5","1","-3.1","0","0","0","0","0","0","0","0","10","2002","2011","0","586","1981","1778","162","452","109","3","39","220","1","4","175","299","0.254","0.32","0.385","0.705","90","*2H/D","bardjo01","null","null","0"
"396","Al Evans","3.6","4.5","4.1","0.21","0.8","3.8","1.8","-3.4","0","0","0","0","0","0","0","0","12","1939","1951","0","704","2322","2053","188","514","70","23","13","211","14","9","243","206","0.25","0.332","0.326","0.658","82","*2H","evansal01","null","null","0"
"397","Brent Mayne","2.8","5.3","4","0.208","0.3","3.9","5.4","-10.7","0","0","0","0","0","0","0","0","15","1990","2004","0","1279","4084","3614","359","951","178","8","38","403","18","27","370","580","0.263","0.332","0.348","0.68","76","*2H/5D31","maynebr01","null","null","0"
"401","Bob Kearney","3.8","4.1","4","0.2","1.3","2","4.8","-0.9","0","0","0","0","0","0","0","0","8","1979","1987","0","479","1474","1356","131","316","66","3","27","133","9","12","67","235","0.233","0.274","0.346","0.619","71","*2/HD","kearnbo01","null","null","0"
"403","Dave Engle","3.8","4","3.9","0.196","1","3.4","0.1","-1.9","0","0","0","0","0","0","0","0","9","1981","1989","1","594","1784","1643","201","431","88","13","31","181","5","5","120","190","0.262","0.311","0.388","0.7","90","2H9D3/75","engleda01","null","null","0"
"405","Phil Roof","3.3","4.4","3.9","0.192","0.6","2.6","5.4","-5.1","0","0","0","0","0","0","0","0","15","1961","1977","0","857","2405","2151","190","463","69","13","43","210","11","10","184","504","0.215","0.283","0.319","0.603","73","*2/H3D","roofph01","null","null","0"
"406","Gus Niarhos","3.4","4.2","3.8","0.19","1.8","2.7","1.4","0.9","0","0","0","0","0","0","0","0","9","1946","1955","0","315","858","691","114","174","26","5","1","59","6","7","153","56","0.252","0.39","0.308","0.699","89","2H","niarhgu01","null","null","0"
"407","Vance Wilson","3.7","3.8","3.8","0.188","1.5","2.1","3.4","0.4","0","0","0","0","0","0","0","0","8","1999","2006","0","403","1054","953","104","238","42","2","25","129","2","8","46","189","0.25","0.302","0.377","0.679","78","*2H/3","wilsova01","null","null","0"
"408","Lou Berberet","3.8","3.8","3.8","0.186","1.4","2.3","3.4","-0.7","0","0","0","0","0","0","0","0","7","1954","1960","0","448","1449","1224","118","281","34","10","31","153","2","3","200","195","0.23","0.337","0.35","0.687","86","*2H","berbelo01","null","null","0"
"409","Bill Haselman","3.4","4.1","3.8","0.184","0.9","4.6","1.4","-2.7","0","0","0","0","0","0","0","0","13","1990","2003","0","589","1747","1606","185","416","94","3","47","210","9","9","114","300","0.259","0.311","0.409","0.72","84","*2HD/9375","haselbi01","null","null","0"
"410","Lenny Webster","3.3","4.2","3.7","0.182","0.9","4.7","1.2","-2.1","0","0","0","0","0","0","0","0","12","1989","2000","0","587","1617","1450","157","368","73","2","33","176","1","3","140","209","0.254","0.324","0.375","0.699","84","*2H/D","webstle01","null","null","0"
"411","Sammy White","1.9","5.6","3.7","0.18","0.3","1.4","4.9","-10","0","0","0","0.01","0","0","0","0","11","1951","1962","1","1043","3792","3502","324","916","167","20","66","421","14","15","218","381","0.262","0.305","0.377","0.682","80","*2/H","whitesa02","null","null","0"
"413","Earle Brucker","3.7","3.7","3.7","0.176","2.5","3.8","0.6","0.9","0","0","0","0.01","0","0","0","0","5","1937","1943","0","241","811","707","87","205","53","8","12","105","2","4","97","65","0.29","0.376","0.438","0.815","108","2H/3","bruckea01","null","null","0"
"414","Bill Cash","3.7","3.7","3.7","0.174","2.1","3.5","0.8","0.7","0","0","0","0","0","0","0","0","6","1943","1948","2","279","1057","930","137","254","36","17","8","131","4","null","103","null","0.273","0.347","0.374","0.722","99","2/75394","cashbi01","null","null","0"
"418","Johnny Oates","3.3","3.9","3.6","0.166","0.9","1.5","4.8","-2.7","0","0","0","0","0","0","0","0","11","1970","1981","0","593","1820","1637","146","410","56","2","14","126","11","19","141","149","0.25","0.309","0.313","0.622","73","*2H","oatesjo01","null","null","0"
"420","Tim Laudner","3.2","4","3.6","0.162","0.7","5.5","1.6","-4.1","0","0","0","0","0","0","0","0","9","1981","1989","1","734","2268","2038","221","458","97","5","77","263","3","3","190","553","0.225","0.292","0.391","0.682","84","*2HD/3","laudnti01","null","null","0"
"423","Earl Averill","3.6","3.6","3.6","0.156","1.3","4.8","-0.3","-0.5","0","0","0","0","0","0","0","0","7","1956","1963","0","449","1218","1031","137","249","41","0","44","159","3","3","162","220","0.242","0.346","0.409","0.755","102","2H75/43","averiea02","null","null","0"
"427","Duane Josephson","3.5","3.5","3.5","0.148","1.2","4.9","1.2","-2.3","0","0","0","0","0","0","0","0","8","1965","1972","1","470","1631","1505","147","388","58","12","23","164","4","10","92","174","0.258","0.303","0.358","0.661","89","*2H/3","josepdu01","null","null","0"
"436","Bob Melvin","2.5","4.2","3.3","0.13","0.6","0.5","5.4","-4.7","0","0","0","0","0","0","0","0","10","1985","1994","0","692","2095","1955","174","456","85","6","35","212","4","13","98","396","0.233","0.268","0.337","0.604","69","*2H/D35","melvibo01","null","null","0"
"437","Ramón Castro","3","3.6","3.3","0.128","0.9","3.5","2.1","-2","0","0","0","0","0","0","0","0","13","1999","2011","0","567","1603","1426","155","338","66","0","67","217","2","0","151","375","0.237","0.31","0.424","0.734","91","*2H/D","castrra01","null","null","0"
"439","Hobie Landrith","2.9","3.7","3.3","0.124","0.6","2.4","3.8","-5.4","0","0","0","0","0","0","0","0","14","1950","1963","0","772","2228","1929","179","450","69","5","34","203","5","12","253","188","0.233","0.32","0.327","0.647","75","*2H","landrho01","null","null","0"
"441","Dick Brown","2.9","3.7","3.3","0.12","0.7","2.8","3.4","-3.3","0","0","0","0","0","0","0","0","9","1957","1965","0","636","2031","1866","175","455","62","3","62","223","7","6","119","356","0.244","0.291","0.38","0.671","82","*2H","browndi01","null","null","0"
"442","John Flaherty","1.6","5","3.3","0.118","0.2","1.9","5.7","-10.8","0","0","0","0","0","0","0","0","14","1992","2005","0","1047","3640","3372","319","849","176","3","80","395","10","19","175","514","0.252","0.29","0.377","0.667","74","*2/HD3","flahejo01","null","null","0"
"443","Mike Tresh","2.2","4.4","3.3","0.116","0.3","1.5","3.9","-9.3","0","0","0","0.11","0","0","0","0","12","1938","1949","0","1027","3640","3169","326","788","75","14","2","297","19","21","402","263","0.249","0.335","0.283","0.619","71","*2/H","treshmi01","null","null","0"
"444","Mike Fitzgerald","2.1","4.4","3.3","0.114","0.4","6.3","0","-6.9","0","0","0","0","0","0","0","0","10","1983","1992","0","848","2667","2316","220","545","95","9","48","293","31","20","292","432","0.235","0.321","0.346","0.667","87","*2H/79534D","fitzgmi02","null","null","0"
"445","Hal Wagner","2.5","3.9","3.2","0.112","0.6","5.1","-0.6","-4","0","0","0","0","0","0","0","0","12","1937","1949","2","672","2142","1849","179","458","90","12","15","228","10","6","253","152","0.248","0.343","0.334","0.677","88","*2H","wagneha01","null","null","0"
"446","Ken Suarez","3.2","3.2","3.2","0.11","1.8","2.4","2.3","0.5","0","0","0","0","0","0","0","0","7","1966","1973","0","295","785","661","57","150","29","1","5","60","5","3","99","97","0.227","0.33","0.297","0.626","81","2/H457","suareke01","null","null","0"
"447","Bobby Estalella","2.5","3.9","3.2","0.108","1.3","3.9","0.1","-0.7","0","0","0","0","0","0","0","0","9","1996","2004","0","310","1056","904","126","195","49","5","48","147","6","2","130","290","0.216","0.315","0.44","0.755","92","2/HD","estalbo02","null","null","0"
"449","Ray Lamanno","3.1","3.1","3.1","0.104","1.1","2.8","1.7","-2.9","0","0","0","0.01","0","0","0","0","5","1941","1948","1","442","1548","1408","122","355","57","5","18","150","2","3","118","151","0.252","0.314","0.338","0.653","82","*2H","lamanra01","null","null","0"
"453","Jim French","3.1","3.1","3.1","0.096","2.1","1.9","2.5","0.5","0","0","0","0","0","0","0","0","7","1965","1971","0","234","741","607","53","119","17","4","5","51","3","6","121","78","0.196","0.328","0.262","0.59","75","2/H7","frencji01","null","null","0"
"456","Frank House","2","4","3","0.09","0.5","1.5","3.1","-4.8","0","0","0","0","0","0","0","0","10","1950","1961","0","653","2188","1994","201","494","64","11","47","235","6","7","151","147","0.248","0.302","0.362","0.663","79","*2H","housefr03","null","null","0"
"458","Mickey Livingston","2.2","3.8","3","0.086","0.6","2.6","1.1","-3.8","0","0","0","0","0","0","0","0","10","1938","1951","0","561","1667","1490","128","354","56","9","19","153","7","7","144","141","0.238","0.31","0.326","0.636","82","*2H/3","livinmi01","null","null","0"
"459","Johnny Hayes","2.7","3.3","3","0.084","1.4","2.3","1","-0.5","0","0","0","0","0","0","0","0","12","1934","1948","2","300","1055","904","109","228","33","5","11","109","7","null","117","null","0.252","0.342","0.336","0.679","85","2/19","hayesjo01","null","null","0"
"460","Dick Bertell","3","3","3","0.082","1.1","0.5","4.9","-2.7","0","0","0","0","0","0","0","0","7","1960","1967","0","444","1447","1310","91","327","34","9","10","112","2","4","106","188","0.25","0.305","0.312","0.617","70","*2/H","bertedi01","null","null","0"
"461","Bob Scheffing","2.8","3.2","3","0.08","0.9","3.5","0.7","-3","0","0","0","0","0","0","0","0","8","1941","1951","0","517","1474","1357","105","357","53","9","20","187","6","6","103","127","0.263","0.316","0.36","0.676","86","*2H","schefbo01","null","null","0"
"462","Les Moss","1.5","4.5","3","0.078","0.3","3.9","-0.2","-6.2","0","0","0","0","0","0","0","0","13","1946","1958","0","824","2550","2234","210","552","75","4","63","276","1","5","282","316","0.247","0.333","0.369","0.702","87","*2H","mossle01","null","null","0"
"465","Ben Davis","2.9","2.9","2.9","0.072","1","2.6","3","-2.5","0","0","0","0","0","0","0","0","7","1998","2004","0","486","1698","1512","168","358","77","2","38","204","9","8","153","385","0.237","0.306","0.366","0.672","78","*2H/3D","davisbe01","null","null","0"
"466","Kelly Stinnett","1.8","4.1","2.9","0.07","0.4","2.7","2.7","-5.3","0","0","0","0","0","0","0","0","14","1994","2007","0","734","2290","2033","228","476","91","4","65","230","10","5","196","567","0.234","0.313","0.379","0.692","78","*2H/D","stinnke01","null","null","0"
"467","Brook Fordyce","1.8","4","2.9","0.068","0.5","4.9","0.4","-5","0","0","0","0","0","0","0","0","10","1995","2004","0","623","1973","1807","172","467","103","4","41","188","8","6","119","295","0.258","0.309","0.388","0.697","82","*2H/D","fordybr01","null","null","0"
"468","John Bateman","1","4.8","2.9","0.066","0.2","3.9","3","-11.8","0","0","0","0","0","0","0","0","10","1963","1972","0","1017","3585","3330","250","765","123","18","81","375","10","10","172","610","0.23","0.271","0.35","0.621","77","*2H","batemjo01","null","null","0"
"469","Marc Hill","2.3","3.4","2.9","0.064","0.5","-0.2","6.2","-4.2","0","0","0","0","0","0","0","0","14","1973","1986","0","737","2047","1809","146","404","62","3","34","198","1","7","185","243","0.223","0.295","0.317","0.612","70","*2H/35D","hillma01","null","null","0"
"470","Mark Parent","1.8","4","2.9","0.062","0.6","0.9","3.2","-2.8","0","0","0","0","0","0","0","0","13","1986","1998","0","474","1428","1303","112","279","50","0","53","168","3","3","98","319","0.214","0.268","0.375","0.642","71","*2H/3D","parenma01","null","null","0"
"472","George Kottaras","2.9","2.9","2.9","0.058","1.5","3.9","0.4","0.1","0","0","0","0","0","0","0","0","7","2008","2014","0","313","858","722","92","155","40","3","32","101","3","1","121","203","0.215","0.326","0.411","0.737","98","2H/3D59","kottage01","null","null","0"
"475","Bill Schroeder","2.7","3","2.8","0.052","1.2","3.9","0.5","-1.7","0","0","0","0","0","0","0","0","8","1983","1990","0","376","1356","1262","153","303","49","1","61","152","6","5","58","343","0.24","0.281","0.426","0.707","91","*23/DH","schrobi01","null","null","0"
"476","Cam Carreon","2.8","2.8","2.8","0.05","1.3","3.4","1.1","-0.6","0","0","0","0","0","0","0","0","8","1959","1966","0","354","1100","986","113","260","43","4","11","114","3","4","97","117","0.264","0.331","0.349","0.679","88","*2H","carreca01","null","null","0"
"478","Cameron Rupp","2.8","2.8","2.8","0.046","1.5","3","1.7","-0.8","0","0","0","0","0","0","0","0","5","2013","2017","0","296","1127","1027","100","240","57","2","39","124","2","1","87","323","0.234","0.298","0.407","0.705","88","2/H","ruppca01","null","null","0"
"480","Bruce Bochy","2.3","3.2","2.8","0.042","1","3","0.8","-0.7","0","0","0","0","0","0","0","0","9","1978","1987","0","358","881","802","75","192","37","2","26","93","1","2","67","177","0.239","0.298","0.388","0.685","92","2H/3","bochybr01","null","null","0"
"481","Paul Casanova","1.2","4.3","2.8","0.04","0.2","-0.2","6.6","-8.8","0","0","0","0.01","0","0","0","0","10","1965","1974","1","859","2930","2786","214","627","87","12","50","252","2","10","101","430","0.225","0.252","0.319","0.571","65","*2H","casanpa01","null","null","0"
"484","Jerry Willard","2.6","2.8","2.7","0.034","1.2","3.5","0.5","-0.2","0","0","0","0","0","0","0","0","8","1984","1994","0","346","885","783","82","195","29","1","25","114","1","1","83","161","0.249","0.32","0.384","0.705","95","2H/D35","willaje01","null","null","0"
"488","Chris Bando","1.7","3.6","2.6","0.026","0.5","2.2","2.3","-3","0","0","0","0","0","0","0","0","9","1981","1989","0","498","1467","1284","134","292","46","2","27","142","1","5","138","197","0.227","0.3","0.329","0.629","73","*2H/5D3","bandoch01","null","null","0"
"491","Steve Lake","2.1","3.1","2.6","0.02","0.7","-1.4","5.5","-1.9","0","0","0","0","0","0","0","0","11","1983","1993","0","476","1197","1125","89","267","41","5","18","108","1","0","43","159","0.237","0.268","0.331","0.599","64","*2H","lakest01","null","null","0"
"492","Bill Fahey","2.1","3","2.6","0.018","0.9","1.7","2.4","-1.4","0","0","0","0","0","0","0","0","11","1971","1983","0","383","1032","934","75","225","26","2","7","83","9","2","74","93","0.241","0.296","0.296","0.591","70","*2/H","faheybi01","null","null","0"
"494","Charley Lau","2.2","2.8","2.5","0.014","0.7","3.7","0.3","-1.9","0","0","0","0","0","0","0","0","11","1956","1967","0","527","1311","1170","105","298","63","9","16","140","3","1","109","150","0.255","0.318","0.365","0.683","89","*2H","lauch01","null","null","0"
"495","Bill Sarni","2.5","2.5","2.5","0.012","1","2.6","1.5","-2.5","0","0","0","0","0","0","0","0","5","1951","1956","0","390","1303","1182","107","311","50","11","22","151","6","5","89","135","0.263","0.313","0.38","0.693","84","*2H","sarnibi01","null","null","0"
"496","Bob Barton","1.7","3.3","2.5","0.01","0.7","-0.1","4","-2.3","0","0","0","0","0","0","0","0","10","1965","1974","0","393","1153","1049","54","237","31","3","9","66","3","6","87","168","0.226","0.287","0.287","0.574","65","*2/H","bartobo01","null","null","0"
"499","Bob Montgomery","2.2","2.7","2.5","0.004","0.9","3.3","1.4","-2.3","0","0","0","0","0","0","0","0","10","1970","1979","0","387","1285","1185","125","306","50","8","23","156","6","2","64","268","0.258","0.296","0.372","0.669","83","*2/HD3","montgbo01","null","null","0"
"500","Joe Pignatano","2.5","2.5","2.5","0.002","1.3","2.6","1.1","-0.4","0","0","0","0","0","0","0","0","6","1957","1962","0","307","809","689","81","161","25","4","16","62","8","4","94","116","0.234","0.332","0.351","0.683","81","2H/5","pignajo01","null","null","0"
"6","Jeff Bagwell HOF","79.9","48.4","64.1","0.99","6","74.7","-7.2","52.1","1","3","6","2.89","0","2","4","1.9","15","1991","2005","4","2150","9431","7797","1517","2314","488","32","449","1529","202","78","1401","1558","0.297","0.408","0.54","0.948","149","*3H/D9","bagweje01","Jeff Bagwell","bagweje01","1"
"8","Frank Thomas HOF","73.8","45.4","59.6","0.986","5.1","80.4","-22.5","39.3","2","6","9","4.79","0","2","5","1.5","19","1990","2008","5","2322","10075","8199","1494","2468","495","12","521","1704","32","23","1667","1397","0.301","0.419","0.555","0.974","156","*D*3H","thomafr04","Frank Thomas","thomafr04","1"
"9","Johnny Mize HOF","70.6","48.4","59.5","0.984","6.1","68.9","-6.5","44.1","0","4","6","2.47","0","7","9","4","15","1936","1953","10","1884","7372","6443","1118","2011","367","83","359","1337","28","12","856","524","0.312","0.397","0.562","0.959","158","*3H/9","mizejo01","Johnny Mize","mizejo01","1"
"10","Jim Thome HOF","72.9","41.5","57.2","0.982","4.6","77.6","-16.4","37.6","0","1","4","1.22","0","1","3","1.2","22","1991","2012","5","2543","10313","8422","1583","2328","451","26","612","1699","19","20","1747","2548","0.276","0.402","0.554","0.956","147","*3*D*5H","thomeji01","Jim Thome","thomeji01","1"
"12","Rafael Palmeiro","71.9","38.9","55.4","0.978","4.1","67.5","-10.6","30.4","0","1","3","1.2","0","0","1","0.4","20","1986","2005","4","2831","12046","10472","1663","3020","585","38","569","1835","97","40","1353","1348","0.288","0.371","0.515","0.885","132","*3*D7H/98","palmera01","null","null","0"
"15","Willie McCovey HOF","64.5","44.8","54.7","0.972","4","72.1","-21.7","30.5","1","2","4","1.63","0","2","4","1.4","22","1959","1980","6","2588","9692","8197","1229","2211","353","46","521","1555","26","22","1345","1550","0.27","0.374","0.515","0.889","147","*3*H7/9D","mccovwi01","Willie McCovey","mccovwi01","1"
"16","Todd Helton HOF","61.8","46.6","54.2","0.97","4.5","54.5","-5","33.3","0","1","3","0.9","1","2","4","1.7","17","1997","2013","5","2247","9453","7962","1401","2519","592","37","369","1406","37","29","1335","1175","0.316","0.414","0.539","0.953","133","*3H/7D9","heltoto01","Todd Helton","heltoto01","1"
"17","Eddie Murray HOF","68.7","39.2","53.9","0.968","3.7","62.2","-11.6","27.5","0","6","8","3.33","0","1","2","0.7","21","1977","1997","8","3026","12817","11336","1627","3255","560","35","504","1917","110","43","1333","1516","0.287","0.359","0.476","0.836","129","*3*DH/57","murraed02","Eddie Murray","murraed02","1"
"18","Mark McGwire","62.1","41.9","52","0.966","5.4","65.4","-12.2","37.1","0","3","5","1.94","0","1","3","0.8","16","1986","2001","12","1874","7660","6187","1167","1626","252","6","583","1414","12","8","1317","1596","0.263","0.394","0.588","0.982","163","*3HD/59","mcgwima01","null","null","0"
"22","Keith Hernandez","60.4","41.3","50.8","0.958","4.7","46.3","1.3","32","1","3","4","2.09","0","2","5","1.6","17","1974","1990","5","2088","8553","7370","1124","2182","426","60","162","1071","98","63","1070","1012","0.296","0.384","0.436","0.821","128","*3H/79","hernake01","null","null","0"
"24","Harmon Killebrew HOF","60.4","38.2","49.3","0.954","4","71.5","-18.7","28.1","1","6","7","3.23","0","0","4","1","22","1954","1975","13","2435","9833","8147","1283","2086","290","24","573","1584","19","18","1559","1699","0.256","0.376","0.509","0.884","143","*3*5*7DH/49","killeha01","Harmon Killebrew","killeha01","1"
"25","John Olerud","58.1","39","48.6","0.952","4.2","48.6","-1.4","27.4","0","1","1","0.59","0","2","2","1.1","17","1989","2005","2","2234","9063","7592","1139","2239","500","13","255","1230","11","14","1275","1016","0.295","0.398","0.465","0.863","129","*3DH","olerujo01","null","null","0"
"26","Joe Torre HOF","57.6","37.3","47.5","0.95","4.2","59.7","-0.3","26.8","1","2","2","1.46","0","0","0","0.3","18","1960","1977","9","2209","8802","7874","996","2342","344","59","252","1185","23","29","779","1094","0.297","0.365","0.452","0.817","129","*2*3*5H/7","torrejo01","Joe Torre","torrejo01","1"
"27","Jason Giambi","50.5","42.2","46.3","0.948","3.6","58.4","-19.7","19.6","1","3","4","2.19","1","2","3","1.6","20","1995","2014","5","2260","8908","7267","1227","2010","405","9","440","1441","20","12","1366","1572","0.277","0.399","0.516","0.916","139","*3*DH75/9","giambja01","null","null","0"
"28","Will Clark","56.5","36.1","46.3","0.946","4.6","55.5","-10.1","29.1","0","4","4","1.84","0","2","2","1.2","15","1986","2000","6","1976","8283","7173","1186","2176","440","47","284","1205","67","48","937","1190","0.303","0.384","0.497","0.88","137","*3HD","clarkwi02","null","null","0"
"30","Tony Pérez HOF","53.9","36.4","45.2","0.942","3.1","50.9","-6.6","17.9","0","1","4","0.93","0","1","1","0.7","23","1964","1986","7","2777","10861","9778","1272","2732","505","79","379","1652","49","33","925","1867","0.279","0.341","0.463","0.804","122","*3*5HD/4","perezto01","Tony Pérez","perezto01","1"
"31","David Ortiz HOF","55.1","35.1","45.1","0.94","3.7","56.7","-21.1","20","0","5","7","2.95","0","0","2","0.5","20","1997","2016","10","2408","10091","8640","1419","2472","632","19","541","1768","17","9","1319","1750","0.286","0.38","0.552","0.931","141","*D3H","ortizda01","David Ortiz","ortizda01","1"
"32","Fred McGriff HOF","52.6","36","44.3","0.938","3.5","56.1","-17.3","19.8","0","1","6","1.41","0","1","1","0.6","19","1986","2004","5","2460","10174","8757","1349","2490","441","24","493","1550","72","38","1305","1882","0.284","0.377","0.509","0.886","134","*3DH","mcgrifr01","Fred McGriff","mcgrifr01","1"
"33","Mark Teixeira","50.5","38","44.3","0.936","4.4","41.8","-1","23.1","0","1","2","0.86","0","1","1","0.6","14","2003","2016","3","1862","8029","6936","1099","1862","408","18","409","1298","26","7","918","1441","0.268","0.36","0.509","0.869","126","*3D/H957","teixema01","null","null","0"
"34","Norm Cash","52.1","33.7","42.9","0.934","4","50.1","-9.1","25.9","0","1","1","0.7","0","1","2","1","17","1958","1974","5","2089","7914","6705","1045","1820","241","41","377","1104","43","30","1043","1091","0.271","0.374","0.488","0.862","139","*3H/97D","cashno01","null","null","0"
"35","Orlando Cepeda HOF","50.2","34.6","42.4","0.932","3.8","50.3","-13.8","18.1","1","2","3","1.87","0","1","2","0.5","17","1958","1974","11","2124","8699","7927","1131","2351","417","27","379","1365","142","80","588","1169","0.297","0.35","0.499","0.849","133","*37DH/95","cepedor01","Orlando Cepeda","cepedor01","1"
"36","Dolph Camilli","43.2","40.1","41.6","0.93","4.7","40.8","-5","21.4","1","1","2","1.26","0","2","5","1.5","12","1933","1945","2","1490","6354","5353","936","1482","261","86","239","950","60","45","947","961","0.277","0.388","0.492","0.88","136","*3/H","camildo01","null","null","0"
"38","Carlos Delgado","44.4","34.5","39.4","0.926","3.5","50.9","-17.1","15.6","0","2","4","1.56","0","0","1","0.3","17","1993","2009","2","2035","8657","7283","1241","2038","483","18","473","1512","14","8","1109","1745","0.28","0.383","0.546","0.929","138","*3D7H/2","delgaca01","null","null","0"
"39","Adrián González","43.6","34.7","39.2","0.924","3.7","36.1","-3.4","18.4","0","1","3","0.98","0","0","2","0.3","15","2004","2018","5","1929","8046","7139","997","2050","437","12","317","1202","6","7","782","1401","0.287","0.358","0.485","0.843","129","*3HD/9","gonzaad01","null","null","0"
"41","Don Mattingly","42.4","35.8","39.1","0.92","3.8","39.7","-6.2","17.6","1","3","4","2.22","0","0","3","0.7","14","1982","1995","6","1785","7722","7003","1007","2153","442","20","222","1099","14","9","588","444","0.307","0.358","0.471","0.83","127","*3D9H7/548","mattido01","null","null","0"
"43","Gil Hodges HOF","43.8","33.6","38.7","0.916","3.4","40.8","-5.4","12.7","0","0","3","0.65","0","0","1","0.4","18","1943","1963","8","2071","8104","7030","1105","1921","295","48","370","1274","63","42","943","1137","0.273","0.359","0.487","0.846","120","*3H275/948","hodgegi01","Gil Hodges","hodgegi01","1"
"44","Mark Grace","46.5","29.7","38.1","0.914","3.4","38.6","-5","18.1","0","0","0","0.11","0","0","0","0.1","16","1988","2003","3","2245","9290","8065","1179","2445","511","45","173","1146","70","48","1075","642","0.303","0.383","0.442","0.825","119","*3H/D1","gracema01","null","null","0"
"49","Bill White","38.6","32","35.3","0.904","3.7","32","-3.1","13.4","0","1","2","0.63","0","0","0","0.1","13","1956","1969","8","1673","6680","5972","843","1706","278","65","202","870","103","68","596","927","0.286","0.351","0.455","0.806","117","*3H78/9","whitebi03","null","null","0"
"50","Boog Powell","39.1","30.8","35","0.902","3.1","42.5","-14.1","12.5","1","3","3","1.95","0","0","1","0.2","17","1961","1977","4","2042","7810","6681","889","1776","270","11","339","1187","20","21","1001","1226","0.266","0.361","0.462","0.822","134","*3*7H/D9","powelbo01","null","null","0"
"51","George Scott","36.6","30.4","33.5","0.9","2.9","28.1","-1.4","7.7","0","0","2","0.43","0","0","0","0.1","14","1966","1979","3","2034","8269","7433","957","1992","306","60","271","1051","69","57","699","1418","0.268","0.333","0.435","0.767","114","*35HD","scottge02","null","null","0"
"52","Steve Garvey","38.1","28.8","33.4","0.898","2.6","36.8","-11.7","7","1","2","5","2.46","0","0","0","0.1","19","1969","1987","10","2332","9466","8835","1143","2599","440","43","272","1308","83","62","479","1003","0.294","0.329","0.446","0.775","117","*35H/749","garvest01","null","null","0"
"55","Kent Hrbek","38.6","27.5","33","0.892","3.6","37.5","-7.7","15","0","1","1","0.66","0","0","0","0","14","1981","1994","1","1747","7137","6192","903","1749","312","18","293","1086","37","26","838","798","0.282","0.367","0.481","0.848","128","*3DH/5","hrbekke01","null","null","0"
"56","Cecil Cooper","36","30.1","33","0.89","3.1","34.9","-9.8","10.3","0","3","4","1.36","0","0","1","0.4","17","1971","1987","5","1896","7939","7349","1012","2192","415","47","241","1125","89","49","448","911","0.298","0.337","0.466","0.803","121","*3*DH","coopece01","null","null","0"
"60","Phil Cavarretta","37.2","26.5","31.9","0.882","3","40.4","-10.9","9.9","1","1","2","1.11","0","1","1","0.5","22","1934","1955","3","2030","7703","6754","990","1977","347","99","95","920","65","54","820","598","0.293","0.372","0.416","0.788","118","*3H897","cavarph01","null","null","0"
"61","Kevin Youkilis","32.4","31.2","31.8","0.88","4.9","28.7","1.7","16.9","0","1","2","0.89","0","0","2","0.5","10","2004","2013","3","1061","4436","3749","653","1053","254","18","150","618","26","14","539","828","0.281","0.382","0.478","0.861","124","*3*5H/7D49","youklke01","null","null","0"
"62","Elbie Fletcher","33.5","29.4","31.4","0.878","3.8","30","-3.4","12.5","0","0","0","0.15","0","0","2","0.5","12","1934","1949","1","1415","5828","4879","723","1323","228","58","79","616","32","35","851","495","0.271","0.384","0.39","0.774","117","*3H","fletcel01","null","null","0"
"64","Derrek Lee","34.6","27.3","31","0.874","2.9","35","-11","10.5","0","1","2","0.77","0","1","1","0.5","15","1997","2011","2","1942","7963","6962","1081","1959","432","30","331","1078","104","48","874","1622","0.281","0.365","0.495","0.859","122","*3H/D","leede02","null","null","0"
"68","Mickey Vernon","35.4","25.7","30.6","0.866","2.4","37.5","-13.2","5.5","0","2","3","1.02","0","0","2","0.4","20","1939","1960","7","2409","9839","8731","1196","2495","490","120","172","1311","137","90","955","869","0.286","0.359","0.428","0.787","116","*3H/79","vernomi01","null","null","0"
"70","Ted Kluszewski","31.4","28.5","30","0.862","3","34.9","-10","7.2","0","1","3","1.33","0","1","1","0.6","15","1947","1961","4","1718","6470","5929","848","1766","290","29","279","1028","20","16","492","365","0.298","0.353","0.498","0.85","123","*3H","kluszte01","null","null","0"
"71","Wally Joyner","35.8","23.6","29.7","0.86","2.9","31.4","-5.1","9.3","0","0","1","0.23","0","0","0","0","16","1986","2001","1","2033","8115","7127","973","2060","409","26","204","1106","60","39","833","825","0.289","0.362","0.44","0.802","117","*3HD","joynewa01","null","null","0"
"72","Ron Fairly","35.1","24","29.5","0.858","2.3","34.6","-12.4","5","0","0","0","0","0","0","0","0","21","1958","1978","2","2442","8437","7184","931","1913","307","33","215","1044","35","33","1052","877","0.266","0.36","0.408","0.768","117","*3*9*H78D","fairlro01","null","null","0"
"73","Rudy York","31.7","27.2","29.5","0.856","3.2","29.5","-3.3","10.6","0","1","2","0.75","0","0","1","0.4","13","1934","1948","7","1603","6723","5891","876","1621","291","52","277","1149","38","26","792","867","0.275","0.362","0.483","0.845","123","*32H5/7","yorkru01","null","null","0"
"74","Earl Torgeson","33.1","25.5","29.3","0.854","3.2","33","-6.3","11.4","0","0","0","0.03","0","0","1","0.2","15","1947","1961","0","1668","6046","4969","848","1318","215","46","149","740","133","58","980","653","0.265","0.385","0.417","0.802","117","*3*H/97","torgeea01","null","null","0"
"75","Frank McCormick","31.9","26.4","29.1","0.852","3.4","25.7","-0.8","10.1","1","3","4","1.9","0","0","2","0.5","13","1934","1948","8","1534","6207","5723","722","1711","334","26","128","954","27","22","399","189","0.299","0.348","0.434","0.781","118","*3H/49","mccorfr01","null","null","0"
"76","Andrés Galarraga","31.7","26.4","29.1","0.85","2.3","33.9","-14.9","3.6","0","0","6","1.38","0","0","1","0.2","19","1985","2004","5","2257","8916","8096","1195","2333","444","32","399","1425","128","81","583","2003","0.288","0.347","0.499","0.846","119","*3HD/5","galaran01","null","null","0"
"77","Hal Trosky","29.9","27.9","28.9","0.848","3.6","32.4","-8","10.4","0","0","2","0.55","0","0","0","0.2","11","1933","1946","0","1347","5750","5161","835","1561","331","58","228","1012","28","23","545","440","0.302","0.371","0.522","0.892","130","*3/H4","troskha01","null","null","0"
"78","Joe Adcock","33.5","23.8","28.7","0.846","2.8","35","-10.4","6.6","0","0","1","0.36","0","0","0","0","17","1950","1966","2","1959","7305","6606","823","1832","295","35","336","1122","20","31","594","1059","0.277","0.337","0.485","0.822","124","*3*7H/9","adcocjo01","null","null","0"
"83","Mike Hargrove","30.4","24.3","27.4","0.836","3","31.5","-9","8.4","0","0","0","0.01","0","0","0","0","12","1974","1985","1","1666","6694","5564","783","1614","266","28","80","686","24","37","965","550","0.29","0.396","0.391","0.787","121","*37HD","hargrmi01","null","null","0"
"85","Mo Vaughn","27.1","27.1","27.1","0.832","2.9","31.7","-12.4","5.5","1","3","3","1.53","0","0","0","0.1","12","1991","2003","3","1512","6410","5532","861","1620","270","10","328","1064","30","18","725","1429","0.293","0.383","0.523","0.906","132","*3DH","vaughmo01","null","null","0"
"89","Bob Watson","28.2","24.4","26.3","0.824","2.5","35.1","-16.9","5.7","0","0","0","0.15","0","0","0","0","19","1966","1984","2","1832","6962","6185","802","1826","307","41","184","989","27","28","653","796","0.295","0.364","0.447","0.811","129","*3*7HD/29","watsobo01","null","null","0"
"91","Ferris Fain","27.3","24.2","25.7","0.82","3.8","25.5","-3.7","12.7","0","0","2","0.55","0","0","0","0.1","9","1947","1955","5","1151","4905","3930","595","1139","213","30","48","570","46","28","904","261","0.29","0.424","0.396","0.82","121","*3H/97","fainfe01","null","null","0"
"92","Justin Morneau","27","24.3","25.7","0.818","2.8","24.9","-6.5","4.7","1","2","2","1.49","0","0","0","0","14","2003","2016","4","1545","6392","5699","772","1603","349","23","247","985","5","10","573","988","0.281","0.348","0.481","0.828","120","*3DH","morneju01","null","null","0"
"93","Tino Martinez","29","21.8","25.4","0.816","2.3","23.2","-4","1.4","0","1","1","0.68","0","0","0","0","16","1990","2005","2","2023","8044","7111","1009","1925","365","21","339","1271","27","20","780","1069","0.271","0.344","0.471","0.815","112","*3DH","martiti02","null","null","0"
"95","Carlos Peña","25.5","24.1","24.8","0.812","2.8","24.6","-6.8","4.8","0","0","2","0.27","0","1","1","0.5","14","2001","2014","1","1493","5893","4949","745","1146","231","26","286","818","29","22","817","1577","0.232","0.346","0.462","0.808","117","*3DH/7","penaca01","null","null","0"
"96","Buck Leonard HOF","30","19.6","24.8","0.81","8","27.8","-0.6","22.6","0","0","0","0","0","6","7","3.6","14","1935","1948","13","604","2614","2163","549","748","144","50","97","548","32","null","403","null","0.346","0.453","0.593","1.046","180","*3/7","leonabu99","Buck Leonard","leonabu99","1"
"97","Paul Konerko","28.1","21.5","24.8","0.808","1.9","33.1","-17.7","-5.6","0","1","2","0.72","0","0","0","0","18","1997","2014","6","2349","9505","8393","1162","2340","410","8","439","1412","9","4","921","1391","0.279","0.354","0.486","0.841","118","*3*DH/57","konerpa01","null","null","0"
"99","Travis Hafner","24.8","24.6","24.7","0.804","3.4","25.2","-9.8","7.9","0","1","2","0.56","0","0","2","0.4","12","2002","2013","0","1183","4782","4058","619","1107","250","13","213","731","11","7","598","976","0.273","0.376","0.498","0.874","134","*DH3","hafnetr01","null","null","0"
"100","Lee May","27.3","22","24.6","0.802","2.1","29.2","-15.5","-0.5","0","0","2","0.37","0","0","0","0.1","18","1965","1982","3","2071","8219","7609","959","2031","340","31","354","1244","39","35","487","1570","0.267","0.313","0.459","0.772","116","*3*DH79","mayle01","null","null","0"
"101","Ryan Klesko","26.9","21.7","24.3","0.8","2.5","33.9","-14.5","7.2","0","0","0","0","0","0","0","0","16","1992","2007","1","1736","6523","5611","874","1564","343","33","278","987","91","41","817","1077","0.279","0.37","0.5","0.87","128","*7*3H9/D","kleskry01","null","null","0"
"102","John Mayberry","25","23.4","24.2","0.798","2.5","27.7","-11.5","2.8","0","1","2","0.78","0","0","1","0.2","15","1968","1982","2","1620","6447","5447","733","1379","211","19","255","879","20","17","881","810","0.253","0.36","0.439","0.799","123","*3DH","maybejo01","null","null","0"
"103","Roy Sievers","25.5","22.8","24.2","0.796","2.2","34.2","-17.2","2","0","1","3","1.11","0","0","1","0.1","17","1949","1965","5","1887","7349","6387","945","1703","292","42","318","1147","14","19","841","920","0.267","0.354","0.475","0.829","124","*3*7H85/9","sievero01","null","null","0"
"105","Prince Fielder","23.6","24.7","24.1","0.792","2.4","34.1","-20.7","1.9","0","3","4","1.83","0","0","0","0.1","12","2005","2016","6","1611","6853","5821","862","1645","321","10","319","1028","18","11","847","1155","0.283","0.382","0.506","0.887","134","*3DH","fieldpr01","null","null","0"
"106","Chris Chambliss","27.5","20.5","24","0.79","2","24","-7.9","-1.4","0","1","1","0.22","0","0","0","0","17","1971","1988","1","2175","8314","7571","912","2109","392","42","185","972","40","35","632","926","0.279","0.334","0.415","0.749","109","*3H/D","chambch01","null","null","0"
"108","John Kruk","25.1","22.8","24","0.786","3.4","25.5","-7.3","10.3","0","0","0","0.05","0","0","0","0","10","1986","1995","3","1200","4603","3897","582","1170","199","34","100","592","58","31","649","701","0.3","0.397","0.446","0.842","134","*3*7H9D/8","krukjo01","null","null","0"
"109","Bill Skowron","26.9","20.6","23.8","0.784","2.6","23.2","-4.3","8","0","0","1","0.18","0","0","1","0.2","14","1954","1967","8","1658","6047","5547","682","1566","243","53","211","888","16","18","383","870","0.282","0.332","0.459","0.792","119","*3H/54","skowrbi01","null","null","0"
"110","Jason Thompson","24.9","22.5","23.7","0.782","2.8","24.2","-7.2","5.6","0","0","0","0.06","0","0","0","0","11","1976","1986","3","1418","5686","4802","640","1253","204","12","208","782","8","7","816","862","0.261","0.366","0.438","0.804","122","*3HD","thompja01","null","null","0"
"111","Andre Thornton","24.2","23.2","23.7","0.78","2.5","25.8","-12.5","3.9","0","0","0","0.06","0","0","0","0","14","1973","1987","2","1565","6295","5291","792","1342","244","22","253","895","48","37","876","851","0.254","0.36","0.452","0.811","123","*D*3H/95","thornan01","null","null","0"
"113","Mike Sweeney","24.8","21.8","23.3","0.776","2.8","25.6","-7.7","4.3","0","0","0","0.09","0","0","0","0","16","1995","2010","5","1454","5848","5188","759","1540","325","5","215","909","53","25","522","613","0.297","0.366","0.486","0.851","118","*D*32H","sweenmi01","null","null","0"
"116","Wes Parker","22.9","20.8","21.8","0.77","2.9","17.8","-3","5.7","0","1","1","0.28","0","0","0","0","9","1964","1972","0","1288","4835","4157","548","1110","194","32","64","470","60","34","532","615","0.267","0.351","0.375","0.726","111","*3H987","parkewe01","null","null","0"
"119","Aubrey Huff","20.4","22.6","21.5","0.764","2","25","-11.7","-2.8","0","0","1","0.2","0","0","0","0","13","2000","2012","0","1681","6786","6104","806","1699","360","24","242","904","37","25","571","907","0.278","0.342","0.464","0.806","114","*3*D*59H7/4","huffau01","null","null","0"
"120","Joe Cunningham","22.3","20.8","21.5","0.762","3.2","23.2","-6.2","7.9","0","0","0","0.07","0","0","0","0","12","1954","1966","2","1141","4062","3362","525","980","177","26","64","436","16","27","599","369","0.291","0.403","0.417","0.82","120","*3*9H7","cunnijo01","null","null","0"
"122","Zeke Bonura","21.2","21.2","21.2","0.758","3.7","19.5","-2","7.2","0","0","0","0.1","0","0","0","0","7","1934","1940","0","917","4029","3582","600","1099","232","29","119","704","19","12","404","180","0.307","0.38","0.487","0.867","122","*3/H","bonurze01","null","null","0"
"123","Alvin Davis","20","21.9","21","0.756","2.7","22.6","-9.6","3.8","0","0","0","0.08","0","0","0","0.1","9","1984","1992","1","1206","5010","4240","568","1189","220","10","160","683","7","16","685","558","0.28","0.38","0.45","0.83","127","*3*DH","davisal01","null","null","0"
"125","Don Mincher","23.1","18.5","20.8","0.752","2.7","21.2","-4.8","7.2","0","0","0","0.01","0","0","0","0","13","1960","1972","2","1400","4726","4026","530","1003","176","16","200","643","24","32","606","668","0.249","0.348","0.45","0.798","127","*3H/97","minchdo01","null","null","0"
"127","Norm Siebern","21","20.5","20.8","0.748","2.4","21.7","-7.4","4.7","0","0","1","0.22","0","0","1","0.3","12","1956","1968","4","1406","5269","4481","662","1217","206","38","132","636","18","25","708","748","0.272","0.369","0.423","0.792","118","*3*7H/89","siebeno01","null","null","0"
"128","George McQuinn","21.6","19.8","20.7","0.746","2.3","20","-5.8","0.9","0","0","1","0.34","0","0","0","0","12","1936","1948","6","1550","6597","5747","832","1588","315","64","135","794","32","32","712","634","0.276","0.357","0.424","0.781","110","*3H","mcquige02","null","null","0"
"129","Donn Clendenon","20","19.9","20","0.744","2.4","19.4","-7.3","1.2","0","0","0","0.08","0","0","0","0","12","1961","1972","0","1362","5112","4648","594","1273","192","57","159","682","90","57","379","1140","0.274","0.328","0.442","0.771","117","*3H/7958","clenddo01","null","null","0"
"130","Glenn Davis","19.7","20.2","19.9","0.742","3.1","19.3","-6.2","5.4","0","1","3","1.09","0","0","0","0.1","10","1984","1993","2","1015","4189","3719","510","965","177","13","190","603","28","11","370","613","0.259","0.332","0.467","0.8","123","*3D/H9","davisgl01","null","null","0"
"131","Pete O'Brien","19.2","19.5","19.4","0.74","2","12.5","-1.3","-1.1","0","0","0","0.01","0","0","0","0","12","1982","1993","0","1567","6168","5437","654","1421","254","21","169","736","24","34","641","563","0.261","0.336","0.409","0.745","104","*3DH7/9","o'bripe03","null","null","0"
"138","Dave Magadan","21.1","15.9","18.5","0.726","2.2","19","-1.2","5.2","0","0","0","0.01","0","0","0","0","16","1986","2001","0","1582","4963","4159","516","1197","218","13","42","495","11","11","718","546","0.288","0.39","0.377","0.767","112","*5*3*HD/64","magadda01","null","null","0"
"139","Richie Sexson","18","18.9","18.5","0.724","2.1","22.8","-11.8","-0.5","0","0","0","0.07","0","0","0","0","12","1997","2008","2","1367","5604","4928","748","1286","260","17","306","943","14","13","588","1313","0.261","0.344","0.507","0.851","120","*37DH/9","sexsori01","null","null","0"
"141","Dan Driessen","20.5","15.6","18.1","0.72","1.9","23.5","-11.4","-0.5","0","0","0","0","0","0","0","0","15","1973","1987","0","1732","6344","5479","746","1464","282","23","153","763","154","63","761","719","0.267","0.356","0.411","0.767","113","*35H7/9","driesda01","null","null","0"
"142","Gregg Jefferies","19.6","16.2","17.9","0.718","2.2","22.7","-5.7","0.4","0","0","0","0.08","0","0","0","0","14","1987","2000","2","1465","6072","5520","761","1593","300","27","126","663","196","63","472","348","0.289","0.344","0.421","0.765","107","*3*7*45HD","jeffegr01","null","null","0"
"144","Bruce Bochte","19.5","15.9","17.7","0.714","2","21.7","-9.2","-0.5","0","0","0","0","0","0","0","0","12","1974","1986","1","1538","5994","5233","643","1478","250","21","100","658","43","41","653","662","0.282","0.36","0.396","0.756","113","*3*7HD8/9","bochtbr01","null","null","0"
"147","Cecil Fielder","17.2","17.4","17.3","0.708","1.9","20.3","-12.1","-3.1","0","2","3","1.67","0","0","1","0.2","13","1985","1998","3","1470","5939","5157","744","1313","200","7","319","1008","2","6","693","1316","0.255","0.345","0.482","0.827","119","*3*DH/547","fieldce01","null","null","0"
"148","Jim Gentile","17.1","17.5","17.3","0.706","3","18.2","-5.7","6.1","0","1","1","0.62","0","1","1","0.4","9","1957","1966","6","936","3479","2922","434","759","113","6","179","549","3","1","475","663","0.26","0.368","0.486","0.854","136","*3H","gentiji01","null","null","0"
"151","Ryan Howard","14.5","19.3","16.9","0.7","1.5","22.8","-17.5","-5.4","1","4","6","2.49","0","0","0","0","13","2004","2016","3","1572","6531","5707","848","1475","277","21","382","1194","12","5","709","1843","0.258","0.343","0.515","0.859","125","*3H/D","howarry01","null","null","0"
"152","Lyle Overbay","16.3","16.7","16.5","0.698","1.7","13.6","-4.9","-3.1","0","0","0","0","0","0","0","0","14","2001","2014","0","1587","5802","5102","645","1355","356","12","151","675","19","7","638","1108","0.266","0.347","0.429","0.776","106","*3H/D91","overbly01","null","null","0"
"153","Jeff King","16.9","16","16.4","0.696","2.3","11.9","3.2","1.6","0","0","0","0","0","0","0","0","11","1989","1999","0","1201","4812","4262","600","1091","222","18","154","709","75","32","442","584","0.256","0.324","0.425","0.749","99","*5*34H/D69","kingje01","null","null","0"
"154","Sean Casey","16.4","16.4","16.4","0.694","1.9","16.2","-7","-1.1","0","0","0","0.05","0","0","0","0","12","1997","2008","3","1405","5644","5066","690","1531","322","12","130","735","18","8","477","577","0.302","0.367","0.447","0.814","109","*3HD","caseyse01","null","null","0"
"155","Leon Durham","16.3","16","16.1","0.692","2.5","19.4","-8.4","2.2","0","0","0","0.11","0","0","0","0","10","1980","1989","2","1067","4067","3587","522","992","192","40","147","530","106","61","444","679","0.277","0.356","0.475","0.831","125","*3987H","durhale01","null","null","0"
"156","Vic Power","15.3","16.9","16.1","0.69","1.5","9.3","-0.8","-4.4","0","0","1","0.29","0","0","0","0.1","12","1954","1965","6","1627","6461","6046","765","1716","290","49","126","658","45","35","279","247","0.284","0.315","0.411","0.725","97","*345H87/96","powervi01","null","null","0"
"157","Nick Etten","15.9","16.1","16","0.688","2.7","19.4","-8.3","3.6","0","0","1","0.27","0","0","0","0.1","9","1938","1947","0","937","3841","3320","426","921","167","25","89","526","22","25","480","199","0.277","0.371","0.423","0.794","126","*3H","ettenni01","null","null","0"
"158","Bill Buckner","15.1","16.4","15.7","0.686","1","12.9","-11.5","-17.2","0","0","2","0.26","0","0","0","0","22","1969","1990","1","2517","10037","9397","1077","2715","498","49","174","1208","183","73","450","453","0.289","0.321","0.408","0.729","100","*3*7H9D","bucknbi01","null","null","0"
"159","Nate Colbert","14.2","17.2","15.7","0.684","2.3","15.7","-7.4","1.5","0","0","1","0.13","0","0","0","0","10","1966","1976","3","1004","3863","3422","481","833","141","25","173","520","52","31","383","902","0.243","0.322","0.451","0.772","119","*3H7/8D95","colbena01","null","null","0"
"160","Cliff Johnson","16.2","14.4","15.3","0.682","1.9","20.9","-11.6","1.4","0","0","0","0","0","0","0","0","15","1972","1986","0","1369","4603","3945","539","1016","188","10","196","699","9","12","568","719","0.258","0.355","0.459","0.815","125","*D*H327/9","johnscl01","null","null","0"
"162","Eddie Robinson","14.7","15.3","15","0.678","1.8","15.1","-6","0","0","0","0","0.18","0","0","0","0","13","1942","1957","4","1315","4893","4282","546","1146","172","24","172","723","10","12","521","359","0.268","0.353","0.44","0.793","113","*3H","robined01","null","null","0"
"165","Nick Johnson","14.5","14.8","14.7","0.672","2.8","15.5","-5.7","3.9","0","0","0","0","0","0","0","0","10","2001","2012","0","832","3316","2698","430","723","173","5","95","398","29","24","522","572","0.268","0.399","0.441","0.84","123","*3DH/7","johnsni01","null","null","0"
"166","Eddie Waitkus","14.5","14.8","14.6","0.67","2.1","14","-4.2","-3.1","0","0","0","0.08","0","0","0","0","11","1941","1955","2","1140","4681","4254","528","1214","215","44","24","373","28","21","372","204","0.285","0.344","0.374","0.718","96","*3H/7","waitked01","null","null","0"
"169","Adam LaRoche","14.4","14.3","14.3","0.664","1.4","15.1","-10.1","-5.2","0","0","1","0.19","0","0","0","0","12","2004","2015","0","1605","6329","5593","752","1452","340","13","255","882","13","11","649","1407","0.26","0.336","0.462","0.798","111","*3HD/1","larocad01","null","null","0"
"170","Kendrys Morales","13.1","15.2","14.2","0.662","1.6","11.9","-8.6","-5.6","0","1","1","0.45","0","0","0","0","13","2006","2019","0","1363","5357","4856","584","1289","257","7","213","740","6","15","417","978","0.265","0.327","0.453","0.78","111","*D*3H/915","moralke01","null","null","0"
"171","Tony Clark","12.3","15.8","14.1","0.66","1.3","14.5","-8.4","-5","0","0","0","0.03","0","0","0","0","15","1995","2009","1","1559","5120","4532","629","1188","233","11","251","824","6","9","527","1209","0.262","0.339","0.485","0.824","112","*3*HD/7","clarkto02","null","null","0"
"172","Willie Upshaw","13","14.9","14","0.658","1.7","10.8","-3.8","-2.1","0","0","0","0.12","0","0","0","0","10","1978","1988","0","1264","4736","4203","596","1103","199","45","123","528","88","59","452","642","0.262","0.335","0.419","0.754","103","*3HD7/98","upshawi01","null","null","0"
"174","Kevin Millar","14.2","13.4","13.8","0.654","1.6","16.7","-9.3","-4.1","0","0","0","0","0","0","0","0","12","1998","2009","0","1427","5382","4688","648","1284","296","15","170","699","7","9","564","838","0.274","0.358","0.452","0.81","110","*379HD5","millake01","null","null","0"
"176","Randy Milligan","13.5","13.5","13.5","0.65","3.1","13.3","-3.3","4.7","0","0","0","0","0","0","0","0","8","1987","1994","0","703","2594","2118","305","553","106","10","70","284","16","18","447","431","0.261","0.391","0.42","0.81","127","*3HD/7","millira01","null","null","0"
"177","Hal Morris","13.4","13.5","13.4","0.648","1.7","12.7","-5.4","-0.5","0","0","0","0.05","0","0","0","0","13","1988","2000","0","1246","4443","3998","535","1216","246","21","76","513","45","24","356","548","0.304","0.361","0.433","0.794","111","*3H7D/9","morriha02","null","null","0"
"178","Adam Lind","12.8","13.5","13.1","0.646","1.5","15.2","-10.3","-4.7","0","0","0","0.04","0","0","0","0","12","2006","2017","0","1344","5029","4577","588","1247","259","12","200","723","7","5","393","945","0.272","0.33","0.465","0.795","112","*3*D7H","lindad01","null","null","0"
"179","Doug Mientkiewicz","11.8","14.3","13","0.644","1.8","8.2","-0.7","-1.4","0","0","0","0.01","0","0","0","0","12","1998","2009","0","1087","3844","3312","422","899","221","11","66","405","14","15","438","472","0.271","0.36","0.405","0.765","100","*3H5/9D4","mientdo01","null","null","0"
"181","John Jaha","12.4","13.4","12.9","0.64","2.4","13.2","-5.6","1.1","0","0","0","0","0","0","0","0","10","1992","2001","1","826","3285","2775","470","730","126","5","141","490","36","17","430","686","0.263","0.369","0.465","0.834","116","*3DH/457","jahajo01","null","null","0"
"183","Mike Epstein","12.7","13","12.9","0.636","2.3","17.9","-10","0.7","0","0","0","0.04","0","0","0","0","9","1966","1974","0","907","3393","2854","362","695","93","16","130","380","7","17","448","645","0.244","0.358","0.424","0.782","130","*3H","epstemi01","null","null","0"
"189","Luke Easter","12.4","12.7","12.6","0.624","3.4","11.6","-1.9","5.2","0","0","0","0.12","0","0","1","0.1","8","1947","1954","2","594","2355","2092","325","578","74","21","104","413","5","8","225","293","0.276","0.356","0.481","0.837","128","*37H/958","eastelu01","null","null","0"
"191","Billy Butler","11.8","13","12.4","0.62","1.3","14.4","-13.7","-8.4","0","0","0","0","0","0","0","0","10","2007","2016","1","1414","5686","5105","592","1479","322","5","147","728","5","3","500","840","0.29","0.354","0.441","0.795","116","*D*3H/7","butlebi03","null","null","0"
"192","Joe Collins","12","12.5","12.2","0.618","2.1","9.6","-1.2","3.7","0","0","0","0.01","0","0","0","0","10","1948","1957","0","908","2704","2329","404","596","79","24","86","329","27","21","338","263","0.256","0.35","0.421","0.771","111","*3H9/78","collijo01","null","null","0"
"195","David Segui","10.4","13.7","12.1","0.612","1.2","14.8","-12","-7.8","0","0","0","0","0","0","0","0","15","1990","2004","0","1456","5451","4847","683","1412","284","16","139","684","17","19","524","687","0.291","0.359","0.443","0.802","110","*3DH7/9","seguida01","null","null","0"
"196","Eric Karros","10.4","13.6","12","0.61","1","11.8","-11.2","-11.1","0","1","1","0.37","0","0","0","0","14","1991","2004","0","1755","7100","6441","797","1724","324","11","284","1027","59","30","552","1167","0.268","0.325","0.454","0.779","107","*3H/D","karroer01","null","null","0"
"197","James Loney","11.4","12.6","12","0.608","1.3","8.3","-4.5","-6","0","0","0","0","0","0","0","0","11","2006","2016","0","1443","5487","5023","528","1425","267","21","108","669","38","21","397","652","0.284","0.336","0.41","0.746","104","*3H/D9","loneyja01","null","null","0"
"198","J.T. Snow","11","12.8","11.9","0.606","1","13.7","-10.8","-9.7","0","0","0","0","0","0","0","0","16","1992","2008","0","1716","6553","5641","798","1509","293","19","189","877","20","23","760","1142","0.268","0.357","0.427","0.784","105","*3H/D","snowj.01","null","null","0"
"203","Sid Bream","11.1","11.3","11.2","0.596","1.7","6","-0.2","-0.5","0","0","0","0","0","0","0","0","12","1983","1994","0","1088","3531","3108","351","819","191","12","90","455","50","40","353","450","0.264","0.336","0.42","0.755","108","*3H/7","breamsi01","null","null","0"
"205","Ray Sanders","11.1","11.1","11.1","0.592","2.8","11","-2.9","2.5","0","0","0","0.07","0","0","0","0","7","1942","1949","0","630","2558","2182","321","597","114","19","42","329","8","6","328","216","0.274","0.37","0.401","0.771","115","*3H","sandera01","null","null","0"
"206","Babe Young","11","11.1","11.1","0.59","2.5","13","-4.7","1","0","0","0","0.05","0","0","0","0","8","1936","1948","0","728","2710","2403","320","656","121","17","79","415","9","17","274","161","0.273","0.352","0.436","0.788","117","*3H8/9","youngba01","null","null","0"
"208","Scott Hatteberg","10","11.9","11","0.586","1.2","14.9","-7.4","-6.7","0","0","0","0","0","0","0","0","14","1995","2008","0","1314","4876","4226","538","1153","249","7","106","527","3","8","562","503","0.273","0.361","0.41","0.772","101","*3*2DH/5","hattesc01","null","null","0"
"209","Steve Pearce","10.4","11.5","11","0.584","2.2","8.4","-1.2","1.8","0","0","0","0","0","0","0","0.1","13","2007","2019","0","766","2555","2256","290","572","131","8","91","303","13","7","240","509","0.254","0.332","0.44","0.772","108","37H9D4/5","pearcst01","null","null","0"
"210","Lennie Pearson","11.4","10.4","10.9","0.582","3.9","9","0.7","5.5","0","0","0","0","0","0","2","0.4","12","1937","1948","6","477","1955","1771","340","525","94","23","53","341","44","null","158","null","0.296","0.355","0.465","0.82","124","3758/4691","pearsle02","null","null","0"
"212","Russell Branyan","11.3","10.1","10.7","0.578","1.7","12.2","-3.4","-0.1","0","0","0","0","0","0","0","0","14","1998","2011","0","1059","3398","2934","405","682","143","8","194","467","16","4","403","1118","0.232","0.329","0.485","0.814","113","*53H7D9","branyru01","null","null","0"
"216","Dale Long","10.2","10.4","10.3","0.57","1.6","12.7","-6.5","-2.2","0","0","0","0.02","0","0","0","0","10","1951","1963","1","1013","3431","3020","384","805","135","33","132","467","10","3","353","460","0.267","0.341","0.464","0.805","115","*3H/27","longda02","null","null","0"
"217","Mark Trumbo","9.5","11.1","10.3","0.568","1.4","12.1","-8.9","-5.8","0","0","0","0","0","0","0","0","10","2010","2019","2","1097","4419","4085","532","1018","182","11","218","629","23","14","299","1097","0.249","0.302","0.459","0.761","108","*3*D97H/5","trumbma01","null","null","0"
"218","Bob Robertson","9.4","11","10.2","0.566","1.8","8.5","-3.3","0.4","0","0","0","0.01","0","0","0","0","11","1967","1979","0","829","2742","2385","283","578","93","10","115","368","7","9","317","546","0.242","0.331","0.434","0.766","114","*3HD/75","roberbo01","null","null","0"
"220","Joe Pepitone","9.7","10.7","10.2","0.562","1.1","11.9","-8.7","-8.3","0","0","0","0.05","0","0","0","0","12","1962","1973","3","1397","5476","5097","606","1315","158","35","219","721","41","32","302","526","0.258","0.301","0.432","0.733","105","*3*89H7","pepitjo01","null","null","0"
"222","Ken Phelps","9.4","10.7","10","0.558","2","10.5","-5.9","2","0","0","0","0","0","0","0","0","11","1980","1990","0","761","2287","1854","308","443","64","7","123","313","10","7","390","449","0.239","0.374","0.48","0.854","133","*DH3/9","phelpke01","null","null","0"
"224","Deron Johnson","6.3","13.4","9.9","0.554","0.6","12.4","-15","-17","0","1","1","0.42","0","0","0","0","16","1960","1976","0","1765","6620","5941","706","1447","247","33","245","923","11","18","585","1318","0.244","0.311","0.42","0.731","102","*3*5D7H9/8","johnsde01","null","null","0"
"226","Danny Cater","10.6","9","9.8","0.55","1.3","10","-5.2","-6.1","0","0","0","0.02","0","0","0","0","12","1964","1975","0","1289","4786","4451","491","1229","191","29","66","519","26","30","254","406","0.276","0.316","0.377","0.693","101","*375H/D948","caterda01","null","null","0"
"227","Mike Jorgensen","9.1","10.4","9.7","0.548","0.9","7.2","-4.6","-4.1","0","0","0","0","0","0","0","0","17","1968","1985","0","1633","4034","3421","429","833","132","13","95","426","58","44","532","589","0.243","0.347","0.373","0.72","101","*3*H798/D","jorgemi01","null","null","0"
"228","Greg Brock","10","9.3","9.6","0.546","1.6","7.6","-2.7","-2.5","0","0","0","0","0","0","0","0","10","1982","1991","0","1013","3695","3202","420","794","141","6","110","462","41","18","434","469","0.248","0.338","0.399","0.737","105","*3H/D","brockgr01","null","null","0"
"229","Buddy Hassett","9.6","9.6","9.6","0.544","1.7","7.2","-1.8","-3.4","0","0","0","0.01","0","0","0","0","7","1936","1942","0","929","3807","3517","469","1026","130","40","12","343","53","50","209","116","0.292","0.333","0.362","0.695","93","*3H79/8","hassebu01","null","null","0"
"230","Scott Spiezio","8.8","10.4","9.6","0.542","1.1","8.9","-2.2","-6.4","0","0","0","0","0","0","0","0","12","1996","2007","0","1273","4413","3899","517","996","225","27","119","549","33","23","412","594","0.255","0.329","0.419","0.747","95","*3*45HD79/1","spiezsc01","null","null","0"
"233","Ron Blomberg","9.4","9.5","9.5","0.536","3.3","10.3","-3.8","4.1","0","0","0","0","0","0","0","0","8","1969","1978","0","461","1493","1333","184","391","67","8","52","224","6","7","140","134","0.293","0.36","0.473","0.832","140","D3H9/7","blombro01","null","null","0"
"235","Tommy McCraw","8.7","10","9.3","0.532","1","6.4","-5.4","-6.4","0","0","0","0","0","0","0","0","13","1963","1975","0","1468","4397","3956","484","972","149","42","75","404","143","68","332","544","0.246","0.309","0.361","0.67","94","*3*H798/D","mccrato01","null","null","0"
"238","Yonder Alonso","8.6","9.6","9.1","0.526","1.3","6.9","-3.5","-3.8","0","0","0","0","0","0","0","0","10","2010","2019","1","1072","3773","3362","391","872","181","2","100","426","22","8","366","648","0.259","0.332","0.404","0.736","103","*3HD/754","alonsyo01","null","null","0"
"239","Erubiel Durazo","9.1","9.1","9.1","0.524","2.4","9.8","-4.6","1.5","0","0","0","0.01","0","0","0","0","7","1999","2005","0","624","2291","1948","333","547","108","6","94","330","7","5","307","428","0.281","0.381","0.487","0.868","123","*D3H/9","durazer01","null","null","0"
"240","Daric Barton","8.9","9.3","9.1","0.522","2.6","5.2","1.2","1.5","0","0","0","0","0","0","0","0.1","8","2007","2014","0","551","2085","1744","242","431","94","11","30","184","13","7","290","348","0.247","0.356","0.365","0.721","99","*3/H5","bartoda02","null","null","0"
"241","Phil Weintraub","9","9","9","0.52","3.3","9.4","-2.1","3.6","0","0","0","0","0","0","0","0","7","1933","1945","0","444","1630","1382","215","407","67","19","32","207","4","8","232","182","0.295","0.398","0.44","0.838","132","3H7/98","weintph01","null","null","0"
"243","Nick Esasky","8.3","9.3","8.8","0.516","1.7","10.3","-5.1","-2.3","0","0","0","0.05","0","0","0","0","8","1983","1990","0","810","3064","2703","336","677","120","21","122","427","18","14","314","712","0.25","0.329","0.446","0.775","111","*357H","esaskni01","null","null","0"
"244","Mike Hegan","8.3","9.2","8.8","0.514","1.4","6.8","-2.6","-0.2","0","0","0","0","0","0","0","0","12","1964","1977","1","966","2451","2080","281","504","73","18","53","229","28","21","311","489","0.242","0.341","0.371","0.712","104","*3H9D7/8","heganmi01","null","null","0"
"245","Lucas Duda","7.6","9.8","8.7","0.512","1.3","10.5","-8","-3.9","0","0","0","0.01","0","0","0","0","10","2010","2019","0","958","3581","3098","387","741","171","4","156","470","6","7","394","879","0.239","0.334","0.448","0.782","115","*397HD","dudalu01","null","null","0"
"246","Casey Kotchman","7.5","9.8","8.6","0.51","1.3","3.4","-0.4","-4.5","0","0","0","0","0","0","0","0","10","2004","2013","0","939","3412","3071","322","799","157","7","71","388","14","9","267","339","0.26","0.326","0.385","0.711","93","*3H/D","kotchca01","null","null","0"
"247","Dick Stuart","7.9","9.2","8.5","0.508","1.1","14.9","-12.8","-7.8","0","0","0","0.1","0","0","0","0","10","1958","1969","2","1112","4363","3997","506","1055","157","30","228","743","2","7","301","957","0.264","0.316","0.489","0.806","117","*3H/75","stuardi01","null","null","0"
"251","Willie Aikens","7.9","8.7","8.3","0.5","1.7","9.4","-5.7","-1.3","0","0","0","0","0","0","0","0","8","1977","1985","0","774","2856","2492","301","675","125","2","110","415","3","6","319","444","0.271","0.354","0.455","0.809","123","*3DH","aikenwi01","null","null","0"
"252","Ed Bouchee","8.3","8.3","8.3","0.498","2","9.8","-4.7","-1.6","0","0","0","0.08","0","0","0","0","7","1956","1962","0","670","2594","2199","298","583","114","21","61","290","5","8","340","401","0.265","0.368","0.419","0.787","112","*3H","bouched01","null","null","0"
"253","Les Fleming","8.2","8.2","8.2","0.496","3.1","8.1","-1.7","3.5","0","0","0","0.01","0","0","0","0","7","1939","1949","0","434","1572","1330","168","369","69","15","29","199","7","8","226","152","0.277","0.386","0.417","0.804","130","*3H9/7","flemile01","null","null","0"
"254","Bob Boyd","7.5","8.9","8.2","0.494","1.7","7.9","-3.3","0.4","0","0","0","0.03","0","0","0","0.1","11","1947","1961","3","727","2307","2078","276","620","91","24","21","201","18","17","177","114","0.298","0.355","0.396","0.75","108","*3H7/98","boydbo01","null","null","0"
"255","Tony Solaita","8","8","8","0.492","2.5","6.2","-0.7","2.7","0","0","0","0","0","0","0","0","7","1968","1979","0","525","1554","1316","164","336","66","1","50","203","2","8","214","345","0.255","0.357","0.421","0.778","120","3HD","solaito01","null","null","0"
"256","Mike Ivie","7.3","8.7","8","0.49","1.4","8.2","-5.3","-2.2","0","0","0","0","0","0","0","0","11","1971","1983","0","857","2963","2694","309","724","133","17","81","411","22","16","214","402","0.269","0.324","0.421","0.744","110","*3H5D7/24","iviemi01","null","null","0"
"259","Gordy Coleman","7.5","8.4","8","0.484","1.6","7.2","-3.4","-2.6","0","0","0","0","0","0","0","0","9","1959","1967","0","773","2604","2384","282","650","102","11","98","387","9","8","177","333","0.273","0.324","0.448","0.772","107","*3H","colemgo01","null","null","0"
"261","Kevin Young","5.9","9.7","7.8","0.48","0.8","2.2","-1.9","-7.3","0","0","0","0.01","0","0","0","0","12","1992","2003","0","1205","4352","3897","536","1007","235","17","144","606","83","49","336","882","0.258","0.324","0.438","0.762","95","*35H/97D","youngke01","null","null","0"
"263","Travis Lee","7.3","8.1","7.7","0.476","1.1","4.9","-3","-6.4","0","0","0","0","0","0","0","0","9","1998","2006","0","1099","4233","3740","476","958","191","16","115","488","59","20","457","704","0.256","0.337","0.408","0.745","95","*3H9/78D","leetr01","null","null","0"
"265","Ron Jackson","7.2","8.2","7.7","0.472","1.3","6.1","-1.5","-3.8","0","0","0","0","0","0","0","0","10","1975","1984","0","926","3285","2986","356","774","165","22","56","342","23","27","213","329","0.259","0.314","0.385","0.7","94","*35HD7/4968","jacksro02","null","null","0"
"266","George Crowe","7.7","7.4","7.6","0.47","1.7","8.8","-3.2","-0.1","0","0","0","0","0","0","0","0","11","1947","1961","2","748","2084","1878","243","516","76","18","86","332","4","2","174","246","0.275","0.337","0.472","0.809","113","*3*H/489","crowege01","null","null","0"
"268","Greg Colbrunn","6.9","7.6","7.3","0.466","1.1","5.8","-3","-2.4","0","0","0","0","0","0","0","0","13","1992","2004","0","992","3017","2769","337","801","155","12","98","422","29","21","170","444","0.289","0.338","0.46","0.799","106","*3H/D592","colbrgr01","null","null","0"
"272","Dave Bergman","6.7","7.6","7.1","0.458","0.8","5.7","-4.6","-3.7","0","0","0","0","0","0","0","0","17","1975","1992","0","1349","3114","2679","312","690","100","16","54","289","19","14","380","347","0.258","0.348","0.367","0.716","102","*3*HD7/98","bergmda01","null","null","0"
"275","Dick Gernert","6.6","6.8","6.7","0.452","1.3","5.8","-3.2","-2.5","0","0","0","0.02","0","0","0","0","11","1952","1962","0","835","2896","2493","357","632","104","8","103","402","10","11","363","462","0.254","0.351","0.426","0.776","106","*3H7/9","gernedi01","null","null","0"
"276","Tony Horton","6.7","6.7","6.7","0.45","1.7","6.7","-3.6","-1.6","0","0","0","0","0","0","0","0","7","1964","1970","0","636","2401","2228","251","597","102","15","76","297","12","8","140","319","0.268","0.313","0.43","0.743","109","*3H/7","hortoto01","null","null","0"
"277","Ed Kranepool","4.2","9","6.6","0.448","0.4","5.7","-11","-16.7","0","0","0","0","0","0","0","0","18","1962","1979","1","1853","5997","5436","536","1418","225","25","118","614","15","27","454","581","0.261","0.316","0.377","0.693","98","*3*H79/8","kraneed01","null","null","0"
"278","Paul Sorrento","5.6","7.3","6.5","0.446","0.8","8.8","-8.4","-7.9","0","0","0","0","0","0","0","0","11","1989","1999","0","1093","3890","3412","454","876","176","5","166","565","8","15","426","844","0.257","0.34","0.457","0.798","109","*3DH7/9","sorrepa01","null","null","0"
"279","Brad Fullmer","5.9","6.9","6.4","0.444","1.2","7.5","-7","-4.4","0","0","0","0","0","0","0","0","8","1997","2004","0","807","3065","2789","395","778","203","16","114","442","32","21","216","373","0.279","0.336","0.486","0.822","111","*D3H/7","fullmbr01","null","null","0"
"280","Greg Walker","5.8","7","6.4","0.442","1.1","6.9","-5.5","-4.4","0","0","0","0","0","0","0","0","9","1982","1990","0","855","3177","2864","368","746","164","19","113","444","19","12","268","520","0.26","0.326","0.449","0.775","108","*3HD","walkegr01","null","null","0"
"281","Brian Daubach","6.3","6.4","6.3","0.44","1.5","5.3","-2.2","-1.8","0","0","0","0","0","0","0","0","8","1998","2005","0","661","2303","2025","271","525","139","10","93","333","5","3","236","541","0.259","0.341","0.476","0.817","108","*3DH79/5","daubabr01","null","null","0"
"282","Brandon Moss","5.4","7.3","6.3","0.438","0.9","7.3","-7.1","-6.5","0","0","0","0","0","0","0","0","11","2007","2017","1","1016","3521","3133","419","742","159","17","160","473","11","11","328","968","0.237","0.314","0.452","0.766","106","*3*97HD/58","mossbr01","null","null","0"
"283","Mickey Rocco","6.2","6.2","6.2","0.436","2.3","5","-1.2","0.5","0","0","0","0","0","0","0","0","4","1943","1946","0","440","1935","1721","219","444","73","17","30","186","6","15","174","146","0.258","0.327","0.372","0.7","106","*3/H","roccomi01","null","null","0"
"284","Lamar Johnson","5.9","6.5","6.2","0.434","1.2","6.6","-5.9","-3.8","0","0","0","0","0","0","0","0","9","1974","1982","0","792","2883","2631","294","755","122","12","64","381","22","19","211","307","0.287","0.338","0.415","0.754","109","*3*DH/7","johnsla02","null","null","0"
"286","Dee Fondy","5.7","6.4","6.1","0.43","1","6.8","-5","-8.6","0","0","0","0","0","0","0","0","8","1951","1958","0","967","3759","3502","437","1000","144","47","69","373","84","53","203","526","0.286","0.324","0.413","0.737","95","*3H/97","fondyde01","null","null","0"
"288","Allen Craig","5.8","5.8","5.8","0.426","1.8","5.8","-2.8","-0.5","0","0","0","0.03","0","0","0","0","6","2010","2015","1","534","2013","1831","239","506","107","3","59","296","11","3","143","394","0.276","0.333","0.435","0.768","111","397H/D485","craigal01","null","null","0"
"290","Olmedo Sáenz","5.3","6.1","5.7","0.422","1.2","6.2","-3","-1","0","0","0","0","0","0","0","0","9","1994","2007","0","733","1893","1663","226","438","106","5","73","275","3","4","148","355","0.263","0.34","0.465","0.805","109","*H35D","saenzol01","null","null","0"
"292","Bert Haas","5.4","5.8","5.6","0.418","1.2","6","-2.1","-4.7","0","0","0","0","0","0","0","0","9","1937","1951","1","721","2674","2440","263","644","93","32","22","263","51","33","204","188","0.264","0.323","0.355","0.678","90","*35H8/79","haasbe01","null","null","0"
"293","Pat Tabler","3.1","8","5.6","0.416","0.4","8.1","-10.6","-11.1","0","0","0","0","0","0","0","0","12","1981","1992","1","1202","4364","3911","454","1101","190","25","47","512","16","20","375","559","0.282","0.345","0.379","0.724","99","*3D7H594","tablepa01","null","null","0"
"294","Ike Davis","5.6","5.6","5.6","0.414","1.3","4.6","-2.7","-1.8","0","0","0","0","0","0","0","0","7","2010","2016","0","665","2392","2076","260","496","117","2","81","291","7","8","294","538","0.239","0.332","0.414","0.746","107","*3H/D1","davisik02","null","null","0"
"296","Norm Larker","5.5","5.5","5.5","0.41","1.3","5","-2.4","-3.1","0","0","0","0.06","0","0","0","0","6","1958","1963","2","667","2230","1953","227","538","97","15","32","271","3","5","211","165","0.275","0.347","0.39","0.736","97","*3H7/9","larkeno01","null","null","0"
"298","Ricky Jordan","4.9","5.8","5.3","0.406","1.2","5.2","-3.6","-2.3","0","0","0","0","0","0","0","0","8","1988","1996","0","677","2221","2104","261","592","116","10","55","304","10","6","77","303","0.281","0.308","0.424","0.732","103","*3H/7D","jordari02","null","null","0"
"300","Steve Bilko","5","5.3","5.2","0.402","1.3","4.2","-1.4","-1.9","0","0","0","0","0","0","0","0","10","1949","1962","0","600","1995","1738","220","432","85","13","76","276","2","4","234","395","0.249","0.336","0.444","0.78","103","*3H/9","bilkost01","null","null","0"
"301","Dave Revering","5.1","5.1","5.1","0.4","1.5","4.5","-2.2","-1.5","0","0","0","0","0","0","0","0","5","1978","1982","0","557","2003","1832","205","486","83","16","62","234","2","10","148","240","0.265","0.318","0.43","0.748","110","*3HD","reverda01","null","null","0"
"302","Bob Oliver","4.3","5.8","5.1","0.398","0.8","5.8","-4.7","-6.9","0","0","0","0","0","0","0","0","8","1965","1975","0","847","3123","2914","293","745","102","19","94","419","17","14","156","562","0.256","0.295","0.4","0.696","100","*395H8/D7","olivebo01","null","null","0"
"304","Reggie Jefferson","4.5","5.6","5","0.394","1.1","5.8","-5.7","-3.5","0","0","0","0","0","0","0","0","9","1991","1999","0","680","2306","2123","285","637","131","11","72","300","2","5","146","451","0.3","0.349","0.474","0.823","112","*DH37","jeffere01","null","null","0"
"305","Walt Dropo","3.3","6.6","5","0.392","0.4","3.9","-6","-10.7","0","0","1","0.23","0","0","0","0","13","1949","1961","1","1288","4522","4124","478","1113","168","22","152","704","5","6","328","582","0.27","0.326","0.432","0.757","100","*3H/5","dropowa01","null","null","0"
"310","Johnny Washington","4.7","5","4.8","0.382","1.8","5.2","-2.4","-0.4","0","0","0","0","0","0","0","0","9","1936","1948","3","416","1647","1527","233","479","67","30","13","255","39","null","91","null","0.314","0.353","0.422","0.776","110","*3/492578","washijo01","null","null","0"
"315","Jim Spencer","2.8","6.3","4.5","0.372","0.3","3.3","-9.2","-16","0","0","0","0","0","0","0","0","15","1968","1982","1","1553","5409","4908","541","1227","179","27","146","599","11","19","407","582","0.25","0.307","0.387","0.694","98","*3DH/7","spencji01","null","null","0"
"316","Ben Broussard","4.4","4.4","4.4","0.37","1","6.3","-5","-4","0","0","0","0","0","0","0","0","7","2002","2008","0","705","2357","2136","275","561","114","13","87","314","15","7","171","466","0.263","0.324","0.45","0.775","105","*3HD7/9","brousbe01","null","null","0"
"319","John Ellis","3","5.4","4.2","0.364","0.5","6","-3.9","-7.1","0","0","0","0","0","0","0","0","13","1969","1981","0","883","2915","2672","259","699","116","13","69","391","6","10","190","403","0.262","0.312","0.392","0.704","99","*32HD/5","ellisjo01","null","null","0"
"321","Babe Dahlgren","2.3","6.1","4.2","0.36","0.3","4.2","-6.3","-12.9","0","0","0","0.13","0","0","0","0","12","1935","1946","1","1137","4508","4045","470","1056","174","37","82","569","18","23","390","401","0.261","0.329","0.383","0.713","93","*35H/62","dahlgba01","null","null","0"
"327","Frank Torre","3.9","3.9","3.9","0.348","0.9","3.5","-1.7","-2.6","0","0","0","0","0","0","0","0","7","1956","1963","0","714","1704","1482","150","404","78","15","13","179","4","1","155","64","0.273","0.349","0.372","0.72","100","*3H","torrefr01","null","null","0"
"328","Dan Johnson","3.2","4.6","3.9","0.346","1.2","3.1","-2.1","-2.7","0","0","0","0","0","0","0","0","10","2005","2015","0","443","1625","1382","179","324","61","2","57","203","1","1","214","244","0.234","0.335","0.405","0.741","99","*3DH/57","johnsda06","null","null","0"
"329","Chris Shelton","3.9","3.9","3.9","0.344","2.1","3.4","-0.8","0.2","0","0","0","0","0","0","0","0","5","2004","2009","0","299","1044","930","132","254","46","7","37","124","2","2","96","252","0.273","0.345","0.457","0.802","110","3H/D2579","sheltch01","null","null","0"
"331","Robert Fick","2.2","5.5","3.8","0.34","0.4","4","-3.7","-6.6","0","0","0","0","0","0","0","0","10","1998","2007","1","846","2658","2373","287","613","116","12","69","324","6","9","235","386","0.258","0.328","0.405","0.732","95","*39H2D7/5","fickro01","null","null","0"
"332","Justin Bour","3.8","3.8","3.8","0.338","1.1","5.4","-4.2","-2.4","0","0","0","0","0","0","0","0","6","2014","2019","0","559","1950","1714","206","433","71","2","92","303","3","0","218","447","0.253","0.337","0.457","0.794","116","*3H/D","bourju01","null","null","0"
"333","Craig Kusick","3.8","3.8","3.8","0.336","1.2","2.9","-2.3","-1.2","0","0","0","0","0","0","0","0","7","1973","1979","0","496","1461","1238","155","291","50","3","46","171","11","4","194","228","0.235","0.342","0.392","0.733","105","3DH/71","kusiccr01","null","null","0"
"334","Willie Montañez","1.6","5.9","3.8","0.334","0.2","7","-13.6","-19.1","0","0","0","0.01","0","0","0","0","14","1966","1982","1","1632","6407","5843","645","1604","279","25","139","802","32","42","465","751","0.275","0.327","0.402","0.729","102","*38H9/D7","montawi01","null","null","0"
"335","Johnny McCarthy","3.2","4.3","3.8","0.332","1","2.6","-1.3","-2.6","0","0","0","0","0","0","0","0","11","1934","1948","0","542","1672","1557","182","432","72","16","25","209","8","12","90","114","0.277","0.319","0.392","0.712","95","*3H/9871","mccarjo03","null","null","0"
"336","Troy Neel","3.7","3.7","3.7","0.33","2.6","4.3","-2.1","0.7","0","0","0","0","0","0","0","0","3","1992","1994","0","230","861","758","110","212","37","0","37","120","5","9","92","177","0.28","0.362","0.475","0.837","128","D3/H7","neeltr01","null","null","0"
"337","Ryan Garko","3.6","3.6","3.6","0.328","1.3","4.4","-3.1","-2.6","0","0","0","0","0","0","0","0","6","2005","2010","0","463","1752","1552","190","427","75","3","55","250","0","1","125","272","0.275","0.347","0.434","0.781","106","*3HD/79","garkory01","null","null","0"
"338","Rich Reese","2.2","4.8","3.5","0.326","0.4","2.6","-4.2","-5.6","0","0","0","0.01","0","0","0","0","10","1964","1973","0","866","2225","2020","248","512","73","17","52","245","16","15","158","270","0.253","0.312","0.384","0.695","95","*3H7/9","reeseri01","null","null","0"
"339","Fred Whitfield","3.1","3.9","3.5","0.324","0.6","5.1","-5.3","-5","0","0","0","0.02","0","0","0","0","9","1962","1970","0","817","2465","2284","242","578","93","8","108","356","7","16","139","371","0.253","0.298","0.443","0.741","107","*3H","whitffr01","null","null","0"
"340","Craig Wilson","3.4","3.4","3.4","0.322","0.8","7.2","-6.6","-3.6","0","0","0","0","0","0","0","0","7","2001","2007","0","698","2311","2010","303","527","100","14","99","292","14","7","198","643","0.262","0.353","0.474","0.827","113","39H72/D","wilsocr03","null","null","0"
"341","Josh Phelps","3.2","3.6","3.4","0.32","1.1","4.1","-3.9","-2.2","0","0","0","0","0","0","0","0","8","2000","2008","0","465","1552","1394","198","380","74","6","64","244","2","2","116","397","0.273","0.343","0.472","0.815","110","*DH3/279","phelpjo01","null","null","0"
"344","Tony Lupien","3.4","3.4","3.4","0.314","0.9","4.2","-3.9","-4.5","0","0","0","0.02","0","0","0","0","6","1940","1948","0","614","2647","2358","285","632","92","30","18","230","57","38","241","111","0.268","0.337","0.355","0.692","94","*3/H","lupieto01","null","null","0"
"345","Franklin Stubbs","2.7","3.8","3.2","0.312","0.5","2.8","-4.8","-7.2","0","0","0","0","0","0","0","0","10","1984","1995","0","945","2899","2591","323","602","109","12","104","348","74","28","260","626","0.232","0.303","0.404","0.707","96","*37H98/D","stubbfr01","null","null","0"
"347","Chubby Dean","2.9","3.4","3.2","0.308","0.9","3.4","-0.9","-7.6","0","0","0","0","0","0","0","0","8","1936","1943","0","533","1186","1047","106","287","47","7","3","128","5","3","115","65","0.274","0.347","0.341","0.688","79","H13","deanch01","null","null","0"
"348","Gail Hopkins","3.2","3.2","3.2","0.306","1","3.8","-2.5","-1.8","0","0","0","0","0","0","0","0","7","1968","1974","0","514","1400","1219","142","324","47","6","25","145","6","4","160","83","0.266","0.352","0.376","0.727","104","3HD/25","hopkiga01","null","null","0"
"350","Gaby Sánchez","3.1","3.1","3.1","0.302","0.7","3.5","-3.8","-3.9","0","0","0","0","0","0","0","0","7","2008","2014","1","700","2271","1998","236","508","126","4","61","266","12","1","225","368","0.254","0.332","0.413","0.744","103","*3H/D59","sanchga01","null","null","0"
"352","Ed Stevens","3.1","3.1","3.1","0.298","1.3","2.3","-0.8","-2.2","0","0","0","0","0","0","0","0","6","1945","1950","0","375","1357","1220","134","308","59","17","28","193","7","9","121","151","0.252","0.322","0.398","0.719","95","*3H","steveed01","null","null","0"
"357","Mark Sweeney","1.7","4.1","2.9","0.288","0.2","2.6","-3.6","-4.7","0","0","0","0","0","0","0","0","14","1995","2008","0","1218","2131","1830","220","464","101","9","42","250","16","9","259","425","0.254","0.347","0.387","0.734","92","*H379/D8","sweenma01","null","null","0"
"360","Buck O'Neil HOF","2.2","3.6","2.9","0.282","1","1.6","-1.2","-2.3","0","0","0","0","0","0","1","0.2","10","1937","1948","3","376","1490","1358","218","348","53","24","12","185","51","null","116","null","0.256","0.316","0.357","0.673","95","*3/75619","oneilbu01","Buck O'Neil","oneilbu01","1"
"361","Chris Carter","2.4","3.3","2.9","0.28","0.5","5.7","-7.9","-7.3","0","0","0","0","0","0","0","0","8","2010","2017","0","750","2853","2469","334","536","107","5","158","400","12","5","327","951","0.217","0.312","0.456","0.768","108","*3D7H/9","cartech02","null","null","0"
"364","Lee Stevens","2","3.6","2.8","0.274","0.3","3","-6.1","-10.4","0","0","0","0","0","0","0","0","10","1990","2002","0","1012","3724","3332","440","847","185","15","144","531","9","16","345","832","0.254","0.323","0.448","0.772","98","*3DH9/7","stevele01","null","null","0"
"366","Carlos Quintana","2.7","2.7","2.7","0.27","1","2.2","-1.6","-2.7","0","0","0","0","0","0","0","0","5","1988","1993","0","438","1557","1376","163","380","59","1","19","165","3","2","153","207","0.276","0.35","0.362","0.711","94","*39H/D78","quintca01","null","null","0"
"367","Sam Horn","2.3","3","2.7","0.268","1","2.6","-2.9","-1.7","0","0","0","0","0","0","0","0","8","1987","1995","0","389","1185","1040","132","250","49","1","62","179","0","1","132","323","0.24","0.328","0.468","0.797","119","DH/3","hornsa01","null","null","0"
"369","Hee-Seop Choi","2.6","2.6","2.6","0.264","1.2","3.1","-1.9","-0.7","0","0","0","0","0","0","0","0","4","2002","2005","0","363","1086","915","130","220","54","3","40","120","3","4","141","262","0.24","0.349","0.437","0.786","106","3H","choihe01","null","null","0"
"370","Ramon Webster","2.6","2.6","2.6","0.262","1.1","1.7","-0.2","-0.4","0","0","0","0","0","0","0","0","5","1967","1971","0","380","859","778","76","190","31","6","17","98","9","4","70","94","0.244","0.308","0.365","0.673","99","H3/79","webstra02","null","null","0"
"371","Pancho Herrera","2.6","2.6","2.6","0.26","1.4","3.4","-2.3","-1.7","0","0","0","0","0","0","0","0","3","1958","1961","0","300","1108","975","122","264","46","8","31","128","8","6","113","271","0.271","0.349","0.43","0.779","111","3/H45","herrepa01","null","null","0"
"373","Ed Mayweather","2.5","2.5","2.5","0.256","2.7","2.4","-0.6","0.6","0","0","0","0","0","1","1","0.4","6","1937","1942","2","152","584","515","84","144","25","13","7","93","7","null","59","null","0.28","0.356","0.419","0.775","122","3/9","mayweed01","null","null","0"
"374","Ed Young","2.4","2.6","2.5","0.254","2.3","2.3","-0.6","0.3","0","0","0","0","0","0","0","0","8","1938","1947","0","172","681","622","95","172","35","8","8","93","16","null","50","null","0.277","0.334","0.397","0.731","113","3/2597","younged01","null","null","0"
"375","Bob Hamelin","2.5","2.5","2.5","0.252","0.8","3.1","-3.4","-2.7","0","0","0","0","0","0","0","0","6","1993","1998","0","497","1508","1272","179","313","70","3","67","209","11","8","206","293","0.246","0.352","0.464","0.816","109","D3H","hamelbo01","null","null","0"
"380","Rocky Nelson","1.8","2.9","2.4","0.242","0.5","1.3","-1.3","-4.2","0","0","0","0","0","0","0","0","9","1949","1961","0","620","1555","1394","186","347","61","14","31","173","7","7","130","94","0.249","0.317","0.379","0.696","84","*3H/79","nelsoro01","null","null","0"
"381","Steve Balboni","0.8","3.8","2.3","0.24","0.1","2.7","-7.6","-10.3","0","0","0","0.03","0","0","0","0","11","1981","1993","0","960","3440","3120","351","714","127","11","181","495","1","2","273","856","0.229","0.293","0.451","0.743","101","*3DH","balbost01","null","null","0"
"386","Conor Jackson","2.2","2.2","2.2","0.23","0.5","4.5","-5.4","-5.5","0","0","0","0","0","0","0","0","7","2005","2011","0","658","2485","2184","291","591","123","9","52","295","27","6","252","291","0.271","0.351","0.407","0.757","95","*37H9/5D","jacksco01","null","null","0"
"389","Archie Ware","2.1","2.2","2.2","0.224","2","1.6","-0.3","0.2","0","0","0","0","0","0","0","0.1","8","1941","1948","4","172","701","633","88","180","27","7","3","90","11","0","49","null","0.284","0.343","0.363","0.707","107","3","warear01","null","null","0"
"399","Mike Carp","1.9","1.9","1.9","0.204","1","2.7","-2.2","-1.7","0","0","0","0","0","0","0","0","6","2009","2014","0","318","1000","887","97","225","51","5","27","127","2","3","90","243","0.254","0.33","0.414","0.744","108","37HD/951","carpmi01","null","null","0"
"401","Eduardo Pérez","0.9","2.9","1.9","0.2","0.2","2.8","-4.3","-5.7","0","0","0","0","0","0","0","0","13","1993","2006","0","754","2039","1800","238","445","88","3","79","294","19","13","194","393","0.247","0.326","0.431","0.757","97","3H59D7","perezed01","null","null","0"
"403","Joe Hague","1.9","1.9","1.9","0.196","0.7","2","-2.3","-2.8","0","0","0","0","0","0","0","0","6","1968","1973","0","430","1392","1195","141","286","41","10","40","163","4","8","177","222","0.239","0.336","0.391","0.727","101","39H/7","haguejo01","null","null","0"
"404","Gerald Perry","-0.2","3.8","1.8","0.194","0","3.7","-8.9","-12","0","0","0","0","0","0","0","0","13","1983","1995","1","1193","3527","3144","383","832","150","11","59","396","142","75","328","374","0.265","0.333","0.376","0.708","95","*3*H7D/9","perryge01","null","null","0"
"405","Len Matuszek","1.8","1.8","1.8","0.192","0.8","0.9","-0.7","-1.4","0","0","0","0","0","0","0","0","7","1981","1987","0","379","932","820","113","192","40","5","30","119","8","10","88","168","0.234","0.309","0.405","0.714","98","H37D/59","matusle01","null","null","0"
"406","Jack Bolling","1.8","1.8","1.8","0.19","2.3","1.6","-0.2","0.6","0","0","0","0","0","0","0","0","2","1939","1944","0","125","369","342","48","107","25","1","4","38","6","3","25","14","0.313","0.361","0.427","0.788","119","3H","bollija01","null","null","0"
"407","Jesús Guzmán","1.8","1.8","1.8","0.188","0.7","1.8","-1.6","-1.7","0","0","0","0","0","0","0","0","5","2009","2014","0","403","1114","1007","108","249","61","4","25","136","18","5","97","248","0.247","0.316","0.39","0.706","100","3H7/9D45","guzmaje01","null","null","0"
"408","Lyman Bostock","1.8","1.8","1.8","0.186","2.7","2.1","-0.8","0.4","0","0","0","0","0","0","1","0.2","6","1940","1948","1","106","424","384","44","125","17","7","0","54","4","null","29","null","0.326","0.373","0.406","0.779","126","3/96587","bostoly02","null","null","0"
"409","Chico Salmon","1","2.5","1.7","0.184","0.2","3.4","-2.3","-5.1","0","0","0","0","0","0","0","0","9","1964","1972","0","658","1803","1667","202","415","70","6","31","149","46","24","89","233","0.249","0.29","0.354","0.644","84","H463975/8","salmoch01","null","null","0"
"410","Art Pennington","1.7","1.7","1.7","0.182","2.4","2.1","-0.6","0.4","0","0","0","0","0","0","1","0.2","5","1941","1945","2","119","490","432","64","115","11","7","7","60","10","null","56","null","0.266","0.35","0.373","0.723","119","3/479856","penniar01","null","null","0"
"411","Tim Harkness","1.7","1.7","1.7","0.18","1.1","0.5","0.3","-0.8","0","0","0","0","0","0","0","0","4","1961","1964","0","259","632","562","59","132","18","4","14","61","7","4","58","118","0.235","0.315","0.356","0.671","92","3H","harknti01","null","null","0"
"412","Steve Cox","1.7","1.7","1.7","0.178","0.7","2.4","-2.4","-3.3","0","0","0","0","0","0","0","0","4","1999","2002","0","378","1399","1239","146","324","72","2","39","158","8","4","129","240","0.262","0.34","0.417","0.757","100","3DH79","coxst01","null","null","0"
"414","Hal Breeden","1.6","1.6","1.6","0.174","1","1","-0.2","-0.5","0","0","0","0","0","0","0","0","5","1971","1975","0","274","684","608","61","148","28","6","21","76","0","2","69","107","0.243","0.321","0.413","0.734","101","3H/79","breedha01","null","null","0"
"415","Dick Kryhoski","1.6","1.6","1.6","0.172","0.5","0.7","-1.4","-4.4","0","0","0","0","0","0","0","0","7","1949","1955","0","569","1946","1794","203","475","85","14","45","231","5","13","119","163","0.265","0.314","0.403","0.717","93","*3H","kryhodi01","null","null","0"
"416","Tim Corcoran","1","2.2","1.6","0.17","0.3","0.7","-1.3","-3.1","0","0","0","0","0","0","0","0","9","1977","1986","0","509","1213","1050","120","283","46","4","12","128","4","7","130","102","0.27","0.349","0.355","0.704","95","H39/7D8","corcoti01","null","null","0"
"417","Ryan Shealy","1.6","1.6","1.6","0.168","1.5","0.5","0.3","-0.5","0","0","0","0","0","0","0","0","5","2005","2010","0","169","598","545","75","146","26","1","19","94","2","1","46","150","0.268","0.331","0.424","0.755","95","3/HD","shealry01","null","null","0"
"418","Kennys Vargas","1.6","1.6","1.6","0.166","1.1","1.2","-1.2","-1.4","0","0","0","0","0","0","0","0","4","2014","2017","0","236","859","783","104","197","38","1","35","116","0","0","65","251","0.252","0.311","0.437","0.748","102","D3/H","vargake01","null","null","0"
"419","Red Moore","1.5","1.5","1.5","0.164","1.6","1.1","-0.2","-0.2","0","0","0","0","0","0","0","0.1","5","1936","1940","0","152","580","508","73","145","23","8","3","82","5","null","55","null","0.285","0.359","0.38","0.739","99","3/5","moorere01","null","null","0"
"420","Gene Larkin","1.5","1.5","1.5","0.162","0.3","4.3","-6.9","-7.5","0","0","0","0","0","0","0","0","7","1987","1993","0","758","2670","2321","275","618","131","12","32","266","23","17","268","278","0.266","0.348","0.374","0.723","98","3D9H/754","larkige01","null","null","0"
"422","Nick Evans","1.5","1.5","1.5","0.158","1.4","0.4","0.5","0.2","0","0","0","0","0","0","0","0","5","2008","2014","0","177","442","408","56","105","30","3","10","53","0","1","28","112","0.257","0.305","0.419","0.725","96","H37/958D","evansni01","null","null","0"
"423","Kevin Maas","1.5","1.5","1.5","0.156","0.6","2.6","-4","-3.5","0","0","0","0","0","0","0","0","5","1990","1995","0","406","1448","1248","171","287","43","1","65","169","10","5","182","310","0.23","0.329","0.422","0.752","107","D3H","maaske01","null","null","0"
"428","Lorenzo Cabrera","1.4","1.4","1.4","0.146","3","1.8","-0.8","0.4","0","0","0","0","0","0","0","0","2","1947","1948","0","75","335","306","53","94","18","6","6","56","9","null","24","null","0.307","0.363","0.464","0.827","130","3","cabrelo01","null","null","0"
"429","Mike Fiore","1.4","1.4","1.4","0.144","0.9","1.8","-1.2","-1","0","0","0","0","0","0","0","0","5","1968","1972","0","254","688","556","75","126","18","1","13","50","5","8","124","115","0.227","0.369","0.333","0.702","97","3H/879","fioremi01","null","null","0"
"431","Joe Lis","1.2","1.6","1.4","0.14","0.6","2","-2.1","-1.9","0","0","0","0","0","0","0","0","8","1970","1977","0","356","907","780","96","182","31","1","32","92","1","3","110","209","0.233","0.332","0.399","0.731","106","3H7/D592","lisjo01","null","null","0"
"433","Tommy Medica","1.4","1.4","1.4","0.136","1.8","1.4","-0.6","0.3","0","0","0","0","0","0","0","0","2","2013","2014","0","121","338","309","40","76","13","2","12","37","6","1","24","98","0.246","0.308","0.417","0.725","109","3H/7D","medicto01","null","null","0"
"436","Mike Squires","0.2","2.5","1.4","0.13","0","-0.3","-1.7","-5.6","0","0","0","0","0","0","0","0","10","1975","1985","0","779","1779","1580","211","411","53","10","6","141","45","28","143","108","0.26","0.321","0.318","0.639","78","*3H/5D27819","squirmi01","null","null","0"
"437","Travis Ishikawa","1.1","1.6","1.4","0.128","0.4","-0.6","0.1","-2.1","0","0","0","0","0","0","0","0","8","2006","2015","0","488","1050","944","114","241","49","5","23","137","3","2","85","257","0.255","0.321","0.391","0.712","90","*3H/79D","ishiktr01","null","null","0"
"440","Jelly Taylor","1.2","1.4","1.3","0.122","0.9","0.8","-0.6","-1.3","0","0","0","0","0","0","0","0","9","1937","1946","3","200","795","699","89","180","20","8","3","60","14","0","75","null","0.258","0.33","0.322","0.652","91","3","tayloje01","null","null","0"
"441","Norm Zauchin","1.3","1.3","1.3","0.12","0.6","0.3","-0.5","-2.5","0","0","0","0","0","0","0","0","6","1951","1959","0","346","1197","1038","134","242","28","2","50","159","5","1","137","226","0.233","0.324","0.408","0.732","94","*3H","zauchno01","null","null","0"
"444","Bill LeFebvre","1.2","1.2","1.2","0.114","2.7","1.2","0","-1.2","0","0","0","0","0","0","0","0","4","1938","1944","0","75","103","87","8","24","5","2","1","11","0","0","15","11","0.276","0.382","0.414","0.796","128","H1/3","lefebbi01","null","null","0"
"447","Jack Phillips","1","1.4","1.2","0.108","0.5","1.4","-1.4","-2.3","0","0","0","0","0","0","0","0","9","1947","1957","0","343","990","892","111","252","42","16","9","101","5","8","85","86","0.283","0.344","0.396","0.74","96","3H/5471","phillja02","null","null","0"
"448","Greg Goossen","1.2","1.2","1.2","0.106","1","1.3","-0.4","-0.6","0","0","0","0","0","0","0","0","6","1965","1970","0","193","514","460","33","111","24","1","13","44","1","1","42","112","0.241","0.316","0.383","0.699","100","3H2/7","goossgr01","null","null","0"
"449","Don Bollweg","1.1","1.1","1.1","0.104","0.9","1.6","-1","-0.6","0","0","0","0","0","0","0","0","5","1950","1955","0","195","518","452","62","110","22","7","11","53","2","0","60","68","0.243","0.337","0.396","0.733","100","3H","bollwdo01","null","null","0"
"451","José Morales","0.1","2.2","1.1","0.1","0","0.7","-3.3","-4.6","0","0","0","0","0","0","0","0","12","1973","1984","0","733","1428","1305","126","375","68","6","26","207","0","4","89","182","0.287","0.332","0.408","0.741","103","*HD32/7","moraljo01","null","null","0"
"455","Randall Simon","0.1","2","1.1","0.092","0","1.2","-3.6","-5.5","0","0","0","0","0","0","0","0","8","1997","2006","0","537","1717","1609","172","455","71","3","49","237","2","4","82","148","0.283","0.32","0.422","0.742","95","*3HD","simonra01","null","null","0"
"459","Heinz Becker","1","1","1","0.084","1.1","1.1","-0.5","-0.3","0","0","0","0","0","0","0","0","4","1943","1947","0","152","412","358","45","94","18","3","2","47","1","0","50","42","0.263","0.359","0.346","0.706","102","3H","beckehe02","null","null","0"
"460","Brian Hunter","0.3","1.7","1","0.082","0.1","-0.6","-1.8","-5.1","0","0","0","0","0","0","0","0","9","1991","2000","0","699","1742","1555","187","364","90","7","67","259","4","9","141","335","0.234","0.298","0.43","0.728","89","*3H7/9D","huntebr01","null","null","0"
"463","Scott Stahoviak","1","1","1","0.076","0.5","0.7","-1.1","-3","0","0","0","0","0","0","0","0","5","1993","1998","0","344","1153","1019","135","261","70","3","27","119","13","8","116","277","0.256","0.335","0.41","0.745","91","3H5/D9","stahosc01","null","null","0"
"466","Vance Dinges","0.9","0.9","0.9","0.07","0.9","1.7","-1.3","-0.9","0","0","0","0","0","0","0","0","2","1945","1946","0","159","553","501","53","146","20","5","2","46","7","7","44","29","0.291","0.35","0.363","0.713","103","39/H87","dingeva01","null","null","0"
"467","Pat Putnam","0.1","1.7","0.9","0.068","0","0.5","-3.7","-7","0","0","0","0","0","0","0","0","8","1977","1984","0","677","2174","1989","223","508","95","8","63","255","10","14","144","260","0.255","0.306","0.406","0.712","97","*3HD/759","putnapa01","null","null","0"
"468","Tyler Austin","0.9","0.9","0.9","0.066","0.7","1","-1","-1","0","0","0","0","0","0","0","0","4","2016","2019","0","209","583","521","75","114","20","1","33","91","4","2","54","215","0.219","0.292","0.451","0.743","96","3HD/79","austity01","null","null","0"
"470","Merv Connors","0.9","0.9","0.9","0.062","2.8","0.8","0.1","0.2","0","0","0","0","0","0","0","0","2","1937","1938","0","52","190","165","26","46","8","1","8","25","2","1","23","36","0.279","0.367","0.485","0.852","111","/53H","connome01","null","null","0"
"471","Marv Blaylock","0.9","0.9","0.9","0.06","0.5","0.8","-0.8","-2.4","0","0","0","0","0","0","0","0","4","1950","1957","0","287","852","746","96","175","21","15","15","78","11","2","84","137","0.235","0.314","0.363","0.677","83","3H/97","blaylma01","null","null","0"
"475","Randy Ruiz","0.8","0.8","0.8","0.052","1.9","0.8","-0.5","-0.1","0","0","0","0","0","0","0","0","3","2008","2010","0","68","238","217","41","59","11","0","12","25","2","1","16","67","0.272","0.332","0.488","0.82","115","D/H3","ruizra01","null","null","0"
"476","Preston Ward","0.2","1.3","0.8","0.05","0","1.7","-3.7","-8.1","0","0","0","0","0","0","0","0","9","1948","1959","0","744","2349","2067","219","522","83","15","50","262","7","9","231","315","0.253","0.326","0.38","0.706","88","*3H59/87","wardpr01","null","null","0"
"478","Pat Bourque","0.8","0.8","0.8","0.046","0.6","0.1","-0.1","-0.8","0","0","0","0","0","0","0","0","4","1971","1974","0","201","471","405","36","87","17","2","12","61","1","3","58","73","0.215","0.313","0.356","0.668","87","3H/D","bourqpa01","null","null","0"
"482","Josh Satin","0.7","0.7","0.7","0.038","1","0.4","0","-0.2","0","0","0","0","0","0","0","0","4","2011","2014","0","116","292","251","28","61","18","0","3","22","1","1","37","82","0.243","0.346","0.351","0.696","100","H3/5D","satinjo01","null","null","0"
"483","Rico Brogna","-1.1","2.5","0.7","0.036","-0.2","0.7","-6","-10.9","0","0","0","0","0","0","0","0","9","1992","2001","0","848","3223","2958","379","795","176","13","106","458","32","16","227","655","0.269","0.32","0.445","0.764","96","*3H/D","brognri01","null","null","0"
"485","Lee Moody","0.7","0.7","0.7","0.032","0.9","0.8","-0.4","-0.6","0","0","0","0","0","0","0","0","4","1944","1947","0","119","478","450","53","131","19","3","2","70","6","null","16","null","0.291","0.315","0.36","0.675","99","3/748659","moodyle01","null","null","0"
"490","Brett Pill","0.7","0.7","0.7","0.022","0.9","0.1","0.2","-0.2","0","0","0","0","0","0","0","0","3","2011","2013","0","111","259","240","28","56","10","2","9","32","1","1","13","44","0.233","0.279","0.404","0.683","93","3H/75","pillbr01","null","null","0"
"492","Joe Dillon","0.6","0.6","0.6","0.018","0.7","0.8","-0.3","-0.1","0","0","0","0","0","0","0","0","4","2005","2009","0","137","246","217","35","57","12","2","3","19","1","0","22","47","0.263","0.344","0.378","0.722","91","H/4735D9","dillojo02","null","null","0"
"493","Bucky Jacobsen","0.6","0.6","0.6","0.016","2.4","0.7","-0.3","0","0","0","0","0","0","0","0","0","1","2004","2004","0","42","176","160","17","44","9","0","9","28","0","0","14","47","0.275","0.335","0.5","0.835","117","/3DH","jacobbu02","null","null","0"
"494","Greg Bird","0.6","0.6","0.6","0.014","0.5","1","-1.3","-1.8","0","0","0","0","0","0","0","0","4","2015","2019","0","186","700","611","75","129","32","1","32","98","0","0","74","189","0.211","0.301","0.424","0.725","94","3/HD","birdgr01","null","null","0"
"496","Carlos Blanco","0.6","0.6","0.6","0.01","3.1","0.3","0.2","0.2","0","0","0","0","0","0","0","0","1","1941","1941","0","32","131","109","14","28","4","2","0","11","0","null","18","null","0.257","0.367","0.33","0.697","98","3/9","blancca01","null","null","0"
"497","Daryl Sconiers","0.6","0.6","0.6","0.008","0.4","0.8","-1.3","-1.6","0","0","0","0","0","0","0","0","5","1981","1985","0","234","691","637","83","169","30","5","15","84","7","5","48","87","0.265","0.315","0.399","0.714","97","3HD/7","sconida01","null","null","0"
"498","Mike Schemer","0.6","0.6","0.6","0.006","3","0.4","0.1","0.2","0","0","0","0","0","0","0","0","2","1945","1946","0","32","115","109","10","36","3","1","1","10","2","0","6","1","0.33","0.365","0.404","0.769","113","/3H","schemmi01","null","null","0"
"4","Joe Morgan HOF","100.6","59.3","80","0.994","6.2","104.4","3.8","63.5","2","4","5","3.04","2","5","5","3.8","22","1963","1984","10","2649","11329","9277","1650","2517","449","96","268","1133","689","162","1865","1015","0.271","0.392","0.427","0.819","132","*4H/7D58","morgajo02","Joe Morgan","morgajo02","1"
"6","Rod Carew HOF","81.1","49.7","65.4","0.99","5.3","81","-1.7","46.1","1","3","6","1.8","1","3","5","2.1","19","1967","1985","18","2469","10550","9315","1424","3053","445","112","92","1015","353","187","1018","1028","0.328","0.393","0.429","0.822","131","*3*4HD/657","carewro01","Rod Carew","carewro01","1"
"8","Bobby Grich","71.1","46.4","58.7","0.986","5.7","62.6","16.8","43.5","0","0","2","0.43","0","2","4","1.7","17","1970","1986","6","2008","8220","6890","1033","1833","320","47","224","864","104","83","1087","1278","0.266","0.371","0.424","0.794","125","*463H5/D","grichbo01","null","null","0"
"10","Jackie Robinson HOF","63.9","51.5","57.7","0.982","7.3","56.5","10.3","41.3","1","2","4","1.74","2","5","6","3.9","11","1945","1956","7","1416","5941","4997","972","1563","286","55","141","761","200","76","756","291","0.313","0.41","0.477","0.887","133","*4537H6/9","robinja02","Jackie Robinson","robinja02","1"
"11","Ryne Sandberg HOF","68","47.1","57.6","0.98","5.1","60.4","13.5","38.5","1","3","3","1.98","1","4","5","2.7","16","1981","1997","10","2164","9282","8385","1318","2386","403","76","282","1061","344","107","761","1260","0.285","0.344","0.452","0.795","114","*45H/6D","sandbry01","Ryne Sandberg","sandbry01","1"
"12","Chase Utley","64.6","49.3","56.9","0.978","5.4","51.3","17.4","41","0","0","3","0.73","0","5","5","2.8","16","2003","2018","6","1937","7863","6857","1103","1885","411","58","259","1025","154","22","724","1193","0.275","0.358","0.465","0.823","117","*4H3/D5","utleych01","null","null","0"
"13","Lou Whitaker","75.1","37.9","56.5","0.976","5.1","67.7","16.2","42.7","0","0","1","0.21","0","0","2","0.5","19","1977","1995","5","2390","9967","8570","1386","2369","420","65","244","1084","143","75","1197","1099","0.276","0.363","0.426","0.789","117","*4HD","whitalo01","null","null","0"
"14","Roberto Alomar HOF","67","42.9","55","0.974","4.6","70.8","3.3","32.5","0","2","5","1.91","0","2","3","1.3","17","1988","2004","12","2379","10400","9073","1508","2724","504","80","210","1134","474","114","1032","1140","0.3","0.371","0.443","0.814","116","*4H/D6","alomaro01","Roberto Alomar","alomaro01","1"
"15","Craig Biggio HOF","65.5","41.8","53.7","0.972","3.7","76.2","-2.9","29.1","0","2","3","1.02","0","2","3","1.3","20","1988","2007","7","2850","12504","10876","1844","3060","668","55","291","1175","414","124","1160","1753","0.281","0.363","0.433","0.796","112","*4*287H/D9","biggicr01","Craig Biggio","biggicr01","1"
"16","Willie Randolph","66","36.3","51.1","0.97","4.9","54.4","20.2","36.1","0","0","0","0.04","0","0","1","0.3","18","1975","1992","6","2202","9462","8018","1239","2210","316","65","54","687","271","94","1243","675","0.276","0.373","0.351","0.724","104","*4H/D5","randowi01","null","null","0"
"17","Joe Gordon HOF","55.6","44.8","50.2","0.968","5.8","40","22.4","35.4","1","1","5","1.57","0","4","6","2.4","11","1938","1950","9","1566","6537","5707","914","1530","264","52","253","975","89","60","759","702","0.268","0.357","0.466","0.822","120","*43/H6","gordojo01","Joe Gordon","gordojo01","1"
"20","Dustin Pedroia","51.8","40.9","46.4","0.962","5.6","41.4","15.5","29.4","1","1","3","1.17","0","2","3","1.3","14","2006","2019","4","1512","6777","6031","922","1805","394","15","140","725","138","46","624","654","0.299","0.365","0.439","0.805","113","*4/HD6","pedrodu01","null","null","0"
"21","Ian Kinsler","53.8","38.4","46.1","0.96","4.6","44.8","14.9","26.2","0","0","0","0.07","0","0","1","0.3","14","2006","2019","4","1888","8299","7423","1243","1999","416","41","257","909","243","74","693","1046","0.269","0.337","0.44","0.777","107","*4DH/51","kinslia01","null","null","0"
"22","Jeff Kent HOF","55.4","35.8","45.6","0.958","3.9","60.1","-0.1","26.6","1","1","4","1.59","0","2","2","0.8","17","1992","2008","5","2298","9537","8498","1320","2461","560","47","377","1518","94","60","801","1522","0.29","0.356","0.5","0.855","123","*453H/D6","kentje01","Jeff Kent","kentje01","1"
"24","Bobby Doerr HOF","51.4","37","44.2","0.954","4.5","46.3","13.5","26.8","0","1","2","0.93","0","1","4","1.1","14","1937","1951","9","1865","8030","7093","1094","2042","381","89","223","1247","54","64","809","608","0.288","0.362","0.461","0.823","115","*4/H","doerrbo01","Bobby Doerr","doerrbo01","1"
"25","Nellie Fox HOF","49.3","37","43.2","0.952","3.4","37.1","21","18.7","1","2","6","2.42","0","2","5","1.4","19","1947","1965","15","2367","10351","9232","1279","2663","355","112","35","790","76","80","719","216","0.288","0.348","0.363","0.71","94","*4H/53","foxne01","Nellie Fox","foxne01","1"
"26","Tony Phillips","50.9","34.1","42.5","0.95","3.8","47.4","6.2","21.6","0","0","0","0.03","0","0","1","0.2","18","1982","1999","0","2161","9110","7617","1300","2023","360","50","160","819","177","114","1319","1499","0.266","0.374","0.389","0.763","109","*4*7*569D8H/3","phillto02","null","null","0"
"27","Ben Zobrist","44.7","39.6","42.2","0.948","4.4","39.2","6.7","21.6","0","0","1","0.13","0","1","3","1.2","14","2006","2019","3","1651","6836","5880","884","1566","349","44","167","768","116","49","832","994","0.266","0.357","0.426","0.783","113","*4*967H8/D351","zobribe01","null","null","0"
"28","Chuck Knoblauch","44.6","38.6","41.6","0.946","4.4","42.2","6","20.1","0","0","0","0.05","0","1","3","1.1","12","1991","2002","4","1632","7387","6366","1132","1839","322","64","98","615","407","117","804","730","0.289","0.378","0.406","0.783","106","*47D/H68","knoblch01","null","null","0"
"33","Lonny Frey","44.6","35.5","40.1","0.936","4.7","38.4","13.3","22.9","0","0","0","0.03","0","2","4","1.3","14","1933","1948","3","1535","6402","5517","848","1482","263","69","61","549","105","57","752","525","0.269","0.359","0.374","0.734","104","*4*6H/9587","freylo01","null","null","0"
"35","Eddie Stanky","41.6","37.8","39.7","0.932","5.4","39.5","8.6","22.3","0","1","2","0.73","1","2","3","1.6","11","1943","1953","3","1259","5439","4301","811","1154","185","35","29","364","48","39","996","374","0.268","0.41","0.348","0.758","109","*4H6/5","stanked01","null","null","0"
"37","Red Schoendienst HOF","44.8","32.7","38.8","0.928","3.3","38.3","15.2","10.8","0","2","4","1.37","0","0","2","0.5","19","1945","1963","10","2216","9224","8479","1223","2449","427","78","84","773","89","60","606","346","0.289","0.337","0.387","0.724","94","*4H765/8","schoere01","Red Schoendienst","schoere01","1"
"38","Jim Gilliam","44.8","30.4","37.6","0.926","3.5","40.6","10.1","12.5","0","1","2","0.55","0","1","2","0.7","17","1946","1966","4","2094","8887","7599","1255","2021","325","80","65","625","219","111","1102","416","0.266","0.36","0.355","0.716","93","*4*57H/9683","gilliji01","null","null","0"
"40","Julio Franco","43.6","30.8","37.2","0.922","2.8","48.5","-2.8","12.3","0","0","1","0.18","0","1","1","0.5","23","1982","2007","3","2527","9731","8677","1285","2586","407","54","173","1194","281","107","917","1341","0.298","0.365","0.417","0.782","111","*6*4*3*D*H/579","francju01","null","null","0"
"41","Plácido Polanco","41.9","32.4","37.1","0.92","3.5","27.9","19","17.2","0","0","0","0.02","0","0","0","0.1","16","1998","2013","2","1927","7887","7214","1009","2142","348","32","104","723","81","30","429","538","0.297","0.343","0.397","0.74","95","*4*56H/7D3","polanpl01","null","null","0"
"42","Gil McDougald","40.8","32.3","36.5","0.918","4.9","31.3","14","24.2","0","1","3","0.95","0","0","2","0.5","10","1951","1960","6","1336","5398","4676","697","1291","187","51","112","576","45","44","559","623","0.276","0.356","0.41","0.766","111","*4*56H","mcdougi01","null","null","0"
"43","Davey Lopes","42.4","30.2","36.3","0.916","3.8","44.8","1.7","19.2","0","0","0","0.04","0","0","0","0.1","16","1972","1987","4","1812","7340","6354","1023","1671","232","50","155","614","557","114","833","852","0.263","0.349","0.388","0.737","107","*4H8795/D6","lopesda01","null","null","0"
"45","Don Buford","36.1","33.4","34.8","0.912","4.5","30.7","5.2","18.3","0","0","0","0.1","0","1","1","0.5","10","1963","1972","1","1286","5347","4553","718","1203","157","44","93","418","200","105","672","575","0.264","0.362","0.379","0.741","115","*7*4*5H8/9","bufordo01","null","null","0"
"48","Dick McAuliffe","37.6","29.6","33.6","0.906","3.5","42.3","4.1","14","0","0","1","0.25","0","0","1","0.4","16","1960","1975","3","1763","7162","6185","888","1530","231","71","197","696","63","59","882","974","0.247","0.343","0.403","0.746","109","*4*65H/D","mcauldi01","null","null","0"
"51","Robby Thompson","33.9","30.3","32.1","0.9","4.2","29.3","7.9","17.1","0","0","0","0.03","0","0","1","0.4","11","1986","1996","2","1304","5235","4612","671","1187","238","39","119","458","103","62","439","987","0.257","0.329","0.403","0.733","105","*4H/6","thompro01","null","null","0"
"52","Bill Mazeroski HOF","36.5","26","31.3","0.898","2.7","19.6","24","5","0","0","1","0.19","0","0","0","0.1","17","1956","1972","10","2163","8379","7755","769","2016","294","62","138","853","27","23","447","706","0.26","0.299","0.367","0.667","84","*4H/5","mazerbi01","Bill Mazeroski","mazerbi01","1"
"54","Bill Doran","32.8","29.1","31","0.894","3.7","32.9","3.9","13.2","0","0","0","0.11","0","0","0","0.1","12","1982","1993","0","1453","5922","5131","727","1366","220","39","84","497","209","93","709","600","0.266","0.354","0.373","0.728","106","*4H3/675","doranbi02","null","null","0"
"60","Ray Durham","33.8","25.9","29.9","0.882","2.8","43.7","-5.1","6.7","0","0","0","0","0","0","0","0","14","1995","2008","2","1975","8423","7408","1249","2054","440","79","192","875","273","97","820","1201","0.277","0.352","0.436","0.788","104","*4HD/8","durhara01","null","null","0"
"61","Mark Ellis","33.5","25.7","29.6","0.88","3.8","19.6","17.9","13.7","0","0","0","0","0","0","0","0","12","2002","2014","0","1435","5728","5117","690","1343","257","25","105","550","82","29","438","801","0.262","0.327","0.384","0.711","92","*4H/65D3","ellisma01","null","null","0"
"63","Frank White","34.8","23.6","29.2","0.876","2.4","22.5","22","7","0","0","0","0","0","0","0","0","18","1973","1990","5","2324","8468","7859","912","2006","407","58","160","886","178","83","412","1035","0.255","0.293","0.383","0.675","85","*46H/5D9","whitefr01","null","null","0"
"64","Ron Hunt","32.7","25.6","29.1","0.874","3.6","35.7","1.1","11.3","0","0","0","0.03","0","0","0","0","12","1963","1974","2","1483","6158","5235","745","1429","223","23","39","370","65","55","555","382","0.273","0.368","0.347","0.715","105","*45H/6","huntro01","null","null","0"
"65","Orlando Hudson","30.9","27.3","29.1","0.872","3.7","21.3","13.2","13.3","0","0","0","0","0","0","0","0.1","11","2002","2012","2","1345","5413","4825","648","1319","256","66","93","542","85","28","483","825","0.273","0.341","0.412","0.752","97","*4H/5D","hudsoor01","null","null","0"
"66","Brian Roberts","29.5","28.1","28.8","0.87","3.4","28.6","5.2","8.4","0","0","0","0.01","0","1","1","0.7","14","2001","2014","2","1418","6253","5531","850","1527","367","39","97","542","285","73","609","844","0.276","0.347","0.409","0.756","101","*4H6D","roberbr01","null","null","0"
"67","Snuffy Stirnweiss","27.5","28.8","28.1","0.868","4.3","20.7","11.1","15.1","0","2","2","0.86","0","2","2","1.4","10","1943","1952","1","1028","4293","3695","604","989","157","68","29","281","134","55","541","447","0.268","0.362","0.371","0.733","103","*456H","stirnsn01","null","null","0"
"68","Pete Runnels","29.9","26.3","28.1","0.866","2.7","33.5","-1.8","7","0","0","1","0.27","0","0","3","0.7","14","1951","1964","5","1799","7329","6373","876","1854","282","64","49","630","37","51","844","627","0.291","0.375","0.378","0.753","107","*3*4*6H5/7","runnepe01","null","null","0"
"70","Bobby Ávila","28.5","26.4","27.5","0.862","3.6","28.6","4.6","12.2","0","1","2","0.76","0","1","1","0.8","11","1949","1959","3","1300","5344","4620","725","1296","185","35","80","467","78","52","561","399","0.281","0.359","0.388","0.747","104","*4H5/967","avilabo01","null","null","0"
"72","Brandon Phillips","28.9","25.1","27","0.858","2.5","26.5","7.4","4.4","0","0","0","0.05","0","0","0","0","17","2002","2018","3","1902","7992","7378","1005","2029","368","35","211","951","209","84","420","1092","0.275","0.32","0.42","0.74","95","*4H/5D6","phillbr01","null","null","0"
"73","Phil Garner","29.7","23.4","26.6","0.856","2.6","27.7","7","6.5","0","0","0","0","0","0","0","0","16","1973","1988","3","1860","6861","6136","780","1594","299","82","109","738","225","105","564","842","0.26","0.323","0.389","0.711","99","*4*5H6/D","garneph01","null","null","0"
"74","Luis Castillo","29.1","24","26.6","0.854","2.7","30.9","2.6","6.7","0","0","0","0.02","0","0","0","0","15","1996","2010","3","1720","7471","6510","1001","1889","194","59","28","443","370","142","800","850","0.29","0.368","0.351","0.719","92","*4H","castilu01","null","null","0"
"75","Davey Johnson","27.5","23.4","25.5","0.852","3.1","27.1","4.4","8.8","0","0","0","0.12","0","0","0","0","13","1965","1978","4","1435","5465","4797","564","1252","242","18","136","609","33","25","559","675","0.261","0.34","0.404","0.744","110","*43H65","johnsda02","null","null","0"
"78","Aaron Hill","24.4","24","24.2","0.846","2.5","21.9","6.6","3.4","0","0","0","0.07","0","0","0","0.1","13","2005","2017","1","1559","6217","5646","736","1501","325","22","162","695","74","35","443","847","0.266","0.323","0.417","0.74","96","*45H6D/7","hillaa01","null","null","0"
"80","Bret Boone","22.8","25.2","24","0.842","2.1","28.7","-0.9","-1.3","0","1","2","0.84","0","1","2","0.8","14","1992","2005","3","1780","7433","6683","927","1775","366","28","252","1021","94","53","552","1295","0.266","0.325","0.442","0.767","101","*4/H5D","boonebr01","null","null","0"
"81","Steve Sax","25.7","21.9","23.8","0.84","2.4","32","-0.9","0.4","0","0","0","0.05","0","0","0","0.1","14","1981","1994","5","1769","7632","6940","913","1949","278","47","54","550","444","178","556","584","0.281","0.335","0.358","0.692","95","*4H/7D59","saxst01","null","null","0"
"83","Johnny Ray","24.2","23","23.6","0.836","2.9","22.1","6.2","5","0","0","0","0","0","0","0","0.1","10","1981","1990","1","1353","5664","5188","604","1502","294","36","53","594","80","49","353","329","0.29","0.333","0.391","0.724","101","*4H7/D","rayjo01","null","null","0"
"84","Mark Grudzielanek","26.5","20.7","23.6","0.834","2.4","24","9.4","3","0","0","0","0.01","0","0","0","0","15","1995","2010","1","1802","7603","7052","946","2040","391","36","90","640","133","52","364","954","0.289","0.332","0.393","0.725","90","*4*6H5/D","grudzma01","null","null","0"
"85","Dave Cash","25.6","21.6","23.6","0.832","2.9","20.8","9.1","7.2","0","0","0","0.14","0","0","0","0","12","1969","1980","3","1422","6057","5554","732","1571","243","56","21","426","120","74","424","309","0.283","0.334","0.358","0.692","93","*4H5/6","cashda01","null","null","0"
"87","Billy Goodman","26.9","19.7","23.3","0.828","2.7","24.5","2.7","7.6","0","1","1","0.69","0","0","0","0","16","1947","1962","2","1623","6448","5644","807","1691","299","44","19","591","37","30","669","329","0.3","0.376","0.378","0.754","99","*4*3*5H79/6","goodmbi01","null","null","0"
"88","Randy Velarde","24.9","20.5","22.7","0.826","3.2","23","5.5","8.4","0","0","0","0","0","1","1","0.4","16","1987","2002","0","1273","4813","4244","633","1171","214","23","100","445","78","37","463","853","0.276","0.352","0.408","0.76","101","*4567H/D398","velarra01","null","null","0"
"89","Delino DeShields","24.4","20.8","22.6","0.824","2.4","27.1","0.2","3.9","0","0","0","0.02","0","0","0","0","13","1990","2002","0","1615","6652","5779","872","1548","244","74","80","561","463","147","754","1061","0.268","0.352","0.377","0.729","98","*4H7/D65839","deshide01","null","null","0"
"91","Tom Herr","23.6","21.3","22.5","0.82","2.5","24","3.9","3.2","0","1","1","0.37","0","0","0","0.1","13","1979","1991","1","1514","6116","5349","676","1450","254","41","28","574","188","64","627","584","0.271","0.347","0.35","0.696","95","*4H/65D8","herrto01","null","null","0"
"93","Carlos Baerga","19.6","22","20.8","0.816","1.9","23.6","-0.8","0.2","0","0","1","0.21","0","0","0","0.1","14","1990","2005","3","1630","5895","5439","731","1583","279","17","134","774","59","24","291","580","0.291","0.332","0.423","0.754","100","*4*H53D6","baergca01","null","null","0"
"94","Tony Taylor","23.2","18.2","20.7","0.814","1.7","26.6","1.8","-7.6","0","0","0","0.04","0","0","0","0","19","1958","1976","2","2195","8501","7680","1005","2007","298","86","75","598","234","111","613","1083","0.261","0.321","0.352","0.673","88","*4*5*H3/76D","tayloto02","null","null","0"
"95","Adam Kennedy","20.9","20.3","20.6","0.812","2","15.8","8.4","0.3","0","0","0","0","0","0","0","0","14","1999","2012","0","1691","6055","5473","682","1488","288","42","80","571","179","62","401","839","0.272","0.327","0.384","0.711","88","*4H53/D9786","kennead01","null","null","0"
"96","Bip Roberts","20.5","20.5","20.5","0.81","2.8","20.3","-0.2","5.6","0","0","1","0.19","0","0","1","0.2","12","1986","1998","1","1202","4631","4147","663","1220","203","31","30","352","264","95","396","548","0.294","0.358","0.38","0.737","100","*4*7H58D6/9","roberbi01","null","null","0"
"97","Damion Easley","20.5","20.4","20.4","0.808","1.9","20.9","4.2","-0.6","0","0","0","0","0","0","0","0","17","1992","2008","1","1706","6211","5484","735","1386","287","27","163","684","114","56","510","935","0.253","0.329","0.404","0.733","92","*4H65/3D978","easleda01","null","null","0"
"99","Ronnie Belliard","20.8","19.7","20.2","0.804","2.3","18.7","5.1","2.9","0","0","0","0","0","0","0","0","13","1998","2010","1","1484","5641","5045","685","1377","328","24","114","601","43","28","488","797","0.273","0.338","0.415","0.753","96","*4H53/6D","belliro01","null","null","0"
"101","Craig Counsell","22.4","17.4","19.9","0.8","2.2","8.1","18.8","5.9","0","0","0","0","0","0","0","0.1","16","1995","2011","0","1624","5488","4741","647","1208","218","40","42","390","103","49","589","663","0.255","0.342","0.344","0.686","79","*4*6*5*H/37","counscr01","null","null","0"
"105","Jim Gantner","22.4","16.7","19.6","0.792","2","19.2","9.9","0.4","0","0","0","0","0","0","0","0","17","1976","1992","0","1801","6787","6189","726","1696","262","38","47","568","137","78","383","501","0.274","0.319","0.351","0.671","88","*4*5H/D631","gantnji01","null","null","0"
"108","Dan Uggla","18.4","20.2","19.3","0.786","2.2","25.1","-3.5","1.7","0","0","0","0.03","0","0","0","0","10","2006","2015","3","1346","5509","4759","759","1149","238","18","235","706","26","21","626","1341","0.241","0.336","0.447","0.783","107","*4H/D3","ugglada01","null","null","0"
"110","José Vidro","17.4","20.2","18.8","0.782","2","23.8","-5.8","-0.3","0","0","0","0","0","0","0","0","12","1997","2008","3","1418","5708","5113","720","1524","341","12","128","654","23","16","478","556","0.298","0.359","0.445","0.804","108","*4DH53/7","vidrojo01","null","null","0"
"112","Glenn Hubbard","19.2","18.3","18.7","0.778","2.3","14.9","8.4","1.7","0","0","0","0","0","0","0","0","12","1978","1989","1","1354","5122","4441","545","1084","214","22","70","448","35","35","539","640","0.244","0.328","0.349","0.677","85","*4H/D","hubbagl01","null","null","0"
"113","Jerry Priddy","18.6","18.9","18.7","0.776","2.3","20.5","3.6","2.3","0","0","0","0.14","0","0","0","0.1","11","1941","1953","0","1296","5428","4720","612","1252","232","46","61","541","44","44","624","639","0.265","0.353","0.373","0.725","98","*453/H6","priddje01","null","null","0"
"115","Mark Loretta","19.3","17.7","18.5","0.772","1.8","22.9","-0.1","-0.8","0","0","1","0.11","0","0","0","0.1","15","1995","2009","2","1726","6558","5812","768","1713","309","22","76","629","47","35","555","605","0.295","0.36","0.395","0.754","98","*4*65H3/D17","loretma01","null","null","0"
"117","Mark McLemore","19.6","17.2","18.4","0.768","1.7","16.3","6.2","-5.1","0","0","0","0","0","0","0","0","19","1986","2004","0","1832","7239","6192","943","1602","255","47","53","615","272","119","875","983","0.259","0.349","0.341","0.69","82","*47H956D/8","mclemma01","null","null","0"
"121","Frank Bolling","16.9","19.3","18.1","0.76","1.8","15.6","6.3","-4.2","0","0","0","0.04","0","0","0","0","12","1954","1966","4","1540","6190","5562","692","1415","221","40","106","556","40","38","462","558","0.254","0.313","0.366","0.679","85","*4H","bollifr01","null","null","0"
"122","Don Blasingame","18.4","17.7","18","0.758","2.1","16.6","6.9","-2.8","0","0","0","0.08","0","0","1","0.1","12","1955","1966","1","1444","5938","5296","731","1366","178","62","21","308","105","60","552","462","0.258","0.329","0.327","0.656","79","*4H6/5","blasido01","null","null","0"
"125","José Offerman","17.1","18.5","17.8","0.752","1.7","23.6","-3.1","-4.1","0","0","0","0","0","0","0","0","15","1990","2005","2","1651","6582","5681","840","1551","252","72","57","537","172","100","772","914","0.273","0.36","0.373","0.732","94","*6*43HD/798","offerjo01","null","null","0"
"126","Félix Millán","17.7","17.9","17.8","0.75","1.9","18.6","3.5","-2.5","0","0","0","0.04","0","0","0","0","12","1966","1977","3","1480","6325","5791","699","1617","229","38","22","403","67","43","318","242","0.279","0.322","0.343","0.665","87","*4H/56","millafe01","null","null","0"
"127","Eric Young Sr.","18.8","16.8","17.8","0.748","1.8","19.5","1.5","-2","0","0","0","0","0","0","0","0","15","1992","2006","1","1730","6996","6119","996","1731","327","46","79","543","465","168","660","462","0.283","0.359","0.39","0.749","92","*47H/D8695","younger01","null","null","0"
"130","Juan Samuel","17","17.7","17.3","0.742","1.6","28.5","-8.9","-4.7","0","0","0","0.06","0","0","0","0","16","1983","1998","3","1720","6664","6081","873","1578","287","102","161","703","396","143","440","1442","0.259","0.315","0.42","0.735","101","*48HD397/5","samueju01","null","null","0"
"131","Jim Lefebvre","17.1","17.2","17.2","0.74","3","14.7","4.8","4.9","0","0","0","0.06","0","0","0","0","8","1965","1972","1","922","3417","3014","313","756","126","18","74","404","8","15","322","447","0.251","0.323","0.378","0.701","104","*45H/37","lefebji01","null","null","0"
"132","Harold Reynolds","15.8","18.5","17.2","0.738","1.9","13.6","7.1","-1.8","0","0","0","0","0","0","0","0","12","1983","1994","2","1374","5398","4782","640","1233","230","53","21","353","250","138","480","417","0.258","0.327","0.341","0.668","83","*4H/D7","reynoha01","null","null","0"
"133","Connie Ryan","17.5","16.6","17.1","0.736","2.4","17.5","5.3","0.3","0","0","0","0.01","0","0","0","0","12","1942","1954","1","1184","4597","3982","535","988","181","42","56","381","69","42","518","514","0.248","0.337","0.357","0.694","90","*45H/639","ryanco01","null","null","0"
"137","Mike Gallego","17","16.4","16.7","0.728","2.5","10.1","12.1","5.6","0","0","0","0","0","0","0","0","13","1985","1997","0","1111","3379","2931","374","700","111","12","42","282","24","31","326","465","0.239","0.32","0.328","0.648","81","*4*65H/D9","gallemi01","null","null","0"
"138","Ted Sizemore","16.2","17.3","16.7","0.726","1.9","11","9.5","-2","0","0","0","0.01","0","0","0","0","12","1969","1980","0","1411","5648","5011","577","1311","188","21","23","430","59","46","469","350","0.262","0.325","0.321","0.646","80","*46H/7952","sizemte01","null","null","0"
"139","Marcus Giles","16.7","16.7","16.7","0.724","3.4","15.1","3.5","6.7","0","0","0","0.03","0","1","1","0.4","7","2001","2007","1","792","3340","2934","468","813","187","16","76","333","70","25","318","523","0.277","0.353","0.429","0.782","103","*4H/5","gilesma01","null","null","0"
"141","Omar Infante","17","16.2","16.6","0.72","1.8","14.7","6.6","-2","0","0","0","0","0","0","0","0","15","2002","2016","1","1507","5698","5271","609","1427","260","53","82","542","80","33","296","776","0.271","0.308","0.387","0.695","87","*465H78/D9","infanom01","null","null","0"
"142","Johnny Temple","17.1","16","16.6","0.718","2","23.6","-0.9","-3.7","0","0","0","0.1","0","0","0","0","13","1952","1964","6","1420","6039","5218","720","1484","208","36","22","395","140","48","648","338","0.284","0.363","0.351","0.713","92","*4H5/396","templjo01","null","null","0"
"143","Danny O'Connell","17.2","15.9","16.5","0.716","2.4","14","7.3","0.5","0","0","0","0.03","0","0","0","0","10","1950","1962","0","1143","4597","4035","527","1049","181","35","39","320","48","27","431","396","0.26","0.333","0.351","0.684","85","*4*56H/3","o'conda02","null","null","0"
"144","Bump Wills","16.5","16.5","16.5","0.714","3.2","15.2","4.5","5.2","0","0","0","0","0","0","0","0","6","1977","1982","0","831","3440","3030","472","807","128","24","36","302","196","65","310","441","0.266","0.335","0.36","0.695","94","*4H/D63","willsbu01","null","null","0"
"145","Julio Cruz","16.9","16.2","16.5","0.712","2.4","11.2","10.3","2.6","0","0","0","0","0","0","0","0","10","1977","1986","0","1156","4438","3859","557","916","113","27","23","279","343","78","478","508","0.237","0.321","0.299","0.62","71","*4H/D65","cruzju01","null","null","0"
"146","Jody Reed","15.9","17.1","16.5","0.71","2","16.1","4.8","-1","0","0","0","0.02","0","0","0","0","11","1987","1997","0","1284","5248","4554","566","1231","263","10","27","392","40","44","542","407","0.27","0.349","0.35","0.7","91","*46H/5D9","reedjo01","null","null","0"
"147","Jamey Carroll","17","15.9","16.4","0.708","2.2","14.2","6.4","3.4","0","0","0","0","0","0","0","0","12","2002","2013","0","1275","4225","3671","560","1000","148","27","13","265","74","36","410","581","0.272","0.349","0.338","0.687","85","*4*56H/79D81","carroja01","null","null","0"
"148","Glenn Beckert","15.6","17.2","16.4","0.706","1.9","17.5","1.8","-3.2","0","0","1","0.25","0","0","0","0.1","11","1965","1975","4","1320","5572","5208","685","1473","196","31","22","360","49","25","260","243","0.283","0.318","0.345","0.663","82","*4H/586","beckegl01","null","null","0"
"149","Kelly Johnson","16.4","16.1","16.3","0.704","1.9","18.1","-0.4","0.1","0","0","0","0","0","0","0","0","11","2005","2016","0","1399","5139","4543","632","1140","230","40","155","550","87","36","516","1145","0.251","0.33","0.422","0.751","101","*4H753D/96","johnske05","null","null","0"
"152","Freddy Sanchez","15.9","16.1","16","0.698","2.8","14.4","3.7","4.8","0","0","0","0.01","0","0","0","0","10","2002","2011","3","904","3686","3402","434","1012","215","17","48","371","13","9","180","420","0.297","0.335","0.413","0.748","98","*45H6/D","sanchfr01","null","null","0"
"155","Horace Clarke","15.7","15.3","15.5","0.692","2","14.1","6.2","-2","0","0","0","0","0","0","0","0","10","1965","1974","0","1272","5243","4813","548","1230","150","23","27","304","151","58","365","362","0.256","0.308","0.313","0.621","83","*4H6/5D","clarkho01","null","null","0"
"156","Dick Green","16","14.7","15.4","0.69","2","9.9","10.4","0.9","0","0","0","0","0","0","0","0","12","1963","1974","0","1288","4464","4007","427","960","145","23","80","422","26","20","345","785","0.24","0.303","0.347","0.651","87","*4H5/623","greendi01","null","null","0"
"157","Cass Michaels","15.9","14.8","15.3","0.688","2","17.3","3.8","0.7","0","0","0","0","0","0","1","0.1","12","1943","1954","2","1288","5024","4367","508","1142","147","46","53","501","64","32","566","406","0.262","0.349","0.353","0.702","93","*465H/8","michaca01","null","null","0"
"159","Rennie Stennett","13.9","16.4","15.1","0.684","1.8","8.6","8.7","-1.2","0","0","0","0.03","0","0","0","0","11","1971","1981","0","1237","4810","4521","500","1239","177","41","41","432","75","54","207","348","0.274","0.306","0.359","0.665","86","*4H67/958","stennre01","null","null","0"
"161","Jorge Orta","14.9","15.2","15.1","0.68","1.4","25.6","-12.5","-6.7","0","0","0","0","0","0","0","0","16","1972","1987","2","1755","6458","5829","733","1619","267","63","130","745","79","60","500","715","0.278","0.334","0.412","0.746","108","*4*DH975/68","ortajo01","null","null","0"
"168","Jerry Lumpe","15.4","13.7","14.6","0.666","1.8","15.5","4.6","-1.3","0","0","0","0.03","0","0","0","0","12","1956","1967","1","1371","5441","4912","620","1314","190","52","47","454","20","15","428","411","0.268","0.325","0.356","0.681","87","*4H56","lumpeje01","null","null","0"
"171","Tim Teufel","15.3","13.4","14.4","0.66","2.3","16.3","1.1","3.8","0","0","0","0","0","0","0","0","11","1983","1993","0","1073","3563","3112","415","789","185","12","86","379","23","19","387","531","0.254","0.336","0.404","0.74","104","*4H53/D6","teufeti01","null","null","0"
"172","Rich Dauer","14.4","14.2","14.3","0.658","2","10.6","8.3","0.6","0","0","0","0","0","0","0","0","10","1976","1985","0","1140","4218","3829","448","984","193","3","43","372","6","13","297","219","0.257","0.31","0.343","0.653","83","*45H/D3","dauerri01","null","null","0"
"173","Julián Javier","13.9","14.3","14.1","0.656","1.4","15.1","3.3","-9","0","0","1","0.15","0","0","0","0","13","1960","1972","2","1622","6197","5722","722","1469","216","55","78","506","135","63","314","812","0.257","0.296","0.355","0.651","78","*4H/563","javieju01","null","null","0"
"174","Jerry Remy","14.6","13.5","14","0.654","2","14.1","5.3","-1.5","0","0","0","0","0","0","0","0","10","1975","1984","1","1154","4963","4455","605","1226","140","38","7","329","208","99","356","404","0.275","0.327","0.328","0.656","82","*4H/D596","remyje01","null","null","0"
"176","Tony Bernazard","13.2","14.7","14","0.65","2","18.2","-0.7","-0.2","0","0","0","0","0","0","0","0","10","1979","1991","0","1071","4243","3700","523","970","177","30","75","391","113","55","428","606","0.262","0.339","0.387","0.726","100","*4H/6D","bernato01","null","null","0"
"180","José Oquendo","13.6","14","13.8","0.642","1.9","6.9","10.3","0.9","0","0","0","0","0","0","0","0.1","12","1983","1995","0","1190","3737","3202","339","821","104","24","14","254","35","33","448","376","0.256","0.346","0.317","0.663","86","*4*6H59/37812","oquenjo01","null","null","0"
"182","Tony Graffanino","15.1","12.2","13.6","0.638","2.5","11.2","5.8","4.5","0","0","0","0","0","0","0","0","13","1996","2009","0","981","3161","2810","442","746","145","21","58","302","53","25","275","486","0.265","0.335","0.394","0.729","89","*4H563/D7","graffto01","null","null","0"
"185","Bobby Knoop","12.7","13.7","13.2","0.632","1.8","6.5","9.9","-0.9","0","0","0","0.03","0","0","0","0","9","1964","1972","1","1153","4004","3622","337","856","129","29","56","331","16","17","305","833","0.236","0.296","0.334","0.63","83","*4H/5","knoopbo01","null","null","0"
"186","Wally Backman","13.2","13.2","13.2","0.63","1.9","16.2","-0.4","0.6","0","0","0","0","0","0","0","0","14","1980","1993","0","1102","3708","3245","482","893","138","19","10","240","117","52","371","480","0.275","0.349","0.339","0.687","94","*4H5/6D","backmwa01","null","null","0"
"187","Jerry Browne","11.9","14.3","13.1","0.628","2","13.6","0.5","-0.2","0","0","0","0","0","0","0","0","10","1986","1995","0","982","3707","3190","431","866","135","25","23","288","73","45","393","325","0.271","0.351","0.351","0.702","94","*45H78/9D36","brownje01","null","null","0"
"190","Quilvio Veras","12.9","12.9","12.9","0.622","2.7","13.2","1.6","3.1","0","0","0","0","0","0","0","0","7","1995","2001","0","767","3293","2780","469","750","129","15","32","239","183","83","427","462","0.27","0.372","0.362","0.734","96","*4H/89","verasqu01","null","null","0"
"193","Rickie Weeks","11.6","13.9","12.7","0.616","1.4","24.7","-11.2","-3.7","0","0","0","0","0","0","0","0","14","2003","2017","1","1324","5112","4417","733","1087","219","33","161","474","132","32","533","1230","0.246","0.344","0.42","0.764","103","*4H7D/39","weeksri01","null","null","0"
"194","Fernando Viña","12.3","12.7","12.5","0.614","1.7","11.5","3.7","-2.1","0","0","0","0","0","0","0","0","12","1993","2004","1","1148","4742","4240","627","1196","194","49","40","343","116","67","288","292","0.282","0.348","0.379","0.728","89","*4H/657D","vinafe01","null","null","0"
"196","Luis Alicea","12","12.2","12.1","0.61","1.4","11.9","2.4","-3.5","0","0","0","0","0","0","0","0","13","1988","2002","0","1341","4614","3971","551","1031","189","53","47","422","81","50","500","624","0.26","0.346","0.369","0.715","89","*4H5D/7639","alicelu01","null","null","0"
"197","Jerry Hairston","13.2","11","12.1","0.608","1.5","10.7","4.1","-3.2","0","0","0","0","0","0","0","0","16","1998","2013","0","1442","4967","4387","580","1126","233","22","70","420","147","68","373","572","0.257","0.324","0.368","0.692","85","*47H5689D/3","hairsje02","null","null","0"
"199","Sandy Alomar","10.5","13.2","11.8","0.604","1.1","7.9","7.9","-7.3","0","0","0","0","0","0","0","0","15","1964","1978","1","1481","5160","4760","558","1168","126","19","13","282","227","80","302","482","0.245","0.29","0.288","0.578","69","*46H5D/379","alomasa01","null","null","0"
"200","Maicer Izturis","11.3","12.3","11.8","0.602","2","12.3","2.1","-0.6","0","0","0","0","0","0","0","0","11","2004","2014","0","909","3350","3013","406","810","159","17","39","334","93","33","267","355","0.269","0.331","0.372","0.703","90","*5*46H/D87","izturma01","null","null","0"
"201","Tito Fuentes","11.8","11.7","11.7","0.6","1.3","14","3.1","-8.1","0","0","0","0.02","0","0","0","0","13","1965","1978","0","1499","6073","5566","610","1491","211","46","45","438","80","47","298","561","0.268","0.307","0.347","0.653","82","*46H5","fuentti01","null","null","0"
"202","Mike Andrews","10.9","12.1","11.5","0.598","2","17.9","-4.6","-1.8","0","0","0","0.02","0","0","0","0","8","1966","1973","1","893","3685","3116","441","803","140","4","66","316","18","25","458","390","0.258","0.353","0.369","0.722","104","*4H3D/65","andremi01","null","null","0"
"204","Ron Oester","11","11.7","11.4","0.594","1.4","10.5","4.6","-5","0","0","0","0","0","0","0","0","13","1978","1990","0","1276","4666","4214","458","1118","190","33","42","344","40","26","369","681","0.265","0.323","0.356","0.679","87","*4H6/5","oestero01","null","null","0"
"205","Cookie Rojas","9.2","13.2","11.2","0.592","0.8","14.2","-0.4","-15.3","0","0","0","0.07","0","0","0","0","16","1962","1977","5","1822","6871","6309","713","1660","254","25","54","593","74","68","396","489","0.263","0.306","0.337","0.643","83","*4H8756/D9231","rojasco01","null","null","0"
"206","Randy Ready","10.9","11.4","11.2","0.59","2.3","11.9","-1.2","2.8","0","0","0","0","0","0","0","0.1","13","1983","1995","0","777","2488","2110","312","547","107","21","40","239","27","15","326","276","0.259","0.359","0.387","0.745","108","4H57D/39","readyra01","null","null","0"
"207","Mickey Morandini","9.8","12.2","11","0.588","1.2","11.1","1.7","-5.8","0","0","0","0","0","0","0","0","11","1990","2000","1","1298","5135","4558","597","1222","209","54","32","351","123","45","437","714","0.268","0.338","0.359","0.697","85","*4H/6","moranmi01","null","null","0"
"210","Manny Trillo","11.3","10.3","10.8","0.582","1","9.7","6","-10.5","0","0","0","0","0","0","0","0","17","1973","1989","4","1780","6573","5950","598","1562","239","33","61","571","56","57","452","742","0.263","0.316","0.345","0.66","81","*45H3/6","trillma01","null","null","0"
"213","Charlie Neal","10.1","11.2","10.7","0.576","1.7","14.7","-0.9","-4.1","0","0","1","0.19","0","0","0","0","8","1956","1963","3","970","3754","3316","461","858","113","38","87","391","48","36","337","557","0.259","0.329","0.394","0.723","91","*465H","nealch01","null","null","0"
"214","Mike Lansing","9.9","11.3","10.6","0.574","1.5","7.4","5.8","-4","0","0","0","0","0","0","0","0","9","1993","2001","0","1110","4551","4150","554","1124","254","17","84","440","119","38","299","570","0.271","0.324","0.401","0.725","84","*465/H","lansimi01","null","null","0"
"219","Todd Walker","10.5","9.8","10.2","0.564","1.3","17.4","-4.7","-5.7","0","0","0","0","0","0","0","0","12","1996","2007","0","1288","5055","4554","647","1316","284","30","107","545","66","37","421","571","0.289","0.348","0.435","0.783","98","*4H53D/76","walketo04","null","null","0"
"220","José López","10","10.3","10.2","0.562","1.6","8","4.3","-4.4","0","0","0","0","0","0","0","0","9","2004","2012","1","1036","4089","3841","421","1005","215","11","92","480","25","17","150","471","0.262","0.292","0.395","0.688","84","*4563HD/9","lopezjo01","null","null","0"
"223","Jerry Adair","8.4","11.4","9.9","0.556","1.2","3.7","9.9","-5.4","0","0","0","0.07","0","0","0","0","13","1958","1970","0","1165","4315","4019","378","1022","163","19","57","366","29","29","208","499","0.254","0.292","0.347","0.639","80","*4*6H5/3","adairje01","null","null","0"
"225","Marty Barrett","9.2","10.1","9.6","0.552","1.6","9.7","3.1","-2.5","0","0","0","0.01","0","0","0","0","10","1982","1991","0","941","3833","3378","418","938","163","9","18","314","57","21","304","209","0.278","0.337","0.347","0.684","87","*4H/D5","barrema02","null","null","0"
"230","Tommy Helms","8.3","10.4","9.4","0.542","0.9","6.7","5.6","-9.9","0","0","0","0","0","0","0","0","14","1964","1977","2","1435","5337","4997","414","1342","223","21","34","477","33","40","231","301","0.269","0.3","0.342","0.642","79","*45H6/D","helmsto01","null","null","0"
"232","Darwin Barney","8.8","9.8","9.3","0.538","1.7","2.9","7.9","-0.2","0","0","0","0","0","0","0","0","8","2010","2017","0","814","2759","2536","297","625","117","15","31","201","29","9","155","349","0.246","0.294","0.341","0.635","73","*45H6/7D1","barneda01","null","null","0"
"234","Tim Flannery","9.2","9.2","9.2","0.534","1.5","6.8","4.4","-0.6","0","0","0","0","0","0","0","0","11","1979","1989","0","972","2838","2473","255","631","77","25","9","209","22","22","277","293","0.255","0.335","0.317","0.652","85","*4H56","flannti01","null","null","0"
"235","Bobby Richardson","8.1","10.3","9.2","0.532","0.9","8.2","4.9","-9.1","0","1","2","0.77","0","0","0","0","12","1955","1966","8","1412","5783","5386","643","1432","196","37","34","390","73","48","262","243","0.266","0.299","0.335","0.634","77","*4H5/6","richabo01","null","null","0"
"236","Danny Espinosa","8.7","9.6","9.1","0.53","1.6","4","7.4","-1.6","0","0","0","0","0","0","0","0","8","2010","2017","0","872","3267","2910","367","644","139","12","98","316","64","24","242","943","0.221","0.297","0.378","0.675","82","*46H/537D","espinda01","null","null","0"
"238","Bernie Allen","9.2","8.8","9","0.526","1.3","10.5","2","-3.5","0","0","0","0","0","0","0","0","12","1962","1973","0","1139","3823","3404","357","815","140","21","73","352","13","16","370","424","0.239","0.314","0.357","0.671","91","*4H5/D","allenbe01","null","null","0"
"241","Pat Patterson","8.8","8.6","8.7","0.52","4.7","9","0.5","5","0","0","0","0","0","0","1","0.2","9","1934","1947","6","307","1312","1194","234","387","72","25","24","206","14","null","93","null","0.324","0.373","0.487","0.86","132","45/6937","pattepa02","null","null","0"
"242","Dámaso García","7.2","10.1","8.7","0.518","1.1","9.1","2.1","-5.9","0","0","0","0.02","0","0","0","0","11","1978","1989","2","1032","4124","3914","490","1108","183","27","36","323","203","90","130","322","0.283","0.309","0.371","0.68","84","*4H/D653","garcida01","null","null","0"
"245","Mark Bellhorn","8","8.9","8.4","0.512","1.8","8","1.2","-0.2","0","0","0","0","0","0","0","0","10","1997","2007","0","731","2491","2107","324","484","113","13","69","246","30","13","346","723","0.23","0.341","0.394","0.735","92","*45H36/D987","bellhma01","null","null","0"
"246","Joey Cora","7.9","8.9","8.4","0.51","1.1","15.4","-4.4","-6.7","0","0","0","0","0","0","0","0","11","1987","1998","1","1119","4279","3734","624","1035","171","41","30","294","117","60","380","335","0.277","0.348","0.369","0.717","90","*4H6/D52","corajo01","null","null","0"
"247","Felipe López","7.5","9.4","8.4","0.508","1","14.6","-2.8","-7.3","0","0","0","0","0","0","0","0","11","2001","2011","1","1185","4864","4337","600","1145","219","31","90","439","124","58","445","913","0.264","0.333","0.391","0.724","91","*6*45H/73D91","lopezfe01","null","null","0"
"248","Marlon Anderson","7.2","9.5","8.3","0.506","1","5.1","2.8","-3.7","0","0","0","0","0","0","0","0","12","1998","2009","0","1151","3508","3204","392","849","174","20","63","371","71","24","227","471","0.265","0.314","0.391","0.705","84","*4*H793/D8","anderma02","null","null","0"
"249","Miguel Cairo","7.7","8.9","8.3","0.504","0.8","6.1","2.9","-6.9","0","0","0","0","0","0","0","0","17","1996","2012","0","1490","4392","3956","504","1044","193","34","41","394","139","40","243","482","0.264","0.314","0.361","0.675","77","*4*H5376/D9","cairomi01","null","null","0"
"250","Junior Spivey","8.2","8.2","8.2","0.502","2.9","7.4","1.9","2.9","0","0","0","0.02","0","0","0","0","5","2001","2005","1","457","1785","1553","258","419","90","12","48","201","32","15","175","373","0.27","0.354","0.436","0.79","101","*4H/68","spiveju01","null","null","0"
"252","D'Angelo Jimenez","8","8.3","8.2","0.498","2","7.8","2","0.4","0","0","0","0","0","0","0","0","8","1999","2007","0","641","2480","2159","290","568","105","17","36","228","36","22","291","391","0.263","0.351","0.377","0.728","94","*46H5/1","jimend'01","null","null","0"
"254","Bill Rigney","7.8","8.3","8","0.494","1.9","8.5","1.7","-0.9","0","0","0","0","0","0","0","0","8","1946","1953","1","654","2217","1966","281","510","78","14","41","212","25","24","208","206","0.259","0.334","0.376","0.71","91","456H/3","rignebi01","null","null","0"
"255","Lou Klein","8","8","8","0.492","4.3","5.8","3.8","4.2","0","0","0","0.02","0","1","1","0.5","5","1943","1951","0","305","1173","1037","162","269","48","15","16","101","10","6","105","119","0.259","0.33","0.381","0.711","97","46H/579","kleinlo01","null","null","0"
"258","Alex Kampouris","7.1","8.5","7.8","0.486","1.6","7.7","1.7","-1.4","0","0","0","0","0","0","0","0","9","1934","1943","0","708","2484","2182","272","531","94","20","45","284","22","25","244","360","0.243","0.325","0.367","0.692","91","*45H/679","kampoal01","null","null","0"
"260","Dustin Ackley","7.7","7.7","7.7","0.482","2","6.7","1","-0.5","0","0","0","0","0","0","0","0","6","2011","2016","0","635","2347","2125","261","512","94","18","46","216","31","12","194","419","0.241","0.304","0.367","0.671","91","478H3/D9","ackledu01","null","null","0"
"264","Mickey Witek","7.6","7.6","7.6","0.474","2.1","8.3","2.3","-0.7","0","0","0","0.06","0","0","0","0","7","1940","1949","0","581","2325","2147","239","595","65","9","22","196","7","14","148","84","0.277","0.324","0.347","0.67","90","*465/H","witekmi01","null","null","0"
"265","Rex Hudler","6.3","8.8","7.6","0.472","1.3","4.3","2","0.1","0","0","0","0","0","0","0","0","13","1984","1998","0","774","1889","1767","261","461","96","10","56","169","107","43","77","325","0.261","0.296","0.422","0.717","92","4H78963/D5","hudlere01","null","null","0"
"266","Gene Baker","7.3","7.8","7.5","0.47","1.7","7.3","2.7","-2.5","0","0","0","0.01","0","0","0","0","9","1948","1961","1","676","2691","2411","304","635","118","28","42","255","26","17","199","219","0.263","0.32","0.388","0.707","88","*456H","bakerge02","null","null","0"
"268","Derrel Thomas","6.5","8.4","7.4","0.466","0.7","11.2","-1.4","-10.6","0","0","0","0","0","0","0","0","15","1971","1985","0","1597","5268","4677","585","1163","154","54","43","370","140","92","456","593","0.249","0.317","0.332","0.649","84","*4*8*6H579/32","thomade01","null","null","0"
"269","Rob Wilfong","7.5","7.2","7.4","0.464","1.3","5.5","5.1","-2.3","0","0","0","0","0","0","0","0","11","1977","1987","0","959","3015","2690","318","668","97","23","39","261","54","33","205","387","0.248","0.303","0.345","0.648","77","*4H/5D6879","wilforo01","null","null","0"
"270","Jeff Frye","7.1","7.6","7.4","0.462","1.7","9.2","-0.6","-1.3","0","0","0","0","0","0","0","0","8","1992","2001","0","667","2451","2155","316","626","135","11","16","194","56","25","212","279","0.29","0.357","0.386","0.742","91","*4H5/D96783","fryeje01","null","null","0"
"275","Félix Mantilla","6.6","8","7.3","0.452","1.1","13.8","-5.1","-4","0","0","0","0.01","0","0","0","0","11","1956","1966","1","969","3029","2707","360","707","97","10","89","330","27","10","256","352","0.261","0.329","0.403","0.732","101","*4H6587/39","mantife01","null","null","0"
"276","Danny Murtaugh","6.4","8.1","7.3","0.45","1.3","8.5","1.5","-4.4","0","0","1","0.15","0","0","0","0","9","1941","1951","0","767","2942","2599","263","661","97","21","8","219","49","46","287","215","0.254","0.331","0.317","0.648","82","*465H","murtada01","null","null","0"
"278","Burgess Whitehead","6.3","8.1","7.2","0.446","1.1","2.3","7.2","-6","0","0","0","0.1","0","0","0","0","9","1933","1946","2","924","3565","3316","415","883","100","31","17","245","51","45","150","138","0.266","0.304","0.331","0.634","71","*45H6","whitebu01","null","null","0"
"279","Alan Wiggins","7.2","7.2","7.2","0.444","1.9","7.4","-0.3","-1.2","0","0","0","0.04","0","0","0","0","7","1981","1987","0","631","2553","2247","346","581","61","19","5","118","242","68","235","193","0.259","0.33","0.309","0.639","80","*478H3D/9","wiggial01","null","null","0"
"283","Stu Martin","7.1","7.1","7.1","0.436","1.6","7.7","1.4","-1.6","0","0","0","0","0","0","0","0","8","1936","1943","1","722","2482","2237","322","599","112","24","16","183","36","23","190","185","0.268","0.327","0.361","0.688","87","*4H5/36","martist01","null","null","0"
"284","Wayne Terwilliger","7","7.2","7.1","0.434","1.7","4.5","5.1","-1.5","0","0","0","0","0","0","0","0","9","1949","1960","0","666","2396","2091","271","501","93","10","22","162","31","28","247","296","0.24","0.323","0.325","0.648","76","*4H/5638","terwiwa01","null","null","0"
"285","Mariano Duncan","5.8","8.5","7.1","0.432","0.7","15.6","-5.6","-10.3","0","0","0","0","0","0","0","0","12","1985","1997","1","1279","4998","4677","619","1247","233","37","87","491","174","57","201","913","0.267","0.3","0.388","0.688","86","*4*6H75/39D8","duncama01","null","null","0"
"286","Scooter Gennett","7.1","7.1","7.1","0.43","1.4","12.7","-3.9","-2.3","0","0","0","0","0","0","0","0","7","2013","2019","1","793","2911","2704","365","773","149","16","87","360","24","12","156","571","0.286","0.327","0.449","0.776","106","*4H/57D91","gennesc01","null","null","0"
"287","George Myatt","7","7","7","0.428","2.8","9.4","-1.1","2.2","0","1","1","0.29","0","0","0","0.1","7","1938","1947","0","407","1562","1345","220","381","44","14","4","99","72","29","156","120","0.283","0.362","0.346","0.708","107","4H569/7","myattge01","null","null","0"
"288","Billy Ripken","5.9","8","7","0.426","1.1","3.1","6","-4.2","0","0","0","0","0","0","0","0","12","1987","1998","0","912","3015","2729","287","674","121","6","20","229","25","16","174","332","0.247","0.294","0.318","0.612","69","*465H/3D","ripkebi01","null","null","0"
"289","Jerry Coleman","6.5","7.3","6.9","0.424","1.5","5.3","4.4","-0.7","0","0","0","0","0","0","0","0","9","1949","1957","1","723","2416","2119","267","558","77","18","16","217","22","15","235","218","0.263","0.34","0.339","0.68","83","*465/H","colemje01","null","null","0"
"292","Lance Blankenship","6.7","6.7","6.7","0.418","2.4","4.3","2.3","2.2","0","0","0","0","0","0","0","0","6","1988","1993","0","461","1292","1050","176","233","48","3","9","92","54","18","200","218","0.222","0.35","0.299","0.649","87","4H7985D/36","blankla02","null","null","0"
"294","Pokey Reese","6.3","7.1","6.7","0.414","1.2","0.7","8.6","-3.3","0","0","0","0","0","0","0","0","8","1997","2004","0","856","3138","2833","366","704","128","17","44","271","144","26","226","531","0.248","0.307","0.352","0.659","68","*46H5","reesepo01","null","null","0"
"295","Jeff Treadway","6.1","7.1","6.6","0.412","1.3","6.3","1.3","-1.4","0","0","0","0","0","0","0","0","9","1987","1995","0","762","2318","2119","244","596","103","14","28","208","14","13","140","184","0.281","0.326","0.383","0.709","95","*4H5/D","treadje01","null","null","0"
"297","Mark Lemke","6.1","6.9","6.5","0.408","0.9","-1.7","10.1","-5.2","0","0","0","0","0","0","0","0","11","1988","1998","0","1069","3664","3230","349","795","125","15","32","270","11","19","348","341","0.246","0.317","0.324","0.641","71","*4H5/6","lemkema01","null","null","0"
"299","Keith Lockhart","6","7.1","6.5","0.404","1","3.3","3.8","-2","0","0","0","0","0","0","0","0","10","1994","2003","0","979","2529","2268","290","591","117","17","44","268","30","15","195","268","0.261","0.319","0.385","0.704","81","*4*H5/D96","lockhke01","null","null","0"
"302","Gordon Beckham","5.6","7.3","6.5","0.398","0.9","7.7","1.1","-7.7","0","0","0","0","0","0","0","0","11","2009","2019","0","1069","3782","3403","420","807","187","7","80","351","35","20","266","670","0.237","0.3","0.367","0.667","80","*45H6/D3","beckhgo01","null","null","0"
"303","Eddie Mayo","5.3","7.7","6.5","0.396","1","3.4","4.7","-5.1","0","1","1","0.5","0","0","1","0.1","9","1936","1948","0","834","3393","3013","353","759","119","16","26","287","29","41","257","175","0.252","0.313","0.328","0.641","78","*45H/6","mayoed01","null","null","0"
"305","Tadahito Iguchi","6.4","6.4","6.4","0.392","2.1","6.9","0.9","-0.6","0","0","0","0","0","0","0","0","4","2005","2008","0","493","2079","1841","267","494","91","11","44","205","48","13","189","387","0.268","0.338","0.401","0.739","93","*4H/D","iguchta01","null","null","0"
"306","Geronimo Pena","6.3","6.3","6.3","0.39","2.7","5.8","1.1","2.8","0","0","0","0","0","0","0","0","7","1990","1996","0","378","1170","1010","162","265","60","8","30","124","54","22","112","255","0.262","0.345","0.427","0.772","111","*4H/57","penage01","null","null","0"
"307","Bret Barberie","6.3","6.3","6.3","0.388","2.1","4.2","3.1","1.1","0","0","0","0","0","0","0","0","6","1991","1996","0","479","1660","1434","163","388","73","6","16","133","16","13","164","268","0.271","0.356","0.363","0.719","93","*4H5/6D3","barbebr01","null","null","0"
"309","Jack Brohamer","5.6","6.9","6.3","0.384","1.1","3.5","4.7","-4.2","0","0","0","0","0","0","0","0","9","1972","1980","0","805","2795","2500","262","613","91","12","30","227","9","17","222","178","0.245","0.306","0.327","0.633","79","*45HD","brohaja01","null","null","0"
"310","Pep Young","5.6","6.9","6.2","0.382","1.2","5.1","3","-3.7","0","0","0","0.06","0","0","0","0.1","10","1933","1945","0","730","2670","2466","274","645","128","34","32","347","18","17","152","312","0.262","0.308","0.38","0.688","85","*4H65/97","youngpe01","null","null","0"
"311","Ken Boswell","5.5","6.5","6","0.38","1","5.2","1.9","-3.9","0","0","0","0","0","0","0","0","11","1967","1977","0","930","2816","2517","266","625","91","19","31","244","27","17","240","239","0.248","0.313","0.337","0.65","85","*4*H5/97","bosweke01","null","null","0"
"312","Jack Perconte","6","6","6","0.378","2.2","6","1.6","0.9","0","0","0","0","0","0","0","0","7","1980","1986","0","433","1630","1441","191","389","47","16","2","76","78","13","149","123","0.27","0.34","0.329","0.669","86","*4H/D","percoja01","null","null","0"
"313","Dave Nelson","5.1","6.8","5.9","0.376","1","8.4","-1.3","-5.1","0","0","0","0.01","0","0","0","0","10","1968","1977","1","813","2875","2578","340","630","77","19","20","211","187","73","220","392","0.244","0.305","0.312","0.618","81","*45HD/68739","nelsoda01","null","null","0"
"315","Ted Lepcio","5.4","6.2","5.8","0.372","1.2","5.4","2.4","-2","0","0","0","0","0","0","0","0","10","1952","1961","0","729","2346","2092","233","512","91","11","69","251","11","15","209","471","0.245","0.318","0.398","0.715","88","*45H6","lepcite01","null","null","0"
"321","Rich Amaral","5.1","6.2","5.7","0.36","1.1","4.1","0.4","-1.9","0","0","0","0","0","0","0","0","10","1991","2000","0","727","2022","1788","305","493","82","10","11","159","112","39","176","277","0.276","0.344","0.351","0.695","83","7H48D9356","amarari01","null","null","0"
"322","Bama Rowell","5.7","5.7","5.7","0.358","1.6","6.9","-1.2","-2","0","0","0","0.03","0","0","0","0","6","1939","1948","0","574","2043","1901","200","523","95","26","19","217","37","24","113","105","0.275","0.316","0.382","0.699","95","47H8/59","rowelba01","null","null","0"
"323","Donnie Hill","5.1","6.1","5.6","0.356","1.1","6.3","1.8","-3","0","0","0","0","0","0","0","0","9","1983","1992","0","755","2551","2307","276","594","91","14","26","228","22","11","175","225","0.257","0.308","0.343","0.651","82","*465H/D319","hilldo01","null","null","0"
"324","Devon Travis","5.6","5.6","5.6","0.354","2.9","6.5","0.2","1.3","0","0","0","0","0","0","0","0","4","2015","2018","0","316","1246","1169","155","320","78","4","35","153","14","6","61","232","0.274","0.314","0.437","0.751","101","*4/HD","travide01","null","null","0"
"325","Davey Williams","5.5","5.5","5.5","0.352","1.7","4.6","3.1","-1.9","0","0","0","0","0","0","0","0","6","1949","1955","1","517","1994","1785","235","450","61","10","32","163","6","12","164","144","0.252","0.32","0.351","0.672","78","*4H","willida03","null","null","0"
"326","Brent Gates","5.5","5.5","5.5","0.35","1.3","5.4","2","-3.6","0","0","0","0","0","0","0","0","7","1993","1999","0","685","2625","2329","268","616","119","11","25","279","18","13","225","349","0.264","0.327","0.357","0.685","82","*45H/3D67","gatesbr01","null","null","0"
"328","Benny McCoy","5.5","5.5","5.5","0.346","2.6","6.4","0.5","0.8","0","0","0","0","0","0","0","0","4","1938","1941","0","337","1426","1214","182","327","52","18","16","156","8","5","190","122","0.269","0.369","0.381","0.75","97","*4/H65","mccoybe01","null","null","0"
"329","Bonnie Serrell","5.5","5.5","5.5","0.344","6.4","4.8","1.1","3.9","0","0","0","0","0","1","3","1","5","1941","1945","1","138","546","504","93","157","27","15","8","75","12","null","34","null","0.312","0.356","0.472","0.828","154","4/39687","serrebo01","null","null","0"
"330","Don Johnson","5.4","5.4","5.4","0.342","1.7","5.9","2.2","-1.8","0","0","0","0.02","0","0","0","0","6","1943","1948","1","511","2102","1935","219","528","89","6","8","175","26","15","112","171","0.273","0.315","0.337","0.653","83","*4/H5","johnsdo02","null","null","0"
"331","Tommy Sampson","5.2","5.7","5.4","0.34","4.5","4.1","1.6","2.9","0","0","0","0","0","0","1","0.4","9","1940","1948","5","187","769","709","112","215","18","14","2","90","14","null","38","null","0.303","0.345","0.377","0.721","118","4/53","sampsto01","null","null","0"
"332","Frank Menechino","5.4","5.4","5.4","0.338","1.9","5.9","0.2","-0.1","0","0","0","0","0","0","0","0","7","1999","2005","0","449","1510","1257","207","302","58","7","36","149","3","10","200","279","0.24","0.358","0.383","0.741","96","*4HD56/1","menecfr01","null","null","0"
"333","Piper Davis","5.4","5.4","5.4","0.336","5.8","4.4","1.1","3.7","0","0","0","0","0","0","2","0.4","7","1942","1948","6","150","626","562","105","174","31","13","8","80","15","null","53","null","0.31","0.374","0.454","0.828","141","346/859","davispi01","null","null","0"
"335","Kazuo Matsui","5.3","5.3","5.3","0.332","1.4","6","1.1","-2.4","0","0","0","0","0","0","0","0","7","2004","2010","0","630","2555","2302","330","615","124","20","32","211","102","18","179","403","0.267","0.321","0.38","0.701","83","*46H","matsuka01","null","null","0"
"336","Duane Kuiper","4.1","6.3","5.2","0.33","0.6","7.5","0.2","-8.5","0","0","0","0","0","0","0","0","12","1974","1985","0","1057","3754","3379","329","917","91","29","1","263","52","71","248","255","0.271","0.325","0.316","0.641","82","*4H/3D","kuipedu01","null","null","0"
"337","Luis Sojo","4.2","6.3","5.2","0.328","0.8","2","4.6","-5.4","0","0","0","0","0","0","0","0","13","1990","2003","0","848","2773","2571","300","671","103","12","36","261","28","20","124","198","0.261","0.297","0.352","0.65","71","*465H3/D7","sojolu01","null","null","0"
"339","José Lind","3.8","6.5","5.2","0.324","0.6","0.2","6.6","-9.3","0","0","0","0","0","0","0","0","9","1987","1995","0","1044","4001","3677","368","935","145","27","9","324","62","19","215","370","0.254","0.295","0.316","0.61","70","*4/HD","lindjo01","null","null","0"
"340","Ray Mack","4.7","5.7","5.2","0.322","1","3.6","4.7","-4.8","0","0","0","0.01","0","0","0","0","9","1938","1947","1","791","3017","2707","273","629","113","24","34","278","35","18","261","365","0.232","0.301","0.33","0.631","76","*4/H5","mackra01","null","null","0"
"341","Alexi Casilla","3.8","6.4","5.1","0.32","1.1","3.7","1.8","-2.9","0","0","0","0","0","0","0","0","9","2006","2014","0","578","1893","1696","225","419","76","15","12","157","80","11","130","246","0.247","0.302","0.331","0.633","73","*4H6/D58","casilal01","null","null","0"
"342","Pete Coscarart","4.6","5.6","5.1","0.318","0.9","6.1","2.8","-6.8","0","0","0","0.01","0","0","0","0","9","1938","1946","1","864","3362","2992","399","728","129","22","28","269","34","35","295","361","0.243","0.314","0.329","0.644","78","*46H/59","coscape01","null","null","0"
"343","Roy Hughes","4.4","5.7","5.1","0.316","0.9","6.3","0.8","-5.4","0","0","0","0","0","0","0","0","9","1935","1946","0","763","2879","2582","396","705","105","27","5","205","80","29","222","175","0.273","0.332","0.34","0.673","78","*456H/3","hughero01","null","null","0"
"344","Pat Kelly","4.9","5.2","5.1","0.314","1.2","3.7","2.8","-2.8","0","0","0","0","0","0","0","0","9","1991","1999","0","681","2237","1988","253","495","109","11","36","217","61","29","145","425","0.249","0.307","0.369","0.677","81","*45H/D76","kellypa03","null","null","0"
"345","Billy Martin","2.8","7","4.9","0.312","0.5","5.2","1.3","-8.9","0","0","0","0.01","0","0","0","0","11","1950","1961","1","1021","3719","3419","425","877","137","28","64","333","34","29","188","355","0.257","0.3","0.369","0.669","81","*465H/8","martibi02","null","null","0"
"348","Joe Inglett","4.8","4.8","4.8","0.306","2.4","3.5","1.4","1.8","0","0","0","0","0","0","0","0","6","2006","2011","0","333","898","808","100","229","36","17","6","77","19","4","65","144","0.283","0.342","0.392","0.734","95","4H79/58D61","inglejo01","null","null","0"
"349","Tony Womack","2.4","7.2","4.8","0.304","0.3","6.6","-0.6","-13.7","0","0","0","0.01","0","0","0","0","13","1993","2006","1","1303","5389","4963","739","1353","190","59","36","368","363","74","308","649","0.273","0.317","0.356","0.673","72","*4*69H87/D","womacto01","null","null","0"
"350","Denny Doyle","3.8","5.6","4.7","0.302","0.7","2.8","4.3","-8.3","0","0","0","0.01","0","0","0","0","8","1970","1977","0","944","3572","3290","357","823","113","28","16","237","38","40","205","310","0.25","0.295","0.316","0.611","70","*4H/56","doylede01","null","null","0"
"351","Keith Miller","3.8","5.7","4.7","0.3","1.3","6","-1.7","-1.1","0","0","0","0","0","0","0","0","9","1987","1995","0","465","1468","1326","190","347","67","8","12","92","63","20","100","205","0.262","0.323","0.351","0.675","89","4H875/96D","milleke01","null","null","0"
"353","Emil Verban","4.7","4.7","4.7","0.296","0.9","4.3","4.4","-6.8","0","0","0","0.06","0","0","0","0","7","1944","1950","2","853","3110","2911","301","793","99","26","1","241","21","31","108","74","0.272","0.301","0.325","0.626","73","*4H/658","verbaem01","null","null","0"
"355","Ron Theobald","4.5","4.5","4.5","0.292","2.9","3.2","2.1","1.1","0","0","0","0","0","0","0","0","2","1971","1972","0","251","926","779","95","193","23","2","2","42","11","15","106","77","0.248","0.342","0.29","0.632","88","4H/56","theobro01","null","null","0"
"356","Akinori Iwamura","4.5","4.5","4.5","0.29","1.8","6.5","-0.9","-1.3","0","0","0","0","0","0","0","0","4","2007","2010","0","408","1755","1545","222","413","74","22","16","117","32","16","183","330","0.267","0.345","0.375","0.72","92","45/HD","iwamuak01","null","null","0"
"358","Casey Candaele","4","4.9","4.5","0.286","0.9","2.2","3","-2.9","0","0","0","0","0","0","0","0","9","1986","1997","0","754","2132","1934","206","483","86","20","11","139","37","28","161","211","0.25","0.308","0.332","0.64","78","*4H67859/3D","candaca01","null","null","0"
"359","Woody Williams","4.4","4.4","4.4","0.284","2.1","1.8","4.4","0.2","0","0","0","0","0","0","0","0","4","1938","1945","0","338","1369","1255","133","314","40","5","1","79","14","9","88","52","0.25","0.301","0.292","0.594","69","*4/6H5","williwo01","null","null","0"
"360","Buddy Blattner","4.4","4.4","4.4","0.282","2.6","4.9","0.5","1.1","0","0","0","0","0","0","0","0","5","1942","1949","0","272","832","713","112","176","34","8","16","84","18","9","102","96","0.247","0.347","0.384","0.731","102","4H/563","blattbu01","null","null","0"
"361","Adam Rosales","3.5","5.4","4.4","0.28","0.9","2","2.4","-2.8","0","0","0","0","0","0","0","0","11","2008","2018","0","651","1807","1621","186","367","69","6","48","179","17","12","135","451","0.226","0.291","0.365","0.656","78","465H3/D719","rosalad01","null","null","0"
"362","Steve Lombardozzi","4.4","4.4","4.4","0.278","1.6","2.2","3.8","-0.2","0","0","0","0","0","0","0","0","6","1985","1990","0","446","1437","1264","153","294","61","12","20","107","13","9","131","206","0.233","0.307","0.347","0.654","77","*4/H65","lombast01","null","null","0"
"363","Lenn Sakata","4","4.7","4.4","0.276","1.1","1.9","4.2","-0.6","0","0","0","0","0","0","0","0","11","1977","1987","0","564","1423","1289","163","296","46","4","25","109","30","17","97","158","0.23","0.286","0.33","0.616","71","*46H/5D27","sakatle01","null","null","0"
"365","Mike Fontenot","4.3","4.3","4.3","0.272","1.2","4.5","0.9","-0.5","0","0","0","0","0","0","0","0","7","2005","2012","0","582","1586","1413","175","374","86","13","27","163","17","11","140","289","0.265","0.332","0.401","0.734","92","*4H56/D","fontemi01","null","null","0"
"368","Alan Bannister","3.6","4.9","4.3","0.266","0.6","11","-6.9","-7.3","0","0","0","0","0","0","0","0","12","1974","1985","0","972","3373","3007","430","811","143","28","19","288","108","37","292","318","0.27","0.334","0.355","0.689","90","47H698D5/3","bannial01","null","null","0"
"370","Billy Gardner","3.2","5.3","4.2","0.262","0.5","0.2","6.6","-8.7","0","0","0","0.07","0","0","0","0","10","1954","1963","0","1034","3890","3544","356","841","159","18","41","271","19","22","246","439","0.237","0.292","0.327","0.619","70","*465H","gardnbi02","null","null","0"
"371","Rodney Scott","4","4.4","4.2","0.26","0.9","6.9","-0.4","-4.3","0","0","0","0","0","0","0","0","8","1975","1982","0","690","2487","2132","316","504","43","26","3","150","205","62","281","291","0.236","0.326","0.285","0.612","71","*46H5/D89","scottro01","null","null","0"
"373","Nelson Liriano","3","5.3","4.1","0.256","0.6","5.9","-1.1","-4.9","0","0","0","0","0","0","0","0","11","1987","1998","0","823","2487","2216","296","576","105","27","25","240","59","30","212","300","0.26","0.324","0.366","0.689","85","*4H6/5D3","liriane01","null","null","0"
"378","George Hausmann","4","4","4","0.246","2.1","4.4","1.2","0","0","0","0","0","0","0","0","0","3","1944","1949","0","301","1305","1136","173","304","35","13","3","78","10","10","120","77","0.268","0.338","0.329","0.667","86","4/H","hausmge01","null","null","0"
"380","Bob Randall","3.8","3.8","3.8","0.242","1.3","2.8","2.6","-1.3","0","0","0","0","0","0","0","0","5","1976","1980","0","460","1491","1325","154","341","50","9","1","91","11","14","83","102","0.257","0.31","0.311","0.621","74","*4H/5D376","randabo01","null","null","0"
"384","Lou Stringer","3.8","3.8","3.8","0.234","1.5","4.6","0.8","-1","0","0","0","0","0","0","0","0","6","1941","1950","0","409","1347","1196","148","290","49","10","19","122","7","9","121","192","0.242","0.313","0.348","0.66","90","*4H/65","strinlo01","null","null","0"
"385","Tim Cullen","3.7","3.7","3.7","0.232","0.9","0.3","6.1","-3.2","0","0","0","0","0","0","0","0","7","1966","1972","0","700","1960","1761","155","387","57","9","9","134","10","9","147","219","0.22","0.282","0.278","0.559","65","*46H5","culleti01","null","null","0"
"386","Don Kolloway","2.5","5","3.7","0.23","0.4","2.2","1.8","-10.2","0","0","0","0","0","0","0","0","12","1940","1953","0","1079","4247","3993","466","1081","180","30","29","393","76","54","189","251","0.271","0.305","0.353","0.658","80","*4*3H5/8","kollodo01","null","null","0"
"388","Augie Ojeda","3.2","4","3.6","0.226","1","-0.1","4.8","-0.5","0","0","0","0","0","0","0","0","9","2000","2010","0","502","1237","1062","135","249","44","9","7","81","7","4","119","115","0.234","0.32","0.313","0.633","65","46H5/1","ojedaau01","null","null","0"
"391","Dick Tracewski","3.1","4.1","3.6","0.22","0.8","2","3.3","-2.1","0","0","0","0","0","0","0","0","8","1962","1969","0","614","1393","1231","148","262","31","9","8","90","15","14","134","253","0.213","0.289","0.272","0.562","65","64H5","tracedi01","null","null","0"
"392","Carlos Febles","3.5","3.5","3.5","0.218","1.1","3.5","1.5","-3.1","0","0","0","0","0","0","0","0","6","1998","2003","0","506","1892","1656","255","414","65","18","24","146","68","20","163","297","0.25","0.328","0.354","0.683","75","*4/HD6","febleca01","null","null","0"
"393","Dutch Meyer","3.5","3.5","3.5","0.216","2","4.2","0.5","0.1","0","0","0","0","0","0","0","0","6","1937","1946","0","286","1085","994","113","262","49","12","10","93","5","7","82","75","0.264","0.322","0.367","0.689","95","4/H","meyerdu01","null","null","0"
"398","Marvin Williams","3.4","3.4","3.4","0.206","6.8","4","-0.2","2.5","0","0","0","0","0","0","0","0.1","3","1943","1945","1","80","346","317","64","121","22","9","8","76","5","null","23","null","0.382","0.427","0.584","1.01","171","4/6","willima12","null","null","0"
"399","Sibby Sisti","2.4","4.3","3.4","0.204","0.4","7.4","-1.9","-10.1","0","0","0","0","0","0","0","0","13","1939","1954","0","1016","3371","2999","401","732","121","19","27","260","30","25","283","440","0.244","0.313","0.324","0.637","80","*456H9/783","sistisi01","null","null","0"
"400","Al Weis","2.3","4.4","3.4","0.202","0.5","0.4","4.5","-3.5","0","0","0","0","0","0","0","0","10","1962","1971","0","800","1763","1578","195","346","45","11","7","115","55","22","117","299","0.219","0.278","0.275","0.553","59","*4H6/58","weisal01","null","null","0"
"401","Rainey Bibbs","3.3","3.3","3.3","0.2","2.7","3","0.7","0.8","0","0","0","0","0","0","0","0.1","7","1933","1944","1","194","787","724","114","210","29","9","1","93","19","null","46","null","0.29","0.337","0.359","0.696","102","45/63","bibbsra01","null","null","0"
"405","Lou Merloni","3","3.3","3.2","0.192","1.2","2.5","1.3","-1.2","0","0","0","0","0","0","0","0","9","1998","2006","0","423","1223","1085","138","294","67","7","14","125","9","8","88","213","0.271","0.332","0.384","0.716","87","456H3/7D9","merlolo01","null","null","0"
"407","Fred Bankhead","3","3.3","3.2","0.188","1.9","2.9","0.9","-0.1","0","0","0","0","0","0","0","0","12","1937","1948","2","262","1055","929","149","234","25","10","2","91","37","0","89","null","0.252","0.327","0.307","0.634","87","45/683279","bankhfr01","null","null","0"
"408","Ryan Schimpf","3.2","3.2","3.2","0.186","3.5","3.2","0.2","1.5","0","0","0","0","0","0","0","0","3","2016","2018","0","147","534","446","74","87","19","5","35","78","1","1","71","178","0.195","0.318","0.496","0.814","116","45/H7D9","schimry01","null","null","0"
"410","Billy Moran","3.1","3.1","3.1","0.182","0.8","4.6","0.7","-3.7","0","0","0","0.1","0","0","0","0","7","1958","1965","2","634","2285","2076","242","545","88","10","28","202","10","8","133","218","0.263","0.308","0.355","0.663","84","*45H6/3","moranbi02","null","null","0"
"411","Marv Breeding","3.1","3.1","3.1","0.18","1.2","0","4.3","-1","0","0","0","0","0","0","0","0","4","1960","1963","0","415","1352","1268","154","317","50","5","7","92","19","9","66","180","0.25","0.288","0.314","0.602","66","*4H5/6","breedma01","null","null","0"
"414","Chuck Hiller","2.7","3.4","3.1","0.174","0.6","3.7","0.7","-6.3","0","0","0","0","0","0","0","0","8","1961","1968","0","704","2344","2121","253","516","76","9","20","152","14","14","157","187","0.243","0.299","0.316","0.615","72","*4H/579","hillech01","null","null","0"
"416","Ike Brown","3","3","3","0.17","1.8","3.4","-0.7","0.8","0","0","0","0","0","0","0","0","6","1969","1974","0","280","644","536","85","137","15","4","20","65","3","7","90","130","0.256","0.364","0.41","0.774","116","H437/596D","brownik01","null","null","0"
"420","Ted Kubiak","2.3","3.7","3","0.162","0.4","3.4","2.8","-7.4","0","0","0","0","0","0","0","0","10","1967","1976","0","977","2785","2447","238","565","61","21","13","202","13","22","271","272","0.231","0.307","0.289","0.596","73","*46H5/3D","kubiate01","null","null","0"
"421","Homer Bush","3","3","3","0.16","1.2","2.5","1.4","-1.8","0","0","0","0","0","0","0","0","7","1997","2004","0","409","1377","1274","176","363","50","5","11","115","65","20","57","238","0.285","0.324","0.358","0.682","76","*4H/6D5","bushho01","null","null","0"
"422","Billy Smith","2.9","2.9","2.9","0.158","1.3","2.6","1.8","-1","0","0","0","0","0","0","0","0","6","1975","1981","0","370","1147","1018","107","234","38","9","17","111","8","5","96","189","0.23","0.297","0.335","0.632","79","46H/3D5","smithbi05","null","null","0"
"424","Al Newman","2.5","3.2","2.9","0.154","0.5","1","4.9","-5.6","0","0","0","0","0","0","0","0","8","1985","1992","0","854","2409","2107","264","476","68","7","1","156","91","55","236","212","0.226","0.304","0.266","0.57","58","*465H/D738","newmaal01","null","null","0"
"425","Warren Morris","2.9","2.9","2.9","0.152","1.1","2.1","1.8","-2.4","0","0","0","0","0","0","0","0","5","1999","2003","0","440","1680","1495","176","399","70","7","26","164","16","22","150","218","0.267","0.334","0.375","0.709","83","*4H/5","morriwa02","null","null","0"
"427","Fred Manrique","2.6","3.1","2.8","0.148","0.8","2.9","1.5","-2.2","0","0","0","0","0","0","0","0","9","1981","1991","0","498","1459","1337","151","340","59","11","20","151","18","14","65","239","0.254","0.292","0.36","0.651","79","*46H/5D","manrifr01","null","null","0"
"429","Jeff Keppinger","1.1","4.5","2.8","0.144","0.2","7.1","-4.4","-9","0","0","0","0","0","0","0","0","9","2004","2013","0","818","3156","2882","324","814","139","10","45","295","12","8","199","214","0.282","0.329","0.384","0.714","92","*456H3D/79","keppije01","null","null","0"
"430","Larry Lintz","2.8","2.8","2.8","0.142","1.3","2.8","0.7","0.4","0","0","0","0","0","0","0","0","6","1973","1978","0","350","756","616","137","140","13","1","0","27","128","38","97","101","0.227","0.336","0.252","0.588","64","4H6/D5987","lintzla01","null","null","0"
"431","Junior Kennedy","2.8","2.8","2.8","0.14","1","1.5","2.5","-1.2","0","0","0","0","0","0","0","0","7","1974","1983","0","447","1192","1041","114","258","29","6","4","95","12","9","124","142","0.248","0.325","0.299","0.623","74","*4H6/5","kenneju01","null","null","0"
"436","Frank Crespi","2.6","2.6","2.6","0.13","1.6","2.5","1.4","-1","0","0","0","0.04","0","0","0","0","5","1938","1942","0","264","1035","911","125","240","32","4","4","88","8","8","90","102","0.263","0.336","0.321","0.657","82","4/6H5","crespcr01","null","null","0"
"437","Robert Andino","1.9","3.3","2.6","0.128","0.6","0.8","2.8","-3.3","0","0","0","0","0","0","0","0","10","2005","2016","0","481","1491","1344","159","313","58","1","18","97","24","12","113","313","0.233","0.294","0.318","0.612","66","46H5/78D","andinro01","null","null","0"
"438","Josh Barfield","2.6","2.6","2.6","0.126","1.3","2.1","1.2","-0.9","0","0","0","0","0","0","0","0","4","2006","2009","0","309","1075","1012","133","267","53","6","16","112","35","11","44","188","0.264","0.295","0.375","0.671","77","4H/D7","barfijo02","null","null","0"
"440","Don Gutteridge","1.5","3.5","2.5","0.122","0.2","9.1","-3.7","-12.9","0","0","0","0.1","0","0","0","0","12","1936","1948","0","1151","4577","4202","586","1075","200","64","39","391","95","72","309","444","0.256","0.308","0.362","0.669","84","*4*5H6/7","guttedo01","null","null","0"
"442","Joey Amalfitano","1.8","3.2","2.5","0.118","0.4","3.4","-0.2","-5.7","0","0","0","0","0","0","0","0","10","1954","1967","0","643","1938","1715","248","418","67","19","9","123","19","26","185","224","0.244","0.32","0.321","0.641","79","*4H5/673","amalfjo01","null","null","0"
"444","Terry Harmon","1.9","3","2.4","0.114","0.6","1.7","2.1","-2.3","0","0","0","0","0","0","0","0","10","1967","1977","0","547","1276","1125","164","262","31","12","4","72","17","11","117","175","0.233","0.311","0.292","0.604","69","46H/53","harmote01","null","null","0"
"445","Curt Wilkerson","0.9","3.9","2.4","0.112","0.2","1.6","3.7","-7.7","0","0","0","0","0","0","0","0","11","1983","1993","0","972","2651","2452","272","600","78","23","8","179","81","43","138","403","0.245","0.286","0.305","0.591","63","*6*4H5/D7","wilkecu01","null","null","0"
"447","Esteban Germán","1.6","3.2","2.4","0.108","0.6","4.8","-3.1","-2.6","0","0","0","0","0","0","0","0","10","2002","2011","0","409","1170","1016","159","284","54","15","8","111","34","15","117","187","0.28","0.359","0.386","0.745","96","4H57D/863","germaes01","null","null","0"
"449","Juan Bonilla","2.4","2.4","2.4","0.104","0.9","2.5","1.2","-3.1","0","0","0","0","0","0","0","0","6","1981","1987","0","429","1616","1462","145","375","50","9","7","101","7","10","116","108","0.256","0.314","0.317","0.631","79","*45/HD","bonilju01","null","null","0"
"453","Carlos García","1","3.6","2.3","0.096","0.3","3.8","-1.1","-6.3","0","0","0","0","0","0","0","0","10","1990","1999","1","610","2359","2178","274","580","102","17","33","197","73","33","115","340","0.266","0.307","0.374","0.682","79","*46/H5D3","garcica01","null","null","0"
"454","Jeff Baker","1.2","3.4","2.3","0.094","0.3","3.9","-3.8","-4.9","0","0","0","0","0","0","0","0","11","2005","2015","0","748","1958","1793","244","474","108","15","54","235","14","1","139","472","0.264","0.318","0.432","0.75","96","H43597/D","bakerje03","null","null","0"
"455","Bob Heise","1.7","2.9","2.3","0.092","0.6","0.8","3.1","-2.7","0","0","0","0","0","0","0","0","11","1967","1977","0","499","1232","1144","104","283","43","3","1","86","3","7","47","77","0.247","0.28","0.293","0.572","64","645H/3D","heisebo01","null","null","0"
"457","Aaron Miles","1","3.6","2.3","0.088","0.2","2","1.2","-8.3","0","0","0","0","0","0","0","0","9","2003","2011","0","932","3064","2827","347","793","110","18","19","229","30","18","162","294","0.281","0.32","0.352","0.672","75","*4H65/71D89","milesaa01","null","null","0"
"460","Lou Chiozza","2.3","2.3","2.3","0.082","0.6","4","-0.8","-6.2","0","0","0","0","0","0","0","0","6","1934","1939","0","616","2482","2288","303","633","107","22","14","197","45","32","145","165","0.277","0.324","0.361","0.685","79","458H/769","chiozlo01","null","null","0"
"462","Doug Griffin","1.7","2.7","2.2","0.078","0.4","1.3","2.7","-6.8","0","0","0","0","0","0","0","0","8","1970","1977","0","632","2374","2136","209","524","70","12","7","165","33","23","158","204","0.245","0.299","0.299","0.598","68","*4H/5D6","griffdo01","null","null","0"
"463","Chico Renfroe","2.2","2.2","2.2","0.076","2.4","2.2","0.5","0.6","0","0","0","0","0","0","1","0.2","4","1945","1948","1","146","576","484","77","130","20","9","1","55","9","null","59","null","0.269","0.358","0.353","0.711","99","46/27589","renfrch01","null","null","0"
"470","Dave Stapleton","2","2","2","0.062","0.6","1.6","-0.1","-4.9","0","0","0","0","0","0","0","0","7","1980","1986","0","582","2189","2028","238","550","118","8","41","224","6","11","114","162","0.271","0.31","0.398","0.707","90","*346H5/D79","staplda01","null","null","0"
"472","Jimmy Bloodworth","0.8","3.1","2","0.058","0.1","1.3","3.5","-11.9","0","0","0","0","0","0","0","0","11","1937","1951","0","1002","3789","3519","347","874","160","20","62","451","19","29","202","407","0.248","0.292","0.358","0.65","75","*4H3/596","bloodji01","null","null","0"
"473","Jesse Douglas","1.9","1.9","1.9","0.056","3","1.9","0.2","0.7","0","0","0","0","0","0","0","0","5","1940","1945","0","104","436","400","62","116","13","7","1","46","13","null","28","null","0.29","0.34","0.365","0.705","111","4/6758","douglje01","null","null","0"
"475","Ken Aspromonte","1.9","1.9","1.9","0.052","0.6","4","-0.8","-3.3","0","0","0","0","0","0","0","0","7","1957","1963","0","475","1691","1483","171","369","69","3","19","124","7","5","179","149","0.249","0.33","0.338","0.668","82","*4H5/637","asproke01","null","null","0"
"476","Miguel de la Hoz","1.3","2.5","1.9","0.05","0.4","2","0.6","-2.8","0","0","0","0","0","0","0","0","9","1960","1969","0","494","1195","1114","116","280","42","5","25","115","2","3","56","130","0.251","0.29","0.365","0.655","82","H546/73","dela_mi01","null","null","0"
"478","Marshall Riddle","1.8","1.8","1.8","0.046","2.6","1.8","0.4","0.5","0","0","0","0","0","0","0","0","7","1937","1943","2","116","448","403","41","107","13","9","1","48","14","0","35","null","0.266","0.326","0.35","0.676","101","4/65","riddlma01","null","null","0"
"479","Bob Saverine","1.8","1.8","1.8","0.044","0.8","1.9","0.7","-1.3","0","0","0","0","0","0","0","0","6","1959","1967","0","379","956","861","114","206","27","6","6","47","23","9","73","149","0.239","0.299","0.305","0.604","76","4H865/7","saverbo01","null","null","0"
"480","John Donaldson","1.8","1.8","1.8","0.042","0.7","2.9","0.2","-3","0","0","0","0","0","0","0","0","6","1966","1974","0","405","1380","1225","96","292","35","11","4","86","19","9","132","133","0.238","0.313","0.295","0.608","81","*4H/56","donaljo01","null","null","0"
"482","Julio Gotay","0.8","2.8","1.8","0.038","0.3","1.1","1","-3.1","0","0","0","0","0","0","0","0","10","1960","1969","0","389","1068","988","106","257","38","3","6","70","12","7","61","127","0.26","0.309","0.323","0.632","75","64H/57","gotayju01","null","null","0"
"484","Bryan Little","1.8","1.8","1.8","0.034","0.9","2.5","0.6","-1.9","0","0","0","0","0","0","0","0","5","1982","1986","0","327","1072","922","126","226","37","5","3","77","8","10","120","79","0.245","0.333","0.306","0.639","80","46H/5","littlbr01","null","null","0"
"485","Roy Hartsfield","1.8","1.8","1.8","0.032","1.1","4","-1","-2.3","0","0","0","0","0","0","0","0","3","1950","1952","0","265","1063","976","138","266","30","7","13","59","14","6","73","146","0.273","0.324","0.358","0.682","87","4H","hartsro01","null","null","0"
"487","Emmett Mueller","1.7","1.7","1.7","0.028","0.6","4.4","-2.1","-3.5","0","0","0","0","0","0","0","0","4","1938","1941","0","441","1465","1281","144","324","55","11","17","127","10","17","156","124","0.253","0.337","0.353","0.69","92","4H597/386","muellhe02","null","null","0"
"491","T.J. Rivera","1.7","1.7","1.7","0.02","2.5","1.7","0","0.6","0","0","0","0","0","0","0","0","2","2016","2017","0","106","344","319","37","97","17","2","8","43","1","0","12","49","0.304","0.335","0.445","0.78","108","45/H37","rivertj01","null","null","0"
"492","Daniel Descalso","0.9","2.4","1.7","0.018","0.1","5","-2.7","-8.4","0","0","0","0","0","0","0","0","10","2010","2019","0","1079","2893","2519","326","593","126","25","48","294","26","15","303","600","0.235","0.32","0.362","0.683","82","*H*45637/D19","descada01","null","null","0"
"493","Kelby Tomlinson","1.6","1.6","1.6","0.016","1","1.7","0.4","-0.5","0","0","0","0","0","0","0","0","4","2015","2018","0","273","687","618","77","164","18","7","3","47","19","8","58","139","0.265","0.331","0.332","0.663","82","4H65/7","tomlike01","null","null","0"
"494","Joe McEwing","0.8","2.5","1.6","0.014","0.2","-1.8","2.4","-5.2","0","0","0","0","0","0","0","0","9","1998","2006","0","754","1964","1767","217","443","89","10","25","158","33","20","113","352","0.251","0.302","0.355","0.657","71","4H765938/D","mcewijo01","null","null","0"
"496","Pete Suder","-1.8","5","1.6","0.01","-0.2","-1.5","5","-18.4","0","0","0","0","0","0","0","0","13","1941","1955","0","1421","5475","5085","469","1268","210","44","49","541","19","28","288","456","0.249","0.29","0.337","0.627","71","*4*56H/39","suderpe01","null","null","0"
"497","Bobby Hofman","1.6","1.6","1.6","0.008","0.8","2.2","-0.3","-1.3","0","0","0","0","0","0","0","0","7","1949","1957","0","341","755","670","81","166","22","6","32","101","1","3","70","94","0.248","0.322","0.442","0.764","99","H435/2","hofmabo01","null","null","0"
"499","Johnny Goryl","1.6","1.6","1.6","0.004","0.9","0.7","1.4","-0.7","0","0","0","0","0","0","0","0","6","1957","1964","0","276","678","595","79","134","19","10","16","48","2","3","64","106","0.225","0.305","0.371","0.677","83","4H5/6","goryljo01","null","null","0"
"500","Jayson Nix","1.6","1.6","1.6","0.002","0.5","0.2","2.5","-3.6","0","0","0","0","0","0","0","0","7","2008","2014","0","466","1465","1305","143","277","55","2","38","130","36","11","108","371","0.212","0.282","0.345","0.627","69","546H/D793","nixja01","null","null","0"
"1","Mike Schmidt HOF","106.9","58.8","82.8","1","7.2","91.8","18.4","73.7","3","5","9","4.96","2","12","13","7.3","18","1972","1989","12","2404","10062","8352","1506","2234","408","59","548","1595","174","92","1507","1883","0.267","0.38","0.527","0.908","148","*53H/64","schmimi01","Mike Schmidt","schmimi01","1"
"2","Eddie Mathews HOF","96","53.9","74.9","0.998","6.5","93.6","5.6","58.3","0","2","4","1.61","0","6","10","3.6","17","1952","1968","12","2391","10101","8537","1509","2315","354","72","512","1453","68","39","1444","1487","0.271","0.376","0.509","0.885","143","*53H7","matheed01","Eddie Mathews","matheed01","1"
"3","Wade Boggs HOF","91.4","56.4","73.9","0.996","6.1","81.4","13.9","57.4","0","1","4","1.2","1","6","8","4.3","18","1982","1999","12","2439","10740","9180","1513","3010","578","61","118","1014","24","35","1412","745","0.328","0.415","0.443","0.858","131","*5DH3/17","boggswa01","Wade Boggs","boggswa01","1"
"4","Adrian Beltré HOF","93.7","48.9","71.3","0.994","5.2","71.6","27.3","52.8","0","2","6","2.27","0","3","5","2.1","21","1998","2018","4","2933","12130","11068","1524","3166","636","38","477","1707","121","42","848","1732","0.286","0.339","0.48","0.819","116","*5D/H64","beltrad01","Adrian Beltré","beltrad01","1"
"5","George Brett HOF","88.7","53.3","71","0.992","5.3","84.8","2.2","50.6","1","4","5","3.3","1","5","6","3.1","21","1973","1993","13","2707","11625","10349","1583","3154","665","137","317","1596","201","97","1096","908","0.305","0.369","0.487","0.857","135","*5*D*3H/796","brettge01","George Brett","brettge01","1"
"6","Chipper Jones HOF","85.3","46.8","66","0.99","5.5","88.3","-0.9","53.4","1","2","6","2.42","0","3","4","1.6","19","1993","2012","8","2499","10614","8984","1619","2726","549","38","468","1623","150","46","1512","1409","0.303","0.401","0.529","0.93","141","*5*7H6/D9","jonesch06","Chipper Jones","jonesch06","1"
"7","Ron Santo HOF","70.5","53.8","62.2","0.988","5.1","66.6","8.7","36.8","0","2","4","1.23","1","3","6","2.4","15","1960","1974","9","2243","9397","8143","1138","2254","365","67","342","1331","35","41","1108","1343","0.277","0.362","0.464","0.826","125","*5D4/H673","santoro01","Ron Santo","santoro01","1"
"8","Brooks Robinson HOF","78.4","45.8","62.1","0.986","4.4","47.6","39.1","39.7","1","5","7","3.69","0","4","4","2.9","23","1955","1977","18","2896","11782","10654","1232","2848","482","68","268","1357","28","22","860","990","0.267","0.322","0.401","0.723","105","*5H/46","robinbr01","Brooks Robinson","robinbr01","1"
"9","Paul Molitor HOF","75.7","39.7","57.7","0.984","4.6","75.6","-7","37.3","0","2","4","1.43","0","0","3","0.6","21","1978","1998","7","2683","12167","10835","1782","3319","605","114","234","1307","504","131","1094","1244","0.306","0.369","0.448","0.817","122","*D*5*4368H/79","molitpa01","Paul Molitor","molitpa01","1"
"10","Scott Rolen HOF","70.1","43.6","56.9","0.982","5.6","52.8","21.2","44","0","1","1","0.57","0","1","3","0.9","17","1996","2012","7","2038","8518","7398","1211","2077","517","43","316","1287","118","49","899","1410","0.281","0.364","0.49","0.855","122","*5/H","rolensc01","Scott Rolen","rolensc01","1"
"11","Edgar Martínez HOF","68.4","43.7","56","0.98","5.4","66.9","-9","38.5","0","1","2","1.01","0","1","2","1.2","18","1987","2004","7","2055","8674","7213","1219","2247","514","15","309","1261","49","30","1283","1202","0.312","0.418","0.515","0.933","147","*D*5H/3","martied01","Edgar Martínez","martied01","1"
"12","Graig Nettles","68","42.4","55.2","0.978","4.1","52.8","21.4","32.8","0","1","2","0.56","0","2","2","1.3","22","1967","1988","6","2700","10228","8986","1193","2225","328","28","390","1314","32","36","1088","1209","0.248","0.329","0.421","0.75","110","*5H7/39D68","nettlgr01","null","null","0"
"14","Ken Boyer","62.9","46.3","54.6","0.974","5","55.9","10.7","31.6","1","1","4","1.6","0","3","5","1.8","15","1955","1969","11","2034","8274","7455","1104","2143","318","68","282","1141","105","77","713","1017","0.287","0.349","0.462","0.81","116","*58H36","boyerke01","null","null","0"
"15","Buddy Bell","66.4","40.5","53.4","0.972","4.5","48.1","23.8","32.7","0","0","1","0.18","0","1","4","1.2","18","1972","1989","5","2405","10009","8995","1151","2514","425","56","201","1106","55","79","836","776","0.279","0.341","0.406","0.747","109","*598H6/D374","bellbu01","null","null","0"
"16","Sal Bando","61.5","44.4","53","0.97","4.9","58.3","8.5","32.7","0","3","3","1.37","0","1","3","1","16","1966","1981","4","2019","8289","7060","982","1790","289","38","242","1039","75","46","1031","923","0.254","0.352","0.408","0.76","119","*5DH/36471","bandosa01","null","null","0"
"17","Dick Allen HOF","58.7","45.9","52.3","0.968","5.4","70.2","-16.3","32.9","1","2","3","1.63","0","2","3","1.4","15","1963","1977","7","1749","7315","6332","1099","1848","320","79","351","1119","133","52","894","1556","0.292","0.378","0.534","0.912","156","*3*57H/4D68","allendi01","Dick Allen","allendi01","1"
"22","Darrell Evans","58.7","37.2","48","0.958","3.5","54.3","0.2","24.2","0","0","0","0.17","0","1","2","0.8","21","1969","1989","2","2687","10737","8973","1344","2223","329","36","414","1354","98","68","1605","1410","0.248","0.361","0.431","0.792","119","*5*3DH7/6","evansda01","null","null","0"
"23","Robin Ventura","56.1","38.7","47.4","0.956","4.4","41.3","17.9","28.5","0","0","1","0.26","0","0","1","0.4","16","1989","2004","2","2079","8271","7064","1006","1885","338","14","294","1182","24","38","1075","1179","0.267","0.362","0.444","0.806","114","*53H/D416","venturo01","null","null","0"
"26","Ron Cey","53.7","37.1","45.4","0.95","4.2","50.6","6.6","26.1","0","0","1","0.25","0","0","2","0.7","17","1971","1987","6","2073","8344","7162","977","1868","328","21","316","1139","24","29","1012","1235","0.261","0.354","0.445","0.799","121","*5HD/3","ceyro01","null","null","0"
"28","David Wright","49.1","39.5","44.3","0.946","5","51.9","0.3","28.6","0","1","4","1.07","0","2","3","1.5","14","2004","2018","7","1585","6872","5998","949","1777","390","26","242","970","196","65","762","1292","0.296","0.376","0.491","0.867","133","*5/HD6","wrighda03","null","null","0"
"30","Toby Harrah","51.5","35.4","43.4","0.942","3.9","62.4","-0.8","22.3","0","0","0","0.07","0","1","2","0.6","17","1969","1986","4","2155","8767","7402","1115","1954","307","40","195","918","238","94","1153","868","0.264","0.365","0.395","0.76","114","*5*64H/D9","harrato01","null","null","0"
"31","Bob Elliott","50.9","35.1","43","0.94","4.2","52","-3","21.1","1","1","4","1.21","0","1","2","0.7","15","1939","1953","6","1978","8207","7141","1064","2061","382","94","170","1195","60","53","967","604","0.289","0.375","0.44","0.815","124","*5*9H78/46","elliobo01","null","null","0"
"34","Matt Williams","46.6","34","40.3","0.934","4","36.9","12.8","22.9","0","2","4","1.86","0","0","3","0.6","17","1987","2003","5","1866","7595","7000","997","1878","338","35","378","1218","53","35","469","1363","0.268","0.317","0.489","0.805","113","*56H/3D","willima04","null","null","0"
"38","Harlond Clift","41.7","34.4","38.1","0.926","4.3","41.7","2.1","19","0","0","0","0.17","0","1","3","1","12","1934","1945","1","1582","6895","5730","1070","1558","309","62","178","829","69","43","1070","713","0.272","0.39","0.441","0.831","116","*5H/476","cliftha01","null","null","0"
"40","Doug DeCinces","41.7","31.4","36.6","0.922","4.1","36.4","9.6","20.3","0","1","1","0.59","0","1","2","0.8","15","1973","1987","1","1649","6534","5809","778","1505","312","29","237","879","58","48","618","904","0.259","0.329","0.445","0.774","115","*5H4/D367","decindo01","null","null","0"
"44","Troy Glaus","38.1","32.9","35.5","0.914","4","37","3.1","16.6","0","0","0","0","0","1","1","0.5","13","1998","2010","4","1537","6355","5410","889","1375","293","10","320","950","56","29","854","1377","0.254","0.358","0.489","0.847","119","*53DH/6","glaustr01","null","null","0"
"46","Eric Chavez","38.3","31.1","34.7","0.91","3.8","34.4","6.3","16.4","0","0","0","0.1","0","0","2","0.3","17","1998","2014","0","1615","6228","5518","816","1477","318","24","260","902","50","17","639","1079","0.268","0.342","0.475","0.818","115","*5HD/367","chaveer01","null","null","0"
"47","Tim Wallach","38.5","30.6","34.5","0.908","2.8","29.4","10.5","9.2","0","1","2","0.61","0","0","1","0.2","17","1980","1996","5","2212","8908","8099","908","2085","432","36","260","1125","51","66","649","1307","0.257","0.316","0.416","0.732","102","*53H9/D7146","wallati01","null","null","0"
"48","Carney Lansford","40.4","28.5","34.5","0.906","3.5","45.9","-2.1","14.8","0","0","1","0.33","0","0","0","0.1","15","1978","1992","1","1862","7905","7158","1007","2074","332","40","151","874","224","104","553","719","0.29","0.343","0.411","0.753","111","*53DH/64","lansfca01","null","null","0"
"51","Gary Gaetti","42.1","25.3","33.7","0.9","2.7","29.7","15.9","10.1","0","0","2","0.26","0","0","0","0.1","20","1981","2000","2","2507","9817","8951","1130","2280","443","39","360","1341","96","65","634","1602","0.255","0.308","0.434","0.741","97","*53HD/67149","gaettga01","null","null","0"
"53","Bill Madlock","38.2","28.4","33.3","0.896","3.4","49.1","-8.7","13.8","0","0","2","0.62","0","0","1","0.3","15","1973","1987","3","1806","7372","6594","920","2008","348","34","163","860","174","90","605","510","0.305","0.365","0.442","0.807","123","*54HD3","madlobi01","null","null","0"
"56","George Kell HOF","37.6","28.2","32.9","0.89","3.4","35.5","1.6","15.2","0","2","3","1.2","0","0","1","0.3","15","1943","1957","10","1795","7529","6702","880","2054","385","50","78","870","51","36","621","287","0.306","0.367","0.414","0.781","112","*53H/749","kellge01","George Kell","kellge01","1"
"57","Al Rosen","32.4","33","32.7","0.888","5","31.5","0.5","19","1","1","2","1.23","1","3","3","1.6","10","1947","1956","4","1044","4374","3725","603","1063","165","20","192","717","39","33","587","385","0.285","0.384","0.495","0.879","137","*53H/647","rosenal01","null","null","0"
"58","Jeff Cirillo","34.5","30.5","32.5","0.886","3.5","26.4","10.4","14.9","0","0","0","0","0","0","0","0","14","1994","2007","2","1617","6136","5396","800","1598","343","21","112","727","63","37","563","694","0.296","0.366","0.43","0.796","102","*5H34D/671","cirilje01","null","null","0"
"60","Don Money","36.5","27.6","32.1","0.882","3.4","33.7","5.3","13","0","0","0","0.02","0","0","0","0","16","1968","1983","4","1720","6998","6215","798","1623","302","36","176","729","80","51","600","866","0.261","0.328","0.406","0.734","106","*54D63H7","moneydo01","null","null","0"
"61","Ken McMullen","34.1","30","32","0.88","3.5","26.1","10.8","14.1","0","0","0","0.01","0","0","0","0.2","16","1962","1977","0","1583","5731","5131","568","1273","172","26","156","606","20","19","510","815","0.248","0.316","0.383","0.699","104","*5H3D/7694","mcmulke01","null","null","0"
"62","Eddie Yost","35.1","28.5","31.8","0.878","2.7","46.9","-10.7","8.3","0","0","0","0.04","0","0","2","0.4","18","1944","1962","1","2109","9177","7346","1215","1863","337","56","139","682","72","66","1614","920","0.254","0.394","0.371","0.765","109","*5H/37964","yosted01","null","null","0"
"63","Ken Caminiti","33.5","29.8","31.7","0.876","3.1","33.8","1.6","11.3","1","1","1","1","0","0","1","0.3","15","1987","2001","3","1760","7127","6288","894","1710","348","17","239","983","88","39","727","1163","0.272","0.347","0.447","0.794","116","*5H3/D","caminke01","null","null","0"
"64","Travis Fryman","34.4","28.4","31.4","0.874","3.3","33.6","6.2","9.7","0","0","0","0.02","0","0","0","0","13","1990","2002","5","1698","7217","6481","895","1776","345","40","223","1022","72","38","602","1369","0.274","0.336","0.443","0.779","104","*5*6/HD3","frymatr01","null","null","0"
"67","Aramis Ramírez","32.3","29.5","30.9","0.868","2.4","41.9","-5.9","4.9","0","0","3","0.43","0","0","0","0.1","18","1998","2015","3","2194","8986","8136","1098","2303","495","24","386","1417","29","18","633","1238","0.283","0.341","0.492","0.833","115","*5H/D3","ramirar01","null","null","0"
"68","Ken Keltner","33.2","28.3","30.7","0.866","3.5","26.7","7.2","13.5","0","0","0","0.23","0","0","1","0.3","13","1937","1950","7","1526","6316","5683","737","1570","308","69","163","852","39","33","514","480","0.276","0.338","0.441","0.778","112","*5/H3","keltnke01","null","null","0"
"71","Bobby Bonilla","30.3","27.4","28.8","0.86","2.3","42","-15.6","4","0","2","2","1.23","0","0","0","0.1","16","1986","2001","6","2113","8257","7213","1084","2010","408","61","287","1173","45","57","912","1204","0.279","0.358","0.472","0.829","124","*5*97H3D/81","bonilbo01","null","null","0"
"72","Edgardo Alfonzo","28.8","28.9","28.8","0.858","3.1","27.8","4.1","10.3","0","0","1","0.24","0","0","1","0.4","12","1995","2006","1","1506","6108","5385","777","1532","282","18","146","744","53","17","596","617","0.284","0.357","0.425","0.782","105","*5*4H6/D3","alfoned01","null","null","0"
"76","Hank Thompson","30.7","25.7","28.2","0.85","4.6","29.2","2.3","15.4","0","0","0","0.01","0","2","2","1","12","1943","1956","0","1087","4217","3572","625","983","133","49","144","568","57","24","557","337","0.275","0.376","0.461","0.837","123","*54H9876","thompha02","null","null","0"
"77","Richie Hebner","33","23.4","28.2","0.848","2.8","38.4","-5.7","10.2","0","0","0","0.01","0","0","0","0","18","1968","1985","0","1908","7027","6144","865","1694","273","57","203","890","38","40","687","741","0.276","0.352","0.438","0.79","119","*5*3HD/974","hebneri01","null","null","0"
"81","Buddy Lewis","29.4","26.6","28","0.84","3.5","28.8","-1.3","10.5","0","0","0","0.1","0","0","0","0.1","11","1935","1949","2","1349","5940","5261","830","1563","249","93","71","607","83","59","573","303","0.297","0.368","0.42","0.789","111","*5*9H/78","lewisbu01","null","null","0"
"86","Melvin Mora","28.2","26","27.1","0.83","2.9","27.6","3.6","7.2","0","0","0","0.01","0","0","1","0.2","13","1999","2011","2","1556","6158","5422","794","1503","283","19","171","754","93","55","520","953","0.277","0.35","0.431","0.781","105","*5678H4/93D","morame01","null","null","0"
"87","Kevin Seitzer","28.8","25.2","27","0.828","3.2","30.6","-1.6","8.7","0","0","0","0.01","0","0","0","0.1","12","1986","1997","2","1439","6062","5278","739","1557","285","35","74","613","80","49","669","617","0.295","0.375","0.404","0.78","111","*53DH/476819","seitzke01","null","null","0"
"88","Martín Prado","27.5","26.4","27","0.826","3.1","20.7","7.3","9.8","0","0","1","0.13","0","0","0","0.1","14","2006","2019","1","1458","5861","5373","664","1542","316","27","100","609","40","28","385","676","0.287","0.335","0.412","0.747","103","*547H3/69D","pradoma01","null","null","0"
"89","Terry Pendleton","28.4","25.3","26.8","0.824","2.4","16.6","13.5","3.7","1","2","2","1.51","0","1","1","0.5","15","1984","1998","1","1893","7637","7032","851","1897","356","39","140","946","127","59","486","979","0.27","0.316","0.391","0.707","92","*5HD/9","pendlte01","null","null","0"
"90","Bob Bailey","28.8","23.5","26.2","0.822","2.4","31.6","-3.4","4.1","0","0","0","0","0","0","0","0","17","1962","1978","0","1931","7043","6082","772","1564","234","43","189","773","85","83","852","1126","0.257","0.347","0.403","0.75","111","*5*7H3D/689","bailebo01","null","null","0"
"92","Clete Boyer","27.8","23.7","25.8","0.818","2.6","11.2","21.7","7.2","0","0","0","0.02","0","0","0","0","16","1955","1971","0","1725","6368","5780","645","1396","200","33","162","654","41","28","470","931","0.242","0.299","0.372","0.67","86","*56H4","boyercl02","null","null","0"
"93","Chase Headley","26.8","24.5","25.7","0.816","3","25.2","2.7","8.3","0","1","1","0.28","0","0","1","0.2","12","2007","2018","0","1436","5761","5088","637","1337","272","16","130","596","93","29","574","1298","0.263","0.342","0.399","0.742","106","*57H3/D4","headlch01","null","null","0"
"95","Jim Ray Hart","24.9","24.9","24.9","0.812","3.6","30.3","-6.5","9.4","0","0","0","0.11","0","0","1","0.2","12","1963","1974","1","1125","4236","3783","518","1052","148","29","170","578","17","17","380","573","0.278","0.345","0.467","0.813","127","*57DH/9","hartji01","null","null","0"
"96","Whitey Kurowski","24.6","24.7","24.7","0.81","4.4","25.1","-0.1","11.4","0","1","2","0.43","0","0","3","0.4","9","1941","1949","4","916","3693","3229","518","925","162","32","106","529","19","12","369","332","0.286","0.366","0.455","0.821","125","*5H/647","kurowwh01","null","null","0"
"98","Ray Boone","25.8","23.4","24.6","0.806","3","27.5","-0.2","9.6","0","0","1","0.23","0","1","1","0.6","13","1948","1960","2","1373","5299","4589","644","1260","162","46","151","737","21","19","608","463","0.275","0.361","0.429","0.789","114","*5*63H/4","boonera01","null","null","0"
"101","Corey Koskie","24.6","23.7","24.2","0.8","4","21","5.4","10.8","0","0","0","0","0","0","1","0.1","9","1998","2006","0","989","3950","3399","516","936","223","13","124","506","71","36","458","795","0.275","0.367","0.458","0.825","113","*5HD/9","koskico01","null","null","0"
"102","Mike Lowell","24.8","23.5","24.2","0.798","2.5","25.1","2.4","3.8","0","1","1","0.39","0","0","0","0","13","1998","2010","4","1601","6500","5813","771","1619","394","7","223","952","30","14","548","817","0.279","0.342","0.464","0.805","108","*5H3D/4","lowelmi01","null","null","0"
"103","Casey Blake","24.8","22.2","23.5","0.796","3.2","22","3.3","7.6","0","0","0","0","0","0","0","0","13","1999","2011","0","1265","5091","4500","644","1186","264","18","167","616","36","37","445","1037","0.264","0.336","0.442","0.778","107","*593H/D746","blakeca01","null","null","0"
"107","Howard Johnson","22.2","23","22.6","0.788","2.3","32.5","-7.8","3.7","0","2","3","0.92","0","0","1","0.2","14","1982","1995","2","1531","5715","4940","760","1229","247","22","228","760","231","77","692","1053","0.249","0.34","0.446","0.786","118","*56H789/D43","johnsho01","null","null","0"
"108","Willie Jones","24.8","19.9","22.3","0.786","2.4","28.9","-2.3","-1","0","0","0","0.01","0","0","0","0","15","1947","1961","2","1691","6718","5826","786","1502","252","33","190","812","40","22","755","541","0.258","0.343","0.41","0.753","102","*5H/34","joneswi01","null","null","0"
"109","Chone Figgins","22","22.5","22.3","0.784","2.8","21.9","2.9","3.6","0","0","1","0.12","0","1","1","0.4","12","2002","2014","1","1282","5360","4701","708","1298","188","58","35","403","341","119","540","832","0.276","0.349","0.363","0.712","92","*5487H/69D","figgich01","null","null","0"
"110","Ken Oberkfell","22.4","21.9","22.2","0.782","2.3","19.2","5.4","3.5","0","0","0","0","0","0","0","0","16","1977","1992","0","1602","5528","4874","558","1354","237","44","29","446","62","47","546","356","0.278","0.351","0.362","0.713","97","*5*4H3/6D","oberkke01","null","null","0"
"112","Doug Rader","24.3","19.6","21.9","0.778","2.7","24.6","2.3","5","0","0","0","0","0","0","0","0","11","1967","1977","0","1465","5832","5186","631","1302","245","39","155","722","37","33","528","1055","0.251","0.322","0.403","0.725","106","*53HD/69","raderdo02","null","null","0"
"113","Bill Mueller","23.9","19.7","21.8","0.776","3.2","23.7","2.5","8.2","0","0","0","0.11","0","0","0","0","11","1996","2006","0","1216","4886","4223","663","1229","265","22","85","493","20","18","543","571","0.291","0.373","0.425","0.797","109","*5H4/D6","muellbi02","null","null","0"
"114","Juan Uribe","22.6","20.3","21.5","0.774","2","15.4","14.1","0.5","0","0","0","0","0","0","0","0","16","2001","2016","0","1826","6715","6161","724","1568","323","43","199","816","48","39","388","1224","0.255","0.301","0.418","0.719","87","*6*54H/D38","uribeju01","null","null","0"
"116","Don Hoak","21.2","21.1","21.2","0.77","2.7","20.7","2.9","2.2","0","1","1","0.59","0","0","0","0.1","11","1954","1964","1","1263","4946","4322","598","1144","214","44","89","498","64","47","523","530","0.265","0.345","0.396","0.741","98","*5H/46","hoakdo01","null","null","0"
"117","Eric Soderholm","21.5","20.2","20.9","0.768","3.9","17","6.2","10.2","0","0","0","0","0","0","0","0","9","1971","1980","0","894","3255","2894","402","764","120","14","102","383","18","21","295","359","0.264","0.335","0.421","0.756","110","*5DH/364","soderer01","null","null","0"
"119","Bob Horner","21.9","19.1","20.5","0.764","3.5","28.2","-7.4","7.4","0","0","1","0.13","0","0","0","0","10","1978","1988","1","1020","4213","3777","560","1047","169","8","218","685","14","18","369","512","0.277","0.34","0.499","0.839","127","*5*3/H","hornebo01","null","null","0"
"121","Pete Ward","20.3","20.1","20.2","0.76","3.4","17.4","2.7","8.9","0","0","2","0.43","0","0","1","0.2","9","1962","1970","0","973","3512","3060","345","776","136","17","98","427","20","17","371","539","0.254","0.339","0.405","0.744","115","*5H739/46","wardpe01","null","null","0"
"123","Vinny Castilla","19.3","20.8","20.1","0.756","1.7","17","6.1","-3.3","0","0","0","0.14","0","0","0","0","16","1991","2006","2","1854","7384","6822","902","1884","349","28","320","1105","33","43","423","1069","0.276","0.321","0.476","0.797","95","*56H/43","castivi02","null","null","0"
"124","Joe Randa","21.4","18.6","20","0.754","2.3","19.6","4.4","1","0","0","0","0","0","0","0","0","12","1995","2006","0","1522","6007","5428","697","1543","327","36","123","739","42","26","432","738","0.284","0.339","0.426","0.765","96","*5H4D/3","randajo01","null","null","0"
"128","Ed Charles","19.6","19.6","19.6","0.746","3.2","18.2","3.9","6.9","0","0","0","0","0","0","0","0.1","8","1962","1969","0","1005","3909","3482","438","917","147","30","86","421","86","35","332","525","0.263","0.33","0.397","0.727","103","*5H/3476","charled01","null","null","0"
"129","Brandon Inge","19.2","19.6","19.4","0.744","2","9.9","14.4","-0.8","0","0","0","0","0","0","0","0","13","2001","2013","1","1532","5617","5014","563","1166","228","38","152","648","45","40","443","1306","0.233","0.301","0.384","0.685","82","*5*2H8/4793D6","ingebr01","null","null","0"
"130","Dave Hollins","17.8","20.3","19.1","0.742","2.9","20.7","-2.5","5.4","0","0","0","0.01","0","0","1","0.2","12","1990","2002","1","983","3911","3346","578","870","166","17","112","482","47","27","464","687","0.26","0.358","0.42","0.779","106","*53HD/96","hollida01","null","null","0"
"133","Bill Melton","18.8","18","18.4","0.736","2.7","22.7","-2.5","2.7","0","0","0","0.05","0","0","0","0.1","10","1968","1977","1","1144","4558","3971","496","1004","162","9","160","591","23","24","479","669","0.253","0.337","0.419","0.756","112","*5D9H3/7","meltobi01","null","null","0"
"134","Grady Hatton","18.7","17","17.9","0.734","2.3","20.4","-0.4","0.2","0","0","0","0.05","0","0","0","0","12","1946","1960","1","1312","4913","4206","562","1068","166","33","91","533","42","21","646","430","0.254","0.354","0.374","0.728","96","*5H4/376","hattogr01","null","null","0"
"135","David Freese","18.8","16.3","17.6","0.732","2.6","19.1","0.6","5.2","0","0","0","0","0","0","0","0","11","2009","2019","1","1184","4229","3758","481","1041","197","7","113","535","8","11","370","974","0.277","0.351","0.423","0.775","112","*5H3/D42","freesda01","null","null","0"
"136","Jim Davenport","18.3","16.8","17.5","0.73","2","17.2","5.5","-0.6","0","0","0","0.01","0","0","0","0","13","1958","1970","2","1501","4982","4427","552","1142","177","37","77","456","16","25","382","673","0.258","0.318","0.367","0.684","90","*56H4/37","davenji01","null","null","0"
"137","Phil Nevin","15.9","19.1","17.5","0.728","2.1","19.5","-5.5","1.2","0","0","0","0.01","0","0","0","0","12","1995","2006","1","1217","4703","4188","584","1131","209","6","208","743","18","5","449","1019","0.27","0.343","0.472","0.814","114","*5*3D27H9","nevinph01","null","null","0"
"138","Rance Mulliniks","17","17.5","17.3","0.726","2.1","16.7","0.4","3.8","0","0","0","0","0","0","0","0","16","1977","1992","0","1325","4089","3569","445","972","226","17","73","435","15","12","460","555","0.272","0.354","0.407","0.76","107","*5*DH6/43","mullira01","null","null","0"
"140","Todd Zeile","19.4","15","17.2","0.722","1.5","26.7","-6.8","-7.7","0","0","0","0","0","0","0","0","16","1989","2004","0","2158","8649","7573","986","2004","397","23","253","1110","53","51","945","1279","0.265","0.346","0.423","0.769","104","*5*32H/D71","zeileto01","null","null","0"
"142","Kelly Gruber","16.4","17.6","17","0.718","2.8","15","3.2","5","0","1","1","0.45","0","0","0","0","10","1984","1993","2","939","3442","3159","431","818","148","24","117","443","80","33","197","504","0.259","0.307","0.432","0.739","102","*5H/469D78","grubeke01","null","null","0"
"143","Chris Sabo","16.6","17.4","17","0.716","3","16.5","0.7","4.7","0","0","0","0.03","0","0","0","0.1","9","1988","1996","3","911","3714","3354","494","898","214","17","116","426","120","49","274","460","0.268","0.326","0.445","0.772","109","*5H/D9736","saboch01","null","null","0"
"145","Frank Malzone","16.4","17.2","16.8","0.712","1.8","14.3","5.3","-1.6","0","0","1","0.25","0","0","0","0","12","1955","1966","8","1441","5869","5428","647","1486","239","21","133","728","14","14","337","434","0.274","0.315","0.399","0.714","92","*5H","malzofr01","null","null","0"
"146","Steve Buechele","16.5","17","16.8","0.71","2","13.4","5.4","1.3","0","0","0","0","0","0","0","0","11","1985","1995","0","1334","4790","4266","501","1046","183","21","137","547","17","28","408","842","0.245","0.316","0.394","0.71","94","*54H/367D","buechst01","null","null","0"
"147","Wayne Garrett","16.8","16.6","16.7","0.708","2.5","14","5.4","4.2","0","0","0","0","0","0","0","0","10","1969","1978","0","1092","3917","3285","438","786","107","22","61","340","38","30","561","529","0.239","0.35","0.341","0.691","95","*54H6","garrewa01","null","null","0"
"151","Brook Jacoby","14.9","16.9","15.9","0.7","1.8","16.8","-0.4","-1.6","0","0","0","0","0","0","0","0","11","1981","1992","2","1311","5027","4520","535","1220","204","24","120","545","16","25","439","764","0.27","0.334","0.405","0.739","104","*53H/D46","jacobbr01","null","null","0"
"152","Scott Brosius","15.7","15.9","15.8","0.698","2.2","12.3","5.2","0.6","0","0","0","0","0","0","0","0","11","1991","2001","1","1146","4356","3889","544","1001","200","8","141","531","57","30","348","699","0.257","0.323","0.422","0.744","94","*5983H67/4D","brosisc01","null","null","0"
"153","Aurelio Rodríguez","15.1","16.5","15.8","0.696","1.2","6.1","14.7","-9.5","0","0","0","0","0","0","1","0.2","17","1967","1983","0","2017","7085","6611","612","1570","287","46","124","648","35","31","324","943","0.237","0.275","0.351","0.626","76","*5H/64D3","rodriau01","null","null","0"
"154","Larry Parrish","15.6","15.8","15.7","0.694","1.3","23.9","-11.1","-8.4","0","1","1","0.38","0","0","0","0","15","1974","1988","2","1891","7451","6792","850","1789","360","33","256","992","30","36","529","1359","0.263","0.318","0.439","0.757","107","*5*9*DH3/746","parrila01","null","null","0"
"155","Brett Lawrie","15.6","15.6","15.6","0.692","4.3","12.4","5","7.1","0","0","0","0","0","0","0","0","6","2011","2016","0","588","2417","2217","266","578","112","13","71","253","41","19","153","487","0.261","0.315","0.419","0.734","101","*54/DH6","lawribr01","null","null","0"
"156","David Bell","15.2","15.3","15.3","0.69","1.8","8.3","9.9","-2.1","0","0","0","0","0","0","0","0","12","1995","2006","0","1403","5380","4826","587","1239","267","18","123","589","19","20","428","687","0.257","0.32","0.396","0.716","85","*5*4H/63D7","bellda01","null","null","0"
"157","John Castino","15.2","15.2","15.2","0.688","3.7","11.2","6.3","7","0","0","0","0","0","0","0","0","6","1979","1984","0","666","2578","2320","293","646","86","34","41","249","22","19","177","298","0.278","0.329","0.398","0.727","97","*54/6H7D8","castijo01","null","null","0"
"160","Joe Crede","14.7","14.9","14.8","0.682","2.7","8.3","8.5","2.7","0","0","0","0","0","0","0","0","10","2000","2009","1","888","3377","3101","392","787","159","5","140","470","4","12","199","459","0.254","0.304","0.444","0.748","92","*5/HD6","credejo01","null","null","0"
"162","Wayne Gross","15","14.5","14.8","0.678","2.2","17","-0.6","3","0","0","0","0","0","0","0","0","11","1976","1986","1","1105","3680","3125","373","727","126","9","121","396","24","22","482","496","0.233","0.337","0.395","0.732","106","*5H3/D971","grosswa01","null","null","0"
"164","Bobby Adams","15.8","13.4","14.6","0.674","2","16.8","1.6","-1.2","0","0","0","0.03","0","0","0","0","14","1946","1959","0","1281","4534","4019","591","1082","188","49","37","303","67","43","414","447","0.269","0.34","0.368","0.708","90","*5*4H/39","adamsbo03","null","null","0"
"165","Tony Batista","13.8","15.4","14.6","0.672","1.7","11.2","5.7","-3.1","0","0","0","0","0","0","0","0","11","1996","2007","2","1309","4959","4568","625","1146","226","17","221","718","47","26","287","790","0.251","0.299","0.453","0.752","93","*56H4D/3","batisto01","null","null","0"
"166","Ray Knight","13.2","15.8","14.5","0.67","1.4","13.4","-1.1","-4.7","0","1","1","0.27","0","0","0","0","13","1974","1988","2","1495","5291","4829","490","1311","266","27","84","595","14","25","343","579","0.271","0.321","0.39","0.711","99","*5*3HD/4769","knighra01","null","null","0"
"168","Aaron Boone","13.6","15.3","14.4","0.666","1.9","13.6","1.5","-0.2","0","0","0","0","0","0","0","0","12","1997","2009","1","1152","4333","3871","519","1017","216","17","126","555","107","30","303","707","0.263","0.326","0.425","0.751","94","*53H6/4D","booneaa01","null","null","0"
"169","Paul Schaal","14.7","14.1","14.4","0.664","2.1","18.4","-0.7","0.3","0","0","0","0","0","0","0","0","11","1964","1974","0","1128","4149","3555","436","869","132","26","57","323","43","38","516","466","0.244","0.341","0.344","0.686","99","*5H/46","schaapa01","null","null","0"
"170","Nick Punto","15.4","13.1","14.3","0.662","2.2","6.7","12.5","2.4","0","0","0","0","0","0","0","0","14","2001","2014","0","1163","3734","3253","421","798","141","27","19","263","104","36","386","651","0.245","0.323","0.323","0.646","76","*4*5*6H/D8397","puntoni01","null","null","0"
"171","Morgan Ensberg","13.8","14.7","14.3","0.66","3.1","12.1","2.7","6","0","1","1","0.36","0","0","1","0.1","8","2000","2008","1","731","2580","2204","340","579","102","10","110","347","22","19","332","436","0.263","0.362","0.468","0.83","113","*5H/3D6","ensbemo01","null","null","0"
"172","Billy Johnson","14.4","14","14.2","0.658","2.4","11.2","3.2","2.7","0","1","1","0.43","0","0","0","0","9","1943","1953","1","964","3660","3253","419","882","141","33","61","487","13","11","347","290","0.271","0.346","0.391","0.737","102","*5H/34","johnsbi03","null","null","0"
"173","Art Howe","13.8","14.3","14.1","0.656","2.5","10.7","4.1","4.1","0","0","0","0.05","0","0","0","0","11","1974","1985","0","891","2954","2626","268","682","139","23","43","293","10","10","275","287","0.26","0.329","0.379","0.708","103","*54H3/6","howear01","null","null","0"
"178","Dean Palmer","13.3","14","13.7","0.646","1.6","22.8","-8.4","-6","0","0","0","0","0","0","0","0","14","1989","2003","1","1357","5513","4902","734","1229","231","15","275","849","48","31","502","1332","0.251","0.324","0.472","0.796","107","*5DH/736","palmede01","null","null","0"
"179","Hank Blalock","13.5","13.8","13.6","0.644","2.3","13.2","0.7","-0.2","0","0","0","0.01","0","0","1","0.2","9","2002","2010","2","936","3928","3567","507","959","198","17","153","542","14","7","313","720","0.269","0.329","0.463","0.791","101","*5D3H/49","blaloha01","null","null","0"
"181","Héctor López","12.7","13.9","13.3","0.64","1.4","14.3","-3.9","-3.2","0","0","0","0","0","0","0","0","12","1955","1966","0","1450","5181","4644","623","1251","193","37","136","591","16","23","418","696","0.269","0.33","0.415","0.745","103","*7*5H49/863","lopezhe01","null","null","0"
"184","Joe Foy","13","13","13","0.634","2.9","15.3","-0.4","3","0","0","0","0","0","0","0","0","6","1966","1971","0","716","2937","2484","355","615","102","16","58","291","99","48","390","405","0.248","0.351","0.372","0.722","104","*5H/638479","foyjo01","null","null","0"
"185","Cookie Lavagetto","12.7","13.2","13","0.632","2","17.3","-2.9","-1.5","0","0","0","0.02","0","0","0","0","10","1934","1947","4","1043","4040","3509","487","945","183","37","40","486","63","35","485","244","0.269","0.36","0.377","0.737","99","*54H/36","lavagco01","null","null","0"
"186","Tim Naehring","12.7","13.2","12.9","0.63","3.8","10.2","3.9","5.2","0","0","0","0","0","0","0","0","8","1990","1997","0","547","2162","1872","254","527","104","4","49","250","5","7","236","312","0.282","0.365","0.42","0.785","103","*546/HD37","naehrti01","null","null","0"
"187","Hank Majeski","12.8","12.9","12.9","0.628","1.9","10","3.1","1.2","0","0","0","0.07","0","0","0","0","13","1939","1955","0","1069","3792","3421","404","956","181","27","57","501","10","15","299","260","0.279","0.342","0.398","0.74","100","*5H4/67","majesha01","null","null","0"
"188","Randy Jackson","12.4","13.2","12.8","0.626","2.1","10.9","2.3","-1","0","0","0","0","0","0","0","0","10","1950","1959","2","955","3549","3203","412","835","115","44","103","415","36","16","281","382","0.261","0.32","0.421","0.741","94","*5H/7","jacksra01","null","null","0"
"190","Lenny Randle","11.6","13.8","12.7","0.622","1.6","12.9","1.4","-3.5","0","0","0","0.03","0","0","0","0","12","1971","1982","0","1138","4427","3950","488","1016","145","40","27","322","156","112","372","505","0.257","0.321","0.335","0.656","87","*5*4H87/D692","randlle01","null","null","0"
"191","Enos Cabell","11.3","14","12.7","0.62","1.1","15.2","-6.4","-9.3","0","0","0","0.01","0","0","0","0","15","1972","1986","0","1688","6304","5952","753","1647","263","56","60","596","238","124","259","691","0.277","0.308","0.37","0.678","93","*5*3H97/D648","cabelen01","null","null","0"
"193","Jim Morrison","11.9","12.9","12.4","0.616","1.8","12.1","1.9","-0.3","0","0","0","0","0","0","0","0","12","1977","1988","0","1089","3695","3375","371","876","170","16","112","435","50","37","213","521","0.26","0.305","0.419","0.724","98","*5*4H6/D7319","morriji01","null","null","0"
"195","Rich Rollins","11.8","12.7","12.2","0.612","1.9","12.7","1.4","0.4","0","0","1","0.19","0","0","0","0","10","1961","1970","2","1002","3675","3303","419","887","125","20","77","399","17","10","266","410","0.269","0.328","0.388","0.717","98","*5H/467","rolliri01","null","null","0"
"197","Denny Walling","12","11.9","12","0.608","1.5","12.2","-2.8","0.9","0","0","0","0","0","0","0","0","18","1975","1992","0","1271","3287","2945","372","799","142","30","49","380","44","18","308","316","0.271","0.339","0.39","0.728","107","*H*5397/8","wallide01","null","null","0"
"200","Mike Pagliarulo","10.5","12.6","11.6","0.602","1.4","10.6","2","-3.6","0","0","0","0","0","0","0","0","11","1984","1995","0","1246","4317","3901","462","942","206","18","134","505","18","16","343","785","0.241","0.306","0.407","0.712","93","*5H/3D64","paglimi01","null","null","0"
"201","Mark DeRosa","10.6","12.4","11.5","0.6","1.4","11.7","-0.4","-2.4","0","0","0","0","0","0","0","0","16","1998","2013","0","1241","4094","3633","538","975","196","12","100","494","23","18","358","707","0.268","0.34","0.412","0.751","95","*5*4H9673/D","derosma01","null","null","0"
"202","Tom Brookens","11.5","11.3","11.4","0.598","1.4","8.1","6.9","-2.2","0","0","0","0","0","0","0","0","12","1979","1990","0","1336","4258","3865","477","950","175","40","71","431","86","60","281","605","0.246","0.296","0.367","0.663","83","*54H6/D9382","brookto01","null","null","0"
"204","Merrill May","11.3","11.3","11.3","0.594","2.8","9","2.8","2.4","0","0","0","0.01","0","0","0","0","5","1939","1943","1","665","2548","2215","210","610","102","11","4","215","13","23","261","121","0.275","0.354","0.337","0.691","99","*5/H6","maypi01","null","null","0"
"206","Roy Howell","11","11.4","11.2","0.59","1.6","13.4","-1.5","-3","0","0","0","0","0","0","0","0","11","1974","1984","1","1112","4181","3791","422","991","183","31","80","454","9","14","318","675","0.261","0.321","0.389","0.71","98","*5DH/397","howelro02","null","null","0"
"209","Alberto Callaspo","9.6","12.7","11.1","0.584","1.4","11.8","-0.2","-4.3","0","0","0","0","0","0","0","0","10","2006","2015","0","1093","3956","3556","391","941","170","14","52","369","22","14","350","365","0.265","0.329","0.364","0.693","92","*54HD6/379","callaal01","null","null","0"
"210","Bill Spiers","10.2","11.9","11.1","0.582","1.3","13.2","0.6","-2.2","0","0","0","0","0","0","0","0","13","1989","2001","0","1252","3845","3408","477","922","158","35","37","388","97","43","355","496","0.271","0.341","0.37","0.711","90","*6*5H47/398D","spierbi01","null","null","0"
"211","Vance Law","10.5","11.4","10.9","0.58","1.4","12.6","0.6","-3.8","0","0","0","0","0","0","0","0","11","1980","1991","1","1212","4298","3802","453","972","193","26","71","442","34","26","408","602","0.256","0.326","0.376","0.703","94","*5*46H3/8179D","lawva01","null","null","0"
"212","Charlie Hayes","10.5","11.3","10.9","0.578","1.1","8.7","2.8","-7.7","0","0","0","0.01","0","0","0","0","14","1988","2001","0","1547","5766","5262","580","1379","251","16","144","740","47","31","420","918","0.262","0.316","0.398","0.714","89","*5H3/4D769","hayesch01","null","null","0"
"214","Don Wert","9.4","11.9","10.7","0.574","1.4","9","3.8","-4.8","0","0","1","0.08","0","0","0","0","9","1963","1971","1","1110","4346","3840","417","929","129","15","77","365","22","24","389","529","0.242","0.314","0.343","0.658","87","*5H/46","wertdo01","null","null","0"
"215","Jimmy Brown","10.4","10.9","10.7","0.572","1.9","10.4","3.6","-2.6","0","1","2","0.68","0","0","0","0","8","1937","1946","1","890","3835","3512","465","980","146","42","9","319","39","38","231","110","0.279","0.326","0.352","0.678","85","*456H","brownji03","null","null","0"
"219","Billy Cox","10.2","10.2","10.2","0.564","1.6","10.3","2.7","-5.5","0","0","0","0.03","0","0","0","0","11","1941","1955","0","1058","4081","3712","470","974","174","32","66","351","42","38","298","218","0.262","0.318","0.38","0.698","85","*56H4","coxbi02","null","null","0"
"220","Gene Freese","8.7","11.6","10.2","0.562","1.3","13.7","-2.7","-5.4","0","0","0","0","0","0","0","0","12","1955","1966","0","1115","3784","3446","429","877","161","28","115","432","51","26","243","535","0.254","0.305","0.418","0.723","94","*5H4/67","freesge02","null","null","0"
"223","Andy Carey","9.7","10.3","10","0.556","1.7","7.8","2.8","-0.3","0","0","0","0","0","0","0","0","11","1952","1962","0","938","3221","2850","371","741","119","38","64","350","23","21","268","389","0.26","0.327","0.396","0.722","97","*5H/647","careyan01","null","null","0"
"224","Frankie Gustine","8.5","11.6","10","0.554","1.1","14.3","-0.7","-9.8","0","0","0","0.01","0","0","0","0","12","1939","1950","3","1261","5040","4582","553","1214","222","47","38","480","60","58","369","427","0.265","0.322","0.359","0.681","87","*4*5*6H/23","gustifr01","null","null","0"
"226","Leo Gómez","10","10","10","0.55","2.6","8.2","2.5","2.3","0","0","0","0","0","0","0","0","7","1990","1996","0","611","2240","1916","241","466","92","2","79","259","4","10","255","399","0.243","0.336","0.417","0.753","102","*5H/D36","gomezle02","null","null","0"
"227","Luis Salazar","9","10.8","9.9","0.548","1.1","9.5","0.4","-5.4","0","0","0","0","0","0","0","0","13","1980","1992","0","1302","4375","4101","438","1070","144","33","94","455","117","51","179","653","0.261","0.293","0.381","0.673","88","*5H7689/3D41","salazlu01","null","null","0"
"231","Bobby Morgan","9.5","9.6","9.6","0.54","2.3","7.6","4.4","0.2","0","0","0","0","0","0","0","0","8","1950","1958","0","671","2459","2088","286","487","96","11","53","217","18","12","327","381","0.233","0.338","0.366","0.704","87","465H/3","morgabo01","null","null","0"
"232","Jack Howell","9.7","9.4","9.5","0.538","1.7","10.5","-0.3","-0.1","0","0","0","0","0","0","0","0","11","1985","1999","0","941","2982","2639","345","632","129","16","108","337","14","15","300","626","0.239","0.318","0.423","0.742","103","*5H73D/4986","howelja02","null","null","0"
"233","Jim Tabor","9.1","10","9.5","0.536","1.5","11.4","-1.8","-4.6","0","0","0","0.03","0","0","0","0","9","1938","1947","0","1005","4136","3788","473","1021","191","29","104","598","69","59","286","377","0.27","0.322","0.418","0.739","99","*5/H76","taborji01","null","null","0"
"236","Dave Chalk","8.5","10.1","9.3","0.53","1.5","10.7","2.3","-3","0","0","0","0","0","0","0","0","9","1973","1981","2","903","3330","2910","292","733","107","9","15","243","36","38","295","327","0.252","0.325","0.31","0.636","85","*5*64H/D","chalkda01","null","null","0"
"239","Luis Valbuena","8.4","10.2","9.3","0.524","1.3","9.1","0.6","-3.8","0","0","0","0","0","0","0","0","11","2008","2018","0","1011","3571","3148","377","710","169","9","114","367","11","16","374","788","0.226","0.31","0.394","0.703","92","*543H6/D7","valbulu01","null","null","0"
"240","Max Alvis","8.3","10.1","9.2","0.522","1.3","12.7","-1.6","-4.6","0","0","0","0.04","0","0","0","0","9","1962","1970","2","1013","3984","3629","421","895","142","22","111","373","43","46","262","662","0.247","0.302","0.39","0.692","97","*5H/6","alvisma01","null","null","0"
"242","Lonnie Chisenhall","9.2","9.1","9.2","0.518","2.2","8.9","0.1","1","0","0","0","0","0","0","0","0","8","2011","2018","0","688","2360","2159","261","578","132","10","64","296","20","5","150","437","0.268","0.32","0.427","0.747","102","*59HD/387","chiselo01","null","null","0"
"244","Jerry Kenney","9","9","9","0.514","3.1","4.8","5.5","3.4","0","0","0","0","0","0","0","0","6","1967","1973","0","465","1594","1369","165","325","38","13","7","103","59","29","184","139","0.237","0.326","0.299","0.626","81","*56H8/43","kenneje01","null","null","0"
"245","Eric Hinske","7.8","10.1","9","0.512","0.9","11.1","-5.6","-7","0","0","0","0","0","0","0","0","12","2002","2013","0","1387","4310","3797","549","947","240","18","137","522","61","21","452","949","0.249","0.332","0.43","0.762","99","*5*H379D","hinsker01","null","null","0"
"246","Lew Riggs","8.8","9.1","8.9","0.51","1.9","7.2","2.4","-0.6","0","0","0","0","0","0","0","0","10","1934","1946","1","760","2712","2477","298","650","110","43","28","271","22","33","181","140","0.262","0.317","0.375","0.692","91","*5H/436","riggsle01","null","null","0"
"247","Mike Shannon","7.8","9.9","8.8","0.508","1.4","9.5","-2.2","-3.3","0","0","1","0.2","0","0","0","0","9","1962","1970","0","882","3056","2780","313","710","116","23","68","367","19","17","224","525","0.255","0.311","0.387","0.698","97","*59H7/82","shannmi01","null","null","0"
"249","Bill Pecota","9.1","8.5","8.8","0.504","2.1","6.5","4.4","3.4","0","0","0","0","0","0","0","0","9","1986","1994","0","698","1729","1527","223","380","72","11","22","148","52","20","160","216","0.249","0.323","0.354","0.676","87","5H64/397D812","pecotbi01","null","null","0"
"251","Chris Stynes","8.2","9.1","8.6","0.5","1.6","6.9","1.6","0.1","0","0","0","0","0","0","0","0","10","1995","2004","0","828","2574","2326","351","640","118","9","51","265","49","16","191","308","0.275","0.335","0.399","0.734","87","*54H7/9D86","stynech01","null","null","0"
"254","Howard Easterling","8.4","8.4","8.4","0.494","4.7","7.5","1.1","5.1","0","0","0","0","0","0","2","0.5","7","1937","1946","5","290","1221","1108","215","350","61","34","17","212","23","null","89","null","0.316","0.369","0.478","0.848","132","546/987","easteho01","null","null","0"
"257","Floyd Baker","7.9","8.6","8.3","0.488","1.5","4.6","4.2","-0.2","0","0","0","0","0","0","0","0","13","1943","1955","0","874","2694","2280","285","573","76","13","1","196","23","25","382","165","0.251","0.36","0.297","0.658","82","*5H46/7","bakerfl01","null","null","0"
"258","Trevor Plouffe","7.4","9","8.2","0.486","1.5","10.4","-1.8","-3.9","0","0","0","0","0","0","0","0","9","2010","2018","0","830","3234","2933","364","710","155","10","106","379","12","11","246","676","0.242","0.304","0.41","0.714","95","*5D63H/497","plouftr01","null","null","0"
"264","Mark Reynolds","6.9","8.5","7.7","0.474","0.7","15.7","-12","-13.2","0","0","0","0.01","0","0","0","0","13","2007","2019","0","1688","6243","5432","794","1283","253","14","298","871","64","31","707","1927","0.236","0.328","0.453","0.78","103","*5*3HD/49718","reynoma01","null","null","0"
"266","Fernando Tatís","6.3","8.9","7.6","0.47","1.1","10.6","-4.1","-4.5","0","0","0","0","0","0","0","0","11","1997","2010","0","949","3468","3051","427","807","174","14","113","448","50","21","321","709","0.265","0.344","0.442","0.785","101","*5H739/D46","tatisfe01","null","null","0"
"267","Pedro Feliz","5.6","9.7","7.6","0.468","0.7","-0.7","6.9","-8.1","0","0","0","0","0","0","0","0","11","2000","2010","0","1302","4544","4254","487","1065","209","25","140","598","13","12","230","663","0.25","0.288","0.41","0.698","80","*5H37/692D","felizpe01","null","null","0"
"269","Kevin Kouzmanoff","7.6","7.6","7.6","0.464","1.8","7.5","1.3","-1.2","0","0","0","0","0","0","0","0","7","2006","2014","0","685","2730","2525","273","650","143","8","87","371","6","1","125","500","0.257","0.302","0.424","0.726","97","*5/HD","kouzmke01","null","null","0"
"274","Tommy Glaviano","7.1","7.1","7.1","0.454","3","7.1","0.3","2.3","0","0","0","0","0","0","0","0","5","1949","1953","0","389","1249","1008","191","259","55","6","24","108","11","6","208","173","0.257","0.395","0.395","0.789","109","5H4/8796","glavito01","null","null","0"
"276","Tim Hulett","6.7","7.2","7","0.45","1.5","2.1","6","-1","0","0","0","0","0","0","0","0","12","1983","1995","0","720","2317","2128","245","529","90","13","48","220","14","11","145","438","0.249","0.298","0.371","0.669","80","*54HD/67","huletti01","null","null","0"
"277","Lee Handley","6.3","7.4","6.9","0.448","1.1","6.5","1","-6.9","0","0","0","0.01","0","0","0","0","10","1936","1947","0","968","3699","3356","418","902","122","45","15","297","68","54","267","204","0.269","0.323","0.345","0.669","84","*54H/6","handlle01","null","null","0"
"279","Henry Spearman","7.2","6.4","6.8","0.444","3.1","7.1","0.1","2.9","0","0","0","0","0","0","0","0","10","1936","1945","0","372","1526","1387","215","422","84","21","23","250","6","null","117","null","0.304","0.36","0.445","0.804","117","*5/3496","spearhe01","null","null","0"
"280","Bobby Brown","6.8","6.8","6.8","0.442","2","6.9","0.2","1.3","0","0","0","0","0","0","0","0","8","1946","1954","0","548","1863","1619","233","452","62","14","22","237","9","10","214","88","0.279","0.367","0.376","0.742","100","*5H6/4798","brownbo03","null","null","0"
"282","Danny Valencia","6.1","7.4","6.7","0.438","1.1","10.2","-4.6","-5.2","0","0","0","0","0","0","0","0","9","2010","2018","0","864","3222","2963","360","795","154","12","96","397","11","16","217","651","0.268","0.317","0.426","0.742","103","*53DH97/41","valenda01","null","null","0"
"283","Shane Halter","6.3","7.2","6.7","0.436","1.5","4.3","3.8","-1.1","0","0","0","0","0","0","0","0","8","1997","2004","0","690","2109","1899","201","468","93","18","45","197","17","21","146","414","0.246","0.303","0.385","0.688","84","56H43/798D21","haltesh01","null","null","0"
"284","Yangervis Solarte","6.7","6.7","6.7","0.434","1.6","8","-0.1","-1.9","0","0","0","0","0","0","0","0","6","2014","2019","0","670","2645","2407","282","620","124","6","75","307","6","5","189","326","0.258","0.315","0.408","0.723","98","*54H63/7D","solarya01","null","null","0"
"285","Oscar Grimes","6.3","7","6.6","0.432","1.7","8.1","-1.2","-0.6","0","0","0","0","0","0","0","0","9","1938","1946","0","602","2194","1832","235","469","73","24","18","200","30","12","297","303","0.256","0.363","0.352","0.715","98","5436H","grimeos01","null","null","0"
"287","Jack Hannahan","6.3","6.9","6.6","0.428","1.7","3","4.1","-0.3","0","0","0","0","0","0","0","0","8","2006","2014","0","614","1877","1650","167","381","93","5","29","175","6","4","193","440","0.231","0.314","0.346","0.66","82","*5H3/6D4","hannaja01","null","null","0"
"288","Mike Cubbage","6.4","6.8","6.6","0.426","1.5","6.5","0.9","-1.2","0","0","0","0","0","0","0","0","8","1974","1981","0","703","2221","1951","218","503","74","20","34","251","6","15","215","233","0.258","0.33","0.369","0.699","94","*5H34D","cubbami01","null","null","0"
"289","Sean Berry","4.8","8.3","6.6","0.424","0.9","9.5","-4.3","-3.4","0","0","0","0","0","0","0","0","11","1990","2000","0","860","2692","2413","310","657","153","10","81","369","47","24","206","438","0.272","0.334","0.445","0.779","104","*5H3/D","berryse01","null","null","0"
"293","Shea Hillenbrand","6.3","6.3","6.3","0.416","1.1","8.6","-4.3","-6.6","0","0","0","0","0","0","0","0","7","2001","2007","2","943","3816","3570","463","1014","202","15","108","490","16","12","140","464","0.284","0.321","0.44","0.76","95","*5*3D/H","hillesh02","null","null","0"
"295","Ernie Riles","6","6.5","6.3","0.412","1.1","7.8","1.2","-3.1","0","0","0","0","0","0","0","0","9","1985","1993","0","919","2811","2504","309","637","92","20","48","284","20","28","244","409","0.254","0.319","0.365","0.684","89","*6*5H4/D397","rileser01","null","null","0"
"296","Pedro Álvarez","4.9","7.4","6.2","0.41","0.9","11.4","-7.3","-5.7","0","0","0","0","0","0","0","0","9","2010","2018","1","910","3321","2980","365","704","131","6","162","472","15","3","314","952","0.236","0.31","0.447","0.757","107","*5D3H","alvarpe01","null","null","0"
"297","Scott Cooper","6.2","6.2","6.2","0.408","1.7","3.7","2.8","-0.8","0","0","0","0","0","0","0","0","7","1990","1997","2","592","2032","1801","197","478","94","12","33","211","7","10","193","299","0.265","0.337","0.386","0.723","91","*5H3/D64","coopesc01","null","null","0"
"298","Chad Tracy","5.4","6.9","6.2","0.406","0.9","4.4","-0.4","-3.6","0","0","0","0","0","0","0","0","9","2004","2013","0","938","2988","2706","317","741","172","9","86","358","11","7","233","473","0.274","0.333","0.439","0.772","97","*53H9/D7","tracych01","null","null","0"
"300","Ed Sprague","5.7","6.6","6.1","0.402","0.8","9.6","-2.5","-9.9","0","0","0","0","0","0","0","0","11","1991","2001","1","1203","4587","4095","506","1010","225","12","152","558","6","12","358","833","0.247","0.318","0.419","0.737","91","*53HD/2794","spraged02","null","null","0"
"304","Ryan Roberts","5.8","6.1","6","0.394","1.8","4.3","2.3","0.4","0","0","0","0","0","0","0","0","9","2006","2014","0","518","1692","1500","205","365","71","4","46","169","35","20","166","320","0.243","0.32","0.388","0.708","90","54H7/D396","roberry01","null","null","0"
"305","Chris Brown","5.9","5.9","5.9","0.392","2.1","6.3","0.2","0.1","0","0","0","0","0","0","0","0","6","1984","1989","1","449","1690","1523","164","410","61","6","38","184","21","17","120","252","0.269","0.333","0.392","0.725","104","*5/H6","brownch02","null","null","0"
"306","Jung Ho Kang","5.9","5.9","5.9","0.39","3.2","6","0.7","2.6","0","0","0","0","0","0","0","0","4","2015","2019","0","297","1028","917","120","233","50","3","46","144","8","5","75","239","0.254","0.331","0.466","0.796","113","56H/D","kangju01","null","null","0"
"309","Billy Grabarkewitz","5.8","5.8","5.8","0.384","2","6.8","0.2","1.2","0","0","0","0","0","0","1","0.1","7","1969","1975","1","466","1390","1161","189","274","41","12","28","141","33","17","202","321","0.236","0.351","0.364","0.716","101","54H6/D7","grababi01","null","null","0"
"312","Ralph Hodgin","5.7","5.7","5.7","0.378","1.7","4.2","0.1","0.2","0","0","0","0.01","0","0","0","0","6","1939","1948","0","530","1823","1689","198","481","79","24","4","188","7","10","97","63","0.285","0.33","0.367","0.697","98","75H9/8","hodgira01","null","null","0"
"313","Bill Serena","5.7","5.7","5.7","0.376","2.3","7","-0.7","0.2","0","0","0","0","0","0","0","0","6","1949","1954","0","408","1431","1239","154","311","57","16","48","198","2","5","177","235","0.251","0.348","0.439","0.787","108","54H","serenbi01","null","null","0"
"314","Bob Dillinger","5.6","5.6","5.6","0.374","1.2","9.9","-4.3","-3.7","0","0","0","0.07","0","0","0","0","6","1946","1951","1","753","3202","2904","401","888","123","47","10","213","106","50","251","203","0.306","0.363","0.391","0.754","100","*5H/6","dillibo01","null","null","0"
"316","Charley Smith","4.9","6.3","5.6","0.37","1","5.4","1.3","-5","0","0","0","0","0","0","0","0","10","1960","1969","0","771","2686","2484","228","594","83","18","69","281","7","12","130","565","0.239","0.279","0.37","0.649","83","*5H6/74","smithch04","null","null","0"
"317","Sean Burroughs","5.6","5.6","5.6","0.368","1.7","4.8","1.5","-0.2","0","0","0","0","0","0","0","0","7","2002","2012","0","528","1823","1664","187","463","68","12","12","143","20","6","119","223","0.278","0.335","0.355","0.69","88","*5H/43D16","burrose01","null","null","0"
"320","Mike Sharperson","5.5","5.6","5.5","0.362","1.6","6.5","-0.2","1.2","0","0","0","0","0","0","0","0","8","1987","1995","1","557","1383","1203","149","337","61","5","10","123","22","14","139","154","0.28","0.355","0.364","0.719","102","5H46/39","sharpmi01","null","null","0"
"321","Ray Dandridge HOF","5.2","5.8","5.5","0.36","3.4","4.7","1.1","2.2","0","0","0","0","0","0","0","0.2","8","1933","1944","3","246","1000","927","144","296","55","19","4","146","20","null","58","null","0.319","0.36","0.433","0.793","110","546","dandrra99","Ray Dandridge","dandrra99","1"
"324","Herbert Perry","5.1","5.6","5.4","0.354","1.6","4.6","0.3","-1.5","0","0","0","0","0","0","0","0","9","1994","2004","0","529","1889","1696","241","461","102","6","55","246","12","8","128","291","0.272","0.335","0.436","0.771","96","*53HD/7","perryhe01","null","null","0"
"325","Jerry Royster","2.4","8.3","5.3","0.352","0.3","5.5","0","-13.2","0","0","0","0","0","0","0","0","16","1973","1988","0","1428","4732","4208","552","1049","165","33","40","352","189","95","411","534","0.249","0.315","0.333","0.648","76","*5*4H67/89D","roystje01","null","null","0"
"326","Herb Souell","5.4","5.3","5.3","0.35","2.5","5.2","0.1","1.3","0","0","0","0","0","0","0","0.2","9","1940","1948","4","354","1514","1392","242","409","43","22","6","155","52","null","98","null","0.294","0.344","0.369","0.713","107","*5/76","souelhe01","null","null","0"
"327","Bill Stein","5.4","5.3","5.3","0.348","0.9","7.6","-0.6","-4.9","0","0","0","0","0","0","0","0","14","1972","1985","0","959","3067","2811","268","751","122","18","44","311","16","16","186","413","0.267","0.313","0.37","0.684","91","*54H3D/796","steinbi02","null","null","0"
"330","Mike Lamb","4","6.6","5.3","0.342","0.7","5.9","-3","-5.8","0","0","0","0","0","0","0","0","10","2000","2010","0","975","2989","2706","382","746","132","19","69","349","7","10","226","409","0.276","0.332","0.415","0.747","92","*5H3D/7492","lambmi01","null","null","0"
"331","Bill Sudakis","4.9","5.6","5.2","0.34","1.5","5.3","-0.4","-1.1","0","0","0","0","0","0","0","0","8","1968","1975","0","530","1751","1548","177","362","56","7","59","214","9","6","172","313","0.234","0.311","0.393","0.704","102","5H23D/79","sudakbi01","null","null","0"
"333","Steve Ontiveros","4.7","5.5","5.1","0.336","1","7.2","-1.5","-3.4","0","0","0","0","0","0","0","0","8","1973","1980","0","732","2543","2193","230","600","111","10","24","224","5","6","309","290","0.274","0.365","0.366","0.731","96","*5H3/978","ontivst01","null","null","0"
"335","Mike Blowers","4.3","5.8","5.1","0.332","0.9","7.1","-2.4","-4.5","0","0","0","0","0","0","0","0","11","1989","1999","0","761","2585","2300","290","591","116","8","78","365","7","8","248","610","0.257","0.329","0.416","0.745","97","*53H/D7926","blowemi01","null","null","0"
"337","Fred Hatfield","4.8","5.3","5.1","0.328","1.1","3.3","2.5","-2.5","0","0","0","0","0","0","0","0","9","1950","1958","0","722","2366","2039","260","493","67","10","25","165","15","14","248","247","0.242","0.332","0.321","0.654","78","*54H/6","hatfifr01","null","null","0"
"341","Ty Wigginton","2.8","6.9","4.9","0.32","0.3","13.1","-11.2","-13.3","0","0","0","0","0","0","0","0","12","2002","2013","1","1362","4949","4479","558","1170","245","14","169","594","42","23","371","891","0.261","0.323","0.435","0.758","98","*5*34H7D/96","wiggity01","null","null","0"
"342","Bubba Phillips","3.1","6.5","4.8","0.318","0.5","2.1","2","-7.8","0","0","0","0.02","0","0","0","0","10","1955","1964","0","1062","3564","3278","349","835","135","8","62","356","25","11","182","314","0.255","0.297","0.358","0.655","79","*5H789/46","phillbu02","null","null","0"
"345","Garrett Atkins","4","5.3","4.7","0.312","0.8","8.6","-4.4","-5.9","0","0","0","0.02","0","0","0","0","8","2003","2010","0","817","3273","2928","399","835","169","7","99","488","8","4","291","449","0.285","0.35","0.449","0.799","100","*53H/D74","atkinga01","null","null","0"
"347","Geoff Blum","3.3","5.5","4.4","0.308","0.4","2.6","2.8","-10.2","0","0","0","0","0","0","0","0","14","1999","2012","0","1389","4393","3966","446","990","206","15","99","479","19","19","332","667","0.25","0.31","0.384","0.694","81","*5*H4637/D9","blumge01","null","null","0"
"348","Lenny Harris","1.7","7.1","4.4","0.306","0.1","3.8","-2.6","-11.4","0","0","0","0","0","0","0","0","18","1988","2005","0","1903","4289","3924","460","1055","161","21","37","369","131","54","279","337","0.269","0.318","0.349","0.667","80","*H*5*49736/D81","harrile01","null","null","0"
"351","Rene Gonzales","4.2","4.5","4.3","0.3","1","2.4","3.2","-1.7","0","0","0","0","0","0","0","0","13","1984","1997","0","704","1756","1539","185","368","59","4","19","136","23","16","161","230","0.239","0.315","0.32","0.634","75","*5463H/9D71","gonzare01","null","null","0"
"352","Dave Hansen","3.7","4.9","4.3","0.298","0.5","5.3","-2.4","-2.8","0","0","0","0","0","0","0","0","15","1990","2005","0","1230","2101","1793","187","466","79","6","35","222","5","7","283","332","0.26","0.36","0.369","0.729","99","*H*53/D7496","hanseda01","null","null","0"
"353","Garth Iorg","3.5","5","4.2","0.296","0.6","1.4","4.3","-4.9","0","0","0","0","0","0","0","0","9","1978","1987","0","931","2615","2450","251","633","125","16","20","238","23","17","114","298","0.258","0.292","0.347","0.639","72","*5*4H/73D68","iorgga01","null","null","0"
"357","Bob Aspromonte","1.2","6.9","4.1","0.288","0.1","10.1","-6.5","-16.8","0","0","0","0","0","0","0","0","13","1956","1971","0","1324","4799","4369","386","1103","135","26","60","457","19","24","333","459","0.252","0.308","0.336","0.644","86","*5H76/349","asprobo01","null","null","0"
"360","Don Zimmer","2.8","5.2","4","0.282","0.4","4.7","2","-10.3","0","0","0","0","0","0","0","0","12","1954","1965","2","1095","3593","3283","353","773","130","22","91","352","45","25","246","678","0.235","0.29","0.372","0.662","77","*546H2/79","zimmedo01","null","null","0"
"363","Parnell Woods","4","3.8","3.9","0.276","3.2","4.3","-0.4","1.5","0","0","0","0","0","0","0","0.1","9","1937","1945","6","199","824","753","131","221","28","19","5","97","37","0","52","null","0.293","0.343","0.401","0.744","120","5/694","woodspa01","null","null","0"
"364","Wayne Krenchicki","3.6","4","3.8","0.274","1.1","2","1.9","-0.4","0","0","0","0","0","0","0","0","8","1979","1986","0","550","1195","1063","107","283","44","5","15","124","7","8","106","141","0.266","0.33","0.359","0.689","91","*5H34/6D7","krencwa01","null","null","0"
"369","Willie Greene","3.1","4.3","3.7","0.264","0.8","4","-1.1","-3.7","0","0","0","0","0","0","0","0","9","1992","2000","0","655","2183","1902","254","446","76","12","86","307","17","6","260","477","0.234","0.326","0.423","0.749","94","*5H9D/763","greenwi01","null","null","0"
"372","Wilson Betemit","2.8","4.5","3.6","0.258","0.6","8.9","-5.5","-5.1","0","0","0","0","0","0","0","0","11","2001","2013","0","805","2335","2093","264","558","126","8","75","283","9","8","211","612","0.267","0.332","0.442","0.774","104","*5H36D/479","betemwi01","null","null","0"
"375","Spider Jorgensen","3.5","3.5","3.5","0.252","2.1","3.5","0.1","0.1","0","0","0","0","0","0","0","0","5","1947","1951","0","267","875","755","97","201","40","11","9","107","5","6","106","75","0.266","0.359","0.384","0.743","96","5H/9","jorgesp01","null","null","0"
"379","Scott Leius","2.7","4.2","3.4","0.244","0.8","2.5","1.2","-3.3","0","0","0","0","0","0","0","0","9","1990","1999","0","557","1727","1536","214","375","63","10","28","172","16","15","161","236","0.244","0.316","0.353","0.669","78","*5H6/3D48","leiussc01","null","null","0"
"380","Jim Finigan","3.4","3.4","3.4","0.242","1.1","4.6","-0.4","-2.3","0","0","0","0.06","0","0","0","0","6","1954","1959","2","512","1828","1600","195","422","74","17","19","168","8","13","190","176","0.264","0.342","0.367","0.709","92","*54H/6","finigji01","null","null","0"
"385","Ray Jablonski","3","3.6","3.3","0.232","0.6","8","-4.4","-7.5","0","0","0","0","0","0","0","0","8","1953","1960","1","812","2807","2562","297","687","126","11","83","438","16","13","196","330","0.268","0.32","0.423","0.743","94","*5H7/346","jablora01","null","null","0"
"386","Ian Stewart","3.3","3.3","3.3","0.23","1","1.8","2.2","-1.9","0","0","0","0","0","0","0","0","7","2007","2014","0","511","1692","1489","202","341","68","13","61","211","17","12","170","473","0.229","0.315","0.415","0.73","86","*5H4/379D","stewaia01","null","null","0"
"388","Kevin Orie","3.2","3.2","3.2","0.226","1.6","2","1.6","-0.3","0","0","0","0","0","0","0","0","4","1997","2002","0","316","1146","1015","117","253","64","6","22","116","5","3","94","163","0.249","0.32","0.389","0.709","85","5/H63","orieke01","null","null","0"
"389","Sam Hairston","3.2","3.2","3.2","0.224","4.3","2.9","0.4","1.9","0","0","0","0","0","0","0","0.2","6","1944","1951","2","119","474","421","75","133","25","4","5","66","7","0","45","0","0.316","0.386","0.43","0.816","128","52/3H6","hairssa01","null","null","0"
"392","Ed Spiezio","2.6","3.6","3.1","0.218","0.8","3.3","0.1","-3.5","0","0","0","0","0","0","0","0","9","1964","1972","0","554","1716","1544","126","367","56","4","39","174","16","10","135","245","0.238","0.303","0.355","0.658","88","*5H/97","spiezed01","null","null","0"
"396","Al Gallagher","3","3","3","0.21","1.1","3.6","0.3","-1.9","0","0","0","0","0","0","0","0","4","1970","1973","0","442","1433","1264","114","333","42","9","11","130","7","6","138","164","0.263","0.335","0.337","0.672","91","*5H/46","gallaal01","null","null","0"
"397","Phil Gagliano","2.3","3.7","3","0.208","0.5","2","0.7","-3.6","0","0","0","0","0","0","0","0","12","1963","1974","0","702","1605","1411","150","336","50","7","14","159","5","4","163","184","0.238","0.316","0.313","0.629","77","*H45793/6","gagliph01","null","null","0"
"402","Craig Worthington","2.8","2.8","2.8","0.198","1.1","3.8","-0.3","-2.1","0","0","0","0","0","0","0","0","7","1988","1996","0","393","1423","1234","126","284","50","0","33","144","3","6","162","264","0.23","0.322","0.351","0.673","90","*5/3HD","worthcr01","null","null","0"
"404","Sammy Esposito","2","3.5","2.8","0.194","0.6","0.9","2.3","-1","0","0","0","0","0","0","0","0","10","1952","1963","0","560","970","792","130","164","27","2","8","73","7","7","145","127","0.207","0.33","0.277","0.606","66","*5H64/87","espossa01","null","null","0"
"405","Scott Livingstone","2.3","3.2","2.7","0.192","0.5","1.8","0","-3.1","0","0","0","0","0","0","0","0","8","1991","1998","0","673","1646","1533","163","431","76","4","17","177","10","12","89","189","0.281","0.317","0.369","0.686","86","*5H3D/49","livinsc01","null","null","0"
"406","Willy Aybar","2.7","2.7","2.7","0.19","1.1","3.6","-1.7","-2","0","0","0","0","0","0","0","0","5","2005","2010","0","405","1390","1219","137","315","68","2","33","157","7","5","142","206","0.258","0.341","0.399","0.739","96","5DH43/6","aybarwi01","null","null","0"
"408","Randy Johnson","2.7","2.7","2.7","0.186","2.1","0.9","1.9","0.8","0","0","0","0","0","0","0","0","3","1982","1984","0","204","547","484","55","129","21","0","6","53","5","11","47","52","0.267","0.336","0.347","0.683","87","5H/4","johnsra04","null","null","0"
"410","Russ Johnson","2.6","2.6","2.6","0.182","1.2","2.5","0.7","-0.6","0","0","0","0","0","0","0","0","7","1997","2005","0","364","966","836","117","221","46","2","14","97","16","10","105","173","0.264","0.348","0.374","0.722","89","5H4/6D39","johnsru01","null","null","0"
"411","Abraham Núñez","0.8","4.4","2.6","0.18","0.1","-1.1","4.3","-7.6","0","0","0","0","0","0","0","0","12","1997","2008","0","1030","2804","2486","286","601","88","19","18","209","38","16","250","447","0.242","0.313","0.314","0.627","62","*H564/D71","nunezab01","null","null","0"
"416","Mark Teahen","2.6","2.6","2.6","0.17","0.5","9.3","-7.3","-8.9","0","0","0","0","0","0","0","0","7","2005","2011","0","831","3171","2873","388","759","163","26","67","332","45","17","259","679","0.264","0.327","0.409","0.736","94","*59H37/D84","teahema01","null","null","0"
"417","Tyler Saladino","2.5","2.5","2.5","0.168","1.3","-0.3","3.7","-1.1","0","0","0","0","0","0","0","0","5","2015","2019","0","326","1064","978","109","221","33","6","19","92","28","13","62","247","0.226","0.278","0.33","0.608","66","564H/D7389","saladty01","null","null","0"
"419","Conor Gillaspie","2.2","2.9","2.5","0.164","0.7","3.9","-0.9","-3.1","0","0","0","0","0","0","0","0","8","2008","2017","0","513","1551","1424","147","357","73","14","33","158","1","8","107","245","0.251","0.304","0.391","0.695","92","*5H/3D4","gillaco01","null","null","0"
"420","Ellis Clary","2.5","2.5","2.5","0.162","1.8","3.8","-0.9","0.2","0","0","0","0","0","0","0","0","4","1942","1945","0","223","778","650","97","171","32","2","1","46","12","8","114","74","0.263","0.376","0.323","0.699","103","54H/6","claryel01","null","null","0"
"421","Steve Lyons","1.8","2.8","2.3","0.16","0.3","0.5","1.5","-5.9","0","0","0","0","0","0","0","0","9","1985","1993","0","852","2388","2162","264","545","100","17","19","196","42","32","156","364","0.252","0.301","0.34","0.642","77","85H4379/D621","lyonsst01","null","null","0"
"424","Jared Sandberg","2.3","2.3","2.3","0.154","1.9","1.6","1.2","-0.2","0","0","0","0","0","0","0","0","3","2001","2003","0","196","706","630","83","139","38","2","25","92","4","2","65","236","0.221","0.297","0.406","0.703","87","5/H3D6","sandbja01","null","null","0"
"426","Roy Staiger","2.2","2.2","2.2","0.15","2.3","0","2.5","0.7","0","0","0","0","0","0","0","0","4","1975","1979","0","152","496","457","42","104","19","1","4","38","4","3","30","59","0.228","0.274","0.3","0.574","65","5/H6","staigro01","null","null","0"
"427","Jack Lohrke","2.2","2.2","2.2","0.148","1","2.9","-0.2","-2","0","0","0","0","0","0","0","0","7","1947","1953","0","354","1046","914","125","221","38","9","22","96","9","9","111","86","0.242","0.327","0.375","0.702","87","5H4/6","lohrkja01","null","null","0"
"429","Dave Roberts","0.3","4","2.2","0.144","0.1","4.5","-2.2","-6.5","0","0","0","0","0","0","0","0","10","1972","1982","0","709","2191","2017","194","483","77","7","49","208","27","8","128","361","0.239","0.286","0.357","0.644","84","*52H46/39D87","roberda06","null","null","0"
"430","Christian Villanueva","2.2","2.2","2.2","0.142","2.9","2.1","0.3","0.8","0","0","0","0","0","0","0","0","2","2017","2018","0","122","416","383","47","94","16","0","24","53","3","0","23","114","0.245","0.303","0.475","0.778","112","5/H634","villach01","null","null","0"
"431","Ron Coomer","1.4","2.8","2.1","0.14","0.3","1.1","-1.5","-9.6","0","0","0","0","0","0","0","0","9","1995","2003","1","911","3238","3019","333","827","151","8","92","449","13","7","177","429","0.274","0.313","0.421","0.734","87","*3*5HD9","coomero01","null","null","0"
"434","Rick Schu","1.8","2.4","2.1","0.134","0.5","5.2","-3.2","-4.1","0","0","0","0","0","0","0","0","9","1984","1996","0","580","1729","1568","189","386","67","13","41","134","17","16","139","282","0.246","0.31","0.384","0.694","92","*5H3/D476","schuri01","null","null","0"
"435","Doug Strange","0.5","3.7","2.1","0.132","0.1","-1","2.6","-6.4","0","0","0","0","0","0","0","0","9","1989","1998","0","707","2069","1859","194","434","87","7","31","211","14","15","155","330","0.233","0.295","0.338","0.633","69","*54H/7D639","strando01","null","null","0"
"436","Ted Bond","2.1","2.1","2.1","0.13","3.4","1.3","1","0.8","0","0","0","0","0","0","0","0","3","1935","1940","0","98","410","347","76","92","12","8","0","37","12","null","44","null","0.265","0.356","0.346","0.702","91","56/4","bondte01","null","null","0"
"439","Nap Reyes","2.1","2.1","2.1","0.124","1.2","2","-0.4","-1.2","0","0","0","0","0","0","0","0","4","1943","1950","0","279","1006","931","90","264","35","11","13","110","5","7","44","62","0.284","0.326","0.387","0.713","100","53/H7","reyesna01","null","null","0"
"443","Félix Torres","2","2","2","0.116","0.9","2","0.8","-1.9","0","0","0","0","0","0","0","0","3","1962","1964","0","365","1292","1191","109","302","61","5","27","153","2","3","71","202","0.254","0.297","0.381","0.678","91","*5H/3","torrefe01","null","null","0"
"445","Shane Andrews","2","2","2","0.112","0.6","0.9","1.4","-3.9","0","0","0","0","0","0","0","0","7","1995","2002","0","569","1924","1704","196","375","76","4","86","263","7","10","191","515","0.22","0.298","0.421","0.719","85","*53H/D7","andresh01","null","null","0"
"449","Steve Mesner","2","2","2","0.104","0.7","0.6","1.6","-3.7","0","0","0","0","0","0","0","0","6","1938","1945","0","451","1743","1574","153","397","67","6","2","167","11","14","121","69","0.252","0.308","0.306","0.614","75","*5/H64","mesnest01","null","null","0"
"450","José Macias","2","2","2","0.102","0.5","1.6","0.9","-3.9","0","0","0","0","0","0","0","0","7","1999","2005","0","659","1789","1646","201","422","77","17","26","173","43","21","93","243","0.256","0.298","0.371","0.669","75","H54879/6D","maciajo01","null","null","0"
"453","Blake DeWitt","1.9","1.9","1.9","0.096","0.7","2.8","-0.4","-1.9","0","0","0","0","0","0","0","0","6","2008","2013","0","426","1247","1119","118","288","53","11","21","135","7","2","107","194","0.257","0.324","0.381","0.705","90","4H5/76","dewitbl01","null","null","0"
"454","Don Lang","1.9","1.9","1.9","0.094","2.2","1.5","0.5","0.1","0","0","0","0","0","0","0","0","2","1938","1948","0","138","431","373","35","100","17","2","5","42","2","0","49","45","0.268","0.355","0.365","0.719","91","5/H46","langdo01","null","null","0"
"455","Kristopher Negrón","1.9","1.9","1.9","0.092","1.8","0.3","1.6","0.5","0","0","0","0","0","0","0","0","6","2012","2019","0","170","416","375","47","83","14","1","9","32","10","1","32","107","0.221","0.291","0.336","0.627","72","H5/476983D","negrokr01","null","null","0"
"458","Eddie Kazak","1.8","1.8","1.8","0.086","1.4","1.8","0.1","-0.8","0","0","0","0","0","0","0","0","5","1948","1952","1","218","668","605","69","165","22","6","11","71","0","2","52","45","0.273","0.332","0.383","0.716","87","5H/43","kazaked01","null","null","0"
"460","Tyler Houston","1.4","2.2","1.8","0.082","0.3","3.3","-0.9","-4.5","0","0","0","0","0","0","0","0","8","1996","2003","0","700","1947","1805","197","479","84","6","63","253","10","6","119","408","0.265","0.312","0.423","0.735","90","5H23/4796","houstty01","null","null","0"
"461","Steve Boros","1.8","1.8","1.8","0.08","0.7","3.6","-1.1","-3.2","0","0","0","0","0","0","0","0","7","1957","1965","0","422","1474","1255","141","308","50","7","26","149","11","6","181","174","0.245","0.344","0.359","0.702","90","*5H/3946","borosst01","null","null","0"
"463","Tom O'Malley","1.3","2.2","1.7","0.076","0.5","2.4","-0.6","-3.2","0","0","0","0","0","0","0","0","9","1982","1990","0","466","1366","1213","117","310","54","5","13","131","2","8","133","151","0.256","0.329","0.34","0.67","87","*5H/346","o'malto01","null","null","0"
"466","Jim Dyck","1.6","1.6","1.6","0.07","0.8","2.7","-1.8","-1.9","0","0","0","0","0","0","0","0","6","1951","1956","0","330","1134","983","139","242","52","5","26","114","4","6","131","140","0.246","0.339","0.389","0.728","99","57H/893","dyckji01","null","null","0"
"471","Cody Ransom","1","2.1","1.6","0.06","0.4","2.1","-0.4","-1.7","0","0","0","0","0","0","0","0","11","2001","2013","0","383","859","752","111","160","47","2","30","105","6","3","88","274","0.213","0.303","0.4","0.703","86","65H4/3D7","ransoco01","null","null","0"
"473","Javier Pérez","1.5","1.5","1.5","0.056","1.2","1","0.9","-0.8","0","0","0","0","0","0","0","0","7","1934","1945","0","216","849","756","111","204","33","8","3","102","15","null","67","null","0.27","0.331","0.347","0.677","80","54/678329","perezja01","null","null","0"
"476","Robb Quinlan","1.3","1.7","1.5","0.05","0.5","1.9","-1.8","-3","0","0","0","0","0","0","0","0","8","2003","2010","0","458","1196","1112","134","307","54","5","25","121","16","10","69","187","0.276","0.322","0.401","0.723","90","35H7/D9","quinlro01","null","null","0"
"477","Keith Ginter","1.5","1.5","1.5","0.048","0.7","4.1","-2.1","-2","0","0","0","0","0","0","0","0","6","2000","2005","0","325","1118","971","120","236","52","4","38","140","9","2","105","230","0.243","0.329","0.422","0.751","95","45H/D769","ginteke01","null","null","0"
"478","Casey McGehee","0.7","2.2","1.5","0.046","0.1","3.7","-2.5","-8.8","0","0","0","0","0","0","0","0","8","2008","2016","0","850","3086","2798","285","721","141","6","67","380","7","10","249","517","0.258","0.317","0.384","0.701","91","*53H/4D9","mcgehca01","null","null","0"
"479","Ryan Flaherty","1","2","1.5","0.044","0.3","0.5","1.5","-4.2","0","0","0","0","0","0","0","0","8","2012","2019","0","547","1474","1324","152","284","52","5","37","142","10","2","112","360","0.215","0.284","0.345","0.629","71","45H639/7D1","flahery01","null","null","0"
"480","Luis Cruz","1.4","1.4","1.4","0.042","1.2","-1.2","3.3","-0.6","0","0","0","0","0","0","0","0","5","2008","2013","0","195","652","610","57","143","27","1","7","57","4","2","24","78","0.234","0.272","0.316","0.589","62","56/H437","cruzlu01","null","null","0"
"482","Juan Francisco","1.4","1.4","1.4","0.038","0.6","2.1","-1","-2.1","0","0","0","0","0","0","0","0","6","2009","2014","0","404","1091","996","110","235","50","4","48","152","2","6","81","375","0.236","0.297","0.439","0.736","100","5H3/D","francju02","null","null","0"
"483","Jess Brooks","1.4","1.4","1.4","0.036","3.9","1","0.4","0.7","0","0","0","0","0","0","0","0","1","1937","1937","0","56","222","195","36","52","14","6","2","30","0","null","23","null","0.267","0.344","0.431","0.775","113","5","brookje02","null","null","0"
"485","Jim Bucher","1.3","1.3","1.3","0.032","0.4","2.8","-1","-5","0","0","0","0","0","0","0","0","7","1934","1945","0","554","1914","1792","242","474","66","19","17","193","19","16","91","113","0.265","0.302","0.351","0.653","78","54H97/8","bucheji01","null","null","0"
"487","Héctor Rodríguez","1.3","1.3","1.3","0.028","1.3","0.4","1","-0.5","0","0","0","0","0","0","0","0","2","1944","1952","0","162","630","558","85","149","16","0","1","52","13","6","61","22","0.267","0.343","0.301","0.645","78","5/H6","rodrihe01","null","null","0"
"488","Darnell Coles","-1.5","4.1","1.3","0.026","-0.2","2.6","-5.7","-12.1","0","0","0","0","0","0","0","0","14","1983","1997","0","957","3224","2891","333","709","142","14","75","368","20","23","237","445","0.245","0.307","0.382","0.689","88","*59H73D/6","colesda01","null","null","0"
"489","Joaquín Arias","1","1.6","1.3","0.024","0.4","1.9","-0.1","-2.6","0","0","0","0","0","0","0","0","8","2006","2015","0","474","1118","1052","112","279","46","11","7","95","13","3","37","150","0.265","0.293","0.35","0.643","80","5H46/3D7","ariasjo01","null","null","0"
"490","Bob Wilson","1.3","1.3","1.3","0.022","2.2","1.3","-0.1","0.2","0","0","0","0","0","0","0","0","3","1947","1958","0","94","334","304","30","91","10","1","3","40","8","0","25","1","0.299","0.355","0.368","0.723","104","5/H9","wilsobo01","null","null","0"
"492","Dario Lodigiani","1.3","1.3","1.3","0.018","0.5","2.5","-0.6","-3.8","0","0","0","0","0","0","0","0","6","1938","1946","0","405","1552","1364","142","355","71","7","16","156","12","8","141","86","0.26","0.338","0.358","0.696","85","54/H","lodigda01","null","null","0"
"494","Don Ross","1.2","1.2","1.2","0.014","0.4","1.8","-0.8","-4","0","0","0","0","0","0","0","0","7","1938","1946","0","498","1683","1488","129","390","63","4","12","162","10","6","166","70","0.262","0.338","0.334","0.672","86","59H/6743","rossdo01","null","null","0"
"496","Paul Dade","1.2","1.2","1.2","0.01","0.5","3.4","-3","-3.8","0","0","0","0","0","0","0","0","6","1975","1980","0","439","1467","1313","186","355","54","7","10","107","57","33","113","193","0.27","0.328","0.345","0.673","89","95H78/D4","dadepa01","null","null","0"
"497","Matt Dominguez","1.2","1.2","1.2","0.008","0.5","0.2","1.9","-3.5","0","0","0","0","0","0","0","0","5","2011","2016","0","362","1369","1272","123","294","48","2","42","152","0","2","66","249","0.231","0.273","0.371","0.644","79","*5/DH3","dominma01","null","null","0"
"499","Jim Presley","0.3","2.1","1.2","0.004","0.1","5.4","-3.6","-11.9","0","0","0","0.01","0","0","0","0","8","1984","1991","1","959","3818","3546","413","875","181","14","135","495","9","14","210","859","0.247","0.29","0.42","0.71","91","*53/HD6","preslji01","null","null","0"
"2","Alex Rodriguez","117.4","64.3","90.9","0.998","6.8","115.3","10.3","75.7","3","6","10","5.23","5","10","10","7.1","22","1994","2016","14","2784","12207","10566","2021","3115","548","31","696","2086","329","76","1338","2287","0.295","0.38","0.55","0.93","140","*6*5DH/3","rodrial01","Álex Rodríguez","rodrial01","0"
"3","Cal Ripken Jr. HOF","95.9","56.3","76.1","0.996","5.2","78.2","35.7","53.5","2","3","3","2.31","3","5","6","3.7","21","1981","2001","19","3001","12883","11551","1647","3184","603","44","431","1695","36","39","1129","1305","0.276","0.34","0.447","0.788","112","*6*5/DH","ripkeca01","Cal Ripken Jr.","ripkeca01","1"
"6","Robin Yount HOF","77.4","47.3","62.4","0.99","4.4","83.1","6.8","37.5","2","2","2","1.8","1","3","5","2.3","20","1974","1993","3","2856","12249","11008","1632","3142","583","126","251","1406","271","105","966","1350","0.285","0.342","0.43","0.772","115","*6*8D7H/3","yountro01","Robin Yount","yountro01","1"
"8","Ernie Banks HOF","67.8","52.1","60","0.986","4.3","62.4","5.1","28.8","2","4","5","2.83","1","5","5","3","19","1953","1971","14","2528","10396","9421","1305","2583","407","90","512","1636","50","53","763","1236","0.274","0.33","0.5","0.83","122","*3*6H5/7","bankser01","Ernie Banks","bankser01","1"
"9","Ozzie Smith HOF","76.9","42.5","59.7","0.984","4.8","48.8","44.2","42","0","1","1","0.65","0","2","5","1.5","19","1978","1996","15","2573","10778","9396","1257","2460","402","69","28","793","580","148","1072","589","0.262","0.337","0.328","0.666","87","*6H","smithoz01","Ozzie Smith","smithoz01","1"
"10","Alan Trammell HOF","70.7","44.8","57.7","0.982","5","63","22.8","40.4","0","1","3","1.22","0","1","5","1.5","20","1977","1996","6","2293","9376","8288","1231","2365","412","55","185","1003","236","109","850","874","0.285","0.352","0.415","0.767","110","*6HD5/478","trammal01","Alan Trammell","trammal01","1"
"12","Barry Larkin HOF","70.5","43.3","56.9","0.978","5.2","68.3","14.4","42.6","1","1","2","1.1","0","2","5","1.7","19","1986","2004","12","2180","9057","7937","1329","2340","441","76","198","960","379","77","939","817","0.295","0.371","0.444","0.815","116","*6H/4D","larkiba01","Barry Larkin","larkiba01","1"
"13","Derek Jeter HOF","71.3","42.4","56.8","0.976","4.2","96.3","-9.4","29.9","0","3","8","2.77","0","2","4","1.6","20","1995","2014","14","2747","12602","11195","1923","3465","544","66","260","1311","358","97","1082","1840","0.31","0.377","0.44","0.817","115","*6D/H","jeterde01","Derek Jeter","jeterde01","1"
"15","Lou Boudreau HOF","63.1","48.9","56","0.972","6.2","50.5","23.3","42.1","1","3","8","2.66","2","4","5","3.1","15","1938","1952","7","1646","7025","6029","861","1779","385","66","68","789","51","50","796","309","0.295","0.38","0.415","0.795","120","*65H/342","boudrlo01","Lou Boudreau","boudrlo01","1"
"16","Pee Wee Reese HOF","68.5","42.1","55.3","0.97","5.1","57.7","25.6","33.7","0","1","8","1.76","0","2","5","1.5","16","1940","1958","10","2166","9472","8058","1338","2170","330","80","126","885","232","99","1210","890","0.269","0.366","0.377","0.743","99","*65H","reesepe01","Pee Wee Reese","reesepe01","1"
"21","Bert Campaneris","53.1","36.7","44.9","0.96","3.7","47.6","21.1","21.3","0","0","1","0.42","0","0","1","0.5","19","1964","1983","6","2328","9625","8684","1181","2249","313","86","79","646","649","199","618","1142","0.259","0.311","0.342","0.653","89","*6H574/D83219","campabe01","null","null","0"
"22","Jim Fregosi","48.7","40.9","44.8","0.958","4.1","50.2","7.9","24.4","0","0","1","0.52","0","2","4","1.6","18","1961","1978","6","1902","7404","6523","844","1726","264","78","151","706","76","40","715","1097","0.265","0.338","0.398","0.736","113","*635HD/74","fregoji01","null","null","0"
"23","Luis Aparicio HOF","55.9","32.7","44.3","0.956","3.5","42.2","31.9","20.5","0","1","2","1.24","0","1","1","0.5","18","1956","1973","13","2599","11231","10230","1335","2677","394","92","83","791","506","136","736","742","0.262","0.311","0.343","0.653","82","*6H","aparilu01","Luis Aparicio","aparilu01","1"
"25","Nomar Garciaparra","44.3","43.1","43.7","0.952","5","43","6.5","24.3","0","1","5","1.67","0","0","6","1.2","14","1996","2009","6","1434","6116","5586","927","1747","370","52","229","936","95","31","403","554","0.313","0.361","0.521","0.882","124","*635H/D4","garcino01","null","null","0"
"28","Troy Tulowitzki","44.8","40.3","42.5","0.946","5.6","34.2","17.4","27.8","0","2","3","0.86","0","1","4","1","13","2006","2019","5","1291","5415","4804","762","1391","264","24","225","780","57","32","511","900","0.29","0.361","0.495","0.856","118","*6/HD","tulowtr01","null","null","0"
"30","Miguel Tejada","47.1","36.6","41.9","0.942","3.5","51.9","6.7","15.9","1","2","2","1.41","0","1","2","0.7","16","1997","2013","6","2171","9205","8434","1230","2407","468","23","307","1302","85","38","553","1079","0.285","0.336","0.456","0.791","108","*654/HD3","tejadmi01","null","null","0"
"33","Vern Stephens","46.3","34.5","40.4","0.936","4.4","46.5","9","24.8","0","3","6","2.12","0","1","3","0.8","15","1941","1955","7","1720","7243","6497","1001","1859","307","42","247","1174","25","22","692","685","0.286","0.355","0.46","0.815","119","*6*5H/79","stephve01","null","null","0"
"34","Jimmy Rollins","47.9","32.7","40.3","0.934","3.4","43.7","16.3","18.4","1","1","2","0.91","0","0","1","0.2","17","2000","2016","3","2275","10240","9294","1421","2455","511","115","231","936","470","105","813","1264","0.264","0.324","0.418","0.743","95","*6H/D4","rolliji01","null","null","0"
"37","Al Dark","44","33.8","38.9","0.928","3.9","42.4","12.2","14.5","0","2","2","1.06","0","0","2","0.5","14","1946","1960","3","1828","7833","7219","1064","2089","358","72","126","757","59","37","430","534","0.289","0.333","0.411","0.744","98","*6*5H7/4391","darkal01","null","null","0"
"39","Phil Rizzuto HOF","42.2","34.8","38.5","0.924","4.1","29.7","23","22.2","1","2","3","1.89","0","1","3","1.2","13","1941","1956","5","1661","6719","5816","877","1588","239","62","38","563","149","58","651","398","0.273","0.351","0.355","0.706","93","*6/H4","rizzuph01","Phil Rizzuto","rizzuph01","1"
"40","Tony Fernández","45.3","30.5","37.9","0.922","3.4","42.3","14.9","17.2","0","0","1","0.26","0","0","0","0.1","17","1983","2001","5","2158","8793","7911","1057","2276","414","92","94","844","246","138","690","784","0.288","0.347","0.399","0.746","101","*6*54H/D","fernato01","null","null","0"
"45","Hanley Ramírez","38.3","35.2","36.7","0.912","3.7","49.7","-8.4","16.1","0","1","3","0.89","0","1","2","0.6","15","2005","2019","3","1668","7127","6349","1049","1834","375","32","271","917","281","93","660","1234","0.289","0.36","0.486","0.847","124","*6D357H","ramirha01","null","null","0"
"46","Mark Belanger","40.9","32","36.5","0.91","3.3","14.7","39.5","18","0","0","0","0.05","0","0","1","0.2","18","1965","1982","1","2016","6602","5784","676","1316","175","33","20","389","167","75","576","839","0.228","0.3","0.28","0.58","68","*6H/45","belanma01","null","null","0"
"47","Omar Vizquel","45.6","26.8","36.2","0.908","2.5","32.9","29.5","5.3","0","0","0","0.01","0","0","0","0.1","24","1989","2012","3","2968","12013","10586","1445","2877","456","77","80","951","404","167","1028","1087","0.272","0.336","0.352","0.688","82","*65H4/D379","vizquom01","null","null","0"
"48","Rico Petrocelli","39.1","33.2","36.1","0.906","4.1","32.7","14.4","17.5","0","0","1","0.27","1","1","1","0.9","13","1963","1976","2","1553","6171","5390","653","1352","237","22","210","773","10","22","661","926","0.251","0.332","0.42","0.752","108","*6*5H/D43","petrori01","null","null","0"
"50","Rafael Furcal","39.5","30.8","35.1","0.902","4","32.8","15","18.6","0","0","0","0.02","0","0","1","0.2","14","2000","2014","3","1614","7237","6477","1063","1817","311","69","113","587","314","94","643","910","0.281","0.346","0.402","0.748","96","*6H4","furcara02","null","null","0"
"52","Dave Concepción","40.1","29.9","35","0.898","2.6","33.1","21.4","8.5","0","1","2","0.52","0","0","1","0.2","19","1970","1988","9","2488","9641","8723","993","2326","389","48","101","950","321","109","736","1186","0.267","0.322","0.357","0.679","88","*6H453/81","conceda01","null","null","0"
"53","Maury Wills","39.7","29.6","34.6","0.896","3.3","38.4","12.2","10.6","1","2","4","1.84","0","0","1","0.2","14","1959","1972","7","1942","8306","7588","1067","2134","177","71","20","458","586","208","552","684","0.281","0.33","0.331","0.661","88","*6*5H/4","willsma01","null","null","0"
"54","Jay Bell","37.2","31.6","34.4","0.894","2.9","38.3","9.2","11.3","0","0","0","0.11","0","0","1","0.2","18","1986","2003","2","2063","8525","7398","1123","1963","394","67","195","860","91","60","853","1443","0.265","0.343","0.416","0.759","101","*6*4H5/3D","bellja01","null","null","0"
"57","Johnny Pesky","34.2","33.2","33.7","0.888","4.4","32.2","6.7","18.7","0","2","2","0.89","0","1","2","0.7","10","1942","1954","1","1270","5516","4745","867","1455","226","50","17","404","53","49","662","218","0.307","0.394","0.386","0.78","107","*6*54H","peskyjo01","null","null","0"
"58","Dick Groat","36.8","29.7","33.3","0.886","3.1","32.4","17.3","6.3","1","2","2","1.57","0","0","2","0.4","14","1952","1967","8","1929","8180","7484","829","2138","352","67","39","707","14","27","490","512","0.286","0.33","0.366","0.696","89","*6H/534","groatdi01","null","null","0"
"59","José Reyes","37.2","29.3","33.3","0.884","3.2","45.1","1.5","12.8","0","0","1","0.34","0","0","1","0.2","16","2003","2018","4","1877","8240","7552","1180","2138","387","131","145","719","517","127","589","914","0.283","0.334","0.427","0.761","103","*654H/871","reyesjo01","null","null","0"
"62","John Valentin","32.5","31.4","32","0.878","4.8","25.1","12.1","17.4","0","0","1","0.15","0","1","1","0.7","11","1992","2002","0","1105","4511","3917","614","1093","281","17","124","558","47","31","463","524","0.279","0.36","0.454","0.814","109","*6*54H/3D","valenjo02","null","null","0"
"63","Johnny Logan","33.3","29.8","31.5","0.876","3.6","28.9","14","11","0","0","0","0.12","0","0","1","0.3","13","1951","1963","4","1503","5893","5244","651","1407","216","41","93","547","19","13","451","472","0.268","0.33","0.378","0.708","94","*6H5","loganjo01","null","null","0"
"66","Eddie Joost","31.6","28.2","29.9","0.87","3.3","31.1","10.1","11","0","0","1","0.41","0","2","2","0.9","17","1936","1955","2","1574","6791","5606","874","1339","238","35","134","601","61","48","1043","827","0.239","0.361","0.366","0.727","99","*645H/3","joosted01","null","null","0"
"67","Cecil Travis","30.5","29.3","29.9","0.868","3.7","30.5","5.1","12.1","0","0","2","0.56","0","1","2","0.5","12","1933","1947","3","1328","5417","4914","665","1544","265","78","27","657","23","32","402","291","0.314","0.37","0.416","0.786","108","*6*5H9/74","travice01","null","null","0"
"69","Scott Fletcher","31.9","27","29.5","0.864","3.2","22","18.2","12.3","0","0","0","0.01","0","0","0","0","15","1981","1995","0","1612","5976","5258","688","1376","243","38","34","510","99","58","514","541","0.262","0.332","0.342","0.674","85","*6*45H/D3","fletcsc01","null","null","0"
"71","Édgar Rentería","32.4","25.7","29.1","0.86","2.4","35.2","8.9","4.7","0","0","0","0.03","0","0","0","0","16","1996","2011","5","2152","9066","8142","1200","2327","436","29","140","923","294","108","718","1182","0.286","0.343","0.398","0.741","94","*6H/4D3","renteed01","null","null","0"
"72","Marty Marion","31.8","25.8","28.8","0.858","3.3","17.9","25","9.4","1","1","3","1.12","0","0","0","0.1","13","1940","1953","7","1572","6143","5506","602","1448","272","37","36","624","35","21","470","537","0.263","0.323","0.345","0.668","81","*6/H5","marioma01","null","null","0"
"74","Jhonny Peralta","30.3","26.5","28.4","0.854","2.7","33.5","5.8","4.8","0","0","0","0.04","0","0","1","0.2","15","2003","2017","3","1798","7319","6599","841","1761","376","24","202","873","17","27","606","1450","0.267","0.329","0.423","0.752","102","*65H/D37","peraljh01","null","null","0"
"75","José Valentín","31.6","25.1","28.4","0.852","3.1","25.7","13.5","10.4","0","0","0","0","0","0","0","0","16","1992","2007","0","1678","6317","5539","872","1348","302","41","249","816","136","56","630","1294","0.243","0.321","0.448","0.769","96","*654H/78D93","valenjo03","null","null","0"
"79","Chris Speier","30.7","22.5","26.6","0.844","2.2","26","17.7","4","0","0","0","0","0","0","0","0.1","19","1971","1989","3","2260","8155","7156","770","1759","302","50","112","720","42","54","847","988","0.246","0.327","0.349","0.676","88","*65H4/3","speiech01","null","null","0"
"80","Bill Russell","31.4","21.3","26.3","0.842","2.3","22.3","19.5","5.2","0","0","0","0","0","0","0","0","18","1969","1986","3","2181","8021","7318","796","1926","293","57","46","627","167","69","483","667","0.263","0.31","0.338","0.648","83","*69H847/5","russebi01","null","null","0"
"81","J.J. Hardy","28.2","24.1","26.1","0.84","2.9","19.4","17.6","7.3","0","0","0","0","0","0","0","0","13","2005","2017","2","1561","6309","5805","718","1488","291","14","188","688","8","9","411","960","0.256","0.305","0.408","0.714","91","*6/H","hardyjj01","null","null","0"
"82","Roy Smalley","27.9","24.1","26","0.838","2.7","29.4","4.9","6.7","0","0","0","0.04","0","0","0","0.1","13","1975","1987","1","1653","6596","5657","745","1454","244","25","163","694","27","34","771","908","0.257","0.345","0.395","0.74","103","*6D5H43/2","smallro02","null","null","0"
"83","Carlos Guillén","27.7","24.2","26","0.836","3.4","31.4","0.8","9","0","0","1","0.1","0","1","1","0.4","14","1998","2011","3","1305","5277","4673","733","1331","266","51","124","660","74","47","510","804","0.285","0.355","0.443","0.798","111","*654D37H","guillca01","null","null","0"
"86","Solly Hemus","26","25.8","25.9","0.83","4.4","24.6","5.5","13.9","0","0","0","0.01","0","1","1","0.5","11","1949","1959","0","961","3251","2694","459","736","137","41","51","263","21","18","456","247","0.273","0.39","0.411","0.801","115","*6H45","hemusso01","null","null","0"
"89","Garry Templeton","27.8","23.7","25.8","0.824","2.2","23.5","16.7","0.8","0","0","0","0.07","0","0","0","0","16","1976","1991","3","2079","8208","7721","893","2096","329","106","70","728","242","129","375","1092","0.271","0.304","0.369","0.673","87","*6H/359","templga01","null","null","0"
"90","Denis Menke","28.1","23.3","25.7","0.822","2.8","30.1","4","6.9","0","0","0","0.02","0","0","1","0.1","13","1962","1974","2","1598","5936","5071","605","1270","225","40","101","606","34","54","698","853","0.25","0.343","0.37","0.713","103","*6*543H/79","menkede01","null","null","0"
"93","Leo Cárdenas","27.2","23.3","25.3","0.816","2.3","23.7","16.4","-0.3","0","0","0","0.12","0","0","0","0","16","1960","1975","5","1941","7402","6707","662","1725","285","49","118","689","39","48","522","1135","0.257","0.311","0.367","0.679","88","*65H/D4","cardele01","null","null","0"
"96","Yunel Escobar","26.9","23.4","25.1","0.81","3","28","5.7","7.2","0","0","0","0.01","0","0","0","0","11","2007","2017","0","1434","5957","5315","689","1501","258","12","90","519","34","32","509","686","0.282","0.35","0.386","0.736","101","*6*5H/4D7","escobyu01","null","null","0"
"99","Ron Hansen","24.1","25.8","25","0.804","2.8","16.2","16.3","8.3","0","1","1","0.45","0","1","1","0.6","15","1958","1972","2","1384","4964","4311","446","1007","156","17","106","501","9","14","551","643","0.234","0.32","0.351","0.672","92","*6H54/3","hansero02","null","null","0"
"101","Mike Bordick","26.8","22.3","24.6","0.8","2.5","20.4","16.6","4.3","0","0","0","0.01","0","0","0","0","14","1990","2003","1","1720","6484","5770","676","1500","257","30","91","626","96","58","500","800","0.26","0.323","0.362","0.685","83","*645/HD","bordimi01","null","null","0"
"103","Gene Alley","24.2","24.1","24.1","0.796","3.3","16.4","14.7","8.8","0","0","0","0.1","0","0","0","0.1","11","1963","1973","2","1195","4332","3927","442","999","140","44","55","342","63","30","300","622","0.254","0.31","0.354","0.665","88","*64H5","alleyge01","null","null","0"
"104","Harvey Kuenn","25.8","22","23.9","0.794","2.3","35.4","-8.3","1.2","0","1","3","0.74","0","0","0","0.1","15","1952","1966","10","1833","7618","6913","950","2092","356","56","87","671","68","56","594","404","0.303","0.357","0.408","0.765","108","*6*7*98H53","kuennha01","null","null","0"
"105","Greg Gagne","26.3","21.3","23.8","0.792","2.4","18.5","19.1","5.8","0","0","0","0.01","0","0","0","0","15","1983","1997","0","1798","6209","5673","712","1440","296","50","111","604","108","96","367","1121","0.254","0.302","0.382","0.684","83","*6H/D8459","gagnegr01","null","null","0"
"107","Michael Young","24.7","21.4","23.1","0.788","2","40.2","-10.4","-4.6","0","0","2","0.55","0","0","0","0","14","2000","2013","7","1970","8612","7918","1137","2375","441","60","185","1030","90","30","575","1235","0.3","0.346","0.441","0.787","104","*6*5*4D3/H","youngmi02","null","null","0"
"108","Dickie Thon","23.9","22.1","23","0.786","2.8","22.6","8.5","7.7","0","0","1","0.2","0","1","2","0.8","15","1979","1993","1","1387","4871","4449","496","1176","193","42","71","435","167","63","348","658","0.264","0.317","0.374","0.691","95","*6H45D/3","thondi01","null","null","0"
"109","Roy McMillan","25.8","20.2","23","0.784","2","17.2","21.7","-3.4","0","0","1","0.4","0","0","0","0","16","1951","1966","2","2093","7656","6752","739","1639","253","35","68","594","41","36","665","711","0.243","0.314","0.321","0.635","72","*6H/54","mcmilro01","null","null","0"
"110","Erick Aybar","22.8","22.9","22.8","0.782","2.5","24.2","6.6","3.2","0","0","0","0","0","0","0","0","12","2006","2017","1","1454","5628","5175","643","1402","256","46","58","473","155","62","285","670","0.271","0.313","0.372","0.685","89","*6H4/5D719","aybarer01","null","null","0"
"112","Freddie Patek","24","20.4","22.2","0.778","2.4","21.9","13.6","2.4","0","0","1","0.23","0","0","0","0","14","1968","1981","3","1650","6247","5530","736","1340","216","55","41","490","385","131","523","787","0.242","0.309","0.324","0.633","79","*6H/459D7","patekfr01","null","null","0"
"113","Larry Bowa","22.8","21.5","22.2","0.776","1.6","18.1","19.1","-6.6","0","1","1","0.57","0","0","1","0.2","16","1970","1985","5","2247","9109","8418","987","2191","262","99","15","525","318","105","474","569","0.26","0.3","0.32","0.62","71","*6H/4","bowala01","null","null","0"
"114","Jack Wilson","23.5","20.9","22.2","0.774","2.8","9.2","21","7.1","0","0","0","0","0","0","0","0","12","2001","2012","1","1370","5339","4890","565","1294","243","34","61","426","43","32","270","619","0.265","0.306","0.366","0.671","76","*6H4/5D","wilsoja02","null","null","0"
"115","Rick Burleson","22.8","21.3","22","0.772","2.7","18.1","13.9","4.5","0","0","0","0.11","0","0","1","0.2","13","1974","1987","4","1346","5717","5139","656","1401","256","23","50","449","72","68","420","477","0.273","0.328","0.361","0.689","87","*64DH/5","burleri01","null","null","0"
"117","Woodie Held","22","21.9","21.9","0.768","2.6","21.2","3.8","7.5","0","0","0","0.01","0","0","0","0.1","14","1954","1969","0","1390","4647","4019","524","963","150","22","179","559","14","11","508","944","0.24","0.331","0.421","0.753","108","*68H4579","heldwo01","null","null","0"
"118","Chico Carrasquel","21.3","22.5","21.9","0.766","2.6","14.4","14.6","5.2","0","0","0","0.06","0","0","1","0.3","10","1950","1959","4","1325","5264","4644","568","1199","172","25","55","474","31","28","491","467","0.258","0.333","0.342","0.674","82","*65H/43","carrach01","null","null","0"
"119","Alexei Ramírez","21.8","22","21.9","0.764","2.6","20","9.7","2.5","0","0","0","0","0","0","0","0.1","9","2008","2016","1","1371","5505","5134","601","1387","249","17","115","590","143","63","263","650","0.27","0.307","0.392","0.7","89","*64/H8D951","ramiral03","null","null","0"
"122","Marco Scutaro","22.1","20.9","21.5","0.758","2.6","23.7","4","3.7","0","0","0","0","0","0","0","0","13","2002","2014","1","1391","5486","4887","683","1355","269","21","77","509","55","22","474","570","0.277","0.341","0.388","0.729","95","*6*45H/7D93","scutama01","null","null","0"
"125","Eddie Miller","22.3","19.1","20.7","0.752","2.4","13.8","19","1.4","0","0","1","0.2","0","0","0","0","14","1936","1950","7","1510","5818","5337","539","1270","263","28","97","640","64","45","351","465","0.238","0.29","0.352","0.643","80","*64H/5","milleed03","null","null","0"
"127","Orlando Cabrera","21.3","20","20.6","0.748","1.7","21.5","10.3","-5.3","0","0","0","0.01","0","0","0","0","15","1997","2011","0","1985","8255","7562","985","2055","459","32","123","854","216","57","514","745","0.272","0.317","0.39","0.707","84","*64H/5D","cabreor01","null","null","0"
"129","Ozzie Guillén","21","19.4","20.2","0.744","1.7","10.4","23","-2.7","0","0","0","0.03","0","0","0","0","16","1985","2000","3","1993","7133","6686","773","1764","275","69","28","619","169","108","239","511","0.264","0.287","0.338","0.626","69","*6H/534D7","guilloz01","null","null","0"
"130","David Eckstein","20.9","19","20","0.742","2.6","22.2","4.7","2.6","0","0","0","0.09","0","0","0","0","10","2001","2010","2","1311","5705","5041","701","1414","232","20","35","392","123","45","376","418","0.28","0.345","0.355","0.701","87","*64HD","eckstda01","null","null","0"
"131","Granny Hamner","19.4","20.2","19.8","0.74","2.1","19.8","9","-4.6","0","0","1","0.31","0","0","0","0","17","1944","1962","3","1531","6293","5839","711","1529","272","62","104","708","35","20","351","432","0.262","0.303","0.383","0.686","84","*6*4H5/1","hamnegr01","null","null","0"
"132","Jeff Blauser","20.9","18.3","19.6","0.738","2.4","27.7","0.2","4.8","0","0","0","0.03","0","0","1","0.1","13","1987","1999","2","1407","5271","4522","691","1187","217","33","122","513","65","41","569","937","0.262","0.354","0.406","0.76","102","*6H45/8D7","blausje01","null","null","0"
"136","Bud Harrelson","20.3","18.2","19.3","0.73","2.1","15.3","14.2","2","0","0","0","0.05","0","0","0","0","16","1965","1980","2","1533","5516","4744","539","1120","136","45","7","267","127","60","633","653","0.236","0.327","0.288","0.616","76","*6H4/57","harrebu01","null","null","0"
"138","Jason Bartlett","18.4","19.6","19","0.726","3.3","15.9","7.3","6.2","0","0","0","0.02","0","0","0","0.1","10","2004","2014","1","892","3521","3141","435","849","156","26","31","286","123","37","275","526","0.27","0.336","0.366","0.702","91","*6H/D74","bartlja01","null","null","0"
"141","Rey Sánchez","20.6","16.6","18.6","0.72","2.2","6.6","20.8","3.4","0","0","0","0","0","0","0","0","15","1991","2005","0","1490","5246","4850","549","1317","193","32","15","389","55","32","229","508","0.272","0.308","0.334","0.642","69","*6*4H/5D","sanchre01","null","null","0"
"142","Tony Kubek","18.4","18.8","18.6","0.718","2.7","11.4","12.4","4.7","0","0","0","0.09","0","0","0","0","9","1957","1965","4","1092","4494","4167","522","1109","178","30","57","373","29","23","217","441","0.266","0.303","0.364","0.667","85","*67H589/43","kubekto01","null","null","0"
"143","Royce Clayton","19.5","17.5","18.5","0.716","1.5","14.7","16.3","-6.3","0","0","0","0","0","0","0","0","17","1991","2007","1","2108","8164","7379","935","1904","363","55","110","723","231","100","565","1415","0.258","0.312","0.367","0.679","78","*6H/5D","claytro01","null","null","0"
"146","Dick Schofield","18.8","17.8","18.3","0.71","2.2","14.3","13.6","2.7","0","0","0","0","0","0","0","0","14","1983","1996","0","1368","4928","4299","505","989","137","32","56","353","120","41","446","684","0.23","0.308","0.316","0.624","73","*6/H45D","schofdi02","null","null","0"
"147","Eddie Bressoud","17.1","19.3","18.2","0.708","2.3","18.7","5.2","3.2","0","0","0","0.03","0","0","0","0.1","12","1956","1967","1","1186","4108","3672","443","925","184","40","94","365","9","13","359","723","0.252","0.319","0.401","0.719","96","*6H45/37","bressed01","null","null","0"
"150","Rich Aurilia","18.2","16.8","17.5","0.702","1.8","19.3","4.1","-0.8","0","0","0","0.04","0","0","1","0.1","15","1995","2009","1","1652","6278","5721","745","1576","301","22","186","756","23","18","450","861","0.275","0.328","0.433","0.762","99","*635H4/D","aurilri01","null","null","0"
"152","Bucky Dent","17.5","17.2","17.4","0.698","2","11.1","16.5","0.6","0","0","0","0","0","0","0","0","12","1973","1984","3","1392","5026","4512","451","1114","169","23","40","423","17","29","328","349","0.247","0.297","0.321","0.618","74","*6/H45D","dentbu01","null","null","0"
"153","Ian Desmond","15.8","18.5","17.2","0.696","1.7","21","-1.1","-2.9","0","0","0","0.03","0","0","0","0","11","2009","2019","2","1478","5944","5442","724","1432","277","37","181","711","181","56","387","1402","0.263","0.315","0.427","0.742","95","*6837H/4D91","desmoia01","null","null","0"
"159","Stephen Drew","15.8","17.1","16.5","0.684","2","16.8","5","0.4","0","0","0","0","0","0","0","0","12","2006","2017","0","1268","4917","4403","565","1109","258","63","123","524","41","19","435","926","0.252","0.318","0.423","0.741","94","*64H/5D","drewst01","null","null","0"
"162","Walt Weiss","16.5","16.1","16.3","0.678","1.8","15","10.3","-0.8","0","0","0","0","0","0","0","0","14","1987","2000","1","1495","5516","4686","623","1207","182","31","25","386","96","35","658","658","0.258","0.351","0.326","0.677","78","*6H/D","weisswa01","null","null","0"
"165","Brendan Ryan","15","16","15.5","0.672","2.7","4.2","15","5.6","0","0","0","0","0","0","0","0","10","2007","2016","0","896","2886","2591","304","604","116","18","19","203","67","25","198","490","0.233","0.294","0.314","0.607","69","*64H5/39D71","ryanbr01","null","null","0"
"167","Hubie Brooks","13","17.3","15.2","0.668","1.3","17.3","-4.7","-9","0","0","0","0.03","0","0","0","0.1","15","1980","1994","2","1645","6476","5974","656","1608","290","31","149","824","64","56","387","1005","0.269","0.315","0.403","0.717","100","*9*5*6HD/347","brookhu01","null","null","0"
"168","Zoilo Versalles","12.6","17.6","15.1","0.666","1.5","13.9","8","-4.9","1","1","1","1.01","0","1","1","0.7","12","1959","1971","2","1400","5579","5141","650","1246","230","63","95","471","97","48","318","810","0.242","0.29","0.367","0.657","82","*654H","versazo01","null","null","0"
"169","Zack Cozart","14.4","15.7","15.1","0.664","2.8","9.8","8.8","3.7","0","0","0","0","0","0","0","0","9","2011","2019","1","839","3388","3088","408","764","158","24","87","305","21","4","219","549","0.247","0.3","0.399","0.699","88","*65H/4D","cozarza01","null","null","0"
"171","Ed Brinkman","13.2","16.8","15","0.66","1.2","5.5","20.4","-9.3","0","0","1","0.2","0","0","0","0","15","1961","1975","1","1846","6642","6045","550","1355","201","38","60","461","30","35","444","845","0.224","0.28","0.3","0.58","65","*6H/547","brinked01","null","null","0"
"177","Clint Barmes","15","14.1","14.5","0.648","2","3.5","16.2","2.3","0","0","0","0","0","0","0","0","13","2003","2015","0","1186","4167","3805","434","932","208","17","89","415","43","30","216","734","0.245","0.294","0.379","0.673","75","*6*4H/5839","barmecl01","null","null","0"
"179","Cristian Guzmán","12.6","16.3","14.5","0.644","1.5","16.1","3.8","-6.4","0","0","0","0.01","0","0","0","0","11","1999","2010","2","1406","5785","5382","727","1459","238","89","62","467","125","68","265","783","0.271","0.307","0.383","0.69","80","*64H/D9","guzmacr01","null","null","0"
"180","Julio Lugo","13.5","14.7","14.1","0.642","1.6","19.5","0.6","-4.4","0","0","0","0","0","0","0","0","12","2000","2011","0","1352","5338","4758","688","1279","238","34","80","475","198","69","439","876","0.269","0.333","0.384","0.716","87","*64H5/7D98","lugoju01","null","null","0"
"182","José Hernández","13.3","14.7","14","0.638","1.4","9.7","8.4","-2.3","0","0","0","0","0","0","0","0","15","1991","2006","1","1587","5089","4618","623","1166","193","33","168","603","41","38","384","1391","0.252","0.312","0.418","0.729","88","*6*5H4378/9D","hernajo01","null","null","0"
"183","Billy Myers","14","14","14","0.636","3.1","11.2","7.4","4.5","0","0","0","0.08","0","0","1","0.2","7","1935","1941","0","738","2726","2399","319","616","88","33","45","243","23","29","250","445","0.257","0.328","0.377","0.706","93","*6/4H","myersbi01","null","null","0"
"185","Daryl Spencer","13.7","13.3","13.5","0.632","2","16.8","2.6","-2.4","0","0","0","0","0","0","0","0","10","1952","1963","0","1098","4208","3689","457","901","145","20","105","428","13","7","449","516","0.244","0.327","0.38","0.707","89","*6*45H","spencda01","null","null","0"
"188","Adam Everett","12.6","13.9","13.2","0.626","2.3","0.9","15.7","2.9","0","0","0","0","0","0","0","0","11","2001","2011","0","880","3070","2758","334","668","135","15","40","283","67","21","174","455","0.242","0.294","0.346","0.64","66","*6H/54D","everead01","null","null","0"
"189","Craig Reynolds","13.3","13.1","13.2","0.624","1.4","12.2","8.8","-3.8","0","0","0","0","0","0","0","0","15","1975","1989","2","1491","4863","4466","480","1142","143","65","42","377","58","32","227","406","0.256","0.291","0.345","0.636","80","*6H45/3719","reynocr01","null","null","0"
"191","Eddie Lake","12.6","13.1","12.9","0.62","2.4","13.9","3.5","2.8","0","0","0","0.01","0","1","1","0.4","11","1939","1950","0","835","3201","2595","445","599","105","9","39","193","52","45","546","312","0.231","0.366","0.323","0.689","91","*6H45/1","lakeed01","null","null","0"
"192","Spike Owen","12.6","13.1","12.9","0.618","1.3","16.2","5.5","-5.6","0","0","0","0","0","0","0","0","13","1983","1995","0","1544","5616","4930","587","1211","215","59","46","439","82","62","569","519","0.246","0.324","0.341","0.665","83","*6H5/4D3","owensp01","null","null","0"
"194","Buddy Kerr","12.3","12.6","12.4","0.614","1.9","10.8","8.7","-2.8","0","0","0","0.13","0","0","0","0","9","1943","1951","1","1067","4058","3631","378","903","145","25","31","333","38","23","324","280","0.249","0.312","0.328","0.64","76","*6/5H4","kerrbu01","null","null","0"
"196","Iván de Jesús","11.1","12.5","11.8","0.61","1.3","12.2","7.1","-5.8","0","0","0","0","0","0","0","0","15","1974","1988","0","1371","5193","4602","595","1167","175","48","21","324","194","88","466","664","0.254","0.323","0.326","0.649","77","*6H5","dejesiv01","null","null","0"
"197","Addison Russell","11.7","11.7","11.7","0.608","3.1","5.4","9.1","4.7","0","0","0","0.01","0","0","0","0","5","2015","2019","1","615","2212","1987","256","480","100","9","60","253","17","5","186","532","0.242","0.312","0.392","0.704","86","*64H","russead02","null","null","0"
"202","Ted Strong","11.3","11.5","11.4","0.598","7.3","10.3","0.6","8.3","0","0","0","0","0","3","5","1.8","8","1937","1948","7","250","1000","841","185","279","45","13","25","178","30","null","132","null","0.332","0.433","0.505","0.938","170","96/3548","stronte01","null","null","0"
"204","Gary Disarcina","11.2","11.6","11.4","0.594","1.7","5.2","12.8","-2.9","0","0","0","0.01","0","0","0","0","12","1989","2000","1","1086","4032","3744","444","966","186","20","28","355","47","44","154","306","0.258","0.292","0.341","0.633","66","*6/H45","disarga01","null","null","0"
"205","Shawon Dunston","11.6","11","11.3","0.592","1","20.8","-1.7","-8.6","0","0","0","0","0","0","0","0","18","1985","2002","2","1814","6276","5927","736","1597","292","62","150","668","212","82","203","1000","0.269","0.296","0.416","0.712","89","*6H789/43D5","dunstsh01","null","null","0"
"209","Alex Gonzalez","11.2","11.3","11.2","0.584","1.3","10.7","8.1","-7.3","0","0","0","0","0","0","0","0","13","1994","2006","0","1396","5528","4977","623","1209","274","27","137","536","97","48","392","1165","0.243","0.302","0.391","0.694","79","*65H/D37","gonzaal01","null","null","0"
"210","Eddie Kasko","11.1","11.3","11.2","0.582","1.7","8.2","7.6","-3.7","0","0","0","0","0","0","0","0","10","1957","1966","2","1077","3881","3546","411","935","146","13","22","261","31","31","265","353","0.264","0.317","0.331","0.648","76","*6*5H4","kaskoed01","null","null","0"
"211","Álex González","9.4","12.8","11.1","0.58","0.9","7","10.4","-10.1","0","0","0","0","0","0","0","0","16","1998","2014","1","1609","6248","5776","667","1418","332","31","157","690","30","22","300","1168","0.245","0.29","0.395","0.685","79","*6H/35","gonzaal02","null","null","0"
"212","Bill Hall","9.6","12.4","11","0.578","1.5","7.6","4.1","-1.8","0","0","0","0","0","0","0","0.1","11","2002","2012","0","1053","3674","3334","450","827","210","21","125","440","62","40","286","971","0.248","0.308","0.436","0.744","93","564H87/9D1","hallbi03","null","null","0"
"213","Frank Duffy","10.4","11.4","10.9","0.576","1.8","5","11.4","0.1","0","0","0","0","0","0","0","0","10","1970","1979","0","915","2924","2665","248","619","104","14","26","240","49","30","171","342","0.232","0.279","0.311","0.59","69","*6H/54D3","duffyfr01","null","null","0"
"214","Cliff Pennington","9.9","11.1","10.5","0.574","1.7","8.4","5.8","-1.1","0","0","0","0","0","0","0","0","11","2008","2018","0","971","3142","2799","324","678","120","21","36","242","84","28","266","619","0.242","0.309","0.339","0.648","79","*64H5/7D31","pennicl01","null","null","0"
"218","Frank Austin","10.4","10.4","10.4","0.566","6.6","9.5","2.4","7.2","0","0","0","0","0","2","3","1.1","5","1944","1948","6","254","1144","1010","197","346","63","14","3","139","23","null","101","null","0.343","0.404","0.442","0.846","134","6/479","austifr01","null","null","0"
"220","Craig Grebeck","10.2","10.3","10.3","0.562","2.2","7.4","5.6","2.3","0","0","0","0","0","0","0","0","12","1990","2001","0","752","2299","1988","239","518","116","8","19","187","4","11","228","274","0.261","0.34","0.356","0.696","87","465H/D79","grebecr01","null","null","0"
"221","Wayne Causey","8.4","11.8","10.1","0.56","1.2","10.1","2.6","-3","0","0","0","0.03","0","0","0","0","11","1955","1968","0","1105","3722","3244","357","819","130","26","35","285","12","12","390","341","0.252","0.333","0.341","0.674","89","*6*45H","causewa01","null","null","0"
"222","Don Kessinger","8.9","11.3","10.1","0.558","0.7","12.2","10","-18.9","0","0","0","0.04","0","0","0","0","16","1964","1979","6","2078","8530","7651","899","1931","254","80","14","527","100","85","684","759","0.252","0.314","0.312","0.626","73","*64H/53","kessido01","null","null","0"
"224","Tommy Butts","9.6","10.2","9.9","0.554","3.3","6.1","6.2","3.7","0","0","0","0","0","2","2","0.9","10","1938","1948","5","471","2034","1787","311","481","57","27","4","199","34","null","169","null","0.269","0.338","0.338","0.676","88","*6/549","buttsto01","null","null","0"
"227","Jeff Reboulet","10","9.5","9.8","0.548","1.6","4.9","8.1","1.2","0","0","0","0","0","0","0","0","12","1992","2003","0","1018","2607","2229","310","536","100","6","20","202","22","15","292","401","0.24","0.332","0.318","0.649","72","*4*65H3/9D782","rebouje01","null","null","0"
"228","Manuel Lee","9.8","9.7","9.7","0.546","1.7","6.3","8","-0.3","0","0","0","0","0","0","0","0","11","1985","1995","0","922","2960","2693","304","686","88","20","19","249","31","20","201","531","0.255","0.305","0.323","0.629","73","*6*4H5/D9","leema02","null","null","0"
"233","Dick Howser","9.3","9.7","9.5","0.536","1.9","13","0.5","0.4","0","0","0","0","0","0","0","0","8","1961","1968","2","789","2938","2483","398","617","90","17","16","165","105","34","367","186","0.248","0.346","0.318","0.664","87","*6H4/5","howsedi01","null","null","0"
"234","José Uribe","8.7","10","9.4","0.534","1.4","5.8","8.9","-2.6","0","0","0","0","0","0","0","0","10","1984","1993","0","1038","3369","3064","307","738","99","34","19","219","74","46","256","425","0.241","0.3","0.314","0.613","75","*6H/4","uribejo01","null","null","0"
"235","U L Washington","9.2","9.5","9.3","0.532","1.6","10.4","4.4","-1","0","0","0","0","0","0","0","0","11","1977","1987","0","907","3124","2797","358","703","103","36","27","255","132","53","261","409","0.251","0.313","0.343","0.656","82","*6H4/D5","washiu_01","null","null","0"
"238","Dick Schofield","8.5","9.9","9.2","0.526","1","6.6","6.8","-4.7","0","0","0","0","0","0","0","0","19","1953","1971","0","1321","3545","3083","394","699","113","20","21","211","12","29","390","526","0.227","0.317","0.297","0.614","73","*6*H45/97","schofdi01","null","null","0"
"240","Bob Bailor","8.9","9.2","9.1","0.522","1.5","5.1","5","-1.9","0","0","0","0","0","0","0","0","11","1975","1985","0","954","3206","2937","339","775","107","23","9","222","90","36","187","164","0.264","0.31","0.325","0.636","77","9645H87/D1","bailobo01","null","null","0"
"241","Billy Klaus","8.1","9.8","9","0.52","1.6","6.8","4.4","-0.8","0","0","0","0.08","0","0","0","0","11","1952","1963","0","821","2887","2513","357","626","106","15","40","250","14","7","331","285","0.249","0.335","0.351","0.686","83","*65H4/7","klausbi01","null","null","0"
"249","José Vizcaíno","7","10","8.5","0.504","0.6","8.5","4.9","-11.1","0","0","0","0","0","0","0","0","18","1989","2006","0","1820","5918","5379","633","1453","204","47","36","480","74","62","378","729","0.27","0.318","0.346","0.663","76","*6*4*H53/D7","vizcajo01","null","null","0"
"251","Khalil Greene","8.5","8.5","8.5","0.5","1.9","8.6","3.4","-0.1","0","0","0","0","0","0","0","0","7","2003","2009","0","736","2835","2567","322","628","157","14","90","352","25","6","190","556","0.245","0.302","0.422","0.723","94","*6H/5","greenkh01","null","null","0"
"253","Bob Johnson","8.3","8.1","8.2","0.496","1.5","7.4","2.4","0.2","0","0","0","0","0","0","0","0","11","1960","1970","0","874","2508","2307","254","628","88","11","44","230","24","12","156","291","0.272","0.32","0.377","0.697","95","H6453/7","johnsbo02","null","null","0"
"254","Ramón Santiago","7.4","9","8.2","0.494","1.3","6.3","5.1","-2.6","0","0","0","0","0","0","0","0","13","2002","2014","0","920","2794","2436","295","592","85","18","30","214","30","15","203","420","0.243","0.314","0.33","0.643","75","*6*4H5/D7","santira01","null","null","0"
"255","Dal Maxvill","7.7","8.5","8.1","0.492","0.9","0","15.6","-5.9","0","0","0","0.01","0","0","0","0","14","1962","1975","0","1423","3898","3443","302","748","79","24","6","252","7","11","370","538","0.217","0.293","0.259","0.552","57","*64H/579","maxvida01","null","null","0"
"259","Deivi Cruz","7.4","8.3","7.9","0.484","1","8.2","5.5","-7.4","0","0","0","0.01","0","0","0","0","9","1997","2005","0","1234","4375","4124","442","1109","250","16","70","464","16","28","132","429","0.269","0.293","0.388","0.682","78","*6H4/5D3","cruzde01","null","null","0"
"261","Larry Brown","6.9","8.8","7.8","0.48","1","6.6","6.8","-6.2","0","0","0","0","0","0","0","0","12","1963","1974","0","1129","3872","3449","331","803","108","13","47","254","22","23","317","414","0.233","0.3","0.313","0.612","76","*645H","brownla01","null","null","0"
"262","Alex Cora","7","8.4","7.7","0.478","0.9","4.4","7","-5.2","0","0","0","0","0","0","0","0","14","1998","2011","0","1273","3825","3408","360","828","140","39","35","286","47","21","248","423","0.243","0.31","0.338","0.648","72","*6*4H5/3D7","coraal01","null","null","0"
"263","Alex Grammas","7.3","8","7.7","0.476","1.3","3.8","7.8","-1.6","0","0","0","0","0","0","0","0","10","1954","1963","0","913","2352","2073","236","512","90","10","12","163","17","14","206","193","0.247","0.318","0.317","0.635","68","*654H","grammal01","null","null","0"
"264","Mike Aviles","5.9","9.4","7.7","0.474","1","6.1","2.7","-5.6","0","0","0","0","0","0","0","0","10","2008","2017","0","915","3234","3009","380","786","139","13","60","306","78","31","141","424","0.261","0.295","0.376","0.671","82","*645H79/D83","avilemi01","null","null","0"
"265","Rafael Ramírez","6.1","9.1","7.6","0.472","0.6","12.8","2.2","-13.7","0","0","0","0.04","0","0","0","0","13","1980","1992","1","1539","5887","5494","562","1432","224","31","53","484","112","75","264","621","0.261","0.295","0.342","0.637","77","*6H5/479","ramirra01","null","null","0"
"267","Jesse Williams","7.5","7.5","7.5","0.468","4.6","5.5","3.3","4.5","0","0","0","0","0","2","2","1.2","7","1939","1945","2","264","1042","932","154","250","35","17","5","98","29","null","87","null","0.268","0.338","0.358","0.696","110","64/5738","willibi04","null","null","0"
"268","Wil Cordero","6","9","7.5","0.466","0.8","12.7","-7.7","-9.3","0","0","0","0","0","0","0","0","14","1992","2005","1","1247","4738","4311","587","1178","261","19","122","566","49","19","325","775","0.273","0.33","0.428","0.758","95","*7*63HD4/95","cordewi01","null","null","0"
"269","Tim Foli","5.7","9.1","7.4","0.464","0.5","-0.2","16.5","-15.4","0","0","0","0","0","0","0","0","16","1970","1985","0","1696","6573","6047","576","1515","241","20","25","501","81","55","265","399","0.251","0.283","0.309","0.593","64","*645H/38D7","foliti01","null","null","0"
"272","Damian Jackson","6.6","7.7","7.2","0.458","1.3","6.6","2","-1.2","0","0","0","0","0","0","0","0","11","1996","2006","0","827","2509","2209","332","536","121","17","32","198","133","39","245","517","0.243","0.323","0.356","0.679","81","*46H78/59D3","jacksda04","null","null","0"
"273","George Strickland","6.9","7.4","7.2","0.456","1.1","5","7","-3.9","0","0","0","0","0","0","0","0","10","1950","1960","0","971","3268","2824","305","633","84","27","36","284","12","10","361","453","0.224","0.313","0.311","0.624","70","*645H/3","stricge01","null","null","0"
"274","Mike Benjamin","6.7","7.5","7.1","0.454","1.3","-1.2","10.5","0.1","0","0","0","0","0","0","0","0","13","1989","2002","0","818","2124","1926","227","442","109","15","24","169","44","14","106","429","0.229","0.277","0.339","0.616","61","*654H/3D19","benjami01","null","null","0"
"277","César Izturis","6.1","7.9","7","0.448","0.8","-0.9","13","-8.5","0","0","0","0","0","0","0","0","13","2001","2013","1","1310","4679","4350","441","1103","177","34","17","312","110","53","226","431","0.254","0.293","0.322","0.614","64","*6H45/D3","izturce01","null","null","0"
"278","Ryan Theriot","6.7","7.1","6.9","0.446","1.2","8.1","2.1","-4.1","0","0","0","0","0","0","0","0","8","2005","2012","0","899","3615","3246","446","911","138","18","17","257","121","49","285","383","0.281","0.341","0.35","0.691","83","*6*4H/579","theriry01","null","null","0"
"279","John McDonald","6.3","7.4","6.9","0.444","0.9","-0.6","10.9","-2.9","0","0","0","0","0","0","0","0","16","1999","2014","0","1100","2651","2434","276","568","105","14","28","210","34","19","118","379","0.233","0.273","0.323","0.596","59","*645H/D71","mcdonjo03","null","null","0"
"280","José Pagán","5.7","8","6.9","0.442","0.7","9.3","0.9","-9.2","0","0","0","0.05","0","0","0","0","15","1959","1973","0","1326","4032","3689","387","922","138","26","52","372","46","35","244","510","0.25","0.298","0.344","0.641","79","*6*5H7/4932","paganjo01","null","null","0"
"283","Johnny Lipon","5.9","7.3","6.6","0.436","1.3","5.2","5.2","-3","0","0","0","0","0","0","0","0","9","1942","1954","0","758","3089","2661","350","690","95","24","10","266","28","25","347","152","0.259","0.346","0.324","0.671","78","*6H/54","liponjo01","null","null","0"
"284","Kevin Elster","6.2","7.1","6.6","0.434","1.1","7","4.5","-4.4","0","0","0","0","0","0","0","0","13","1986","2000","0","940","3225","2844","332","648","136","12","88","376","14","11","295","562","0.228","0.3","0.377","0.677","83","*6H/534","elsteke01","null","null","0"
"285","Andre Rodgers","6.3","7","6.6","0.432","1.2","10.4","-0.3","-4.9","0","0","0","0","0","0","0","0","11","1957","1967","0","854","2872","2521","268","628","112","23","45","245","22","20","290","507","0.249","0.328","0.365","0.694","90","*6H35/479","rodgean01","null","null","0"
"286","Kevin Stocker","5.9","7.3","6.6","0.43","1.1","6.3","4.5","-4.2","0","0","0","0","0","0","0","0","8","1993","2000","0","846","3197","2773","340","703","124","28","23","248","45","28","313","541","0.254","0.338","0.343","0.682","79","*6/H","stockke01","null","null","0"
"290","Alfredo Griffin","3","9.9","6.4","0.422","0.2","6.1","9.8","-20.5","0","0","0","0","0","0","0","0","18","1976","1993","1","1962","7331","6780","759","1688","245","78","24","527","192","134","338","664","0.249","0.285","0.319","0.604","67","*6H4/D5","griffal01","null","null","0"
"291","Tom Foley","5.6","7.2","6.4","0.42","0.8","3.4","5.8","-4.4","0","0","0","0","0","0","0","0","13","1983","1995","0","1108","2988","2708","248","661","134","20","32","263","32","29","232","387","0.244","0.303","0.344","0.647","79","*6*4H53/71","foleyto02","null","null","0"
"295","Dave Anderson","5.8","6.7","6.2","0.412","1.1","6.1","2.9","-2","0","0","0","0","0","0","0","0","10","1983","1992","0","873","2287","2026","244","490","73","12","19","143","49","30","206","331","0.242","0.312","0.318","0.629","79","*65H4/3","anderda02","null","null","0"
"298","Bobby Crosby","5.4","6.8","6.1","0.406","1.2","6.5","2.1","-4.6","0","0","0","0","0","0","0","0","8","2003","2010","0","747","2846","2559","329","605","146","8","62","276","34","13","241","516","0.236","0.304","0.372","0.677","80","*635H/4D9","crosbbo01","null","null","0"
"299","Bus Clarkson","6.1","6.1","6.1","0.404","5.7","6.5","0","4.1","0","0","0","0","0","1","1","0.6","6","1938","1952","1","173","686","601","127","191","38","7","25","141","10","0","80","3","0.318","0.399","0.529","0.928","158","65/794H3","clarkbu01","null","null","0"
"300","Artie Wilson","6","6","6","0.402","7.4","5.3","1.4","4.6","0","0","0","0","0","1","2","0.8","6","1944","1951","7","131","541","483","90","177","21","12","0","48","17","0","49","1","0.366","0.428","0.46","0.888","153","6/H43","wilsoar02","null","null","0"
"301","Bill Almon","4.7","7.2","6","0.4","0.6","9.5","-1.5","-7.2","0","0","0","0.02","0","0","0","0","15","1974","1988","0","1236","3659","3330","390","846","138","25","36","296","128","60","250","636","0.254","0.305","0.343","0.648","84","*6H57439/D82","almonbi01","null","null","0"
"303","Dale Berra","5.4","6.4","5.9","0.396","1","3.6","6.1","-4.2","0","0","0","0","0","0","0","0","11","1977","1987","0","853","2853","2553","236","603","109","9","49","278","32","17","210","422","0.236","0.294","0.344","0.638","76","*65H/4D","berrada01","null","null","0"
"306","Pat Meares","4.8","6.7","5.7","0.39","0.8","4.8","5.4","-7.1","0","0","0","0","0","0","0","0","9","1993","2001","0","982","3560","3287","401","849","157","24","58","382","43","27","150","588","0.258","0.299","0.374","0.673","73","*64H/89","mearepa01","null","null","0"
"307","Don Buddin","5.7","5.7","5.7","0.388","1.3","9.9","0","-2.8","0","0","0","0","0","0","0","0","6","1956","1962","0","711","2766","2289","342","551","123","12","41","225","15","8","410","404","0.241","0.358","0.359","0.717","92","*6/H54","buddido01","null","null","0"
"309","Bill Knickerbocker","4.5","6.7","5.6","0.384","0.8","5.4","4.3","-8.4","0","0","0","0.03","0","0","0","0","10","1933","1942","0","907","3756","3418","423","943","198","27","28","368","25","46","244","238","0.276","0.326","0.374","0.7","79","*64H/5","knickbi01","null","null","0"
"311","Greg Pryor","4.6","6.3","5.5","0.38","0.9","2","5.6","-2.1","0","0","0","0","0","0","0","0","10","1976","1986","0","789","2049","1883","204","471","85","9","14","146","11","12","104","185","0.25","0.291","0.327","0.618","70","*564H/3D","pryorgr01","null","null","0"
"312","Stan Rojek","5.4","5.4","5.4","0.378","1.7","4.6","4.1","-2.3","0","0","1","0.15","0","0","0","0","8","1942","1952","0","522","1960","1764","225","470","67","13","4","122","32","32","152","100","0.266","0.327","0.326","0.653","75","*6H/45","rojekst01","null","null","0"
"315","Kiko Garcia","4.9","5.3","5.1","0.372","1.3","2.3","5.9","-0.5","0","0","0","0","0","0","0","0","10","1976","1985","0","619","1595","1470","162","351","56","16","12","112","34","22","95","285","0.239","0.286","0.323","0.609","71","*64H5/7","garciki01","null","null","0"
"316","Everth Cabrera","5.1","5.1","5.1","0.37","1.6","7.2","0.6","-1.2","0","0","0","0","0","0","0","0","7","2009","2015","1","510","2068","1829","228","450","73","20","12","132","138","38","175","432","0.246","0.315","0.328","0.643","83","*6/H45","cabreev01","null","null","0"
"317","Neifi Pérez","2.6","7.5","5","0.368","0.3","-3.5","13","-14.2","0","0","0","0","0","0","0","0","12","1996","2007","0","1403","5510","5127","640","1370","238","61","64","489","57","45","231","503","0.267","0.297","0.375","0.672","64","*64H/52D","perezne01","null","null","0"
"319","Rubén Tejada","4.5","5.5","5","0.364","1.1","5.9","1.6","-3","0","0","0","0","0","0","0","0","9","2010","2019","0","663","2396","2119","225","530","110","1","10","158","16","11","202","359","0.25","0.324","0.317","0.641","81","*645H/1","tejadru01","null","null","0"
"323","Roger Metzger","3.5","6","4.7","0.356","0.5","7","4.2","-11.2","0","0","0","0","0","0","0","0","11","1970","1980","0","1219","4676","4201","453","972","101","71","5","254","83","36","355","449","0.231","0.291","0.293","0.584","68","*6H/45","metzgro01","null","null","0"
"325","Kurt Stillwell","3.1","6.2","4.6","0.352","0.5","9.7","-1.5","-8.5","0","0","0","0","0","0","0","0","9","1986","1996","1","998","3478","3125","362","779","151","30","34","310","38","29","274","455","0.249","0.311","0.349","0.66","82","*64H/53D","stillku01","null","null","0"
"328","Álvaro Espinoza","3.9","5.2","4.6","0.346","0.7","1","7.3","-5.1","0","0","0","0","0","0","0","0","12","1984","1997","0","942","2659","2478","252","630","105","9","22","201","13","19","76","324","0.254","0.279","0.331","0.61","66","*654H/3D1","espinal01","null","null","0"
"336","Pat Listach","4.3","4.3","4.3","0.33","1.4","4.9","2.1","-2.5","0","0","0","0.02","0","0","0","0","6","1992","1997","0","503","1991","1772","250","444","63","13","5","143","116","38","167","338","0.251","0.316","0.309","0.626","68","*684H/759D","listapa01","null","null","0"
"342","Jeff Huson","2.2","5.8","4","0.318","0.4","2.1","3","-5.1","0","0","0","0","0","0","0","0","12","1988","2000","0","827","2127","1879","242","439","65","13","8","150","64","21","191","228","0.234","0.304","0.295","0.599","64","*6H453/D789","husonje01","null","null","0"
"343","Larvell Blanks","3.2","4.7","4","0.316","0.8","5.9","0.7","-3.4","0","0","0","0","0","0","0","0","9","1972","1980","0","629","1953","1766","203","446","57","14","20","172","9","7","132","178","0.253","0.302","0.335","0.637","78","*64H5/D","blankla01","null","null","0"
"344","Silvio García","4","4","4","0.314","5.2","3.6","0.9","2.5","0","0","0","0","0","0","0","0.1","4","1936","1947","4","123","493","447","61","144","21","6","9","84","23","null","35","null","0.322","0.379","0.456","0.835","125","6/5471","garcisi01","null","null","0"
"347","Bob Meacham","3.9","3.9","3.9","0.308","1.4","5","1.9","-1.2","0","0","0","0","0","0","0","0","6","1983","1988","0","457","1591","1371","202","324","58","8","8","114","58","24","140","276","0.236","0.313","0.308","0.621","73","*64/H5D","meachbo01","null","null","0"
"352","Skeeter Newsome","1.1","6.2","3.6","0.298","0.2","1.4","6.5","-12.6","0","0","0","0.01","0","0","0","0","12","1935","1947","0","1128","4087","3716","381","910","164","15","9","292","67","39","246","194","0.245","0.293","0.304","0.597","62","*64H5/79","newsosk01","null","null","0"
"354","Wayne Tolleson","2.3","4.7","3.5","0.294","0.4","3.3","2.9","-6.1","0","0","0","0","0","0","0","0","10","1981","1990","0","863","2614","2322","301","559","60","17","9","133","108","41","219","384","0.241","0.307","0.293","0.6","66","*645H/D87","tollewa01","null","null","0"
"356","Dick Culler","3.3","3.7","3.5","0.29","1.1","3.3","2.9","-2.9","0","0","0","0","0","0","0","0","8","1936","1949","0","472","1729","1527","195","372","39","6","2","99","19","19","166","87","0.244","0.32","0.281","0.601","68","*65/4H","culledi01","null","null","0"
"357","Willie Bloomquist","1.8","5.1","3.5","0.288","0.3","5.1","-2","-8.9","0","0","0","0","0","0","0","0","14","2002","2015","0","1055","3136","2891","398","778","110","23","18","225","133","51","189","494","0.269","0.316","0.342","0.658","78","*6H548973D","bloomwi01","null","null","0"
"358","Frank Taveras","1.8","4.9","3.4","0.286","0.3","8.8","0.1","-12.2","0","0","0","0","0","0","0","0","11","1971","1982","0","1150","4399","4043","503","1029","144","44","2","214","300","106","249","474","0.255","0.301","0.313","0.614","72","*6H/4","taverfr01","null","null","0"
"360","Félix Fermín","1.8","4.9","3.4","0.282","0.3","4.2","3.2","-8.8","0","0","0","0","0","0","0","0","10","1987","1996","0","903","3072","2767","294","718","86","11","4","207","27","21","166","147","0.259","0.305","0.303","0.608","67","*64/5H3","fermife01","null","null","0"
"362","Rubén Amaro Sr.","2.3","4.3","3.3","0.278","0.4","3.3","2.6","-7","0","0","0","0.02","0","0","0","0","11","1958","1969","0","940","2451","2155","211","505","75","13","8","156","11","14","227","280","0.234","0.309","0.292","0.601","71","*63H5/47","amaroru01","null","null","0"
"363","Joe Koppe","2.7","3.8","3.3","0.276","0.8","2.9","2.9","-3.5","0","0","0","0","0","0","0","0","8","1958","1965","0","578","1857","1606","202","379","61","12","19","141","16","13","209","345","0.236","0.324","0.324","0.649","77","*6H45/9","koppejo01","null","null","0"
"364","Sonny Jackson","1.7","4.8","3.3","0.274","0.3","6.9","-1.6","-10","0","0","0","0","0","0","0","0","12","1963","1974","0","936","3390","3055","396","767","81","28","7","162","126","51","250","265","0.251","0.308","0.303","0.611","73","*68H7/59","jacksso01","null","null","0"
"366","Luis Aguayo","2.7","3.7","3.2","0.27","0.8","4.3","0.5","-1.5","0","0","0","0","0","0","0","0","10","1980","1989","0","568","1244","1104","142","260","43","10","37","109","7","5","94","220","0.236","0.304","0.393","0.697","91","64H5/D","aguaylu01","null","null","0"
"369","Benji Gil","2.8","3.5","3.1","0.264","0.7","-0.7","5.9","-3.4","0","0","0","0","0","0","0","0","8","1993","2003","0","604","1767","1610","158","381","75","12","32","171","24","21","102","448","0.237","0.283","0.358","0.641","65","*64H3D/58","gilbe01","null","null","0"
"370","Rocky Bridges","2.9","3.4","3.1","0.262","0.5","0.7","6","-5.7","0","0","0","0","0","0","0","0","11","1951","1961","1","919","2538","2272","245","562","80","11","16","187","10","15","205","229","0.247","0.31","0.313","0.623","68","*645H/7","bridgro01","null","null","0"
"372","Bobby Valentine","2","4.1","3.1","0.258","0.5","3.6","-0.6","-4.3","0","0","0","0","0","0","0","0","10","1969","1979","0","639","1909","1698","176","441","59","9","12","157","27","20","140","134","0.26","0.315","0.326","0.641","85","6H457/93D82","valenbo02","null","null","0"
"375","Tim Bogar","1.8","4.1","3","0.252","0.4","-0.7","4.6","-3.3","0","0","0","0","0","0","0","0","9","1993","2001","0","701","1710","1516","180","345","69","9","24","161","13","12","143","272","0.228","0.298","0.332","0.631","64","*6H534/71D","bogarti01","null","null","0"
"377","Pumpsie Green","2.9","2.9","2.9","0.248","1.4","3.8","0.2","0","0","0","0","0","0","0","0","0","5","1959","1963","0","344","954","796","119","196","31","12","13","74","12","10","138","132","0.246","0.357","0.364","0.721","95","4H6/5","greenpu01","null","null","0"
"379","Roy Smalley","2.4","3.3","2.9","0.244","0.4","5.5","2.2","-9.1","0","0","0","0","0","0","0","0","11","1948","1958","0","872","2949","2644","277","601","103","33","61","305","4","6","257","541","0.227","0.3","0.36","0.66","77","*6H/435","smallro01","null","null","0"
"380","David Howard","2.6","3","2.8","0.242","0.6","-1.5","6.5","-3.5","0","0","0","0","0","0","0","0","9","1991","1999","0","645","1795","1583","169","362","57","14","11","148","23","19","137","311","0.229","0.291","0.303","0.595","57","*64H5/9873D1","howarda02","null","null","0"
"385","Chris Woodward","1.1","4.1","2.6","0.232","0.3","0.7","2.2","-5.3","0","0","0","0","0","0","0","0","12","1999","2011","0","659","1896","1706","211","408","87","14","33","191","9","6","137","400","0.239","0.296","0.365","0.661","71","*6H453/7D98","woodwch01","null","null","0"
"387","Alex Arias","1.9","3.2","2.6","0.228","0.4","4.3","-0.4","-4.2","0","0","0","0","0","0","0","0","11","1992","2002","0","775","2010","1773","203","470","84","6","18","196","10","5","181","211","0.265","0.338","0.35","0.688","81","*6H54/3","ariasal01","null","null","0"
"389","Aaron Ledesma","2.5","2.5","2.5","0.224","1.4","2","1.3","-0.3","0","0","0","0","0","0","0","0","5","1995","2000","0","284","813","754","94","223","38","4","2","76","11","8","44","111","0.296","0.338","0.365","0.703","81","6H54/3D","ledesaa01","null","null","0"
"390","Fred Stanley","1.7","3.3","2.5","0.222","0.3","3.4","2.8","-4.8","0","0","0","0","0","0","0","0","14","1969","1982","0","816","1906","1650","197","356","38","5","10","120","11","6","196","243","0.216","0.301","0.263","0.564","62","*64H5/D37","stanlfr01","null","null","0"
"391","Ramón Vázquez","1.4","3.5","2.5","0.22","0.3","5.7","-2","-5.9","0","0","0","0","0","0","0","0","9","2001","2009","0","696","2227","1951","244","496","86","17","22","176","20","7","217","414","0.254","0.328","0.35","0.678","83","654H/3D","vazqura01","null","null","0"
"392","Rey Ordóñez","1.2","3.7","2.4","0.218","0.2","-3.8","10.1","-9.2","0","0","0","0","0","0","0","0","9","1996","2004","0","973","3407","3115","291","767","129","17","12","287","28","24","191","339","0.246","0.289","0.31","0.6","59","*6/H","ordonre01","null","null","0"
"393","Andrés Blanco","1.8","3","2.4","0.216","0.5","2.5","0.3","-2.7","0","0","0","0","0","0","0","0","10","2004","2017","0","536","1321","1191","137","305","73","9","18","109","5","13","79","202","0.256","0.31","0.378","0.688","83","4H653/D719","blancan01","null","null","0"
"396","Milt Bolling","2.3","2.3","2.3","0.21","0.9","1.5","2.9","-1.9","0","0","0","0","0","0","0","0","7","1952","1958","0","400","1330","1161","127","280","50","7","19","94","5","12","114","188","0.241","0.313","0.345","0.658","75","*64H/5","bollimi01","null","null","0"
"400","Jerry DaVanon","2","2.5","2.2","0.202","1.2","1.7","1.2","0.1","0","0","0","0","0","0","0","0","8","1969","1977","0","262","574","499","73","117","21","5","3","50","3","8","68","80","0.234","0.331","0.315","0.646","86","64H5/D39","davanje01","null","null","0"
"402","Ángel Berroa","1","3.4","2.2","0.198","0.2","5.4","-0.6","-8.9","0","0","0","0","0","0","0","0","9","2001","2009","0","746","2807","2575","329","665","118","21","46","254","50","20","117","460","0.258","0.303","0.374","0.677","76","*6H/5D4","berroan01","null","null","0"
"403","Luis Rivera","1.2","3.1","2.2","0.196","0.3","2.9","2.8","-7.3","0","0","0","0","0","0","0","0","11","1986","1998","0","781","2453","2215","249","516","114","12","28","209","20","22","171","443","0.233","0.291","0.333","0.624","71","*6H4/5D7","riverlu01","null","null","0"
"405","Pedro Florimón","2","2.3","2.2","0.192","1","0.3","3","-1","0","0","0","0","0","0","0","0","8","2011","2018","0","321","867","788","96","166","35","7","12","73","26","10","63","243","0.211","0.27","0.319","0.588","61","6H/4895D17","floripe01","null","null","0"
"407","Marty Perez","-0.1","4.3","2.1","0.188","0","2.5","2","-11.3","0","0","0","0","0","0","0","0","10","1969","1978","0","931","3463","3131","313","771","108","22","22","241","11","17","245","369","0.246","0.301","0.316","0.617","70","*6*4H5","perezma01","null","null","0"
"409","Phil Linz","2","2","2","0.184","0.6","2.8","1.1","-2.8","0","0","0","0","0","0","0","0","7","1962","1968","0","519","1518","1372","185","322","64","4","11","96","13","13","112","195","0.235","0.295","0.311","0.606","72","6H45/987","linzph01","null","null","0"
"410","Jerry Dybzinski","2","2","2","0.182","0.7","1.5","2.9","-1.3","0","0","0","0","0","0","0","0","6","1980","1985","0","468","1037","909","108","213","32","5","3","93","32","13","70","109","0.234","0.293","0.29","0.584","61","*6H45/D","dybzije01","null","null","0"
"412","Andy Stankiewicz","2","2","2","0.178","0.8","1.7","1.5","-1.1","0","0","0","0","0","0","0","0","7","1992","1998","0","429","957","844","105","203","45","3","4","59","17","9","80","141","0.241","0.313","0.315","0.628","72","H46/5D","stankan01","null","null","0"
"413","Rich Severson","2","2","2","0.176","3.5","1.1","1.4","1","0","0","0","0","0","0","0","0","2","1970","1971","0","93","293","270","26","69","11","3","1","23","0","0","19","38","0.256","0.307","0.33","0.637","77","64/H5","severri01","null","null","0"
"415","Woody Woodward","1.6","2.2","1.9","0.172","0.3","0.7","5.3","-7.1","0","0","0","0","0","0","0","0","9","1963","1971","0","880","2424","2187","208","517","79","14","1","148","14","15","169","301","0.236","0.294","0.287","0.58","64","*645H/3","woodwwo01","null","null","0"
"418","Danny Thompson","1.8","1.8","1.8","0.166","0.4","2.2","3.8","-6.7","0","0","0","0.01","0","0","0","0","7","1970","1976","0","694","2411","2218","189","550","70","11","15","194","8","11","120","235","0.248","0.287","0.31","0.596","69","*654H/D","thompda01","null","null","0"
"422","Chris Gomez","-1.4","4.9","1.8","0.158","-0.1","10.1","-5.4","-18.4","0","0","0","0","0","0","0","0","16","1993","2008","0","1515","5148","4604","517","1206","234","18","60","487","35","33","408","750","0.262","0.325","0.36","0.685","82","*643H5/D","gomezch02","null","null","0"
"424","Glenn Crawford","1.7","1.7","1.7","0.154","3.2","1.9","0","0.6","0","0","0","0","0","0","0","0","2","1945","1946","0","87","350","306","41","89","13","2","2","24","5","3","37","15","0.291","0.369","0.366","0.735","108","69/4H7","crawfgl01","null","null","0"
"425","Rick Auerbach","1","2.5","1.7","0.152","0.2","2.1","1.9","-4.6","0","0","0","0","0","0","0","0","11","1971","1981","0","624","1567","1407","167","309","56","5","9","86","36","21","127","198","0.22","0.286","0.286","0.572","66","*6H45","auerbri01","null","null","0"
"429","Rafael Belliard","-0.1","3.4","1.6","0.144","0","-4.1","8.8","-8.2","0","0","0","0","0","0","0","0","17","1982","1998","0","1155","2524","2301","217","508","55","14","2","142","43","17","136","384","0.221","0.27","0.259","0.53","46","*64H/5","bellira01","null","null","0"
"430","Lennie Merullo","1.6","1.6","1.6","0.142","0.4","3.1","2.7","-6.2","0","0","0","0","0","0","0","0","7","1941","1947","0","639","2264","2071","191","497","92","8","6","152","38","17","136","174","0.24","0.291","0.301","0.591","69","*6H/3","merulle01","null","null","0"
"431","Elliot Johnson","1.6","1.6","1.6","0.14","0.8","0.7","2","-1.3","0","0","0","0","0","0","0","0","5","2008","2014","0","318","826","749","80","161","26","7","12","69","46","16","54","218","0.215","0.269","0.316","0.586","63","64H/57D938","johnsel02","null","null","0"
"432","Orlando Miller","1.6","1.6","1.6","0.138","0.9","2.2","0.9","-1.6","0","0","0","0","0","0","0","0","4","1994","1997","0","297","1017","943","95","244","53","5","24","113","8","11","43","223","0.259","0.305","0.402","0.707","90","65/HD34","milleor01","null","null","0"
"434","Ron Washington","1.2","1.9","1.6","0.134","0.4","3.8","0.1","-4.2","0","0","0","0","0","0","0","0","10","1977","1989","0","564","1689","1586","190","414","65","22","20","146","28","18","65","266","0.261","0.292","0.368","0.659","79","*64H5D/873","washiro01","null","null","0"
"435","Mike Phillips","0.7","2.5","1.6","0.132","0.2","0.8","2.9","-5.3","0","0","0","0","0","0","0","0","11","1973","1983","0","712","1886","1719","166","412","46","24","11","145","12","12","124","234","0.24","0.291","0.314","0.605","70","*64H5","phillmi01","null","null","0"
"437","Claude Corbitt","1.5","1.5","1.5","0.128","1.1","1.1","1.5","-1.3","0","0","0","0","0","0","0","0","4","1945","1949","0","215","701","630","60","153","22","1","1","37","8","6","47","30","0.243","0.297","0.286","0.583","63","64H/5","corbicl01","null","null","0"
"439","Whitey Wietelmann","0.9","2","1.5","0.124","0.2","0.9","3.5","-6.3","0","0","0","0","0","0","0","0","9","1939","1947","0","580","1948","1762","170","409","55","6","7","122","14","19","156","131","0.232","0.298","0.282","0.58","63","*64H/513","wietewh01","null","null","0"
"440","Bobby Sturgeon","1.4","1.4","1.4","0.122","0.6","1.8","2.1","-3.4","0","0","0","0","0","0","0","0","6","1940","1948","0","420","1279","1220","106","313","48","12","1","80","7","3","34","79","0.257","0.277","0.318","0.595","68","64H/5","sturgbo01","null","null","0"
"442","Jim Brideweser","1.4","1.4","1.4","0.118","0.7","2.1","0.6","-0.7","0","0","0","0","0","0","0","0","7","1951","1957","0","329","700","620","79","156","22","6","1","50","6","2","63","78","0.252","0.322","0.311","0.633","76","6H4/5","brideji01","null","null","0"
"443","Rico Rossy","1.4","1.4","1.4","0.116","1.6","0.6","1.4","0.1","0","0","0","0","0","0","0","0","4","1991","1998","0","147","365","317","43","67","18","1","4","28","0","3","35","45","0.211","0.293","0.312","0.605","64","654/HD","rossyri01","null","null","0"
"445","Jeff Kunkel","1","1.7","1.4","0.112","0.4","0.8","1.6","-2.3","0","0","0","0","0","0","0","0","8","1984","1992","0","357","935","867","88","192","44","9","18","73","9","8","37","234","0.221","0.259","0.355","0.614","69","64H58/7D913","kunkeje01","null","null","0"
"448","Glenn Hoffman","0.3","2.4","1.4","0.106","0.1","1.8","2.8","-7.4","0","0","0","0","0","0","0","0","9","1980","1989","0","766","2383","2163","247","524","106","9","23","210","5","16","136","309","0.242","0.291","0.331","0.623","68","*65/4H3D","hoffmgl01","null","null","0"
"449","Justin Sellers","1.3","1.3","1.3","0.104","2.2","-0.2","1.9","0.4","0","0","0","0","0","0","0","0","4","2011","2014","0","99","287","252","33","50","13","1","3","17","1","1","25","59","0.198","0.28","0.294","0.574","61","6/45H","selleju01","null","null","0"
"450","Ralph Wyatt","1.3","1.3","1.3","0.102","2","1.1","0.8","0.1","0","0","0","0","0","0","0","0","6","1941","1946","1","109","465","430","61","106","6","9","3","41","8","null","30","null","0.247","0.296","0.323","0.619","86","6/58","wyattra01","null","null","0"
"451","Avelino Cañizares","1.3","1.3","1.3","0.1","11.3","1","0.4","1.1","0","0","0","0","0","0","1","0.1","1","1945","1945","0","19","87","80","16","30","7","0","1","8","4","0","6","null","0.375","0.419","0.5","0.919","168","/6","canizav01","null","null","0"
"452","Brian Giles","1.3","1.3","1.3","0.098","0.7","0.6","1.8","-1.4","0","0","0","0","0","0","0","0","6","1981","1990","0","287","791","709","74","162","27","0","10","50","27","13","70","151","0.228","0.298","0.309","0.607","70","46H/D5","gilesbr01","null","null","0"
"453","Larnie Jordan","1.3","1.3","1.3","0.096","2.4","1.4","0.3","0.3","0","0","0","0","0","0","0","0","3","1940","1942","0","87","337","318","58","97","18","8","2","40","6","null","15","null","0.305","0.336","0.431","0.767","107","6/45","jordala01","null","null","0"
"455","Kurt Abbott","0.5","1.9","1.2","0.092","0.1","3.8","-1.1","-6.3","0","0","0","0","0","0","0","0","9","1993","2001","0","702","2227","2044","273","523","109","23","62","242","22","11","133","571","0.256","0.305","0.423","0.728","86","*64H57/39D8","abbotku01","null","null","0"
"460","Ricky Gutiérrez","-1.4","3.8","1.2","0.082","-0.2","10.6","-6.8","-14.1","0","0","0","0","0","0","0","0","12","1993","2004","0","1119","4126","3632","471","967","141","25","38","357","50","30","364","586","0.266","0.338","0.35","0.689","83","*64H5/79D","gutieri01","null","null","0"
"462","Mark Wagner","0.8","1.6","1.2","0.078","0.3","1.7","1.3","-2.3","0","0","0","0","0","0","0","0","9","1976","1984","0","414","942","843","81","205","20","9","3","71","8","7","61","130","0.243","0.295","0.299","0.594","67","*64/5HD1","wagnema01","null","null","0"
"463","Joe Hoover","1.2","1.2","1.2","0.076","0.6","2.1","1.5","-3","0","0","0","0","0","0","0","0","3","1943","1945","0","338","1384","1238","177","301","45","15","5","84","19","17","92","202","0.243","0.3","0.316","0.616","74","*6/H4","hoovejo01","null","null","0"
"464","Craig Wilson","1.1","1.1","1.1","0.074","1.3","1.1","0.5","-0.3","0","0","0","0","0","0","0","0","3","1998","2000","0","139","418","372","54","101","16","1","7","40","3","1","31","39","0.272","0.328","0.376","0.704","79","56/4H3D","wilsocr02","null","null","0"
"465","Ed Busch","1.1","1.1","1.1","0.072","0.7","1.7","1.3","-1.9","0","0","0","0","0","0","0","0","3","1943","1945","0","270","1000","917","80","240","21","6","0","75","7","7","62","28","0.262","0.311","0.298","0.608","77","6/4H53","busched01","null","null","0"
"468","Jim Anderson","1","1","1","0.066","0.4","0.6","2.6","-2.6","0","0","0","0","0","0","0","0","6","1978","1984","0","419","1091","970","107","211","35","2","13","86","9","13","81","130","0.218","0.28","0.298","0.578","61","*65H/4D279","anderji01","null","null","0"
"471","Ron Wotus","1","1","1","0.06","5.1","-0.1","1.2","0.8","0","0","0","0","0","0","0","0","2","1983","1984","0","32","67","58","4","12","6","0","0","2","0","0","6","9","0.207","0.277","0.31","0.587","65","/64H","wotusro01","null","null","0"
"472","Paul Janish","0.4","1.6","1","0.058","0.1","-2.3","4.5","-4.3","0","0","0","0","0","0","0","0","9","2008","2017","0","473","1305","1172","123","249","59","2","7","87","7","5","97","187","0.212","0.28","0.284","0.564","52","*65H/41","janispa01","null","null","0"
"476","Sam Khalifa","0.9","0.9","0.9","0.05","0.9","-0.2","2.1","-1","0","0","0","0","0","0","0","0","3","1985","1987","0","164","558","488","39","107","20","3","2","37","5","4","53","86","0.219","0.294","0.285","0.578","62","6/4H","khalisa01","null","null","0"
"477","Enzo Hernández","0.4","1.4","0.9","0.048","0.1","2.3","2.4","-8","0","0","0","0","0","0","0","0","8","1971","1978","0","714","2612","2327","241","522","66","13","2","113","129","33","189","151","0.224","0.283","0.266","0.55","61","*6H/79","hernaen01","null","null","0"
"479","Wilson Delgado","0.7","1.1","0.9","0.044","0.4","0.3","1.2","-1.3","0","0","0","0","0","0","0","0","9","1996","2004","0","253","601","542","59","136","15","2","5","43","5","1","47","108","0.251","0.314","0.314","0.627","65","6H45","delgawi01","null","null","0"
"480","Denny Hocking","-0.6","2.4","0.9","0.042","-0.1","1.4","-0.4","-9.8","0","0","0","0","0","0","0","0","13","1993","2005","0","954","2632","2358","294","591","112","17","25","226","36","27","205","442","0.251","0.31","0.344","0.654","69","46H59783/D","hockide01","null","null","0"
"481","Félix Martínez","0.9","0.9","0.9","0.04","0.6","-0.2","2.4","-1.7","0","0","0","0","0","0","0","0","5","1997","2001","0","239","731","641","77","137","26","7","3","39","18","9","53","143","0.214","0.287","0.29","0.577","51","6/H4D","martife01","null","null","0"
"485","Clem Koshorek","0.9","0.9","0.9","0.032","1.4","0.8","0.5","-0.5","0","0","0","0","0","0","0","0","2","1952","1953","0","99","357","323","27","84","17","0","0","15","4","7","26","40","0.26","0.319","0.313","0.632","74","6/45H","koshocl01","null","null","0"
"486","Hal Lanier","-0.9","2.6","0.9","0.03","-0.1","-7.4","12.5","-15.1","0","0","0","0","0","0","0","0","10","1964","1973","0","1196","3940","3703","297","843","111","20","8","273","11","11","136","436","0.228","0.255","0.275","0.529","50","*6*45/H3","lanieha01","null","null","0"
"490","Mike Milosevich","0.9","0.9","0.9","0.022","1.1","0.3","1.4","-0.4","0","0","0","0","0","0","0","0","2","1944","1945","0","124","423","381","32","92","13","4","0","39","1","2","36","43","0.241","0.309","0.297","0.605","72","6/H4","milosmi01","null","null","0"
"491","Andre Robertson","0.8","0.8","0.8","0.02","0.5","0.5","1.9","-1.7","0","0","0","0","0","0","0","0","5","1981","1985","0","254","778","724","80","182","32","4","5","54","4","8","26","120","0.251","0.279","0.327","0.607","69","645/H","roberan01","null","null","0"
"492","Al Pedrique","0.8","0.8","0.8","0.018","0.8","0.2","1.5","-0.9","0","0","0","0","0","0","0","0","3","1987","1989","0","174","489","449","32","111","18","1","1","36","5","4","29","61","0.247","0.298","0.298","0.597","65","6/5H4","pedrial01","null","null","0"
"493","Ron Gardenhire","0.8","0.8","0.8","0.016","0.5","-0.2","2.4","-1.9","0","0","0","0","0","0","0","0","5","1981","1985","0","285","777","710","57","165","27","3","4","49","13","9","46","122","0.232","0.277","0.296","0.573","62","6H4/5","gardero01","null","null","0"
"494","Kent Anderson","0.8","0.8","0.8","0.014","1","1.3","0.4","-0.6","0","0","0","0","0","0","0","0","2","1989","1990","0","135","409","366","43","95","12","2","1","22","1","4","30","61","0.26","0.318","0.311","0.63","80","6/54H9D","anderke01","null","null","0"
"495","Mike Caruso","0.8","0.8","0.8","0.012","0.5","2.2","0.3","-3.2","0","0","0","0","0","0","0","0","3","1998","2002","0","281","1140","1072","144","294","28","10","7","90","34","20","35","76","0.274","0.302","0.339","0.641","66","6/H45D","carusmi01","null","null","0"
"496","T.J. Brown","0.7","0.9","0.8","0.01","0.7","1","0.4","-1","0","0","0","0","0","0","0","0","9","1939","1948","1","147","534","481","55","115","21","4","1","41","9","null","32","null","0.239","0.292","0.306","0.598","79","6/5","browntj01","null","null","0"
"497","Ricky Adams","0.8","0.8","0.8","0.008","1.1","-0.1","1.4","-0.1","0","0","0","0","0","0","0","0","3","1982","1985","0","120","269","247","35","53","5","1","4","16","3","2","10","37","0.215","0.26","0.291","0.551","55","65/H4","adamsri02","null","null","0"
"498","Billy Harrell","0.8","0.8","0.8","0.006","0.7","0.6","0.8","-0.4","0","0","0","0","0","0","0","0","4","1955","1961","0","173","370","342","54","79","7","1","8","26","17","3","23","54","0.231","0.283","0.327","0.61","67","65H/439","harrebi01","null","null","0"
"499","Pedro Ciriaco","0.8","0.8","0.8","0.004","0.5","1.8","-0.6","-1.5","0","0","0","0","0","0","0","0","6","2010","2015","0","272","649","612","70","164","32","7","5","51","35","7","20","126","0.268","0.294","0.368","0.661","81","H564/D7389","ciriape01","null","null","0"
"500","Desi Relaford","-0.5","2","0.7","0.002","-0.1","3.6","-0.9","-11.3","0","0","0","0","0","0","0","0","11","1996","2007","0","939","3347","2939","375","714","147","19","40","308","81","28","293","497","0.243","0.319","0.347","0.666","73","*645H79/8D1","relafde01","null","null","0"
"1","Barry Bonds","162.8","72.7","117.8","1","8.8","143.6","7.6","123.9","7","12","13","9.3","6","15","16","10.6","22","1986","2007","14","2986","12606","9847","2227","2935","601","77","762","1996","514","141","2558","1539","0.298","0.444","0.607","1.051","182","*78HD/9","bondsba01","Barry Bonds","bondsba01","0"
"2","Ted Williams HOF","121.8","67.9","94.9","0.998","8.6","125","-13.3","92.6","2","9","12","6.43","6","10","13","8.2","19","1939","1960","19","2292","9792","7706","1798","2654","525","71","521","1839","24","17","2021","709","0.344","0.482","0.634","1.116","191","*79H/1","willite01","Ted Williams","willite01","1"
"3","Rickey Henderson HOF","111.2","57.6","84.4","0.996","5.8","105.2","-2.3","68.9","1","3","6","2.46","1","7","9","4.7","25","1979","2003","10","3081","13346","10961","2295","3055","510","66","297","1115","1406","335","2190","1694","0.279","0.401","0.419","0.82","127","*7*8HD/9","henderi01","Rickey Henderson","henderi01","1"
"4","Carl Yastrzemski HOF","96.5","55.6","76","0.994","4.7","78.2","1.1","50.3","1","2","5","2.23","3","4","6","3.3","23","1961","1983","18","3308","13992","11988","1816","3419","646","59","452","1844","168","116","1845","1393","0.285","0.379","0.462","0.841","130","*7*3*D8H5/9","yastrca01","Carl Yastrzemski","yastrca01","1"
"5","Pete Rose","79.6","44.9","62.3","0.992","3.6","83.2","-13.2","29.1","1","5","10","3.68","0","2","3","1.3","24","1963","1986","17","3562","15890","14053","2165","4256","746","135","160","1314","198","149","1566","1143","0.303","0.375","0.409","0.784","118","*3*7*5*4*9H8","rosepe01","null","null","0"
"8","Tim Raines HOF","69.5","42.4","56","0.986","4.5","69.3","-8.6","35.4","0","1","3","0.99","0","2","5","1.6","23","1979","2002","7","2502","10359","8872","1571","2605","430","113","170","980","808","146","1330","966","0.294","0.385","0.425","0.81","123","*7H8D4/9","raineti01","Tim Raines","raineti01","1"
"10","Manny Ramirez","69.3","40","54.6","0.982","4.9","81.8","-21.7","35.7","0","4","9","3.06","0","1","1","0.6","19","1993","2011","12","2302","9774","8244","1544","2574","547","20","555","1831","38","33","1329","1813","0.312","0.411","0.585","0.996","154","*7*9*DH","ramirma02","Manny Ramírez","ramirma02","0"
"12","Billy Williams HOF","63.6","41.4","52.5","0.978","4.1","66.5","-18","27.1","0","2","3","1.61","0","0","3","0.7","18","1959","1976","6","2488","10519","9350","1410","2711","434","88","426","1475","90","49","1045","1046","0.29","0.361","0.492","0.853","133","*7*9D3H8","willibi01","Billy Williams","willibi01","1"
"15","Willie Stargell HOF","57.7","38","47.8","0.972","4","64.2","-19.4","26.8","1","4","7","3.3","0","1","2","0.8","21","1962","1982","7","2360","9027","7927","1194","2232","423","55","475","1540","17","16","937","1936","0.282","0.36","0.529","0.889","147","*7*3H9/8","stargwi01","Willie Stargell","stargwi01","1"
"18","Minnie Miñoso HOF","53.3","39.8","46.6","0.966","4.4","50.8","-5.6","28.5","0","4","5","1.9","1","1","6","2","20","1946","1980","13","1948","8233","7059","1228","2113","365","95","195","1089","216","130","848","584","0.299","0.387","0.461","0.848","130","*759H8/36D","minosmi01","Minnie Miñoso","minosmi01","1"
"19","Lance Berkman","51.9","39.2","45.6","0.964","4.5","54.1","-11.1","28.2","0","4","6","2","0","0","2","0.6","15","1999","2013","6","1879","7814","6491","1146","1905","422","30","366","1234","86","48","1201","1300","0.293","0.406","0.537","0.943","144","*3*7*98DH","berkmla01","null","null","0"
"20","Bob Johnson","55.7","35.4","45.6","0.962","4.8","54.1","-5.8","28.9","0","1","3","0.77","0","0","2","0.6","13","1933","1945","7","1863","8051","6920","1239","2051","396","95","288","1283","96","64","1075","851","0.296","0.393","0.506","0.899","139","*783/495H","johnsbo01","null","null","0"
"21","Ralph Kiner HOF","48.1","42.8","45.4","0.96","5.3","53","-10.7","24.3","0","2","5","1.31","0","3","4","1.9","10","1946","1955","6","1472","6256","5205","971","1451","216","39","369","1015","22","18","1011","749","0.279","0.398","0.548","0.946","149","*783H","kinerra01","Ralph Kiner","kinerra01","1"
"22","José Cruz","54.5","36.4","45.4","0.958","3.7","44.8","0.2","24.7","0","1","3","0.96","0","0","2","0.6","19","1970","1988","2","2353","8931","7917","1036","2251","391","94","165","1077","317","136","898","1031","0.284","0.354","0.42","0.774","120","*7*98H/D3","cruzjo01","null","null","0"
"26","Luis Gonzalez","51.7","33.8","42.7","0.95","3.2","42.4","-0.7","19.8","0","1","1","0.62","0","1","2","0.6","19","1990","2008","5","2591","10531","9157","1412","2591","596","68","354","1439","128","87","1155","1218","0.283","0.367","0.479","0.845","119","*7H/D9835","gonzalu01","null","null","0"
"28","Jim Rice HOF","47.7","36.4","42","0.946","3.7","45.8","-8","18.8","1","6","6","3.15","0","1","2","0.9","16","1974","1989","8","2089","9058","8225","1249","2452","373","79","382","1451","58","34","670","1423","0.298","0.352","0.502","0.854","128","*7*D9/H8","riceji01","Jim Rice","riceji01","1"
"29","Roy White","46.8","37","41.9","0.944","4","44.1","-5.8","20.3","0","0","0","0.15","0","1","2","0.7","15","1965","1979","2","1881","7736","6650","964","1803","300","51","160","758","233","117","934","708","0.271","0.36","0.404","0.764","121","*7HD89/534","whitero01","null","null","0"
"31","Charlie Keller","43.6","39.1","41.4","0.94","6","39.6","-0.9","29.4","0","1","1","0.58","0","2","5","1.6","13","1939","1952","5","1170","4604","3790","725","1085","166","72","189","760","45","23","784","499","0.286","0.41","0.518","0.928","152","*7H9","kellech01","null","null","0"
"32","George Foster","44.3","36.9","40.6","0.938","3.6","39","-3.4","18.5","1","3","4","2.37","0","1","2","0.8","18","1969","1986","5","1977","7812","7023","986","1925","307","47","348","1239","51","31","666","1419","0.274","0.338","0.48","0.818","126","*789H/D3","fostege01","null","null","0"
"33","Brian Downing","51.5","29.1","40.3","0.936","3.6","53.8","-6.9","21.1","0","0","0","0.14","0","0","0","0.1","20","1973","1992","1","2344","9309","7853","1188","2099","360","28","275","1073","50","44","1197","1127","0.267","0.37","0.425","0.796","122","*D*7*2H9/5","downibr01","null","null","0"
"34","Augie Galan","45.6","34.7","40.2","0.934","4.2","43.9","-3.9","22","0","0","1","0.33","0","3","4","1.6","16","1934","1949","3","1742","7008","5937","1004","1706","336","74","100","830","123","84","979","393","0.287","0.39","0.419","0.81","122","*7*8H3549/6","galanau01","null","null","0"
"37","Matt Holliday","44.4","34.3","39.4","0.928","3.8","49.4","-13.3","19.9","0","1","1","1.02","0","0","1","0.3","15","2004","2018","7","1903","7981","7009","1157","2096","468","32","316","1220","108","37","802","1362","0.299","0.379","0.51","0.889","132","*7DH/3","hollima01","null","null","0"
"38","Lou Brock HOF","45.3","32","38.6","0.926","2.8","49","-16.9","8.3","0","1","5","1.6","0","0","0","0.2","19","1961","1979","6","2616","11240","10332","1610","3023","486","141","149","900","938","307","761","1730","0.293","0.343","0.41","0.753","109","*79H8","brocklo01","Lou Brock","brocklo01","1"
"42","Albert Belle","40.1","36","38.1","0.918","4.2","46.2","-12.3","17.2","0","3","5","2.38","0","1","3","0.9","12","1989","2000","5","1539","6676","5853","974","1726","389","21","381","1239","88","41","683","961","0.295","0.369","0.564","0.933","144","*79D/H","belleal01","null","null","0"
"44","Carl Crawford","39.2","32.3","35.7","0.914","3.7","32.1","1.5","14.4","0","0","1","0.26","0","0","1","0.3","15","2002","2016","4","1716","7178","6655","998","1931","309","123","136","766","480","109","377","1067","0.29","0.33","0.435","0.765","105","*7H8D","crawfca02","null","null","0"
"45","Sid Gordon","38.2","33","35.6","0.912","4.2","38.7","-4.5","15.8","0","1","1","0.29","0","0","2","0.5","13","1941","1955","2","1475","5814","4992","735","1415","220","43","202","805","19","26","731","356","0.283","0.377","0.466","0.843","129","*7*59H3/84","gordosi01","null","null","0"
"47","Lonnie Smith","38.5","29.8","34.2","0.908","3.9","35","-2.3","18.9","0","1","1","0.75","1","1","2","1","17","1978","1994","1","1613","5952","5170","909","1488","273","58","98","533","370","140","623","849","0.288","0.371","0.42","0.791","118","*7H8D9","smithlo01","null","null","0"
"48","Moisés Alou","39.9","27.6","33.8","0.906","3.3","41.7","-9.6","15.9","0","2","3","1.16","0","0","1","0.3","17","1990","2008","6","1942","7913","7037","1109","2134","421","39","332","1287","106","37","737","894","0.303","0.369","0.516","0.885","128","*7*98H/D","aloumo01","null","null","0"
"49","Jeff Heath","37.7","29.7","33.7","0.904","4.4","37","-5.4","19.7","0","0","1","0.23","0","0","1","0.2","14","1936","1949","2","1383","5561","4937","777","1447","279","102","194","887","56","48","593","670","0.293","0.37","0.509","0.879","139","*79H/8","heathje01","null","null","0"
"50","Frank Howard","37.6","29.1","33.4","0.902","3.2","51.4","-24.1","11.3","0","2","4","0.96","0","0","0","0.1","16","1958","1973","4","1895","7353","6488","864","1774","245","35","382","1119","8","9","782","1460","0.273","0.352","0.499","0.851","142","*7*9*3HD","howarfr01","null","null","0"
"51","Pedro Guerrero","34.5","32","33.2","0.9","3.6","41.6","-12.5","13.9","0","4","4","2.3","0","1","2","0.8","15","1978","1992","5","1536","6115","5392","730","1618","267","29","215","898","97","47","609","862","0.3","0.37","0.48","0.85","137","*3*5978H/4","guerrpe01","null","null","0"
"54","Dusty Baker","37","26.2","31.6","0.894","2.9","35.5","-6","11","0","1","2","0.61","0","0","0","0","19","1968","1986","2","2039","8022","7117","964","1981","320","23","242","1013","137","73","762","926","0.278","0.347","0.432","0.779","116","*7*8*9H3/D","bakerdu01","null","null","0"
"57","Ron Gant","34.1","26.5","30.3","0.888","3","33","-3.2","11.3","0","1","2","0.89","0","0","2","0.4","16","1987","2003","2","1832","7320","6449","1080","1651","302","50","321","1008","243","102","770","1411","0.256","0.336","0.468","0.803","112","*78H45D/9","gantro01","null","null","0"
"58","Rico Carty","32.6","27.5","30.1","0.886","3.2","32.2","-10","10.4","0","0","1","0.18","0","0","0","0.1","15","1963","1979","1","1651","6318","5606","712","1677","278","17","204","890","21","26","642","663","0.299","0.369","0.464","0.833","132","*7*DH3/295","cartyri01","null","null","0"
"60","Gene Woodling","33.3","25.1","29.2","0.882","3","34","-8.1","12.8","0","0","0","0.15","0","0","0","0.1","17","1943","1962","1","1796","6618","5587","830","1585","257","63","147","830","29","47","921","477","0.284","0.386","0.431","0.817","123","*7*9*H8","woodlge01","null","null","0"
"61","Greg Vaughn","30.9","27.5","29.2","0.88","2.9","29.2","-6.2","7.1","0","2","2","0.68","0","0","1","0.1","15","1989","2003","4","1731","7070","6103","1017","1475","284","23","355","1072","121","59","865","1513","0.242","0.337","0.47","0.807","113","*7*DH/89","vaughgr01","null","null","0"
"62","Del Ennis","30","28.1","29.1","0.878","2.6","35.3","-13.2","-0.6","0","1","2","0.77","0","0","0","0.2","14","1946","1959","3","1903","7944","7254","985","2063","358","69","288","1284","45","36","597","719","0.284","0.34","0.472","0.812","117","*7*9H/38","ennisde01","null","null","0"
"64","Monte Irvin HOF","32.1","25.1","28.6","0.874","5","28.6","0.9","17.5","0","1","1","0.53","0","1","3","1","18","1938","1956","7","1044","4062","3523","580","1076","155","43","139","684","52","9","474","220","0.305","0.391","0.492","0.883","135","*7936H85/4","irvinmo01","Monte Irvin","irvinmo01","1"
"67","B.J. Surhoff","34.4","22.4","28.4","0.868","2.4","28","6.9","3.4","0","0","0","0","0","0","0","0","19","1987","2005","1","2313","9106","8258","1062","2326","440","42","188","1153","141","84","640","839","0.282","0.332","0.413","0.745","98","*7*2*53HD9/846","surhob.01","null","null","0"
"68","Kevin McReynolds","30.1","26.4","28.3","0.866","3.2","28.8","-3.2","9.7","0","1","1","0.5","0","0","0","0.1","12","1983","1994","0","1502","6039","5423","727","1439","284","35","211","807","93","32","522","707","0.265","0.328","0.447","0.775","115","*7*8H/9D","mcreyke01","null","null","0"
"69","Alfonso Soriano","28.6","27.6","28.1","0.864","2.3","36.2","-10.1","2.1","0","1","2","0.99","0","0","1","0.3","16","1999","2014","7","1975","8395","7750","1152","2095","481","31","412","1159","289","84","496","1803","0.27","0.319","0.5","0.819","112","*7*4DH/9856","soriaal01","null","null","0"
"70","Kevin Mitchell","29.1","26.5","27.8","0.862","3.9","33.5","-8.1","13.7","1","1","2","1.21","0","0","1","0.3","13","1984","1998","2","1223","4696","4134","630","1173","224","25","234","760","30","31","491","719","0.284","0.36","0.52","0.88","142","*75HD9/638","mitchke01","null","null","0"
"74","Gary Matthews","30.4","22.3","26.4","0.854","2.4","40","-18.6","3.5","0","1","1","0.32","0","0","0","0","16","1972","1987","1","2033","8189","7147","1083","2011","319","51","234","978","183","74","940","1125","0.281","0.364","0.439","0.802","118","*7*9HD","matthga01","null","null","0"
"75","Hal McRae","27.9","24.2","26.1","0.852","2.2","30","-17.4","1.3","0","2","2","0.77","0","0","0","0","19","1968","1987","3","2084","8059","7218","940","2091","484","66","191","1097","109","78","648","779","0.29","0.351","0.454","0.805","123","*D*7H98/54","mcraeha01","null","null","0"
"79","Carlos Lee","28.3","23.3","25.8","0.844","2.2","30.2","-10.9","-0.2","0","0","0","0.1","0","0","0","0","14","1999","2012","3","2099","8787","7983","1125","2273","469","19","358","1363","125","47","655","984","0.285","0.339","0.483","0.821","113","*73D/H","leeca01","null","null","0"
"80","Mike Greenwell","25.8","25.7","25.8","0.842","3.3","24.3","-2.6","8.5","0","1","1","0.62","0","1","1","0.4","12","1985","1996","2","1269","5166","4623","657","1400","275","38","130","726","80","43","460","364","0.303","0.368","0.463","0.831","121","*7HD9/28","greenmi01","null","null","0"
"81","Cliff Floyd","25.9","25.1","25.5","0.84","2.6","27.1","-7.8","7.3","0","0","0","0.01","0","0","1","0.1","17","1993","2009","1","1621","6063","5319","824","1479","340","23","233","865","148","43","601","1064","0.278","0.358","0.482","0.84","119","*7H9D3/8","floydcl01","null","null","0"
"82","Wally Moon","24.9","25.7","25.3","0.838","2.8","28.4","-8.9","3.9","0","1","1","0.59","0","0","0","0.1","12","1954","1965","3","1457","5567","4843","737","1399","212","60","142","661","89","68","644","591","0.289","0.371","0.445","0.817","118","*7*9H83","moonwa01","null","null","0"
"83","Rondell White","28.2","22.5","25.3","0.836","3.1","23.3","1.8","9.5","0","0","0","0","0","0","0","0","15","1993","2007","1","1474","5852","5357","756","1519","296","34","198","768","94","47","360","925","0.284","0.336","0.462","0.799","108","*7*8DH","whitero02","null","null","0"
"84","Don Baylor","28.5","21.7","25.1","0.834","2","35.1","-22.5","-2.6","1","1","2","1.14","0","0","0","0","19","1970","1988","1","2292","9401","8198","1236","2135","366","28","338","1276","285","120","805","1069","0.26","0.342","0.436","0.777","118","*D*793H8","baylodo01","null","null","0"
"85","Ben Oglivie","26.4","23.5","24.9","0.832","2.4","27.1","-7.4","4.4","0","0","0","0.07","0","0","1","0.1","16","1971","1986","3","1754","6598","5913","784","1615","277","33","235","901","87","70","560","852","0.273","0.336","0.45","0.786","118","*7*9HD3/8","oglivbe01","null","null","0"
"86","Larry Hisle","25","24.6","24.8","0.83","3.4","27.2","-5.8","8.7","0","1","1","0.65","0","0","0","0","14","1968","1982","2","1197","4780","4205","652","1146","193","32","166","674","128","61","462","941","0.273","0.347","0.452","0.799","123","*8*7D9H","hislela01","null","null","0"
"89","Jason Bay","24.7","24.6","24.7","0.824","3.1","27.6","-7.6","8.4","0","0","1","0.29","0","0","0","0.1","11","2003","2013","3","1278","5258","4505","737","1200","240","30","222","754","95","17","636","1216","0.266","0.36","0.481","0.841","121","*78H/9D","bayja01","null","null","0"
"90","Joe Rudi","25.5","23.7","24.6","0.822","2.7","21.1","-2.8","4.6","0","2","2","1.08","0","0","1","0.2","16","1967","1982","3","1547","6077","5556","684","1468","287","39","179","810","25","15","369","870","0.264","0.311","0.427","0.738","112","*73HD9/85","rudijo01","null","null","0"
"92","Greg Luzinski","26.3","22.4","24.3","0.818","2.3","35.9","-20.5","2.2","0","2","4","1.55","0","0","0","0","15","1970","1984","4","1821","7518","6505","880","1795","344","24","307","1128","37","31","845","1495","0.276","0.363","0.478","0.84","130","*7*DH3/9","luzingr01","null","null","0"
"93","Tommy Harper","25.8","22.8","24.3","0.816","2.3","29.1","-9.4","0.5","0","0","1","0.35","0","1","1","0.4","15","1962","1976","1","1810","7164","6269","972","1609","256","36","146","567","408","116","753","1080","0.257","0.338","0.379","0.717","101","*7*958HD43","harpeto01","null","null","0"
"94","Garret Anderson","25.7","22.8","24.2","0.814","1.9","23.4","-3.9","-6.3","0","1","1","0.57","0","0","0","0","17","1994","2010","3","2228","9177","8640","1084","2529","522","36","287","1365","80","47","429","1224","0.293","0.324","0.461","0.785","102","*7*8D9H","anderga01","null","null","0"
"95","Carlos González","24.5","23.9","24.2","0.812","2.9","22.5","-2.5","7.1","0","1","1","0.54","0","0","0","0.1","12","2008","2019","3","1377","5551","5033","821","1432","302","40","234","785","122","33","448","1240","0.285","0.343","0.5","0.843","112","*9*78H/D","gonzaca01","null","null","0"
"96","Shannon Stewart","24.9","23","24","0.81","2.9","24.9","-4.3","4.1","0","1","1","0.36","0","0","0","0","14","1995","2008","0","1386","6205","5574","853","1653","315","41","115","580","196","71","504","684","0.297","0.36","0.43","0.79","106","*78DH/9","stewash01","null","null","0"
"97","Hank Sauer","25.2","22.2","23.7","0.808","2.9","27.9","-8","4.5","1","1","1","0.7","0","0","1","0.1","15","1941","1959","2","1399","5417","4796","709","1278","200","19","288","876","11","12","561","714","0.266","0.347","0.496","0.843","123","*79H3","sauerha01","null","null","0"
"99","Willie Horton","26.5","20.7","23.6","0.804","2.1","29.7","-16.7","-1.2","0","1","2","0.48","0","0","0","0.1","18","1963","1980","4","2028","8052","7298","873","1993","284","40","325","1163","20","38","620","1313","0.273","0.332","0.457","0.789","120","*7*D9H/5","hortowi01","null","null","0"
"100","Richie Zisk","25.1","22","23.6","0.802","2.8","25.9","-9.2","6.4","0","0","1","0.26","0","0","0","0","13","1971","1983","2","1453","5737","5144","681","1477","245","26","207","792","8","15","533","910","0.287","0.353","0.466","0.818","127","*9*D*7H","ziskri01","null","null","0"
"103","Rusty Greer","22.4","22.1","22.3","0.796","3.5","25.9","-6.8","7.3","0","0","0","0.01","0","0","0","0","9","1994","2002","0","1027","4420","3829","643","1166","258","25","119","614","31","15","519","555","0.305","0.387","0.478","0.865","119","*798H/D3","greerru01","null","null","0"
"104","Bobby Higginson","23.1","21.5","22.3","0.794","2.7","24.4","-6","3.4","0","0","0","0","0","0","0","0","11","1995","2005","0","1362","5664","4910","736","1336","270","33","187","709","91","53","649","796","0.272","0.358","0.455","0.813","113","*7*9DH/8","higgibo02","null","null","0"
"105","Bernard Gilkey","21.6","22.8","22.2","0.792","2.8","14.5","2.6","7.6","0","0","0","0.03","0","1","1","0.7","12","1990","2001","0","1239","4626","4061","606","1115","244","24","118","546","115","71","466","708","0.275","0.352","0.434","0.785","110","*7H9/D38","gilkebe01","null","null","0"
"107","Tom Tresh","22","22","22","0.788","3","23.5","-1.7","6.2","0","0","1","0.35","0","0","0","0.1","9","1961","1969","3","1192","4897","4251","595","1041","179","34","153","530","45","25","550","698","0.245","0.335","0.411","0.746","113","*7*685H/9","treshto01","null","null","0"
"108","John Briggs","24","19.6","21.8","0.786","2.8","26","-7.2","6.8","0","0","0","0.02","0","0","0","0","12","1964","1975","0","1366","4838","4117","601","1041","170","43","139","507","64","49","663","785","0.253","0.355","0.416","0.771","121","*78H39/D","briggjo02","null","null","0"
"110","Geoff Jenkins","21.9","21.2","21.6","0.782","2.6","17.1","-0.1","6.2","0","0","0","0","0","0","0","0","11","1998","2008","1","1349","5254","4700","688","1293","303","22","221","733","32","14","418","1186","0.275","0.344","0.49","0.834","114","*7*9H/D","jenkige01","null","null","0"
"111","Shane Mack","21.6","21.2","21.4","0.78","3.8","19.5","0.6","10.6","0","0","0","0","0","0","1","0.2","9","1987","1998","0","923","3218","2857","436","853","155","28","80","398","90","43","256","509","0.299","0.364","0.456","0.821","121","*7*89HD","macksh01","null","null","0"
"113","Melky Cabrera","21.1","21.4","21.3","0.776","1.8","26","-8.6","-4.2","0","0","0","0","0","0","0","0","15","2005","2019","1","1887","7527","6878","895","1962","383","45","144","854","101","37","510","891","0.285","0.334","0.417","0.751","103","*7*89HD","cabreme01","null","null","0"
"114","Hideki Matsui","21.2","21.3","21.3","0.774","2.8","24.2","-9.3","3.3","0","0","0","0.03","0","0","0","0.1","10","2003","2012","2","1236","5066","4442","656","1253","249","12","175","760","13","9","547","689","0.282","0.36","0.462","0.822","118","*7*D8H/9","matsuhi01","null","null","0"
"117","George Bell","20","21.5","20.8","0.768","2","22","-9.2","-1.6","1","3","4","1.92","0","0","0","0","12","1981","1993","3","1587","6592","6123","814","1702","308","34","265","1002","67","36","331","771","0.278","0.316","0.469","0.785","113","*7*D9H/54","bellge02","null","null","0"
"119","Tommy Davis","20.4","20.7","20.5","0.764","1.6","24.1","-14.7","-7.8","0","1","3","0.96","0","0","1","0.1","18","1959","1976","3","1999","7739","7223","811","2121","272","35","153","1052","136","59","381","754","0.294","0.329","0.405","0.733","108","*7*DH5839/4","davisto02","null","null","0"
"120","Raúl Ibañez","20.9","20.1","20.5","0.762","1.6","28.7","-17.3","-7.4","0","0","0","0.01","0","0","0","0","19","1996","2014","1","2161","8278","7471","1055","2034","424","51","305","1207","50","29","713","1374","0.272","0.335","0.465","0.801","111","*7*DH93/852","ibanera01","null","null","0"
"124","Whitey Lockman","19.5","20.7","20.1","0.754","1.9","19.6","-5.9","-5.1","0","0","0","0.08","0","0","0","0.1","15","1945","1960","1","1666","6592","5940","836","1658","222","49","114","563","43","40","552","383","0.279","0.342","0.391","0.732","95","*3*7H8/495","lockmwh01","null","null","0"
"125","Charlie Maxwell","19.7","20.2","19.9","0.752","2.8","16.1","-0.9","8.1","0","0","0","0.04","0","0","2","0.3","14","1950","1964","2","1133","3796","3245","480","856","110","26","148","532","18","7","484","545","0.264","0.36","0.451","0.811","116","*7H93/8","maxwech01","null","null","0"
"126","Cleon Jones","18.1","20.7","19.4","0.75","2.4","18.5","-6.2","1.9","0","0","1","0.24","0","0","0","0.1","13","1963","1976","1","1213","4730","4263","565","1196","183","33","93","524","91","48","360","702","0.281","0.339","0.404","0.744","110","*789H3/D","jonescl01","null","null","0"
"127","Steve Kemp","19.5","19","19.3","0.748","2.7","23.1","-7.9","4","0","0","0","0.05","0","0","0","0","11","1977","1988","1","1168","4714","4058","581","1128","179","25","130","634","39","24","576","605","0.278","0.367","0.431","0.797","119","*7HD9/3","kempst01","null","null","0"
"128","Dale Mitchell","19.5","18.9","19.2","0.746","2.8","18.3","-3.2","6.6","0","0","0","0.06","0","0","0","0","11","1946","1956","2","1127","4358","3984","555","1244","169","61","41","403","45","47","346","119","0.312","0.368","0.416","0.784","114","*7H8/39","mitchda01","null","null","0"
"129","Frank Thomas","18.7","19.1","18.9","0.744","1.7","24.2","-10","-7.8","0","1","1","0.54","0","0","0","0","16","1951","1966","3","1766","6917","6285","792","1671","262","31","286","962","15","22","484","894","0.266","0.32","0.454","0.774","107","*7*5*83H9/4","thomafr03","null","null","0"
"131","Gene Richards","18.7","19","18.8","0.74","3","18.3","-3.4","5.7","0","0","0","0","0","0","0","0","8","1977","1984","0","1026","3958","3549","502","1028","127","63","26","255","247","89","356","436","0.29","0.357","0.383","0.739","112","*78H3/9","richage01","null","null","0"
"133","Jeff Conine","19.5","17.8","18.7","0.736","1.6","19.8","-9.8","-5.7","0","0","0","0.01","0","0","0","0","17","1990","2007","2","2024","7782","6957","870","1982","385","36","214","1071","54","29","671","1168","0.285","0.347","0.443","0.789","107","*3*7H9D5","coninje01","null","null","0"
"134","Phil Bradley","18.6","18.6","18.6","0.734","3","23.5","-7.9","5","0","0","0","0.03","0","0","0","0","8","1983","1990","1","1022","4255","3695","565","1058","179","43","78","376","155","62","432","718","0.286","0.369","0.421","0.79","119","*78H9/D","bradlph01","null","null","0"
"135","Gary Ward","17.7","19.3","18.5","0.732","2.2","14.5","-0.9","1.9","0","0","0","0","0","0","0","0","12","1979","1990","2","1287","4892","4479","594","1236","196","41","130","597","83","30","351","775","0.276","0.328","0.425","0.753","105","*78H9D3/5","wardga01","null","null","0"
"137","Lee Lacy","20.2","16.5","18.3","0.728","2.1","20.3","-3.9","4","0","0","0","0","0","0","0","0","16","1972","1987","0","1523","5004","4549","650","1303","207","42","91","458","185","86","372","657","0.286","0.339","0.41","0.75","108","*9*7*H485/D6","lacyle01","null","null","0"
"140","Josh Willingham","18.9","17.5","18.2","0.722","2.7","21.8","-7.8","3.9","0","0","0","0","0","0","0","0","11","2004","2014","0","1147","4616","3912","564","988","216","15","195","632","35","9","553","1036","0.253","0.358","0.465","0.823","121","*7DH9/23","willijo03","null","null","0"
"142","Jim Russell","18","18","18","0.718","2.8","17.2","-2.2","2.9","0","0","0","0","0","0","0","0","10","1942","1951","0","1035","4147","3595","554","959","175","51","67","428","59","51","503","427","0.267","0.36","0.4","0.76","108","*7*8H9/3","russeji01","null","null","0"
"143","Adam Dunn","18","17.7","17.9","0.716","1.5","35.3","-28.4","-8.4","0","0","0","0.03","0","0","0","0","14","2001","2014","2","2001","8328","6883","1097","1631","334","10","462","1168","63","25","1317","2379","0.237","0.364","0.49","0.854","124","*7*3*D9H/1","dunnad01","null","null","0"
"145","Pat Burrell","18.9","16.6","17.7","0.712","1.9","23.1","-11","-1","0","0","1","0.17","0","0","0","0","12","2000","2011","0","1640","6520","5503","767","1393","299","16","292","976","7","3","932","1564","0.253","0.361","0.472","0.834","116","*7DH3/9","burrepa01","null","null","0"
"147","Danny Litwhiler","18.5","16.3","17.4","0.708","2.8","16.9","-2.9","4.4","0","0","0","0.01","0","0","0","0","11","1940","1951","1","1057","3862","3494","428","982","162","32","107","451","11","29","299","377","0.281","0.342","0.438","0.78","119","*79H/58","litwhda01","null","null","0"
"148","Bob Skinner","16.5","18.1","17.3","0.706","1.9","20.1","-8.9","-2","0","0","0","0.06","0","0","0","0","12","1954","1966","3","1381","4874","4318","642","1198","197","58","103","531","67","36","485","646","0.277","0.351","0.421","0.773","108","*7*H39/5","skinnbo01","null","null","0"
"152","Kal Daniels","16.9","16.9","16.9","0.698","3.8","20.5","-6.4","7.8","0","0","0","0","0","0","0","0.1","7","1986","1992","0","727","2739","2338","391","666","125","8","104","360","87","26","365","493","0.285","0.382","0.479","0.861","138","*7H/3","danieka01","null","null","0"
"154","Dave Kingman","17.4","16","16.7","0.694","1.4","23.2","-16.7","-6.9","0","0","0","0.26","0","0","0","0","16","1971","1986","3","1941","7429","6677","901","1575","240","25","442","1210","85","49","608","1816","0.236","0.302","0.478","0.78","115","*3*7*DH59/1","kingmda01","null","null","0"
"156","Bob Nieman","17.4","15.9","16.7","0.69","2.5","21.8","-8.8","5","0","0","1","0.16","0","0","0","0","12","1951","1962","0","1113","3947","3452","455","1018","180","32","125","544","10","30","435","512","0.295","0.373","0.474","0.847","132","*79H","niemabo01","null","null","0"
"157","Steve Braun","17.5","15.8","16.6","0.688","2","18.6","-3.2","2.4","0","0","0","0","0","0","0","0","15","1971","1985","0","1425","4295","3650","466","989","155","19","52","388","45","27","579","433","0.271","0.371","0.367","0.738","109","*H*7*5D49/638","braunst01","null","null","0"
"158","Warren Cromartie","16.4","16.5","16.4","0.686","2.4","7.9","2.9","2.2","0","0","0","0.01","0","0","0","0","10","1974","1991","0","1107","4318","3927","459","1104","229","32","61","391","50","37","325","403","0.281","0.336","0.402","0.739","105","*793H/D","cromawa01","null","null","0"
"160","Manny Mota","17.7","14.5","16.1","0.682","1.9","19.9","-6.9","2.9","0","0","0","0.01","0","0","0","0","20","1962","1982","1","1536","4227","3779","496","1149","125","52","31","438","50","42","289","320","0.304","0.355","0.389","0.744","112","*7*H89/542","motama01","null","null","0"
"164","Gary Roenicke","15.4","15.9","15.6","0.674","2.3","11.8","-0.4","5","0","0","0","0","0","0","0","0","12","1976","1988","0","1064","3204","2708","367","670","135","4","121","410","16","20","406","428","0.247","0.351","0.434","0.785","117","*7H98D/35","roeniga01","null","null","0"
"165","Dave Collins","15.8","15.4","15.6","0.672","1.5","14.5","-3.7","-2.4","0","0","0","0.01","0","0","0","0","16","1975","1990","0","1701","5507","4907","667","1335","187","52","32","373","395","139","467","660","0.272","0.338","0.351","0.689","93","*7*H983D","collida02","null","null","0"
"168","Gary Redus","16.3","14.4","15.3","0.666","2.3","17.3","-5.3","2.8","0","0","0","0","0","0","0","0","13","1982","1994","0","1159","4066","3513","591","886","183","51","90","352","322","83","481","688","0.252","0.342","0.41","0.752","107","*7H389/D4","redusga01","null","null","0"
"169","Lee Maye","15.7","14.7","15.2","0.664","2","18.1","-7","-0.7","0","0","0","0","0","0","0","0","13","1959","1971","0","1288","4383","4048","533","1109","190","39","94","419","59","34","282","481","0.274","0.323","0.41","0.733","108","*7*H*98/534","mayele01","null","null","0"
"170","Dan Gladden","15.5","14.8","15.2","0.662","2.1","13.9","-0.8","-1.2","0","0","0","0","0","0","0","0","11","1983","1993","0","1196","4962","4501","663","1215","203","40","74","446","222","93","337","625","0.27","0.324","0.382","0.707","95","*7*8H/D9145","gladdda01","null","null","0"
"172","Tito Francona","13.9","16.1","15","0.658","1.3","17.3","-10.6","-4.4","0","1","1","0.3","0","0","0","0.1","15","1956","1970","1","1719","5777","5121","650","1395","224","34","125","656","46","21","544","694","0.272","0.343","0.403","0.746","107","*7*3*H*98","francti01","null","null","0"
"173","Ralph Garr","14.8","15.3","15","0.656","1.8","19.7","-11.1","-2.6","0","0","0","0.05","0","0","0","0","13","1968","1980","1","1317","5456","5108","717","1562","212","64","75","408","172","83","246","445","0.306","0.339","0.416","0.755","108","*7*9H8D","garrra01","null","null","0"
"177","Peanuts Lowrey","13.6","15.4","14.5","0.648","1.6","12.7","-1.8","-4.5","0","0","0","0.03","0","0","0","0","13","1942","1955","1","1401","4832","4317","564","1177","186","45","37","479","48","27","403","226","0.273","0.336","0.362","0.698","92","*7*8*H594/63","lowrepe01","null","null","0"
"178","Larry Herndon","15.2","13.8","14.5","0.646","1.6","11.6","-1.1","-2","0","0","0","0","0","0","0","0","14","1974","1988","0","1537","5319","4877","605","1334","186","76","107","550","92","57","353","793","0.274","0.322","0.409","0.731","103","*7*8HD9","herndla01","null","null","0"
"179","Lou Piniella","12.5","16.2","14.4","0.644","1.2","17.2","-13","-9.6","0","0","0","0.05","0","0","0","0","18","1964","1984","1","1747","6362","5867","651","1705","305","41","102","766","32","41","368","541","0.291","0.333","0.409","0.741","109","*79HD/83","pinielo01","null","null","0"
"180","Rick Reichardt","13.9","14.4","14.2","0.642","2.3","14.5","-5.1","1","0","0","0","0.01","0","0","0","0","11","1964","1974","0","997","3686","3307","391","864","109","24","116","445","40","41","263","672","0.261","0.326","0.414","0.74","115","*78H9D/35","reichri01","null","null","0"
"183","Hoot Evers","13","14.9","14","0.636","1.8","11.4","-1.7","0","0","0","0","0.15","0","0","1","0.1","12","1941","1956","2","1142","4310","3801","555","1055","187","41","98","565","45","36","415","420","0.278","0.353","0.426","0.778","107","*7*8H9","eversho01","null","null","0"
"184","Frank Catalanotto","14.5","13.3","13.9","0.634","1.9","16.8","-6.2","-0.6","0","0","0","0","0","0","0","0","14","1997","2010","0","1265","4292","3824","562","1113","262","37","84","457","45","27","331","492","0.291","0.357","0.445","0.802","107","*7*HD4395","catalfr01","null","null","0"
"186","Chuck Hinton","13.6","13.7","13.7","0.63","1.6","15.5","-6.9","-0.7","0","0","0","0.02","0","0","0","0","11","1961","1971","1","1353","4455","3968","518","1048","152","47","113","443","130","50","416","685","0.264","0.332","0.412","0.744","109","*7*9H8345/26","hintoch01","null","null","0"
"189","Max West","13.3","13.3","13.3","0.624","2.6","12.4","-2.7","2.2","0","0","0","0.04","0","0","0","0","7","1938","1948","1","824","3059","2676","338","681","136","20","77","380","19","17","353","340","0.254","0.344","0.407","0.751","114","*7938H","westma02","null","null","0"
"190","Mike Easler","13","13.5","13.2","0.622","1.8","14.7","-8.3","-0.5","0","0","0","0.01","0","0","0","0","14","1973","1987","1","1151","4061","3677","465","1078","189","25","118","522","20","26","321","696","0.293","0.349","0.454","0.804","118","*7*DH9/3","easlemi01","null","null","0"
"192","Dick Wakefield","13","13.1","13.1","0.618","3.3","13.7","-3.6","5.5","0","1","2","0.59","0","0","0","0","9","1941","1952","1","638","2506","2132","334","625","102","29","56","315","10","17","360","270","0.293","0.396","0.447","0.843","131","*7H/9","wakefdi01","null","null","0"
"193","Vince Coleman","12.5","13.2","12.9","0.616","1.5","13.1","-5.5","-6.6","0","0","0","0.11","0","0","0","0","13","1985","1997","2","1371","5970","5406","849","1425","176","89","28","346","752","177","477","960","0.264","0.324","0.345","0.668","83","*78H/9D","colemvi01","null","null","0"
"195","Leon Wagner","11.8","13.5","12.6","0.612","1.4","22.3","-16.3","-4.2","0","1","1","0.37","0","0","0","0","12","1958","1969","3","1352","4952","4426","636","1202","150","15","211","669","54","24","435","656","0.272","0.34","0.455","0.795","120","*7H9","wagnele01","null","null","0"
"197","Jacque Jones","11.6","13.2","12.4","0.608","1.4","11.2","-2.9","-5.4","0","0","0","0","0","0","0","0","10","1999","2008","0","1302","4993","4594","632","1272","255","19","165","630","82","45","314","949","0.277","0.326","0.448","0.775","98","*9*78HD","jonesja05","null","null","0"
"203","Dmitri Young","12.2","12.1","12.2","0.596","1.5","15.6","-10.4","-4.7","0","0","0","0","0","0","0","0","13","1996","2008","2","1364","5253","4762","648","1389","301","29","171","683","25","22","407","871","0.292","0.351","0.475","0.826","114","*3*7*DH95","youngdm01","null","null","0"
"204","John Milner","12.5","11.7","12.1","0.594","1.7","14.7","-8","-0.3","0","0","0","0","0","0","0","0","12","1971","1982","0","1215","3985","3436","455","855","140","16","131","498","31","22","504","473","0.249","0.344","0.413","0.757","112","*3*7H/98","milnejo01","null","null","0"
"206","Luke Scott","11.8","12.1","12","0.59","2.2","12.1","-5.2","0.8","0","0","0","0","0","0","0","0","9","2005","2013","0","889","3193","2810","370","725","181","20","135","436","17","7","334","662","0.258","0.34","0.481","0.821","117","*D7H93/8","scottlu01","null","null","0"
"207","Jeffrey Leonard","9.9","13.9","11.9","0.588","1.1","12.6","-9.2","-8.9","0","0","0","0.01","0","0","0","0","14","1977","1990","2","1415","5476","5045","614","1342","223","37","144","723","163","61","342","1000","0.266","0.312","0.411","0.723","102","*7D9H8/3","leonaje01","null","null","0"
"208","Carmelo Martínez","11","12.7","11.9","0.586","1.8","9","-2.8","-0.4","0","0","0","0","0","0","0","0","9","1983","1991","0","1003","3356","2906","350","713","134","7","108","424","10","16","404","528","0.245","0.337","0.408","0.745","108","*7*3H/95D","martica01","null","null","0"
"209","Curt Blefary","11.1","12.5","11.8","0.584","1.8","13.9","-6.8","-0.8","0","0","0","0","0","0","0","0","8","1965","1972","0","974","3490","2947","394","699","104","20","112","382","24","24","456","444","0.237","0.342","0.4","0.743","115","*739H2/54","blefacu01","null","null","0"
"211","Alex Johnson","10","13.5","11.8","0.58","1.2","13.6","-10.6","-7.6","0","0","1","0.21","0","0","0","0","13","1964","1976","1","1322","4948","4623","550","1331","180","33","78","525","113","63","244","626","0.288","0.326","0.392","0.718","105","*7DH9/8","johnsal01","null","null","0"
"213","Bob Cerv","11.1","12.1","11.6","0.576","2.2","11.4","-3","3.3","0","1","1","0.49","0","1","1","0.4","12","1951","1962","1","829","2517","2261","320","624","96","26","105","374","12","10","212","392","0.276","0.34","0.481","0.821","122","*7H89/3","cervbo01","null","null","0"
"214","Steve Henderson","11.5","11.7","11.6","0.574","1.7","15.8","-8.8","-1.3","0","0","0","0","0","0","0","0","12","1977","1988","0","1085","3916","3484","459","976","162","49","68","428","79","58","386","677","0.28","0.352","0.413","0.765","114","*7HD9/38","hendest01","null","null","0"
"217","Brad Wilkerson","11","11.8","11.4","0.568","1.8","9.2","-1.4","-0.9","0","0","0","0","0","0","0","0","8","2001","2008","0","972","3753","3187","500","788","193","28","122","399","53","43","492","947","0.247","0.35","0.44","0.79","105","*7389H/D","wilkebr01","null","null","0"
"218","Eric Byrnes","10.5","12.3","11.4","0.566","1.8","8.1","0.3","-1","0","0","0","0.1","0","0","0","0","11","2000","2010","0","963","3532","3202","482","827","191","30","109","396","129","23","253","538","0.258","0.32","0.439","0.759","94","*78H9/D","byrneer01","null","null","0"
"219","Carlos May","10.5","12.1","11.3","0.564","1.5","17.1","-13.6","-6.2","0","0","0","0.03","0","0","0","0","10","1968","1977","2","1165","4723","4120","545","1127","172","23","90","536","85","53","512","565","0.274","0.357","0.392","0.749","111","*7D3H/9","mayca01","null","null","0"
"220","Candy Maldonado","10","12.6","11.3","0.562","1.1","11.4","-6.8","-5.8","0","0","0","0.01","0","0","0","0","15","1981","1995","0","1410","4590","4106","498","1042","227","17","146","618","34","33","391","864","0.254","0.322","0.424","0.746","107","*9*7H8D/5","maldoca01","null","null","0"
"221","Seth Smith","11.6","10.9","11.3","0.56","1.5","13.9","-7.6","-1.9","0","0","0","0","0","0","0","0","11","2007","2017","0","1249","4084","3582","525","934","224","31","126","458","22","7","431","797","0.261","0.344","0.446","0.79","112","*7*9HD/8","smithse01","null","null","0"
"222","Carlos Quentin","10.5","11.9","11.2","0.558","2","16","-8.9","-0.5","0","1","1","0.41","0","0","0","0","9","2006","2014","2","834","3247","2790","416","702","173","6","154","491","16","9","298","516","0.252","0.347","0.484","0.831","120","*7*9DH","quentca01","null","null","0"
"223","Pete Incaviglia","10.3","12.1","11.2","0.556","1.3","11.6","-6.4","-4.8","0","0","0","0","0","0","0","0","12","1986","1998","0","1284","4677","4233","546","1043","194","21","206","655","33","26","360","1277","0.246","0.31","0.448","0.758","104","*79HD8","incavpe01","null","null","0"
"225","Reed Johnson","10.6","11.6","11.1","0.552","1.3","8","-0.4","-2.8","0","0","0","0","0","0","0","0","13","2003","2015","0","1320","3992","3630","518","1014","215","23","65","408","41","29","181","728","0.279","0.335","0.405","0.74","94","*7*H*98/D","johnsre02","null","null","0"
"226","John Lowenstein","9.9","12.2","11.1","0.55","1.2","13.6","-7.5","-3.5","0","0","0","0","0","0","0","0","16","1970","1985","0","1368","3989","3476","510","881","137","18","116","441","128","78","446","596","0.253","0.337","0.403","0.741","108","*7*H9D548/36","lowenjo01","null","null","0"
"227","Dan Pasqua","10.7","10.9","10.8","0.548","1.9","8.7","-2","0.7","0","0","0","0","0","0","0","0","10","1985","1994","0","905","3000","2620","341","638","129","15","117","390","7","10","335","642","0.244","0.33","0.438","0.768","112","*79H3D","pasquda01","null","null","0"
"228","Billy Sample","10.4","11.2","10.8","0.546","2","10.3","-2.2","1.3","0","0","0","0","0","0","0","0","9","1978","1986","0","826","2798","2516","371","684","127","9","46","230","98","31","195","230","0.272","0.329","0.384","0.713","98","*7H89D/4","samplbi01","null","null","0"
"231","Luis Polonia","9","11.9","10.5","0.54","1.1","15","-10.7","-9","0","0","0","0","0","0","0","0","12","1987","2000","0","1379","5296","4840","728","1417","189","70","36","405","321","145","369","543","0.293","0.342","0.383","0.726","97","*7DH89","polonlu01","null","null","0"
"234","Juan Rivera","9.2","11.6","10.4","0.534","1.4","7.1","-2.2","-3.8","0","0","0","0","0","0","0","0","12","2001","2012","0","1058","3787","3471","425","950","182","4","132","539","17","26","253","448","0.274","0.323","0.443","0.766","102","*79H3D8/4","riverju01","null","null","0"
"236","Gates Brown","9.9","10.8","10.4","0.53","1.5","8.9","-2.5","1.3","0","0","0","0","0","0","0","0","13","1963","1975","0","1051","2545","2262","330","582","78","19","84","322","30","8","242","275","0.257","0.33","0.42","0.75","110","*H*7D/93","brownga01","null","null","0"
"237","David Murphy","10","10.7","10.4","0.528","1.5","11","-5.2","-4","0","0","0","0","0","0","0","0","10","2006","2015","0","1110","3847","3467","440","950","203","16","104","472","54","28","316","575","0.274","0.333","0.432","0.765","103","*7*9HD8/1","murphda07","null","null","0"
"241","Wes Covington","9.2","11.1","10.2","0.52","1.4","17.5","-11.8","-3.5","0","0","0","0.05","0","0","0","0","11","1956","1966","0","1075","3291","2978","355","832","128","17","131","499","7","4","247","414","0.279","0.337","0.466","0.803","122","*7*H9/8","covinwe01","null","null","0"
"245","Hersh Martin","9.8","9.8","9.8","0.512","2.6","10.9","-2.6","1.4","0","0","0","0","0","0","0","0","6","1937","1945","1","607","2547","2257","331","643","135","29","28","215","33","28","253","207","0.285","0.359","0.408","0.766","110","*87H/9","martihe01","null","null","0"
"246","Glenallen Hill","9.7","10","9.8","0.51","1.3","13.2","-7.8","-3.3","0","0","0","0","0","0","0","0","13","1989","2001","0","1162","4033","3715","528","1005","187","21","186","586","96","38","270","845","0.271","0.321","0.482","0.804","112","*9*7HD8","hillgl01","null","null","0"
"247","Rip Radcliff","9","10.6","9.8","0.508","1.3","10.9","-5.8","-5.9","0","0","1","0.33","0","0","0","0","10","1934","1943","1","1081","4437","4074","598","1267","205","50","42","533","40","30","310","141","0.311","0.362","0.417","0.779","97","*7H93","radclri01","null","null","0"
"250","Jack Cust","9.4","9.8","9.6","0.502","2.3","11.3","-6.2","0.1","0","0","0","0","0","0","0","0","10","2001","2011","0","670","2581","2107","311","510","96","2","105","323","6","6","444","819","0.242","0.374","0.439","0.813","120","*D79H","custja01","null","null","0"
"251","Tom Paciorek","7.6","11.6","9.6","0.5","0.9","9.4","-7.6","-6.7","0","0","1","0.12","0","0","0","0.1","18","1970","1987","1","1392","4465","4121","494","1162","232","30","86","503","55","38","245","704","0.282","0.325","0.415","0.741","103","*7*39H8D/56","pacioto01","null","null","0"
"252","Mel Hall","8.7","10.4","9.6","0.498","1.1","13.2","-9","-6.5","0","0","0","0","0","0","0","0","13","1981","1996","0","1276","4575","4237","568","1171","229","25","134","620","31","22","267","575","0.276","0.318","0.437","0.755","107","*79HD8","hallme01","null","null","0"
"253","Bill Hoskins","9.8","9.2","9.5","0.496","4.3","9.8","-1.7","5.7","0","0","0","0","0","0","1","0.4","10","1937","1946","1","371","1506","1355","254","440","63","39","36","271","29","0","130","null","0.325","0.387","0.508","0.896","145","*7/98435","hoskibi01","null","null","0"
"257","Gus Zernial","8.4","10.1","9.3","0.488","1.1","13.7","-10.2","-5.5","0","0","0","0.09","0","0","0","0","11","1949","1959","1","1234","4562","4131","572","1093","159","22","237","776","15","7","383","755","0.265","0.329","0.486","0.815","116","*7H3/9","zernigu01","null","null","0"
"261","Mike Aldrete","8.8","9.2","9","0.48","1.5","6.9","-1.7","0.4","0","0","0","0","0","0","0","0","10","1986","1996","0","930","2498","2147","277","565","104","9","41","271","19","18","314","381","0.263","0.356","0.377","0.733","104","*H379D/81","aldremi01","null","null","0"
"262","Bill Robinson","7.6","10.3","8.9","0.478","0.8","8.4","-6.4","-7.9","0","0","0","0.13","0","0","0","0","16","1966","1983","0","1472","4730","4364","536","1127","229","29","166","641","71","49","263","820","0.258","0.3","0.438","0.738","104","*7*98H35","robinbi02","null","null","0"
"264","Marty Cordova","7.7","10","8.8","0.474","1.3","10","-6.1","-5.7","0","0","0","0","0","0","0","0","9","1995","2003","0","952","3835","3419","480","938","192","18","122","540","57","36","329","730","0.274","0.344","0.448","0.792","104","*7D9H/8","cordoma01","null","null","0"
"267","Bo Jackson","8.3","9.1","8.7","0.468","1.9","10.5","-4.5","-0.5","0","0","1","0.12","0","0","0","0","8","1986","1994","1","694","2626","2393","341","598","86","14","141","415","82","32","200","841","0.25","0.309","0.474","0.784","112","*7D89H","jacksbo01","null","null","0"
"269","Dom Dallessandro","8.3","8.7","8.5","0.464","1.8","9.8","-3.4","0.4","0","0","0","0","0","0","0","0","8","1937","1947","0","746","2270","1945","242","520","110","23","22","303","16","15","310","150","0.267","0.369","0.381","0.75","112","*7H8/9","dalledo01","null","null","0"
"270","Mitchell Page","8.1","8.7","8.4","0.462","1.9","9.4","-5.5","0","0","0","0","0","0","0","1","0.2","8","1977","1984","0","673","2398","2104","297","560","84","21","72","259","104","55","245","449","0.266","0.346","0.429","0.774","118","*D7H/9","pagemi02","null","null","0"
"271","Lou Johnson","8.1","8.6","8.4","0.46","1.9","6.9","-2.3","-0.2","0","0","0","0.02","0","0","0","0","8","1960","1969","0","677","2251","2049","244","529","97","14","48","232","50","24","110","320","0.258","0.311","0.389","0.701","103","*79H8","johnslo01","null","null","0"
"274","Troy O'Leary","7.2","9.5","8.3","0.454","1","6.9","-3.5","-8","0","0","0","0","0","0","0","0","11","1993","2003","0","1198","4418","4010","547","1100","234","40","127","591","17","22","334","661","0.274","0.332","0.448","0.78","98","*7*9H8/D","o'leatr01","null","null","0"
"275","Lew Ford","8.3","8.3","8.3","0.452","2.6","5","2.1","1.9","0","0","0","0.01","0","0","0","0","6","2003","2012","0","519","1795","1585","235","425","83","10","35","176","48","10","154","249","0.268","0.345","0.399","0.744","95","78DH9","fordle01","null","null","0"
"278","Daniel Nava","8.1","8.1","8.1","0.446","2.2","6.7","-0.8","1.3","0","0","0","0","0","0","0","0","7","2010","2017","0","589","1977","1701","224","452","103","2","29","206","10","5","196","387","0.266","0.357","0.38","0.737","102","*79H3/D8","navada01","null","null","0"
"279","Johnny Rizzo","8.1","8.1","8.1","0.444","2.3","8.4","-2.8","0.7","0","0","1","0.3","0","0","0","0","5","1938","1942","0","557","2075","1842","268","497","90","16","61","289","7","10","200","197","0.27","0.345","0.435","0.781","117","*79H8/5","rizzojo01","null","null","0"
"280","Jim Lemon","7","8.8","7.9","0.442","1.1","12.2","-9.6","-4.9","0","0","1","0.12","0","0","0","0","12","1950","1963","2","1010","3873","3445","446","901","121","35","164","529","13","18","363","787","0.262","0.332","0.46","0.792","114","*9*7H3","lemonji01","null","null","0"
"281","Al Martin","7.4","8.4","7.9","0.44","1","12.6","-9.3","-7.1","0","0","0","0","0","0","0","0","11","1992","2003","0","1232","4688","4242","664","1172","220","48","132","485","173","65","390","879","0.276","0.339","0.444","0.783","103","*78HD/93","martial03","null","null","0"
"283","Eric Tipton","7.7","7.7","7.7","0.436","2.5","6.8","-1.2","1.5","0","0","0","0","0","0","0","0","7","1939","1945","0","501","1890","1626","212","439","80","19","22","151","20","22","223","127","0.27","0.36","0.383","0.744","112","*7H/89","tiptoer01","null","null","0"
"284","Moose Solters","6.3","9","7.7","0.434","1.1","5.8","-2.6","-6.3","0","0","1","0.2","0","0","0","0","9","1934","1943","0","938","3677","3421","503","990","213","42","83","599","42","23","221","377","0.289","0.334","0.449","0.783","98","*7H89","soltemo01","null","null","0"
"285","Scott Hairston","6.5","8.8","7.6","0.432","1.1","5.3","-0.5","-1.7","0","0","0","0","0","0","0","0","11","2004","2014","0","923","2660","2431","300","589","133","17","106","313","36","11","175","577","0.242","0.296","0.442","0.738","97","*7*H894/D","hairssc01","null","null","0"
"286","Gerald Williams","6.5","8.7","7.6","0.43","0.9","2.4","2.6","-4.5","0","0","0","0","0","0","0","0","14","1992","2005","0","1168","3323","3059","474","780","183","18","85","365","106","57","180","530","0.255","0.301","0.41","0.711","82","*8*7H9/D","willige02","null","null","0"
"287","Dick Sisler","7.1","7.6","7.4","0.428","1.4","7.9","-3.8","-4.2","0","0","0","0.01","0","0","0","0","8","1946","1953","1","799","2881","2606","302","720","118","28","55","360","6","13","226","253","0.276","0.336","0.406","0.743","101","*37H/9","sisledi01","null","null","0"
"289","Sandy Amorós","7.3","7.3","7.3","0.424","2.3","7.1","-1.3","1.4","0","0","0","0","0","0","0","0","7","1952","1960","0","517","1561","1311","215","334","55","23","43","180","18","15","211","189","0.255","0.361","0.43","0.791","106","*7H8/9","amorosa01","null","null","0"
"290","Todd Hollandsworth","6.5","8.1","7.3","0.422","0.9","7","-3.5","-4.3","0","0","0","0","0","0","0","0","12","1995","2006","0","1118","3492","3191","451","871","192","22","98","401","75","43","262","701","0.273","0.328","0.439","0.767","97","*7H89/3D","hollato01","null","null","0"
"293","Chris James","5","9.1","7.1","0.416","0.9","6.9","-6.1","-6","0","0","0","0","0","0","0","0","10","1986","1995","0","946","3294","3040","343","794","145","24","90","386","27","17","193","490","0.261","0.307","0.413","0.721","99","*79DH85/3","jamesch02","null","null","0"
"295","Johnny Davis","7","7","7","0.412","4.2","6.4","-0.3","3.3","0","0","0","0","0","0","0","0.1","8","1941","1948","2","272","1114","965","157","290","51","12","29","181","11","null","126","null","0.301","0.385","0.468","0.853","135","78/193","davisjo07","null","null","0"
"296","Morrie Arnovich","7","7","7","0.41","1.9","4.9","-0.6","-1","0","0","0","0.03","0","0","0","0","7","1936","1946","1","590","2231","2013","234","577","104","12","22","261","17","22","185","139","0.287","0.35","0.383","0.733","100","*7H/89","arnovmo01","null","null","0"
"297","John Cangelosi","6","7.9","6.9","0.408","0.9","5.7","-0.9","-1.5","0","0","0","0","0","0","0","0","13","1985","1999","0","1038","2432","2004","328","501","73","15","12","134","154","61","358","322","0.25","0.37","0.319","0.69","91","*H*879/D1","cangejo01","null","null","0"
"301","Billy Hatcher","4","9.5","6.7","0.4","0.5","7.2","-5.5","-12","0","0","0","0","0","0","0","0","12","1984","1995","0","1233","4752","4339","586","1146","210","30","54","399","218","87","267","476","0.264","0.312","0.364","0.676","86","*7*8H9/4D","hatchbi01","null","null","0"
"302","Mike Young","6.4","6.8","6.6","0.398","1.6","6.1","-2.5","-0.5","0","0","0","0","0","0","0","0","8","1982","1989","0","635","2116","1840","244","454","80","6","72","235","22","17","237","465","0.247","0.338","0.414","0.752","107","79DH/8","youngmi01","null","null","0"
"306","Jason Michaels","5.6","7.2","6.4","0.39","0.9","4.4","-0.8","-2.8","0","0","0","0","0","0","0","0","11","2001","2011","0","1031","2629","2332","332","613","140","10","59","299","22","18","243","496","0.263","0.335","0.407","0.742","95","*H*789/D5","michaja01","null","null","0"
"307","Lester Lockett","5.9","6.6","6.2","0.388","3.1","4.2","1","2.1","0","0","0","0","0","0","1","0.3","11","1937","1948","4","303","1237","1132","174","324","48","17","9","184","15","0","82","null","0.286","0.337","0.383","0.72","109","75/48693","lockele01","null","null","0"
"312","Jerry Hairston","6.1","6","6.1","0.378","1.2","6.1","-2.3","-0.6","0","0","0","0","0","0","0","0","14","1973","1989","0","859","2023","1699","216","438","91","6","30","205","4","5","282","240","0.258","0.362","0.371","0.734","102","*H7D938/4","hairsje01","null","null","0"
"313","Bud Stewart","5.9","6.2","6","0.376","1.2","5.8","-2.5","-1.2","0","0","0","0","0","0","0","0","9","1941","1954","0","773","2336","2041","288","547","96","32","32","260","29","28","252","157","0.268","0.351","0.393","0.744","102","7H98/54","stewabu01","null","null","0"
"314","Terry Whitfield","5.7","6.1","5.9","0.374","1.3","4.8","-1.4","-1.2","0","0","0","0","0","0","0","0","10","1974","1986","0","730","2106","1913","233","537","93","12","33","179","18","24","138","288","0.281","0.33","0.394","0.724","103","*7H98/D","whitfte01","null","null","0"
"315","Mark Carreon","4.6","7.2","5.9","0.372","1","7.4","-5.3","-2.4","0","0","0","0","0","0","0","0","10","1987","1996","0","738","2191","2012","246","557","108","5","69","289","12","11","140","246","0.277","0.327","0.438","0.766","108","H3798/D","carrema01","null","null","0"
"316","Eli Marrero","4.9","6.9","5.9","0.37","1.1","2.3","3.2","-1.6","0","0","0","0","0","0","0","0","10","1997","2006","0","724","2126","1906","262","463","99","12","66","261","56","11","168","372","0.243","0.303","0.411","0.714","84","*2H7938/D5","marreel01","null","null","0"
"319","Glenn Braggs","5.8","5.8","5.8","0.364","1.4","4.5","-1.6","-2.6","0","0","0","0","0","0","0","0","7","1986","1992","0","692","2609","2336","308","601","102","16","70","321","58","26","211","472","0.257","0.322","0.405","0.726","98","*7*9HD/8","bragggl01","null","null","0"
"322","Mike McCormick","5","6.3","5.7","0.358","1.1","3.9","-0.9","-4.5","0","0","0","0","0","0","0","0","10","1940","1951","0","748","2589","2325","302","640","100","29","14","215","16","24","188","173","0.275","0.33","0.361","0.692","90","*8*7H9","mccormi02","null","null","0"
"323","Ryan Raburn","3.5","7.9","5.7","0.356","0.6","6.1","-5.4","-6.2","0","0","0","0","0","0","0","0","12","2004","2017","0","946","2734","2472","340","626","147","13","93","358","16","10","210","683","0.253","0.316","0.436","0.752","100","*7H94D85/31","raburry01","null","null","0"
"324","Kevin Mench","5.5","5.9","5.7","0.354","1.2","5.8","-3.1","-3.5","0","0","0","0","0","0","0","0","8","2002","2010","0","729","2597","2362","311","632","150","14","89","331","12","6","183","335","0.268","0.324","0.456","0.78","99","*79HD/8","menchke01","null","null","0"
"328","Jason Kubel","4.1","7.1","5.6","0.346","0.6","8.5","-9.8","-9.5","0","0","0","0.01","0","0","0","0","10","2004","2014","0","1036","3883","3480","442","913","187","19","140","564","12","7","355","834","0.262","0.33","0.448","0.777","108","*7*D9H","kubelja01","null","null","0"
"329","Rip Repulski","5.3","5.7","5.5","0.344","0.9","6.8","-4.2","-7.2","0","0","0","0","0","0","0","0","9","1953","1961","1","928","3379","3088","407","830","153","23","106","416","25","29","207","433","0.269","0.319","0.436","0.755","98","*78H9","repulri01","null","null","0"
"331","Gene Stephens","4.5","6.4","5.5","0.34","0.8","0.6","1","-2.3","0","0","0","0","0","0","0","0","12","1952","1964","0","964","2197","1913","283","460","78","15","37","207","27","20","233","322","0.24","0.325","0.355","0.68","83","*7*H89","stephge01","null","null","0"
"333","Al Spangler","4.3","6.6","5.4","0.336","0.8","8","-6.7","-5.6","0","0","0","0","0","0","0","0","13","1959","1971","0","912","2616","2267","307","594","87","26","21","175","37","32","295","234","0.262","0.347","0.351","0.698","100","*7H98","spangal01","null","null","0"
"334","Brandon Guyer","5.4","5.4","5.4","0.334","1.7","4.9","-1","0.4","0","0","0","0","0","0","0","0","7","2011","2018","0","517","1487","1291","184","323","72","5","32","137","22","8","91","269","0.25","0.339","0.388","0.727","101","79H8D/1","guyerbr01","null","null","0"
"335","Jonny Gomes","3.5","7.4","5.4","0.332","0.5","9.9","-12.3","-10.2","0","0","0","0","0","0","0","0","13","2003","2015","0","1203","4009","3456","495","835","157","14","162","526","50","24","417","1088","0.242","0.333","0.436","0.769","106","*7*DH9/1","gomesjo01","null","null","0"
"336","Mike Morse","3.8","6.9","5.4","0.33","0.7","9.6","-9.2","-5.2","0","0","0","0.01","0","0","0","0","13","2005","2017","0","832","2813","2569","296","705","139","8","105","355","6","6","178","668","0.274","0.331","0.457","0.788","115","739H6D/5","morsemi01","null","null","0"
"337","Mickey Hatcher","3","7.7","5.3","0.328","0.4","2.7","-3.5","-8.8","0","0","0","0","0","0","0","0","12","1979","1990","0","1130","3607","3377","348","946","172","20","38","375","11","15","164","246","0.28","0.313","0.377","0.69","89","*7H3D958/1","hatchmi01","null","null","0"
"338","Ron Kittle","4.7","5.8","5.3","0.326","0.9","7.6","-7.5","-5","0","0","0","0","0","0","0","0","10","1982","1991","1","843","3013","2708","356","648","100","3","176","460","16","16","236","744","0.239","0.306","0.473","0.779","110","*D*7H3/98","kittlro01","null","null","0"
"339","Sam Fuld","5.1","5.5","5.3","0.324","1.4","1.9","2.1","-0.3","0","0","0","0","0","0","0","0","8","2007","2015","0","598","1535","1354","177","308","60","18","12","112","67","20","153","227","0.227","0.307","0.325","0.632","77","78H9/D1","fuldsa01","null","null","0"
"340","Al Ferrara","5.1","5.4","5.3","0.322","1.4","7.6","-4.3","-0.4","0","0","0","0","0","0","0","0","8","1963","1971","0","574","1573","1382","148","358","60","7","51","198","0","1","156","286","0.259","0.344","0.423","0.768","119","7H9","ferraal01","null","null","0"
"341","Harry Anderson","5.2","5.2","5.2","0.32","1.7","5.6","-2.3","-1.6","0","0","0","0.01","0","0","0","0","5","1957","1961","0","484","1786","1586","199","419","82","16","60","242","3","6","159","291","0.264","0.334","0.45","0.784","108","*73H/9","anderha02","null","null","0"
"343","Matt Diaz","3.8","6.5","5.2","0.316","0.8","4.6","-3.1","-2.5","0","0","0","0","0","0","0","0","11","2003","2013","0","736","2052","1881","212","546","98","14","45","226","33","16","106","378","0.29","0.338","0.429","0.767","103","*7H9/D38","diazma02","null","null","0"
"344","Dick Williams HOF","3.4","6.8","5.1","0.314","0.5","3.3","-2.4","-6.7","0","0","0","0","0","0","0","0","13","1951","1964","0","1023","3265","2959","358","768","157","12","70","331","12","21","227","392","0.26","0.312","0.392","0.704","92","7H5389/4","willidi02","Dick Williams","willidi02","1"
"345","Butch Nieman","5","5","5","0.312","2.5","4.8","-1.1","1.2","0","0","0","0","0","0","0","0","3","1943","1945","0","332","1183","1050","147","269","46","14","37","167","20","15","129","119","0.256","0.339","0.432","0.771","116","79H/8","niemabu01","null","null","0"
"348","Willie Harris","3.3","6.6","5","0.306","0.5","3","-0.1","-5.7","0","0","0","0","0","0","0","0","12","2001","2012","0","1046","2816","2441","365","580","100","24","39","212","107","40","306","500","0.238","0.327","0.346","0.673","79","*H*78495/D6","harriwi02","null","null","0"
"349","Shane Spencer","5","5","5","0.304","1.5","3.4","-0.7","-1.5","0","0","0","0","0","0","0","0","7","1998","2004","0","538","1867","1671","208","438","84","8","59","242","13","11","152","357","0.262","0.326","0.428","0.754","95","79HD/38","spencsh01","null","null","0"
"350","Ernie Koy","4.9","4.9","4.9","0.302","1.4","5.6","-2.7","-2.2","0","0","0","0","0","0","0","0","5","1938","1942","0","558","2018","1846","238","515","108","29","36","260","40","27","137","284","0.279","0.332","0.427","0.759","107","*78H9/5","koyer01","null","null","0"
"351","Gene Clines","4.6","5.2","4.9","0.3","0.8","3.7","-1.5","-3.8","0","0","0","0.02","0","0","0","0","10","1970","1979","0","870","2556","2328","314","645","85","24","5","187","71","40","169","291","0.277","0.329","0.341","0.67","88","*H*789/D","clinege01","null","null","0"
"352","Guy Curtright","4.8","4.8","4.8","0.298","2.4","4.9","-1.4","1","0","0","0","0","0","0","0","0","4","1943","1946","0","331","1228","1065","147","294","45","16","9","108","20","20","142","124","0.276","0.363","0.374","0.737","115","7H89","curtrgu01","null","null","0"
"353","Travis Snider","4.4","5.1","4.8","0.296","1.1","2.8","-0.5","-2.5","0","0","0","0","0","0","0","0","8","2008","2015","0","630","1971","1783","214","435","100","7","54","212","22","11","167","492","0.244","0.311","0.399","0.709","93","79H/D81","snidetr01","null","null","0"
"354","Jim Greengrass","4.7","4.7","4.7","0.294","1.5","5.1","-2.2","-2.7","0","0","0","0","0","0","0","0","5","1952","1956","0","504","1977","1793","243","482","82","16","69","282","6","9","165","271","0.269","0.33","0.448","0.778","103","*79H/85","greenji02","null","null","0"
"355","Jerry Turner","4.2","5.2","4.7","0.292","0.9","5.3","-3.4","-2","0","0","0","0","0","0","0","0","10","1974","1983","0","733","1931","1742","222","448","73","9","45","238","45","24","159","245","0.257","0.319","0.387","0.706","101","*H*79D/8","turneje01","null","null","0"
"356","Craig Monroe","3.7","5.7","4.7","0.29","0.7","4.2","-3.4","-6.7","0","0","0","0","0","0","0","0","9","2001","2009","0","814","2924","2691","368","678","146","9","115","433","19","18","188","588","0.252","0.301","0.441","0.742","94","*79D8H","monrocr01","null","null","0"
"359","Henry Cotto","4.1","4.9","4.5","0.284","0.7","4.6","-2","-3.7","0","0","0","0","0","0","0","0","10","1984","1993","0","884","2334","2178","296","569","87","9","44","210","130","26","107","352","0.261","0.299","0.37","0.669","84","*8*7H9/D","cottohe01","null","null","0"
"360","Mike Felder","3.1","5.6","4.3","0.282","0.6","1.4","-0.6","-5.1","0","0","0","0","0","0","0","0","10","1985","1994","0","899","2497","2262","318","564","59","32","14","173","161","46","168","217","0.249","0.301","0.322","0.623","73","*7H89D/45","feldemi01","null","null","0"
"361","Laynce Nix","3.8","4.8","4.3","0.28","0.8","0.6","2.2","-3","0","0","0","0","0","0","0","0","11","2003","2013","0","758","2063","1915","235","460","110","11","69","249","9","5","122","534","0.24","0.286","0.417","0.703","82","H879/3D","nixla01","null","null","0"
"362","Chris Heisey","4","4.6","4.3","0.278","0.9","1.6","0.4","-1.5","0","0","0","0","0","0","0","0","8","2010","2017","0","697","1758","1594","218","380","69","12","62","178","25","10","110","414","0.238","0.296","0.413","0.71","90","*7H89/D","heisech01","null","null","0"
"364","Ryan Langerhans","3.1","5.3","4.2","0.274","0.8","0.6","0.9","-1.5","0","0","0","0","0","0","0","0","11","2002","2013","0","597","1474","1250","177","283","58","12","33","125","11","8","192","388","0.226","0.333","0.371","0.704","86","*7H89/3D","langery01","null","null","0"
"365","Don Lenhardt","4.2","4.2","4.2","0.272","1.4","5.5","-3.3","-1.1","0","0","0","0","0","0","0","0","5","1950","1954","0","481","1720","1481","192","401","64","9","61","239","6","7","214","235","0.271","0.365","0.45","0.815","114","7H3/598","lenhado01","null","null","0"
"366","Jerry Lynch","2.7","5.7","4.2","0.27","0.4","10.5","-10.8","-9.3","0","0","0","0","0","0","0","0","13","1954","1966","0","1184","3145","2879","364","798","123","34","115","470","12","17","224","416","0.277","0.329","0.463","0.792","111","*H*79/2","lynchje01","null","null","0"
"367","Delmon Young","3.2","5.2","4.2","0.268","0.5","7.9","-9.5","-12.3","0","0","1","0.11","0","0","0","0","10","2006","2015","0","1118","4371","4108","473","1162","218","11","109","566","36","21","179","784","0.283","0.316","0.421","0.737","98","*79DH8","youngde03","null","null","0"
"369","Rob Ducey","3.2","5.1","4.1","0.264","0.7","1.4","0.3","-1.7","0","0","0","0","0","0","0","0","13","1987","2001","0","703","1478","1279","190","309","78","13","31","146","22","17","166","346","0.242","0.331","0.396","0.726","91","H798/D","duceyro01","null","null","0"
"372","Kyle Blanks","4.1","4.1","4.1","0.258","2.4","2.7","-0.1","1.2","0","0","0","0","0","0","0","0","7","2009","2015","0","278","933","827","110","199","42","2","33","111","6","2","83","275","0.241","0.322","0.416","0.738","107","739H/D","blankky01","null","null","0"
"373","Pat Seerey","4.1","4.1","4.1","0.256","1.2","4.9","-3.2","-2.3","0","0","0","0","0","0","0","0","7","1943","1949","0","561","2095","1815","236","406","73","5","86","261","3","8","259","485","0.224","0.321","0.412","0.733","109","798H","seerepa01","null","null","0"
"374","Fred Lewis","4.1","4.1","4.1","0.254","1.2","4.4","-1.9","-1.5","0","0","0","0","0","0","0","0","7","2006","2012","0","535","1763","1562","261","415","91","21","27","136","53","23","170","390","0.266","0.344","0.403","0.747","97","*7H9/8D","lewisfr02","null","null","0"
"376","David Dellucci","2.5","5.3","3.9","0.25","0.4","5.6","-7","-8.3","0","0","0","0","0","0","0","0","13","1997","2009","0","1099","3266","2873","431","736","141","35","101","398","41","25","322","714","0.256","0.338","0.435","0.773","98","*7*H9D8","delluda01","null","null","0"
"379","Henry Rodríguez","2.4","5.3","3.9","0.244","0.4","5.9","-7.2","-7.8","0","0","0","0.02","0","0","0","0","11","1992","2002","1","950","3343","3031","389","784","176","9","160","523","10","14","276","803","0.259","0.321","0.481","0.802","108","*7H39/D","rodrihe02","null","null","0"
"380","Orlando Palmeiro","2.6","5.2","3.9","0.242","0.3","2.5","-2.8","-6.4","0","0","0","0","0","0","0","0","13","1995","2007","0","1206","2706","2335","306","640","113","14","12","226","37","28","265","230","0.274","0.351","0.35","0.701","83","*H*798D","palmeor01","null","null","0"
"381","Buddy Armour","3.9","3.8","3.9","0.24","3.5","2.8","1.1","1.6","0","0","0","0","0","0","1","0.2","10","1933","1947","4","182","734","667","104","190","33","9","3","94","28","0","57","null","0.285","0.344","0.375","0.719","107","687/951","armoubu01","null","null","0"
"383","Gil Coan","2","5.6","3.8","0.236","0.4","1.7","-3.1","-7.5","0","0","0","0.02","0","0","0","0","11","1946","1956","0","918","3167","2877","384","731","98","44","39","278","83","38","232","384","0.254","0.316","0.359","0.675","84","*7H8/9","coangi01","null","null","0"
"384","Jim Wohlford","2","5.5","3.8","0.234","0.3","0.8","-2.8","-9.6","0","0","0","0","0","0","0","0","15","1972","1986","0","1220","3371","3049","349","793","125","33","21","305","89","68","241","376","0.26","0.313","0.343","0.656","84","*7*H9D8/45","wohlfji01","null","null","0"
"385","Thad Bosley","2.3","5.2","3.8","0.232","0.5","1.6","-0.8","-3.6","0","0","0","0","0","0","0","0","14","1977","1990","0","784","1755","1581","183","430","50","12","20","158","47","24","143","275","0.272","0.33","0.357","0.686","89","*H789D","bosleth01","null","null","0"
"386","Curt Motton","3.7","3.7","3.7","0.23","1.9","2.7","0.2","1.3","0","0","0","0","0","0","0","0","8","1967","1974","0","316","671","567","85","121","20","1","25","89","5","7","86","116","0.213","0.319","0.384","0.704","105","H7/9D","mottocu01","null","null","0"
"387","Miguel Diloné","2.5","4.9","3.7","0.228","0.5","4","-3.5","-4.7","0","0","0","0.01","0","0","0","0","12","1974","1985","0","800","2182","2000","314","530","67","25","6","129","267","78","142","197","0.265","0.315","0.333","0.648","82","*7H89D/5","dilonmi01","null","null","0"
"388","Scott Van Slyke","3.7","3.7","3.7","0.226","1.7","1.6","0.6","1","0","0","0","0","0","0","0","0","6","2012","2017","0","355","869","760","84","184","44","1","29","95","11","6","85","223","0.242","0.326","0.417","0.744","107","7H93/8D","vanslsc01","null","null","0"
"389","Andy Dirks","3.7","3.7","3.7","0.224","2","2.7","-0.1","-0.1","0","0","0","0","0","0","0","0","3","2011","2013","0","297","1063","971","150","268","47","7","24","100","13","4","76","173","0.276","0.332","0.413","0.745","101","79H/8D","dirksan01","null","null","0"
"393","Dusty Rhodes","3.5","3.5","3.5","0.216","1","4.9","-2.7","-1.5","0","0","0","0","0","0","0","0","7","1952","1959","0","576","1316","1172","146","296","44","10","54","207","3","2","131","196","0.253","0.328","0.445","0.773","104","*H79/8","rhodedu01","null","null","0"
"394","Skip Schumaker","1.6","5.4","3.5","0.214","0.2","7.6","-6.6","-9.3","0","0","0","0","0","0","0","0","11","2005","2015","0","1149","3582","3252","416","905","169","13","28","284","26","17","280","476","0.278","0.337","0.364","0.701","91","*4H798/D1","schumsk01","null","null","0"
"395","Ricky Ledée","2.8","4.2","3.5","0.212","0.5","3.2","-2","-4.8","0","0","0","0","0","0","0","0","10","1998","2007","0","855","2307","2030","290","494","120","17","63","318","29","15","244","495","0.243","0.325","0.412","0.737","91","*H*798/D","ledeeri01","null","null","0"
"397","Jesse Hill","3.4","3.4","3.4","0.208","1.9","3.5","-0.8","-0.5","0","0","0","0","0","0","0","0","3","1935","1937","0","295","1092","959","175","277","53","12","6","108","43","8","115","91","0.289","0.366","0.388","0.753","95","78H/9","hillje01","null","null","0"
"398","Thomas Howard","2.4","4.5","3.4","0.206","0.4","1.7","-1.3","-6.1","0","0","0","0","0","0","0","0","11","1990","2000","0","1015","2696","2483","297","655","123","22","44","264","66","41","165","432","0.264","0.311","0.384","0.695","85","*H*789/D3","howarth01","null","null","0"
"400","Derrick May","2.6","4.2","3.4","0.202","0.5","1.7","-1.7","-4.8","0","0","0","0","0","0","0","0","10","1990","1999","0","797","2387","2200","244","596","103","10","52","310","30","12","156","254","0.271","0.319","0.398","0.717","92","*7H9/D3","mayde01","null","null","0"
"401","Nolan Reimold","2.9","3.9","3.4","0.2","1","3.4","-2.6","-2.6","0","0","0","0","0","0","0","0","8","2009","2016","0","480","1556","1378","179","339","61","7","56","174","18","7","150","356","0.246","0.323","0.422","0.745","99","*7DH9/8","reimono01","null","null","0"
"403","Chris Dickerson","3.3","3.3","3.3","0.196","1.5","1.6","0.7","0.7","0","0","0","0","0","0","0","0","7","2008","2014","0","355","820","721","105","185","35","7","17","66","35","7","83","231","0.257","0.335","0.395","0.73","95","7H98D","dickech01","null","null","0"
"405","Matt Murton","3.3","3.3","3.3","0.192","1.5","2.5","-0.3","0.1","0","0","0","0","0","0","0","0","5","2005","2009","0","346","1058","952","134","272","46","5","29","112","10","3","93","149","0.286","0.352","0.436","0.788","100","7H9/8","murtoma01","null","null","0"
"406","Mark Quinn","3.2","3.2","3.2","0.19","1.8","3","-1.1","-0.9","0","0","0","0","0","0","0","0","4","1999","2002","0","293","1166","1089","153","307","72","5","45","167","17","8","56","186","0.282","0.324","0.481","0.805","101","7D9/H8","quinnma01","null","null","0"
"410","Dwight Smith","2.6","3.8","3.2","0.182","0.5","4.9","-4.1","-3.6","0","0","0","0","0","0","0","0","8","1989","1996","0","813","1988","1807","244","497","88","20","46","226","42","37","150","334","0.275","0.333","0.422","0.755","103","*H798/D","smithdw01","null","null","0"
"411","Jerald Clark","3.1","3.1","3.1","0.18","1","-0.3","0.9","-2.3","0","0","0","0","0","0","0","0","7","1988","1995","0","516","1728","1609","170","414","79","16","44","208","17","8","83","295","0.257","0.301","0.408","0.709","90","*73H9/8D","clarkje01","null","null","0"
"413","Tom Poquette","3","3","3","0.176","1.1","1.6","0.1","-1.6","0","0","0","0","0","0","0","0","7","1973","1982","0","452","1350","1226","127","329","62","18","10","136","13","13","81","82","0.268","0.317","0.373","0.69","92","7H98/D","poqueto01","null","null","0"
"414","Frenchy Bordagaray","2.2","3.9","3","0.174","0.4","6.2","-5.5","-7.4","0","0","0","0","0","0","0","0","11","1934","1945","0","930","2872","2632","410","745","120","28","14","270","66","37","173","186","0.283","0.331","0.366","0.697","91","*H5987/4","bordafr01","null","null","0"
"415","Justin Ruggiano","2.5","3.6","3","0.172","0.8","4.2","-2.4","-2.4","0","0","0","0","0","0","0","0","9","2007","2017","0","483","1479","1340","164","343","72","4","53","163","40","25","114","394","0.256","0.318","0.434","0.753","104","87H9/D","ruggiju01","null","null","0"
"416","Collin Cowgill","3","3","3","0.17","1.5","0.9","1.3","0.4","0","0","0","0","0","0","0","0","6","2011","2016","0","317","759","689","83","161","22","4","12","57","14","7","58","197","0.234","0.297","0.329","0.627","78","79H8/D","cowgico01","null","null","0"
"420","Chet Ross","2.9","2.9","2.9","0.162","1.1","2.3","-1.1","-2.1","0","0","0","0","0","0","0","0","6","1939","1944","0","413","1443","1309","156","316","53","21","34","170","6","6","124","281","0.241","0.309","0.392","0.701","100","*7H/98","rossch01","null","null","0"
"422","Phil Plantier","2.3","3.4","2.9","0.158","0.6","4.3","-4.3","-4.6","0","0","0","0","0","0","0","0","8","1990","1997","0","610","2166","1883","260","457","90","3","91","292","13","15","237","476","0.243","0.332","0.439","0.77","104","*79HD/8","plantph01","null","null","0"
"424","Clyde Vollmer","2","3.8","2.9","0.154","0.5","2.7","-2.7","-5.1","0","0","0","0","0","0","0","0","10","1942","1954","0","685","2288","2021","283","508","77","10","69","339","7","7","243","328","0.251","0.335","0.402","0.737","96","78H9","vollmcl01","null","null","0"
"425","George Shuba","2.9","2.9","2.9","0.152","1.3","3","-1","-0.8","0","0","0","0.01","0","0","0","0","7","1948","1955","0","355","949","814","106","211","45","4","24","125","5","6","120","122","0.259","0.358","0.413","0.771","104","7H/98","shubage01","null","null","0"
"430","Chris Duncan","2.8","2.8","2.8","0.142","1.2","3.8","-2.5","-1.1","0","0","0","0","0","0","0","0","5","2005","2009","0","389","1317","1147","164","295","55","5","55","175","4","3","160","316","0.257","0.348","0.458","0.805","109","7H3/9D","duncach01","null","null","0"
"432","Jason Tyner","2.4","3.2","2.8","0.138","0.9","0","1.2","-2.8","0","0","0","0","0","0","0","0","8","2000","2008","0","440","1467","1358","168","373","41","11","1","94","61","15","68","137","0.275","0.314","0.323","0.637","71","78HD9","tynerja01","null","null","0"
"434","Marcus Thames","1.9","3.6","2.7","0.134","0.5","4.1","-5.3","-5.3","0","0","0","0","0","0","0","0","10","2002","2011","0","640","2016","1827","256","450","83","4","115","301","3","9","159","510","0.246","0.309","0.485","0.794","105","7DH93/5","thamema01","null","null","0"
"435","Dan Wilson","2.4","3","2.7","0.132","1.4","2.4","-0.5","-0.8","0","0","0","0","0","0","0","0.1","10","1936","1947","5","268","1095","977","177","270","42","17","2","113","38","null","95","null","0.276","0.346","0.36","0.706","95","745/986","wilsoda02","null","null","0"
"436","Tom Grieve","1.8","3.5","2.7","0.13","0.4","3.1","-4.8","-5.5","0","0","0","0","0","0","0","0","9","1970","1979","0","670","2093","1907","209","474","76","10","65","254","7","7","135","424","0.249","0.301","0.401","0.702","100","7D9H/83","grievto01","null","null","0"
"438","Barry Bonnell","1.7","3.6","2.7","0.126","0.3","3.1","-4","-9.1","0","0","0","0","0","0","0","0","10","1977","1986","0","976","3354","3068","363","833","143","24","56","355","64","39","229","387","0.272","0.323","0.389","0.712","91","*7*89H5/D3","bonneba01","null","null","0"
"440","Larry Stahl","2.3","2.8","2.6","0.122","0.5","1","-1","-4.1","0","0","0","0","0","0","0","0","10","1964","1973","0","730","1889","1721","167","400","58","19","36","163","22","16","142","357","0.232","0.292","0.351","0.643","86","*H7983","stahlla01","null","null","0"
"444","Larry Bigbie","2.5","2.5","2.5","0.114","1","3.7","-2","-2.3","0","0","0","0","0","0","0","0","6","2001","2006","0","392","1367","1227","164","328","56","4","31","137","25","8","119","302","0.267","0.331","0.395","0.726","91","78H9/D","bigbila01","null","null","0"
"446","Ben Francisco","2.5","2.5","2.5","0.11","0.7","3.7","-3.1","-3.5","0","0","0","0","0","0","0","0","7","2007","2013","0","563","1771","1579","199","400","104","3","50","190","30","17","146","325","0.253","0.323","0.418","0.741","98","79HD8","francbe01","null","null","0"
"447","Gino Cimoli","1.3","3.7","2.5","0.108","0.2","0.8","-2.8","-10.6","0","0","0","0","0","0","0","0","10","1956","1965","1","969","3358","3054","370","808","133","48","44","321","21","6","221","474","0.265","0.315","0.383","0.698","85","*9*87H","cimolgi01","null","null","0"
"448","Len Gabrielson","1.7","3.2","2.5","0.106","0.4","2.9","-3.9","-5.5","0","0","0","0","0","0","0","0","9","1960","1970","0","708","1940","1764","178","446","64","12","37","176","20","12","145","315","0.253","0.309","0.366","0.675","94","7H93/85","gabrile02","null","null","0"
"450","Leron Lee","2.1","2.8","2.4","0.102","0.5","2.5","-2.5","-3.8","0","0","0","0","0","0","0","0","8","1969","1976","0","614","1769","1617","173","404","83","13","31","152","19","14","133","315","0.25","0.307","0.375","0.682","95","*7H9/D","leele02","null","null","0"
"453","Danny Gardella","2.4","2.4","2.4","0.096","2.3","2.6","-0.7","0.5","0","0","0","0","0","0","0","0","3","1944","1950","0","169","610","543","74","145","12","3","24","85","2","2","57","68","0.267","0.343","0.433","0.776","115","7H/938","gardeda01","null","null","0"
"454","Ted Savage","1.6","3.2","2.4","0.094","0.4","3.2","-3.5","-4.3","0","0","0","0","0","0","0","0","9","1962","1971","0","642","1614","1375","202","321","51","11","34","163","49","24","200","272","0.233","0.334","0.361","0.694","95","H798/345","savagte01","null","null","0"
"455","Larry Sheets","1.9","2.9","2.4","0.092","0.4","4.5","-6.9","-6.3","0","0","0","0","0","0","0","0","8","1984","1993","0","748","2502","2284","273","607","98","5","94","339","6","12","175","351","0.266","0.321","0.437","0.757","109","*D79H/325","sheetla01","null","null","0"
"456","Tracy Jones","2.4","2.4","2.4","0.09","0.8","3.2","-2.8","-2.5","0","0","0","0","0","0","0","0","6","1986","1991","0","493","1434","1303","173","356","56","6","27","164","62","19","100","140","0.273","0.329","0.388","0.716","97","7H9D8/3","jonestr01","null","null","0"
"457","Chris Coghlan","1","3.7","2.4","0.088","0.2","6.4","-7.5","-8","0","0","0","0","0","0","0","0","9","2009","2017","0","801","2905","2580","353","666","149","26","53","234","47","23","275","535","0.258","0.334","0.398","0.731","98","*7H8954/3D","coghlch01","null","null","0"
"459","So Taguchi","2.2","2.4","2.3","0.084","0.5","1.9","-1.1","-2.4","0","0","0","0","0","0","0","0","8","2002","2009","0","672","1524","1369","197","382","74","7","19","163","39","12","102","195","0.279","0.332","0.385","0.717","86","78H9/4D","tagucso01","null","null","0"
"460","Eddie Lukon","2.3","2.3","2.3","0.082","1.7","1.6","-0.1","-0.4","0","0","0","0","0","0","0","0","4","1941","1947","0","213","673","606","64","143","17","9","23","70","4","2","60","72","0.236","0.307","0.408","0.714","98","79H/8","lukoned01","null","null","0"
"463","Johnny Dickshot","2.2","2.2","2.2","0.076","1.1","3.2","-2.4","-1.4","0","0","0","0","0","0","0","0","6","1936","1945","0","322","1110","990","142","273","35","19","7","116","23","9","101","97","0.276","0.345","0.371","0.715","104","7H/9","dicksjo01","null","null","0"
"464","Butch Davis","2.2","2.2","2.2","0.074","5.3","2.2","-0.2","1.3","0","0","0","0","0","0","1","0.2","1","1947","1947","0","67","288","267","50","91","12","12","3","52","25","null","14","null","0.341","0.382","0.509","0.892","141","7/98","davisbu03","null","null","0"
"465","Max Venable","0.8","3.6","2.2","0.072","0.2","1.3","-1.9","-4.5","0","0","0","0","0","0","0","0","12","1979","1991","0","727","1561","1397","176","337","57","17","18","128","64","18","120","218","0.241","0.302","0.345","0.647","81","*H789/D","venabma01","null","null","0"
"466","Eric Young Jr.","1.4","2.9","2.1","0.07","0.4","1.8","-1.5","-4.6","0","0","0","0","0","0","0","0","10","2009","2018","0","651","1926","1725","275","422","67","22","13","112","162","39","147","350","0.245","0.312","0.332","0.643","74","7H849/D","younger03","null","null","0"
"467","Erv Dusak","1.7","2.6","2.1","0.068","0.7","1.8","-0.8","-3.4","0","0","0","0","0","0","0","0","9","1941","1952","0","413","1192","1035","168","251","32","6","24","106","12","12","142","188","0.243","0.334","0.355","0.688","84","78H945/16","dusaker01","null","null","0"
"468","Al Woods","2.1","2.1","2.1","0.066","0.6","2.9","-3.1","-5.2","0","0","0","0","0","0","0","0","7","1977","1986","0","618","2203","1986","233","538","98","14","35","196","23","24","167","180","0.271","0.326","0.387","0.713","94","*7HD/9","woodsal01","null","null","0"
"472","Rufino Linares","2","2","2","0.058","1.6","0.9","0.4","0.1","0","0","0","0","0","0","0","0","4","1981","1985","0","207","577","545","66","147","21","3","11","63","15","6","24","74","0.27","0.299","0.38","0.679","88","7H/D9","linarru01","null","null","0"
"473","Bobby Brown","2","2","2","0.056","0.7","1.1","-0.1","-2.5","0","0","0","0","0","0","0","0","7","1979","1985","0","502","1393","1277","183","313","38","12","26","130","110","34","94","238","0.245","0.295","0.355","0.649","80","78H9/D","brownbo04","null","null","0"
"474","Mike Huff","2","2","2","0.054","0.9","1","0.4","-1.3","0","0","0","0","0","0","0","0","7","1989","1996","0","369","948","801","113","198","42","7","9","75","19","9","109","146","0.247","0.344","0.351","0.695","88","798H/45D","huffmi01","null","null","0"
"475","Maurice Van Robays","1.9","1.9","1.9","0.052","0.6","3","-3.5","-5.2","0","0","0","0.02","0","0","0","0","6","1939","1946","0","529","2010","1844","232","493","94","27","20","303","2","14","139","155","0.267","0.321","0.38","0.702","97","*79H/358","vanroma01","null","null","0"
"477","Curtis Pride","1.1","2.7","1.9","0.048","0.4","1","-1.1","-1.9","0","0","0","0","0","0","0","0","11","1993","2006","0","421","898","796","132","199","39","12","20","82","29","14","85","211","0.25","0.327","0.405","0.731","88","H7D9/8","pridecu01","null","null","0"
"478","Marv Rackley","1.9","1.9","1.9","0.046","1.7","2.2","-0.7","-0.2","0","0","0","0","0","0","0","0","4","1947","1950","0","185","519","477","87","151","20","6","1","35","10","10","36","36","0.317","0.365","0.39","0.754","100","7H8/9","racklma01","null","null","0"
"479","Roy Foster","1.9","1.9","1.9","0.044","0.9","3.9","-3.5","-2.2","0","0","0","0","0","0","0","0","3","1970","1972","0","337","1153","1016","136","257","51","1","45","118","9","6","110","146","0.253","0.336","0.438","0.774","112","79H","fostero01","null","null","0"
"480","José Tábata","1.9","1.9","1.9","0.042","0.6","2.1","-2.3","-3.6","0","0","0","0","0","0","0","0","6","2010","2015","0","509","1765","1592","208","438","81","15","17","126","47","30","129","254","0.275","0.336","0.377","0.713","99","79H/8D","tabatjo01","null","null","0"
"481","Andrew Toles","1.9","1.9","1.9","0.04","3.2","1.2","0.5","1.1","0","0","0","0","0","0","0","0","3","2016","2018","0","96","249","231","41","66","14","1","8","35","2","2","15","49","0.286","0.333","0.459","0.792","111","H7/89","tolesan01","null","null","0"
"488","Luis Olmo","1.7","1.7","1.7","0.026","0.6","4.7","-3.6","-4.1","0","0","0","0.04","0","0","0","0","6","1943","1951","0","462","1733","1629","208","458","65","25","29","272","33","18","88","128","0.281","0.319","0.405","0.724","102","875H49","olmolu01","null","null","0"
"492","Bob Speake","1.7","1.7","1.7","0.018","0.9","1.6","-0.5","-1.6","0","0","0","0","0","0","0","0","4","1955","1959","0","305","854","761","110","170","26","10","31","104","8","11","80","158","0.223","0.301","0.406","0.707","88","H738/9","speakbo01","null","null","0"
"493","Jack Voigt","1.7","1.7","1.7","0.016","0.9","0.8","-0.2","-0.7","0","0","0","0","0","0","0","0","7","1992","1998","0","294","676","588","84","138","32","3","20","83","7","3","78","129","0.235","0.324","0.401","0.726","88","79H3/D85","voigtja01","null","null","0"
"495","Chuck Essegian","1.6","1.6","1.6","0.012","0.7","3.3","-2.8","-2.1","0","0","0","0","0","0","0","0","6","1958","1963","0","404","1140","1018","139","260","45","4","47","150","0","0","97","233","0.255","0.323","0.446","0.769","106","7H/98","essegch01","null","null","0"
"496","Willie Smith","0.8","2.5","1.6","0.01","0.2","2","-3.6","-4.4","0","0","0","0","0","0","0","0","9","1963","1971","0","691","1795","1654","171","410","63","21","46","211","20","16","107","284","0.248","0.295","0.395","0.689","94","7H39/18","smithwi02","null","null","0"
"497","Benny Ayala","1","2.2","1.6","0.008","0.4","0.8","-1.6","-2","0","0","0","0","0","0","0","0","10","1974","1985","0","425","951","865","114","217","42","1","38","145","2","4","71","136","0.251","0.305","0.434","0.739","104","HD7/93","ayalabe01","null","null","0"
"498","Lou Skizas","1.6","1.6","1.6","0.006","1.1","1.3","-0.5","-0.8","0","0","0","0","0","0","0","0","4","1956","1959","0","239","788","725","80","196","27","4","30","86","8","3","50","37","0.27","0.317","0.443","0.759","103","97H5","skizalo01","null","null","0"
"499","Bruce Aven","1.6","1.6","1.6","0.004","1","1.4","-0.5","-0.5","0","0","0","0","0","0","0","0","5","1997","2002","0","259","683","609","85","166","33","2","20","103","6","4","57","135","0.273","0.343","0.432","0.774","100","7H9/8D","avenbr01","null","null","0"
"1","Willie Mays HOF","156.2","73.6","114.9","1","8.4","136.5","18.2","110","2","9","12","5.94","9","13","15","10.2","23","1948","1973","24","3005","12545","10924","2068","3293","525","141","660","1909","339","103","1468","1526","0.301","0.384","0.557","0.94","155","*8H3/7965","mayswi01","Willie Mays","mayswi01","1"
"4","Mickey Mantle HOF","110.3","64.7","87.5","0.994","7.4","116.3","-9.6","79.4","3","9","9","5.79","5","11","11","7","18","1951","1968","20","2401","9910","8102","1676","2415","344","72","536","1509","153","38","1733","1710","0.298","0.421","0.557","0.977","172","*8397H/645","mantlmi01","Mickey Mantle","mantlmi01","1"
"6","Ken Griffey Jr. HOF","83.8","54","68.9","0.99","5.1","84.6","2.2","46.8","1","5","7","3.2","1","5","6","3.4","22","1989","2010","13","2671","11304","9801","1662","2781","524","38","630","1836","184","69","1312","1779","0.284","0.37","0.538","0.907","136","*89DH/73","griffke02","Ken Griffey Jr.","griffke02","1"
"7","Joe DiMaggio HOF","79.1","52.1","65.6","0.988","7.4","74.4","3.2","55.2","3","6","10","5.45","0","6","8","4","13","1936","1951","13","1736","7672","6821","1390","2214","389","131","361","1537","30","9","790","369","0.325","0.398","0.579","0.977","155","*87/9H3","dimagjo01","Joe DiMaggio","dimagjo01","1"
"8","Duke Snider HOF","66","49.6","57.8","0.986","5","70.2","-5.9","34.9","0","3","6","1.97","1","4","5","3","18","1947","1964","8","2143","8237","7161","1259","2116","358","85","407","1333","99","73","971","1237","0.295","0.38","0.54","0.919","140","*89H7","snidedu01","Duke Snider","snidedu01","1"
"9","Carlos Beltrán HOF","70","44.4","57.2","0.984","4.4","66.6","1.9","34.3","0","1","2","0.76","0","1","3","1.3","20","1998","2017","9","2586","11031","9768","1582","2725","565","78","435","1587","312","49","1084","1795","0.279","0.35","0.486","0.837","119","*8*9*DH/73","beltrca01","Carlos Beltrán","beltrca01","1"
"10","Kenny Lofton","68.4","43.4","55.9","0.982","5.3","58","15.5","38.4","0","1","1","0.58","1","2","3","1.6","17","1991","2007","6","2103","9235","8120","1528","2428","383","116","130","781","622","160","945","1016","0.299","0.372","0.423","0.794","107","*8H7/D9","loftoke01","null","null","0"
"11","Andruw Jones HOF","62.7","46.4","54.6","0.98","4.6","39.8","24.4","35.9","0","1","2","1.1","0","3","5","1.9","17","1996","2012","5","2196","8664","7599","1204","1933","383","36","434","1289","152","59","891","1748","0.254","0.337","0.486","0.823","111","*89H7D/3","jonesan01","Andruw Jones","jonesan01","1"
"12","Richie Ashburn HOF","64.3","44.5","54.4","0.978","4.8","58.3","5.4","29.1","0","0","2","0.62","0","2","6","1.5","15","1948","1962","6","2189","9737","8365","1322","2574","317","109","29","586","234","117","1198","571","0.308","0.396","0.382","0.778","111","*8H79/4","ashburi01","Richie Ashburn","ashburi01","1"
"13","Andre Dawson HOF","64.8","42.7","53.8","0.976","4","55.5","1.6","29.2","1","3","4","2.36","0","3","4","2.2","21","1976","1996","8","2627","10769","9927","1373","2774","503","98","438","1591","314","109","589","1509","0.279","0.323","0.482","0.806","119","*9*8DH7","dawsoan01","Andre Dawson","dawsoan01","1"
"15","Jim Edmonds","60.4","42.6","51.5","0.972","4.9","57.2","6.4","35","0","2","2","0.9","0","0","3","0.6","17","1993","2010","4","2011","7980","6858","1251","1949","437","25","393","1199","67","50","998","1729","0.284","0.376","0.527","0.903","132","*8H739/D","edmonji01","null","null","0"
"16","Willie Davis","60.8","38.9","49.8","0.97","4.1","47.9","11.1","26.4","0","0","0","0.1","0","1","1","0.6","18","1960","1979","2","2429","9822","9174","1217","2561","395","138","182","1053","398","131","418","977","0.279","0.311","0.412","0.723","106","*8H9/7D","daviswi02","null","null","0"
"17","Jim Wynn","55.9","43.3","49.6","0.968","4.7","57.8","-6.4","28.8","0","1","1","0.53","0","0","3","0.6","15","1963","1977","3","1920","8011","6653","1105","1665","285","39","291","964","225","101","1224","1427","0.25","0.366","0.436","0.802","129","*8*97HD/65","wynnji01","null","null","0"
"18","Larry Doby HOF","56.7","39.4","48","0.966","5.5","54.8","0.8","36.1","0","1","2","0.95","0","4","6","2.6","17","1942","1959","9","1674","6920","5883","1080","1697","276","72","273","1099","64","36","945","1011","0.288","0.389","0.499","0.888","140","*849H/7635","dobyla01","Larry Doby","dobyla01","1"
"19","César Cedeño","53.1","41.4","47.3","0.964","4.3","53.5","-4.2","26.5","0","0","1","0.51","0","1","3","1","17","1970","1986","4","2006","8133","7310","1084","2087","436","60","199","976","550","179","664","938","0.285","0.347","0.443","0.79","123","*8397H","cedence01","null","null","0"
"20","Vada Pinson","54.2","39.9","47","0.962","3.6","54.9","-5.6","16.5","0","1","2","0.64","0","1","2","0.7","18","1958","1975","4","2469","10405","9645","1365","2757","485","127","256","1169","305","122","574","1196","0.286","0.327","0.442","0.769","111","*8*97H/3D","pinsova01","null","null","0"
"21","Chet Lemon","55.7","37.2","46.5","0.96","4.5","46.6","9","29.8","0","0","0","0","0","0","3","0.6","16","1975","1990","3","1988","7874","6868","973","1875","396","61","215","884","58","76","749","1024","0.273","0.355","0.442","0.797","121","*8*9HD/547","lemonch01","null","null","0"
"24","Johnny Damon","56.3","32.9","44.6","0.954","3.7","56","-2","19.3","0","0","0","0.07","0","0","1","0.2","18","1995","2012","2","2490","10917","9736","1668","2769","522","109","235","1139","408","103","1003","1257","0.284","0.352","0.433","0.785","104","*8*7*D9H/3","damonjo01","null","null","0"
"25","Kirby Puckett HOF","51.1","37.6","44.4","0.952","4.6","53","-0.3","25.7","0","3","7","2.56","0","2","2","1.2","12","1984","1995","10","1783","7831","7244","1071","2304","414","57","207","1085","134","76","450","965","0.318","0.36","0.477","0.837","124","*89D/H7456","puckeki01","Kirby Puckett","puckeki01","1"
"26","Fred Lynn","50.2","38.3","44.3","0.95","4.1","53.4","-3.1","24.2","1","2","2","1.4","1","1","2","1.1","17","1974","1990","9","1969","7923","6925","1063","1960","388","43","306","1111","72","54","857","1116","0.283","0.36","0.484","0.845","129","*897HD","lynnfr01","null","null","0"
"27","Dale Murphy","46.5","41.2","43.9","0.948","3.5","48.9","-6.8","16.4","2","2","4","2.31","0","3","4","1.7","18","1976","1993","7","2180","9041","7960","1197","2111","350","39","398","1266","161","68","986","1748","0.265","0.346","0.469","0.815","121","*8*9372H","murphda05","null","null","0"
"29","Bernie Williams","49.6","37.6","43.6","0.944","3.9","63.2","-9.5","18.7","0","0","2","0.51","0","0","1","0.3","16","1991","2006","5","2076","9053","7869","1366","2336","449","55","287","1257","147","87","1069","1212","0.297","0.381","0.477","0.858","125","*8D9H/7","willibe02","null","null","0"
"30","Brett Butler","49.7","35.4","42.6","0.942","3.6","57.9","-6.1","20.5","0","0","1","0.35","0","1","1","0.7","17","1981","1997","1","2213","9545","8180","1359","2375","277","131","54","578","558","257","1129","907","0.29","0.377","0.376","0.753","110","*87H/9D","butlebr01","null","null","0"
"32","Devon White","47.3","35.5","41.4","0.938","3.9","34.2","16.8","21.5","0","0","0","0.04","0","0","0","0.3","17","1985","2001","3","1941","8080","7344","1125","1934","378","71","208","846","346","98","541","1526","0.263","0.319","0.419","0.739","98","*89H7/D","whitede03","null","null","0"
"33","Curtis Granderson","47.5","34.8","41.1","0.936","3.7","43.6","4.2","19.5","0","1","2","0.69","0","1","1","0.7","16","2004","2019","3","2057","8306","7236","1217","1800","346","95","344","937","153","50","924","1916","0.249","0.337","0.465","0.803","113","*8*97HD","grandcu01","null","null","0"
"34","Ellis Burks","49.8","32","40.9","0.934","4","53.8","-6.7","23.4","0","1","1","0.54","0","1","1","0.6","18","1987","2004","2","2000","8177","7232","1253","2107","402","63","352","1206","181","84","793","1340","0.291","0.363","0.51","0.874","126","*8*9*D7H","burksel01","null","null","0"
"35","Torii Hunter","50.6","30.8","40.7","0.932","3.5","47.5","4.1","16.4","0","0","1","0.37","0","0","0","0.1","19","1997","2015","5","2372","9692","8857","1296","2452","498","39","353","1391","195","99","661","1741","0.277","0.331","0.461","0.793","110","*8*9DH/7","hunteto01","null","null","0"
"38","Willie Wilson","46.2","34","40.1","0.926","3.5","35.2","10.7","20.1","0","1","2","0.67","0","1","3","1","19","1976","1994","2","2154","8317","7731","1169","2207","281","147","41","585","668","134","425","1144","0.285","0.326","0.376","0.702","94","*8*7H9/D","wilsowi02","null","null","0"
"39","Mike Cameron","46.7","32.7","39.7","0.924","3.9","40.1","10.3","21","0","0","0","0.01","0","0","0","0.1","17","1995","2011","1","1955","7884","6839","1064","1700","383","59","278","968","297","83","867","1901","0.249","0.338","0.444","0.782","106","*89H/D7","camermi01","null","null","0"
"42","Steve Finley","44.2","32","38.1","0.918","2.8","44.5","3.5","12.3","0","0","1","0.13","0","0","0","0.2","19","1989","2007","2","2583","10460","9397","1443","2548","449","124","304","1167","320","118","844","1299","0.271","0.332","0.442","0.775","104","*89H7/D1","finlest01","null","null","0"
"43","Lenny Dykstra","42.4","33","37.7","0.916","5.4","36.7","7.1","26.2","0","1","2","0.81","0","2","2","1.1","12","1985","1996","3","1278","5282","4559","802","1298","281","43","81","404","285","72","640","503","0.285","0.375","0.419","0.793","120","*8H/7","dykstle01","null","null","0"
"44","Amos Otis","42.8","32.5","37.6","0.914","3.5","47.1","-3.7","14.8","0","2","4","0.93","0","1","1","0.5","17","1967","1984","5","1998","8247","7299","1092","2020","374","66","193","1007","341","93","757","1008","0.277","0.343","0.425","0.768","115","*8H79/D5","otisam01","null","null","0"
"46","Curt Flood","41.9","32.7","37.3","0.91","3.9","30.2","10.6","16.8","0","1","1","0.72","0","0","0","0.1","15","1956","1971","3","1759","6958","6357","851","1861","271","44","85","636","88","73","444","609","0.293","0.342","0.389","0.732","100","*8H/5749","floodcu01","null","null","0"
"47","Andy Van Slyke","41.4","32.9","37.1","0.908","4","37.6","2.9","20.3","0","2","2","0.91","0","0","2","0.4","13","1983","1995","3","1658","6495","5711","835","1562","293","91","164","792","245","59","667","1063","0.274","0.349","0.443","0.792","119","*8*9H735","vanslan01","null","null","0"
"50","Paul Blair","37.7","35.3","36.5","0.902","3.1","18.8","18.8","14.7","0","0","0","0.2","0","1","2","0.9","17","1964","1980","2","1947","6673","6042","776","1513","282","55","134","620","171","93","449","877","0.25","0.302","0.382","0.684","96","*8H97/45D63","blairpa01","null","null","0"
"54","Al Oliver","43.7","28.1","35.9","0.894","3","47.1","-12.7","11.9","0","1","3","1.25","0","0","0","0","18","1968","1985","7","2368","9778","9049","1189","2743","529","77","219","1326","84","64","535","756","0.303","0.344","0.451","0.795","121","*8*3*7DH9","oliveal01","null","null","0"
"58","Ray Lankford","38.2","31.5","34.8","0.886","3.6","38.2","0.5","18","0","0","0","0.03","0","0","0","0.1","14","1990","2004","1","1701","6675","5747","968","1561","356","54","238","874","258","117","828","1550","0.272","0.364","0.477","0.84","123","*8*7H/D9","lankfra01","null","null","0"
"62","Garry Maddox","36.8","30.5","33.6","0.878","3.4","24.8","11.4","14.8","0","1","1","0.31","0","0","1","0.4","15","1972","1986","0","1749","6777","6331","777","1802","337","62","117","754","248","92","323","781","0.285","0.32","0.413","0.733","101","*8H/79","maddoga01","null","null","0"
"64","Eric Davis","36.1","30.1","33.1","0.874","3.6","42.9","-9.1","16.1","0","0","2","0.5","0","1","2","0.8","17","1984","2001","2","1626","6147","5321","938","1430","239","26","282","934","349","66","740","1398","0.269","0.359","0.482","0.841","125","*8*7*9HD/3","daviser01","null","null","0"
"65","Andy Pafko","36.6","29.6","33.1","0.872","3.2","36.5","-3.4","10.2","0","1","1","0.57","0","0","2","0.5","17","1943","1959","4","1852","7028","6292","844","1796","264","62","213","976","38","47","561","477","0.285","0.35","0.449","0.799","117","*8*9*75H","pafkoan01","null","null","0"
"66","Brady Anderson","35","30.2","32.6","0.87","3.1","37.8","-3.8","9.3","0","0","1","0.18","0","0","1","0.3","15","1988","2002","3","1834","7737","6499","1062","1661","338","67","210","761","315","100","960","1190","0.256","0.362","0.425","0.787","109","*8*7H9D","anderbr01","null","null","0"
"69","Dwayne Murphy","33.2","29.9","31.6","0.864","4","28.2","6","16.6","0","0","0","0.11","0","0","3","0.5","12","1978","1989","0","1360","5242","4347","648","1069","139","20","166","609","100","61","747","953","0.246","0.356","0.402","0.757","115","*8H79/D346","murphdw01","null","null","0"
"70","Willie McGee","34.3","28.7","31.5","0.862","2.5","33.9","-1.7","7.6","1","1","1","0.83","0","1","1","0.6","18","1982","1999","4","2201","8188","7649","1010","2254","350","94","79","856","352","121","448","1238","0.295","0.333","0.396","0.729","100","*8*9*H7/3D6","mcgeewi01","null","null","0"
"71","Chili Davis","38.2","24.8","31.5","0.86","2.5","39.5","-14.2","4.1","0","0","0","0.06","0","0","0","0.1","19","1981","1999","3","2435","9997","8673","1240","2380","424","30","350","1372","142","98","1194","1698","0.274","0.36","0.451","0.811","121","*D*8*97H/31","davisch01","null","null","0"
"73","Bobby Murcer","32.1","29.8","31","0.856","2.7","43.1","-15.8","6.2","0","1","3","0.66","0","1","2","0.7","17","1965","1983","5","1908","7718","6730","972","1862","285","45","252","1043","127","75","862","841","0.277","0.357","0.445","0.802","124","*9*8HD756/4","murcebo01","null","null","0"
"74","Dom DiMaggio","33.6","28.2","30.9","0.854","3.9","29.4","3","15.3","0","0","1","0.3","0","0","1","0.2","11","1940","1953","7","1399","6478","5640","1046","1680","308","57","87","618","100","62","750","571","0.298","0.383","0.419","0.802","111","*8/H97","dimagdo01","null","null","0"
"75","Bobby Thomson","33.8","27.5","30.7","0.852","3.1","32.4","-1.1","7","0","0","1","0.3","0","0","1","0.4","15","1946","1960","3","1779","6961","6305","903","1705","267","74","264","1026","38","33","559","804","0.27","0.332","0.462","0.794","110","*8*75H9/43","thomsbo01","null","null","0"
"76","Darin Erstad","32.3","28.8","30.6","0.85","3.2","18.2","10.8","9.9","0","0","1","0.26","0","1","2","0.7","14","1996","2009","2","1654","6628","6024","913","1697","316","33","124","699","179","58","475","939","0.282","0.336","0.407","0.743","93","*3*8*7HD/9","erstada01","null","null","0"
"77","Mickey Rivers","32.7","27.7","30.2","0.848","3.6","32.8","-0.8","12.8","0","1","1","0.72","0","0","1","0.1","15","1970","1984","1","1468","6027","5629","785","1660","247","71","61","499","267","90","266","471","0.295","0.327","0.397","0.724","106","*8HD79","rivermi01","null","null","0"
"78","Shane Victorino","31.4","28.9","30.2","0.846","3.9","23.8","7.6","15.8","0","0","0","0.06","0","0","0","0.2","12","2003","2015","2","1299","5164","4630","731","1274","231","70","108","489","231","46","381","626","0.275","0.34","0.425","0.765","102","*8*97H","victosh01","null","null","0"
"80","Jacoby Ellsbury","31","27.8","29.4","0.842","4.1","27.8","6","12.9","0","1","1","0.63","0","1","1","0.7","11","2007","2017","1","1235","5375","4846","749","1376","241","47","104","512","343","71","399","737","0.284","0.342","0.417","0.76","103","*87H9/D","ellsbja01","null","null","0"
"83","Lance Johnson","30.2","27.9","29.1","0.836","3.4","22.7","10.5","11.2","0","0","0","0.02","0","0","1","0.1","14","1987","2000","1","1447","5800","5379","767","1565","175","117","34","486","327","105","352","384","0.291","0.334","0.386","0.72","95","*8H7/9D","johnsla03","null","null","0"
"84","Adam Jones","32.5","25.5","29","0.834","2.9","37.3","-0.7","6.4","0","0","1","0.41","0","0","0","0","14","2006","2019","5","1823","7516","7009","963","1939","336","29","282","945","97","35","340","1395","0.277","0.317","0.454","0.771","106","*89H/7D","jonesad01","null","null","0"
"88","Marquis Grissom","29.6","27.5","28.5","0.826","2.2","28.6","4.6","2.5","0","0","2","0.45","0","1","1","0.4","17","1989","2005","2","2165","8959","8275","1187","2251","386","56","227","967","429","116","553","1240","0.272","0.318","0.415","0.732","92","*8H79/D","grissma02","null","null","0"
"91","Rick Monday","33.2","22.9","28.1","0.82","2.7","45.7","-14.5","9.7","0","0","0","0.03","0","0","0","0","19","1966","1984","2","1986","7162","6136","950","1619","248","64","241","775","98","91","924","1513","0.264","0.361","0.443","0.804","125","*8H973","mondari01","null","null","0"
"93","Grady Sizemore","27.7","28.2","27.9","0.816","4.1","29","0.3","12","0","0","1","0.22","0","2","3","1.2","10","2004","2015","3","1101","4724","4147","660","1098","252","47","150","518","143","47","483","952","0.265","0.349","0.457","0.806","115","*879HD","sizemgr01","null","null","0"
"94","Jim Piersall","29.3","26","27.7","0.814","2.7","10.7","16.1","9","0","0","1","0.31","0","0","0","0.2","17","1950","1967","2","1734","6593","5890","811","1604","256","52","104","591","115","57","524","583","0.272","0.332","0.386","0.718","93","*8*9H76/5","piersji01","null","null","0"
"95","Josh Hamilton","28.1","27.1","27.6","0.812","4.4","29.1","-2.8","13.2","1","2","3","1.52","1","1","1","0.9","9","2007","2015","5","1027","4350","3909","609","1134","234","24","200","701","50","16","352","938","0.29","0.349","0.516","0.865","129","*8*79DH","hamiljo03","null","null","0"
"96","Vernon Wells","28.6","26.2","27.4","0.81","2.7","31.4","-0.4","3.3","0","0","1","0.22","0","1","1","0.6","15","1999","2013","3","1731","7212","6642","930","1794","379","34","270","958","109","37","472","956","0.27","0.319","0.459","0.778","104","*87D9H/345","wellsve01","null","null","0"
"97","Dave Henderson","27.6","27","27.3","0.808","2.9","24.2","3.7","8.9","0","0","0","0.07","0","0","1","0.2","14","1981","1994","1","1538","5677","5130","710","1324","286","17","197","708","50","38","465","1105","0.258","0.32","0.436","0.756","108","*89HD7/4","hendeda01","null","null","0"
"98","César Tovar","28.2","26","27.1","0.806","3.1","26.2","0.2","7.8","0","0","1","0.35","0","0","0","0","12","1965","1976","0","1488","6177","5569","834","1546","253","55","46","435","226","108","413","410","0.278","0.335","0.368","0.703","100","*8*7549HD6/321","tovarce01","null","null","0"
"100","Tony González","27.1","26.3","26.7","0.802","2.8","30.1","-6.9","5.6","0","0","0","0.04","0","0","0","0.1","12","1960","1971","0","1559","5794","5195","690","1485","238","57","103","615","79","61","467","706","0.286","0.35","0.413","0.764","114","*8*7H9","gonzato01","null","null","0"
"101","Bill North","26.8","26.5","26.7","0.8","3.7","22.9","3.8","11.3","0","0","0","0.01","0","0","1","0.2","11","1971","1981","0","1169","4621","3900","640","1016","120","31","20","230","395","162","627","665","0.261","0.365","0.323","0.688","100","*8H/9D7","northbi01","null","null","0"
"102","Lloyd Moseby","27.5","25.7","26.6","0.798","2.8","27.1","1.7","6.5","0","0","0","0.06","0","1","2","0.7","12","1980","1991","1","1588","6574","5815","869","1494","273","66","169","737","280","92","616","1135","0.257","0.332","0.414","0.746","102","*897HD","mosebll01","null","null","0"
"103","George Hendrick","29.1","24.1","26.6","0.796","2.3","35.1","-11.8","2.6","0","0","1","0.38","0","0","0","0.1","18","1971","1988","4","2048","7834","7129","941","1980","343","27","267","1111","59","47","567","1013","0.278","0.329","0.446","0.775","117","*9*87H3/D","hendrge01","null","null","0"
"104","Denard Span","28","24.9","26.5","0.794","3.3","27","2.7","9","0","0","0","0.02","0","0","0","0","11","2008","2018","0","1359","5956","5326","773","1498","265","72","71","490","185","59","515","716","0.281","0.347","0.398","0.745","103","*879H/D","spande01","null","null","0"
"105","Coco Crisp","28.9","23.8","26.4","0.792","3","27","3.7","5.9","0","0","0","0.01","0","0","0","0","15","2002","2016","0","1586","6627","5930","877","1572","308","57","130","639","309","79","561","865","0.265","0.327","0.402","0.729","96","*8*7HD","crispco01","null","null","0"
"106","Randy Winn","27.5","24.6","26.1","0.79","2.6","24.6","0.7","4.9","0","0","0","0","0","0","0","0","13","1998","2010","1","1717","6878","6186","863","1759","367","59","110","662","215","84","526","1010","0.284","0.343","0.416","0.759","99","*8*9*7H/D5","winnra01","null","null","0"
"108","Tommie Agee","25.4","26.3","25.8","0.786","3.6","18.2","5.8","11","0","0","2","0.53","0","1","1","0.6","12","1962","1973","2","1130","4324","3912","558","999","170","27","130","433","167","81","342","918","0.255","0.32","0.412","0.732","109","*89H7","ageeto01","null","null","0"
"110","Johnny Hopp","26.2","24.8","25.5","0.782","3","25.6","-3.1","8.8","0","0","1","0.36","0","0","1","0.2","14","1939","1952","1","1393","4809","4260","698","1262","216","74","46","458","128","51","464","378","0.296","0.368","0.414","0.782","113","*3*8H79","hoppjo01","null","null","0"
"112","Marlon Byrd","26","24.1","25","0.778","2.7","23.5","1.4","6.2","0","0","0","0","0","0","0","0","15","2002","2016","1","1573","6123","5579","740","1534","311","39","159","710","56","31","382","1234","0.275","0.329","0.43","0.759","102","*8*97H/D","byrdma01","null","null","0"
"115","Pete Reiser","24.6","24.4","24.5","0.772","4.6","23.6","-0.3","13.1","0","1","3","0.98","1","1","2","1.1","10","1940","1952","3","861","3054","2662","473","786","155","41","58","368","87","39","343","369","0.295","0.38","0.45","0.829","128","*87H5/96","reisepe01","null","null","0"
"119","Stan Javier","25.5","21.4","23.4","0.764","2.3","21.8","1","6.8","0","0","0","0","0","0","0","0","17","1984","2001","0","1763","5755","5047","781","1358","225","40","57","503","246","51","578","839","0.269","0.345","0.363","0.708","93","*8*9*7*H3/D45","javiest01","null","null","0"
"120","Carlos Gómez","24.4","22.4","23.4","0.762","2.7","16.3","10","7","0","0","1","0.13","0","1","1","0.6","13","2007","2019","2","1461","5227","4724","675","1189","236","41","145","546","268","74","319","1259","0.252","0.313","0.411","0.724","94","*8H97/D41","gomezca01","null","null","0"
"121","Al Bumbry","24.5","22","23.3","0.76","2.6","24.5","-1.8","6.1","0","0","0","0.07","0","0","0","0.1","14","1972","1985","1","1496","5619","5053","778","1422","220","52","54","402","254","92","471","709","0.281","0.343","0.378","0.721","104","*8*7HD9","bumbral01","null","null","0"
"122","Matty Alou","23","23.4","23.2","0.758","2.2","26","-7.3","1.9","0","0","1","0.26","0","0","0","0","15","1960","1974","2","1667","6220","5789","780","1777","236","50","31","427","156","80","311","377","0.307","0.345","0.381","0.726","105","*8*9H73/D1","alouma01","null","null","0"
"123","Michael Bourn","22.8","23.6","23.2","0.756","2.7","15.1","9.9","6.6","0","0","0","0.03","0","0","1","0.2","11","2006","2016","2","1361","5323","4784","678","1272","191","69","36","361","341","94","445","1124","0.266","0.329","0.357","0.687","87","*87H9/D","bournmi01","null","null","0"
"124","Stan Spence","22.9","23.4","23.2","0.754","3.3","26.2","-4.9","9.8","0","0","2","0.4","0","0","1","0.3","9","1940","1949","4","1112","4447","3871","541","1090","196","60","95","575","21","23","520","248","0.282","0.369","0.437","0.806","125","*8H97/3","spencst01","null","null","0"
"125","Bill Bruton","26.4","19.5","23","0.752","2.7","24.7","1.8","3.2","0","0","0","0","0","0","0","0","12","1953","1964","0","1610","6671","6056","937","1651","241","102","94","545","207","89","482","793","0.273","0.328","0.393","0.72","96","*8H/79","brutobi01","null","null","0"
"126","Austin Jackson","21.9","23.5","22.7","0.75","3.2","19.5","5.2","6.2","0","0","0","0","0","0","0","0.1","9","2010","2018","0","1115","4653","4200","621","1145","218","53","65","381","114","45","374","1120","0.273","0.333","0.396","0.729","100","*8H79/D","jacksau01","null","null","0"
"128","Mark Kotsay","21.4","22.8","22.1","0.746","1.8","17.8","2.7","-1.4","0","0","0","0.02","0","0","0","0","17","1997","2013","0","1914","7110","6464","790","1784","353","48","127","720","98","64","554","757","0.276","0.332","0.404","0.737","96","*8*9H37D","kotsama01","null","null","0"
"130","Barney McCosky","21.7","22.3","22","0.742","3","20.7","-2","7.3","0","0","0","0.2","0","0","0","0","11","1939","1953","0","1170","4761","4172","664","1301","214","71","24","397","58","31","497","261","0.312","0.386","0.414","0.801","111","*8*7H/9","mccosba01","null","null","0"
"132","Ruppert Jones","22.7","20.5","21.6","0.738","2.8","20","1.5","6","0","0","0","0","0","0","0","0","12","1976","1987","2","1331","5041","4415","643","1103","215","38","147","579","143","84","534","817","0.25","0.33","0.416","0.746","106","*879HD/3","jonesru01","null","null","0"
"134","Jerry Mumphrey","22.3","19.9","21.1","0.734","2.3","23.1","-3.1","4","0","0","0","0.01","0","0","0","0","15","1974","1988","1","1585","5545","4993","660","1442","217","55","70","575","174","80","478","688","0.289","0.349","0.396","0.745","108","*8*7H9","mumphje01","null","null","0"
"136","Carl Everett","20.4","21.2","20.8","0.73","2.4","20.7","-2.5","2.5","0","0","0","0.03","0","0","0","0.1","14","1993","2006","2","1405","5395","4809","707","1304","258","26","202","792","107","54","442","1021","0.271","0.341","0.462","0.802","107","*8*9DH7","evereca01","null","null","0"
"137","David DeJesus","23.4","18.2","20.8","0.728","2.6","23.4","-1.8","3.2","0","0","0","0","0","0","0","0","13","2003","2015","0","1472","5916","5220","740","1434","288","65","99","573","66","62","510","838","0.275","0.349","0.412","0.761","105","*8*7*9HD","dejesda01","null","null","0"
"138","Gorman Thomas","19.8","21.4","20.6","0.726","2.2","22.6","-4.8","1.8","0","0","2","0.33","0","0","0","0","13","1973","1986","1","1436","5486","4677","681","1051","212","13","268","782","50","49","697","1339","0.225","0.324","0.448","0.772","114","*8D9H7/35","thomago01","null","null","0"
"139","Mookie Wilson","22.4","18.6","20.5","0.724","2.6","21","0.5","3.9","0","0","0","0","0","0","0","0","12","1980","1991","0","1403","5442","5094","731","1397","227","71","67","438","327","98","282","866","0.274","0.314","0.386","0.7","96","*8H79D","wilsomo01","null","null","0"
"140","Gary Pettis","22.1","18.6","20.3","0.722","3","14.1","9.9","8.4","0","0","0","0","0","0","0","0","11","1982","1992","0","1183","4237","3629","568","855","109","49","21","259","354","104","521","958","0.236","0.332","0.31","0.642","80","*8H/D97","pettiga01","null","null","0"
"141","Jim Landis","20.6","20","20.3","0.72","2.5","17.4","2","5.1","0","0","1","0.2","0","0","1","0.3","11","1957","1967","2","1346","5025","4288","625","1061","169","50","93","467","139","51","588","767","0.247","0.344","0.375","0.719","99","*8H97","landiji01","null","null","0"
"142","Terry Moore","21.5","19.1","20.3","0.718","2.7","18.5","1.7","3","0","0","0","0.23","0","0","0","0.1","11","1935","1948","4","1298","5206","4700","719","1318","263","28","80","513","82","47","406","368","0.28","0.34","0.399","0.739","99","*8H/5791","moorete01","null","null","0"
"143","Mack Jones","20.7","19.9","20.3","0.716","3.3","21.8","-3.7","7.5","0","0","0","0","0","0","0","0","10","1961","1971","0","1002","3584","3091","485","778","132","31","133","415","65","40","383","756","0.252","0.347","0.444","0.79","120","*8*7H9/3","jonesma01","null","null","0"
"147","Aaron Rowand","20.9","18.7","19.8","0.708","2.5","17.6","5.1","5.4","0","0","0","0.01","0","0","1","0.2","11","2001","2011","1","1358","4817","4374","613","1193","267","18","136","536","67","30","261","914","0.273","0.33","0.435","0.765","99","*87H9/D","rowanaa01","null","null","0"
"148","Colby Rasmus","20.4","18.9","19.6","0.706","3","15.8","5.4","6.5","0","0","0","0","0","0","0","0","10","2009","2018","0","1092","4119","3704","536","891","183","21","166","491","35","17","362","1106","0.241","0.31","0.436","0.745","102","*87H9/D","rasmuco01","null","null","0"
"149","Roberto Kelly","20.5","18.5","19.5","0.704","2.5","24","-3.1","3.1","0","0","0","0","0","0","0","0.1","14","1987","2000","2","1337","5243","4797","687","1390","241","30","124","585","235","84","317","862","0.29","0.337","0.43","0.767","106","*879H/D","kellyro01","null","null","0"
"152","José Cardenal","20.8","17.2","19","0.698","1.7","25.7","-10.3","-4.5","0","0","0","0.02","0","0","0","0","18","1963","1980","0","2017","7698","6964","936","1913","333","46","138","775","329","137","608","807","0.275","0.333","0.395","0.728","103","*8*9*7H3/546","cardejo02","null","null","0"
"154","Willard Brown HOF","20.2","17.2","18.7","0.694","7.6","18.6","0.8","14.9","0","0","0","0","1","8","9","4.9","11","1937","1948","7","431","1785","1652","332","580","127","44","54","391","80","2","125","7","0.351","0.398","0.579","0.977","178","87/6945H3","brownwi02","Willard Brown","brownwi02","1"
"155","Ron LeFlore","18.1","19.3","18.7","0.692","2.7","26.7","-9.1","2.4","0","0","0","0.09","0","0","0","0","9","1974","1982","1","1099","4872","4458","731","1283","172","57","59","353","455","142","363","888","0.288","0.342","0.392","0.734","104","*87DH","lefloro01","null","null","0"
"156","Bill Virdon","19.6","17.5","18.6","0.69","2","15","4.1","-5.1","0","0","0","0.04","0","0","0","0","12","1955","1968","0","1583","6522","5980","735","1596","237","81","91","502","47","54","442","647","0.267","0.316","0.379","0.696","89","*8H9/7","virdobi01","null","null","0"
"157","Dave Martinez","19.2","17.7","18.5","0.688","1.6","16.3","-0.5","-2.5","0","0","0","0","0","0","0","0","16","1986","2001","0","1918","6480","5795","795","1599","238","72","91","580","183","94","567","893","0.276","0.341","0.389","0.73","95","*8*9*H37/D1","martida01","null","null","0"
"161","Milt Thompson","18.6","17.7","18.2","0.68","2.2","12.6","3.8","5.1","0","0","0","0.02","0","0","0","0","13","1984","1996","0","1359","4155","3761","491","1029","156","37","47","357","214","66","336","635","0.274","0.335","0.372","0.708","95","*8*7*H9","thompmi02","null","null","0"
"162","Ángel Pagán","17.8","18.5","18.2","0.678","2.6","18.6","-0.5","4.2","0","0","0","0","0","0","0","0","11","2006","2016","0","1124","4465","4084","584","1143","220","55","64","414","176","51","319","638","0.28","0.33","0.408","0.738","102","*87H9/D","paganan01","null","null","0"
"163","Vince DiMaggio","17.4","18.7","18.1","0.676","2.5","15.9","0.6","2.6","0","0","0","0.03","0","0","0","0","10","1937","1946","2","1110","4314","3849","491","959","209","24","125","584","79","39","412","837","0.249","0.324","0.413","0.737","108","*8H/97456","dimagvi01","null","null","0"
"165","José Cruz","19.5","16.4","18","0.672","2.3","19.6","-1.2","1.3","0","0","0","0","0","0","0","0","12","1997","2008","0","1388","5448","4724","713","1167","252","36","204","624","113","39","658","1147","0.247","0.337","0.445","0.783","102","*8*97H/D","cruzjo02","null","null","0"
"166","Franklin Gutiérrez","18.4","17.4","17.9","0.67","3.1","11.6","6.5","6.5","0","0","0","0","0","0","1","0.2","12","2005","2017","0","954","3335","3032","394","778","150","9","97","361","78","19","228","736","0.257","0.311","0.408","0.719","96","*8*9H7D","gutiefr01","null","null","0"
"169","Milton Bradley","16.9","18","17.4","0.664","2.6","17.9","-2.6","3","0","0","0","0.02","0","0","0","0","12","2000","2011","1","1042","4181","3605","541","976","202","17","125","481","88","40","496","817","0.271","0.364","0.44","0.804","113","*89D7H","bradlmi01","null","null","0"
"170","B.J. Upton","16.5","17.8","17.1","0.662","1.8","21.8","-2.4","-3.7","0","0","0","0","0","0","0","0","12","2004","2016","0","1469","5858","5175","723","1260","262","32","164","586","300","92","589","1561","0.243","0.321","0.402","0.723","97","*87H54/D69","uptonbj01","null","null","0"
"173","Sam Chapman","17.1","16.8","17","0.656","2","17.5","-2.5","-0.4","0","0","0","0.07","0","0","0","0.1","11","1938","1951","1","1368","5600","4988","754","1329","210","52","180","773","41","38","562","682","0.266","0.342","0.438","0.78","107","*87H/39","chapmsa01","null","null","0"
"174","Del Unser","16.7","17.2","17","0.654","1.5","13.2","0.4","-2.6","0","0","0","0.01","0","0","0","0","15","1968","1982","0","1799","5813","5215","617","1344","179","42","87","481","64","60","481","675","0.258","0.319","0.358","0.677","94","*8*H937","unserde01","null","null","0"
"175","Juan Pierre","17.3","16.7","17","0.652","1.4","19.1","-1.9","-7.6","0","0","1","0.11","0","0","0","0","14","2000","2013","0","1994","8280","7525","1075","2217","255","94","18","517","614","203","464","479","0.295","0.343","0.361","0.704","84","*8*7H/D","pierrju01","null","null","0"
"176","Chris Young","16.6","17","16.8","0.65","1.8","14.5","2.3","-0.1","0","0","0","0","0","0","0","0","13","2006","2018","1","1465","5316","4710","668","1109","288","24","191","590","142","46","520","1192","0.235","0.314","0.428","0.743","95","*87H9D","youngch04","null","null","0"
"177","Ken Henderson","14.9","18.8","16.8","0.648","1.7","14.1","-3.8","-2.9","0","0","0","0.04","0","0","0","0","16","1965","1980","0","1444","5227","4553","595","1168","216","26","122","576","86","42","589","763","0.257","0.343","0.396","0.739","106","*8*7*9HD/53","hendeke01","null","null","0"
"184","Gus Bell","15.6","17.1","16.3","0.634","1.5","24.5","-12.4","-10.9","0","0","0","0.01","0","0","0","0","15","1950","1964","4","1741","7073","6478","865","1823","311","66","206","942","30","35","470","636","0.281","0.33","0.445","0.775","103","*8*97H","bellgu01","null","null","0"
"185","Darryl Hamilton","16.7","15.9","16.3","0.632","2","17.7","-0.7","-0.1","0","0","0","0","0","0","0","0","13","1988","2001","0","1328","5177","4577","707","1333","204","37","51","454","163","73","493","494","0.291","0.36","0.385","0.746","96","*897H/D","hamilda02","null","null","0"
"189","Mickey Stanley","17.4","14.7","16","0.624","1.9","15.5","1.3","-1.7","0","0","0","0.01","0","0","0","0","15","1964","1978","0","1516","5477","5022","641","1243","201","48","117","500","44","23","371","564","0.248","0.298","0.377","0.675","90","*8H3967/5D4","stanlmi01","null","null","0"
"192","Wally Judnich","15.9","15.9","15.9","0.618","3.3","17","-2.3","5.9","0","0","0","0.06","0","0","0","0.1","7","1940","1949","0","790","3207","2786","424","782","150","29","90","420","20","24","385","298","0.281","0.369","0.452","0.822","120","*83H/97","judniwa01","null","null","0"
"194","Vic Davalillo","15.7","15.8","15.8","0.614","1.7","12.2","1.4","1.9","0","0","0","0.02","0","0","0","0","16","1963","1980","1","1458","4296","4017","510","1122","160","37","36","329","125","58","212","422","0.279","0.315","0.364","0.68","94","*8*H973/D1","davalvi01","null","null","0"
"195","Mike Devereaux","14.6","16.9","15.8","0.612","2.2","10.9","4.7","0.8","0","0","1","0.28","0","0","0","0","12","1987","1998","0","1086","4102","3740","491","949","170","33","105","480","85","56","296","635","0.254","0.308","0.401","0.709","92","*89H7/D","devermi01","null","null","0"
"197","Mitch Webster","14.3","17.1","15.7","0.608","1.8","12.3","-0.6","1.5","0","0","0","0","0","0","0","0","13","1983","1995","0","1265","3851","3419","504","900","150","55","70","342","160","73","325","578","0.263","0.33","0.401","0.73","101","*8*9*H7/D3","webstmi01","null","null","0"
"198","Lee Mazzilli","15.6","15.7","15.7","0.606","1.7","22.5","-10","-0.3","0","0","0","0","0","0","0","0","14","1976","1989","1","1475","4831","4124","571","1068","191","24","93","460","197","90","642","627","0.259","0.359","0.385","0.744","110","*8*H37D9","mazzile01","null","null","0"
"199","Johnny Grubb","16.6","14.7","15.7","0.604","1.9","23.6","-11.5","1.1","0","0","0","0","0","0","0","0","16","1972","1987","1","1424","4823","4154","553","1153","207","29","99","475","27","33","566","558","0.278","0.366","0.413","0.779","121","*8*7H9D/35","grubbjo01","null","null","0"
"200","Brian McRae","14.3","16.9","15.6","0.602","1.7","17.3","0.2","-3.8","0","0","0","0","0","0","0","0","10","1990","1999","0","1354","5737","5114","734","1336","264","58","103","532","196","86","488","824","0.261","0.331","0.396","0.726","92","*8H/D","mcraebr01","null","null","0"
"201","Otis Nixon","16.6","14.6","15.6","0.6","1.6","16.1","1.1","-1.9","0","0","0","0","0","0","0","0","17","1983","1999","0","1709","5800","5115","878","1379","142","27","11","318","620","186","585","694","0.27","0.343","0.314","0.658","77","*8*7*H9/D6","nixonot01","null","null","0"
"202","Irv Noren","15","16.1","15.6","0.598","2.2","10.8","1.5","3.9","0","0","0","0.11","0","0","0","0","11","1950","1960","1","1093","3508","3119","443","857","157","35","65","453","34","24","335","350","0.275","0.348","0.41","0.758","105","*8*7H93","norenir01","null","null","0"
"204","Jay Payton","15.4","15.3","15.3","0.594","2","10.6","3.8","0.7","0","0","0","0","0","0","0","0","12","1998","2010","0","1259","4490","4154","561","1157","193","30","119","522","47","32","255","503","0.279","0.323","0.425","0.748","93","*8*7H9/D","paytoja01","null","null","0"
"206","Ken Berry","15.2","15","15.1","0.59","1.8","8","5.1","-0.5","0","0","0","0","0","0","0","0","14","1962","1975","1","1384","4545","4136","422","1053","150","23","58","343","45","46","298","569","0.255","0.308","0.344","0.652","91","*879H/D4","berryke01","null","null","0"
"207","Elliott Maddox","14.9","15.2","15.1","0.588","2.3","12.8","1.4","3.3","0","0","1","0.18","0","0","0","0.1","11","1970","1980","0","1029","3340","2843","360","742","121","16","18","234","60","54","409","358","0.261","0.358","0.334","0.692","100","*859H7/64D3","maddoel01","null","null","0"
"208","Gary Matthews","14.2","15.8","15","0.586","1.8","12.4","1.8","-1.4","0","0","0","0","0","0","0","0.1","12","1999","2010","1","1281","4617","4103","612","1056","225","29","108","484","95","36","454","849","0.257","0.332","0.405","0.737","93","*897H/D","matthga02","null","null","0"
"212","Henry Kimbro","15.6","13.9","14.8","0.578","4.5","14.8","0","8.7","0","0","0","0","1","2","3","1.6","12","1937","1948","7","559","2530","2172","479","651","106","48","30","261","72","null","317","null","0.3","0.394","0.434","0.828","127","*87/951","kimbrhe01","null","null","0"
"217","Rick Miller","15.5","13.4","14.4","0.568","1.7","11.2","3","0.6","0","0","0","0","0","0","0","0","15","1971","1985","0","1482","4440","3887","552","1046","161","35","28","369","78","65","454","583","0.269","0.346","0.35","0.696","93","*8*H97/D3","milleri01","null","null","0"
"218","Jimmie Hall","13.8","14.7","14.3","0.566","2.3","13.1","-1.7","3.5","0","0","0","0.07","0","0","1","0.3","8","1963","1970","2","963","3169","2848","387","724","100","24","121","391","38","18","287","529","0.254","0.321","0.434","0.755","112","*879H/3","hallji02","null","null","0"
"219","Sam Jethroe","15","13.4","14.2","0.564","4","15.9","-1.1","5.8","0","0","0","0.02","0","0","1","0.3","12","1938","1954","7","604","2671","2395","418","658","128","41","58","273","136","23","225","293","0.275","0.345","0.435","0.78","118","*8/754H293","jethrsa01","null","null","0"
"222","Dave May","13.5","14.5","14","0.558","1.8","11.1","0","-0.7","0","0","1","0.19","0","0","0","0","12","1967","1978","1","1252","4087","3670","462","920","130","20","96","422","60","47","344","501","0.251","0.318","0.375","0.694","98","*8*9H7/D","mayda01","null","null","0"
"223","Johnny Lindell","13.9","14.1","14","0.556","2.6","11.8","-0.3","3.6","0","0","0","0.02","0","0","0","0.1","12","1941","1954","1","854","3123","2795","401","762","124","48","72","404","17","13","289","366","0.273","0.344","0.429","0.773","114","879H1/3","lindejo01","null","null","0"
"224","Hank Leiber","13.6","14.4","14","0.554","2.7","16.4","-4.2","2.5","0","0","0","0.14","0","0","0","0","10","1933","1942","3","813","3141","2805","410","808","137","24","101","518","5","19","274","319","0.288","0.356","0.462","0.818","122","*8H97/31","leibeha01","null","null","0"
"225","Adolfo Phillips","13.8","13.9","13.8","0.552","3.4","11.6","1.7","6","0","0","0","0","0","0","1","0.2","8","1964","1972","0","649","2173","1875","270","463","86","21","59","173","82","44","251","485","0.247","0.343","0.41","0.753","111","*8H/79","phillad01","null","null","0"
"228","Albie Pearson","13.2","14.2","13.7","0.546","2.2","15.8","-4.2","2.2","0","0","0","0.08","0","0","1","0.1","9","1958","1966","1","988","3628","3077","485","831","130","24","28","214","77","33","477","195","0.27","0.369","0.355","0.724","103","*89H7","pearsal02","null","null","0"
"232","Jim Busby","12.8","14.3","13.5","0.538","1.5","5.9","5.9","-1.6","0","0","0","0.03","0","0","0","0.1","13","1950","1962","1","1352","4656","4250","541","1113","162","35","48","438","97","48","310","439","0.262","0.314","0.35","0.665","82","*8H/7952","busbyji01","null","null","0"
"233","Bobby Estalella","13.3","13.6","13.5","0.536","3.2","14.4","-2.5","5.4","0","0","0","0.01","0","0","0","0","9","1935","1949","0","680","2569","2196","279","620","106","33","44","308","13","17","350","246","0.282","0.383","0.421","0.804","128","87H59/3","estalbo01","null","null","0"
"234","Bobby Tolan","10.1","16.7","13.4","0.534","1.3","8.4","-2","-4.9","0","0","0","0.07","0","0","0","0","13","1965","1979","0","1282","4664","4238","572","1121","173","34","86","497","193","100","258","587","0.265","0.314","0.382","0.696","95","*8*9H73","tolanbo01","null","null","0"
"235","Desmond Jennings","13.4","13.4","13.4","0.532","3.8","11.3","2.3","5.3","0","0","0","0","0","0","0","0","7","2010","2016","0","567","2351","2076","311","508","99","22","55","191","95","27","219","481","0.245","0.322","0.393","0.716","101","*87H/D9","jennide01","null","null","0"
"238","Chad Curtis","14","12.7","13.4","0.526","1.9","15.8","-1.9","-1.9","0","0","0","0","0","0","0","0","10","1992","2001","0","1204","4650","4017","648","1061","195","16","101","461","212","98","510","676","0.264","0.349","0.396","0.745","95","*8*7H9D/4","curtich01","null","null","0"
"240","César Gerónimo","13","13.5","13.2","0.522","1.4","5.6","5.9","-0.5","0","0","0","0.01","0","0","0","0","15","1969","1983","0","1522","4229","3780","460","977","161","50","51","392","82","40","354","746","0.258","0.325","0.368","0.693","93","*8H97/D","geronce01","null","null","0"
"244","Lyman Bostock","13.1","13.1","13.1","0.514","4","13.5","-0.9","5.6","0","0","0","0.03","0","0","1","0.2","4","1975","1978","0","526","2214","2004","305","624","102","30","23","250","45","28","171","174","0.311","0.365","0.427","0.791","123","897H/D","bostoly01","null","null","0"
"245","Jackie Brandt","13.1","13.1","13.1","0.512","1.7","13","-2.8","-1","0","0","0","0","0","0","0","0","11","1956","1967","2","1221","4318","3895","540","1020","175","37","112","485","45","30","351","574","0.262","0.323","0.412","0.735","101","*8*79H/534","brandja01","null","null","0"
"247","Eddie Milner","12.9","13.1","13","0.508","2.6","8.1","4.5","3.5","0","0","0","0","0","0","0","0","9","1980","1988","0","804","2718","2395","376","607","111","28","42","195","145","72","286","280","0.253","0.333","0.376","0.709","95","*8H79","milneed01","null","null","0"
"248","Harry Walker","12.5","13.3","12.9","0.506","2.5","13","-1.6","1.2","0","0","1","0.16","0","0","1","0.3","11","1940","1955","2","807","2981","2651","385","786","126","37","10","214","42","24","245","175","0.296","0.358","0.383","0.741","103","*8H79/345","walkeha01","null","null","0"
"249","Jim Hickman","13","12.5","12.7","0.504","1.5","16.5","-8.1","-3.1","0","0","1","0.15","0","0","0","0","13","1962","1974","1","1421","4536","3974","518","1002","163","25","159","560","17","19","491","832","0.252","0.335","0.426","0.76","108","*9*8*3H75/1","hickmji02","null","null","0"
"251","Don Demeter","12.9","12.2","12.5","0.5","1.9","14","-3","-0.6","0","0","0","0.05","0","0","0","0","11","1956","1967","0","1109","3730","3443","467","912","147","17","163","563","22","25","180","658","0.265","0.307","0.459","0.766","108","*8H5739","demetdo01","null","null","0"
"252","Darrin Jackson","11.4","13.5","12.4","0.498","1.9","2.9","7.8","2.1","0","0","0","0","0","0","0","0","12","1985","1999","0","960","2816","2629","311","676","114","15","80","317","43","17","131","480","0.257","0.293","0.403","0.696","87","*8H97/D1","jacksda03","null","null","0"
"253","Don Lock","12","12.2","12.1","0.496","2.1","13.5","-2.6","1.9","0","0","0","0","0","0","0","0","8","1962","1969","0","921","3116","2695","359","642","92","12","122","373","30","29","373","776","0.238","0.331","0.417","0.748","111","*8H79/3","lockdo01","null","null","0"
"255","Goody Rosen","11.9","11.9","11.9","0.492","3.5","10.5","0.4","4.6","0","0","1","0.17","0","0","1","0.3","6","1937","1946","0","551","2163","1916","310","557","71","34","22","197","14","18","218","166","0.291","0.364","0.398","0.762","111","*89H/7","rosengo01","null","null","0"
"256","Rick Manning","11.8","11.9","11.8","0.49","1.2","13.2","-0.8","-7.3","0","0","0","0","0","0","0","0","13","1975","1987","0","1555","5832","5248","664","1349","189","43","56","458","168","78","471","616","0.257","0.317","0.341","0.658","85","*89H7/D","manniri01","null","null","0"
"257","Juan Beníquez","10","13.4","11.7","0.488","1.1","10.3","-2.5","-7.3","0","0","0","0.01","0","0","0","0","17","1971","1988","0","1500","5151","4651","610","1274","190","30","79","476","104","76","349","551","0.274","0.327","0.379","0.705","96","*87H9D356/4","beniqju01","null","null","0"
"259","Leonys Martín","11.4","11.8","11.6","0.484","2.4","5.9","7.3","1.6","0","0","0","0","0","0","0","0","9","2011","2019","0","770","2792","2532","334","617","94","22","58","228","126","45","190","637","0.244","0.301","0.367","0.668","81","*8H9/7D1","martile01","null","null","0"
"261","Rajai Davis","11.7","11.4","11.5","0.48","1.3","12.4","-1.6","-4.5","0","0","0","0","0","0","0","0","14","2006","2019","0","1448","4607","4244","637","1111","226","43","62","387","415","108","267","844","0.262","0.311","0.379","0.69","86","*8*7H9D/4","davisra01","null","null","0"
"263","Doug Glanville","10.9","11.8","11.4","0.476","1.6","6.1","6.2","-1.7","0","0","0","0","0","0","0","0","9","1996","2004","0","1115","4282","3964","553","1100","166","32","59","333","168","36","208","502","0.277","0.315","0.38","0.695","79","*87H/9","glanvdo01","null","null","0"
"264","Ken Landreaux","10.4","12.3","11.4","0.474","1.3","15.6","-6.2","-5","0","0","0","0","0","0","0","0","11","1977","1987","1","1264","4504","4101","522","1099","180","45","91","479","145","60","299","421","0.268","0.317","0.4","0.718","99","*8H79/D","landrke01","null","null","0"
"268","Corey Patterson","9.7","12.2","10.9","0.466","1.3","6.9","4.3","-4.9","0","0","0","0","0","0","0","0","12","2000","2011","0","1230","4499","4171","571","1050","197","34","118","431","218","64","206","933","0.252","0.29","0.4","0.691","79","*8H7/9D","patteco01","null","null","0"
"270","Omar Moreno","9.6","12.1","10.8","0.462","1.1","6.4","2.7","-7.8","0","0","0","0.07","0","0","0","0","12","1975","1986","0","1382","5481","4992","699","1257","171","87","37","386","487","182","387","885","0.252","0.306","0.343","0.649","79","*8H9/7D","morenom01","null","null","0"
"273","Oddibe McDowell","10.6","10.6","10.6","0.456","2.1","11.1","0.1","0.5","0","0","0","0","0","0","0","0","7","1985","1994","0","830","3172","2829","458","715","125","28","74","266","169","53","294","550","0.253","0.323","0.395","0.718","95","*8H7/9D","mcdowod01","null","null","0"
"274","Darren Lewis","10.5","10.7","10.6","0.454","1.3","5.2","6.2","-4.5","0","0","0","0","0","0","0","0","13","1990","2002","0","1354","4654","4081","607","1021","137","37","27","342","247","107","403","514","0.25","0.323","0.322","0.645","73","*89H7/D","lewisda01","null","null","0"
"276","Craig Gentry","9.7","10.8","10.3","0.45","2.6","4","5.5","4.7","0","0","0","0","0","0","0","0","10","2009","2018","0","601","1402","1242","180","325","47","14","7","104","94","20","102","250","0.262","0.333","0.339","0.672","85","*87H9/D1","gentrcr01","null","null","0"
"277","Rocco Baldelli","10.2","10.2","10.2","0.448","3.2","8.9","1.8","2.9","0","0","0","0","0","0","0","0","7","2003","2010","0","519","2065","1910","281","531","99","18","60","262","60","16","102","388","0.278","0.323","0.443","0.766","101","*8D9H/75","baldero01","null","null","0"
"278","Peter Bourjos","9.5","10.7","10.1","0.446","1.8","4.3","5.6","1.6","0","0","0","0","0","0","0","0","10","2010","2019","0","875","2334","2116","284","502","91","37","43","170","68","32","134","562","0.237","0.293","0.376","0.669","84","*8H97/D4","bourjpe01","null","null","0"
"282","Dave Roberts","9.1","10.3","9.7","0.438","1.8","9.3","-0.1","-0.4","0","0","0","0","0","0","0","0","10","1999","2008","0","832","3092","2707","437","721","95","53","23","213","243","58","307","362","0.266","0.342","0.366","0.708","89","*87H/9D","roberda07","null","null","0"
"283","Chris Singleton","9.7","9.7","9.7","0.436","2.2","7","4","1.1","0","0","0","0","0","0","0","0","6","1999","2005","0","704","2439","2230","326","609","133","23","45","276","81","27","130","343","0.273","0.312","0.414","0.726","87","*8H7/9D","singlch01","null","null","0"
"284","Roy Weatherly","9.1","9.8","9.4","0.434","1.8","8.8","-0.8","-0.6","0","0","0","0.1","0","0","0","0","10","1936","1950","0","811","3008","2781","415","794","152","44","43","290","42","50","180","170","0.286","0.331","0.418","0.749","98","*8H97/5","weathro01","null","null","0"
"286","Rudy Law","9.2","9.2","9.2","0.43","2","9.2","-0.4","0.7","0","0","0","0.01","0","0","0","0","7","1978","1986","0","749","2647","2421","379","656","101","37","18","199","228","65","184","210","0.271","0.325","0.366","0.691","89","*87H9/D","lawru01","null","null","0"
"289","Tom Goodwin","8.5","9.6","9.1","0.424","1.1","7.6","2","-5.8","0","0","0","0","0","0","0","0","14","1991","2004","0","1288","4315","3846","636","1029","125","39","24","284","369","118","365","660","0.268","0.332","0.339","0.671","73","*8H79/D","goodwto01","null","null","0"
"290","Ryan Freel","8.8","9.2","9","0.422","2.4","5.9","3","1.9","0","0","0","0","0","0","0","0","8","2001","2009","0","594","2274","1983","306","532","100","17","22","122","143","48","222","350","0.268","0.354","0.369","0.723","88","8954H7","freelry01","null","null","0"
"291","Marvin Benard","8.6","9.3","8.9","0.42","1.6","8.7","-0.5","-0.3","0","0","0","0","0","0","0","0","9","1995","2003","0","891","2945","2630","441","714","138","21","54","260","105","43","265","454","0.271","0.343","0.402","0.744","97","*89H7/D","benarma01","null","null","0"
"293","Buster Adams","8.8","8.8","8.8","0.416","2.5","9.8","-1.6","1.4","0","0","0","0.04","0","0","0","0","6","1939","1947","0","576","2293","2003","282","532","96","12","50","249","12","12","234","281","0.266","0.346","0.4","0.747","110","*87H9","adamsbu01","null","null","0"
"294","Lenny Green","8.2","9.4","8.8","0.414","1.2","9.7","-3.6","-2.1","0","0","0","0","0","0","0","0","12","1957","1968","0","1136","3398","2956","461","788","138","27","47","253","78","41","368","260","0.267","0.351","0.379","0.731","99","*8*7*H9","greenle01","null","null","0"
"295","Gary Geiger","8.7","8.8","8.8","0.412","1.5","9.2","-1.7","-0.5","0","0","0","0","0","0","0","0","12","1958","1970","0","954","2970","2569","388","633","91","29","77","283","62","29","341","466","0.246","0.337","0.394","0.731","98","*8H79/351","geigega01","null","null","0"
"296","Juan Encarnación","8.7","8.8","8.7","0.41","1.1","11.4","-5.6","-7.6","0","0","0","0","0","0","0","0","11","1997","2007","0","1259","5095","4685","618","1264","242","46","156","667","127","59","288","853","0.27","0.317","0.441","0.758","97","*9*87H/D","encarju01","null","null","0"
"298","Rich Becker","8.3","9","8.7","0.406","1.7","8.3","0.2","-0.7","0","0","0","0","0","0","0","0","8","1993","2000","0","789","2624","2227","345","570","100","12","45","243","66","26","350","616","0.256","0.358","0.372","0.731","90","*8H97/D","beckeri01","null","null","0"
"300","Andrés Torres","7.8","9.3","8.6","0.402","2","5.6","2.1","1.1","0","0","0","0","0","0","0","0","9","2002","2013","0","650","2157","1910","277","462","113","29","32","174","77","29","205","476","0.242","0.317","0.382","0.699","93","*87H9/D","torrean02","null","null","0"
"301","Gabe Kapler","8.7","8.3","8.5","0.4","1.3","8.5","-1","-2.8","0","0","0","0","0","0","0","0","12","1998","2010","0","1104","3315","2983","443","799","176","16","82","386","77","30","269","480","0.268","0.329","0.42","0.749","92","*8*9H7/D3","kaplega01","null","null","0"
"302","Thurman Tucker","7.9","9.1","8.5","0.398","1.8","5.6","1.7","0.3","0","0","0","0","0","0","0","0","9","1942","1951","1","701","2542","2231","325","570","79","24","9","179","77","47","291","237","0.255","0.342","0.325","0.667","89","*8H/79","tucketh01","null","null","0"
"303","Drew Stubbs","8","9","8.5","0.396","1.4","9.6","-0.8","-1.9","0","0","0","0","0","0","0","0","9","2009","2017","0","911","3167","2834","444","687","106","20","92","283","161","34","277","972","0.242","0.313","0.391","0.704","89","*89H7/D","stubbdr01","null","null","0"
"304","Nate McLouth","6.5","10.1","8.3","0.394","1","12.4","-6.2","-5","0","0","0","0","0","0","0","0","10","2005","2014","1","1045","3737","3257","521","803","191","19","101","333","133","24","366","639","0.247","0.332","0.41","0.742","98","*87H9/D","mclouna01","null","null","0"
"305","Grégor Blanco","7.3","9.3","8.3","0.392","1.1","7.3","-1.6","-3.3","0","0","0","0","0","0","0","0","10","2008","2018","0","1060","3349","2929","394","746","118","39","26","235","122","40","363","661","0.255","0.338","0.348","0.687","91","*8*7H9/D","blancgr01","null","null","0"
"306","Ben Revere","7.8","8.8","8.3","0.39","1.5","9.1","-1.3","-3.3","0","0","0","0","0","0","0","0","8","2010","2017","0","857","3343","3138","400","892","88","37","7","198","211","53","151","308","0.284","0.319","0.343","0.661","83","*879H/D","reverbe01","null","null","0"
"307","Neil Robinson","8.7","7.8","8.3","0.388","5.3","7.9","0.8","5.6","0","0","0","0","0","1","1","0.6","12","1937","1948","9","264","1054","931","161","280","54","15","20","161","30","1","101","null","0.301","0.375","0.455","0.831","142","86/7549","robinne02","null","null","0"
"311","Dave Philley","7.8","8.3","8.1","0.38","0.7","8.5","-6.4","-13.8","0","0","0","0.05","0","0","0","0","18","1941","1962","0","1904","7004","6296","789","1700","276","72","84","729","101","63","594","551","0.27","0.334","0.377","0.71","92","*9*8*H73/5","phillda01","null","null","0"
"314","Preston Wilson","6.4","9","7.7","0.374","0.9","15","-7.6","-7","0","0","0","0.03","0","0","0","0","10","1998","2007","1","1108","4436","4003","573","1055","221","16","189","668","124","55","350","1085","0.264","0.329","0.468","0.797","103","*87H9","wilsopr01","null","null","0"
"315","Brian Hunter","7.4","7.9","7.7","0.372","1.2","5.1","3.2","-4.3","0","0","0","0","0","0","0","0","10","1994","2003","0","1000","3659","3347","500","882","146","28","25","241","260","61","243","581","0.264","0.313","0.346","0.66","72","*87H9/D","huntebr02","null","null","0"
"319","Alejandro De Aza","7.2","7.8","7.5","0.364","1.4","8.5","-2.2","-2.5","0","0","0","0","0","0","0","0","10","2007","2017","0","838","2878","2575","367","669","131","33","51","258","91","44","225","622","0.26","0.325","0.396","0.721","96","*8*7H9/D","deazaal01","null","null","0"
"322","Scott Podsednik","6.8","7.8","7.3","0.358","1","8.6","-3.1","-7.3","0","0","0","0.04","0","0","0","0","11","2001","2012","1","1079","4346","3906","563","1096","178","41","42","312","309","104","333","630","0.281","0.339","0.379","0.719","88","*7*8H/D9","podsesc01","null","null","0"
"325","Jody Gerut","7.2","7.2","7.2","0.352","2","6.4","-0.1","0.6","0","0","0","0","0","0","0","0","6","2003","2010","0","574","1992","1804","246","472","107","13","59","226","30","19","159","261","0.262","0.325","0.433","0.758","103","98H7/D","gerutjo01","null","null","0"
"326","Milt Byrnes","7.2","7.2","7.2","0.35","3","6.3","-0.5","2.5","0","0","0","0","0","0","0","0","3","1943","1945","0","390","1520","1278","174","350","77","15","16","154","3","14","199","183","0.274","0.373","0.395","0.768","118","897H/3","byrnemi01","null","null","0"
"327","Bob Dernier","6.5","7.7","7.1","0.348","1.2","5.5","0.4","-2.9","0","0","0","0.02","0","0","0","0","10","1980","1989","0","904","2757","2483","374","634","92","16","23","152","218","63","222","301","0.255","0.318","0.333","0.651","79","*8H97","dernibo01","null","null","0"
"328","Gary Thomasson","6.9","7.2","7.1","0.346","1.2","6","-2.2","-1.8","0","0","0","0","0","0","0","0","9","1972","1980","0","900","2702","2373","315","591","103","25","61","294","50","16","291","463","0.249","0.33","0.391","0.721","99","8H973/D","thomaga01","null","null","0"
"329","Bill Tuttle","5.4","8.7","7.1","0.344","0.7","7","-2.3","-9.4","0","0","0","0.01","0","0","0","0","11","1952","1963","0","1270","4842","4268","578","1105","149","47","67","443","38","44","480","416","0.259","0.334","0.363","0.697","88","*859H/74","tuttlbi01","null","null","0"
"331","Dion James","6.2","7.5","6.9","0.34","1.1","11.7","-8","-4.2","0","0","0","0","0","0","0","0","11","1983","1996","0","917","3074","2708","362","781","142","21","32","266","43","38","318","307","0.288","0.364","0.392","0.755","108","*78H9D3","jamesdi01","null","null","0"
"332","Russ Snyder","5.2","8.4","6.8","0.338","0.6","7","-6.4","-7.7","0","0","0","0","0","0","0","0","12","1959","1970","0","1365","4014","3631","488","984","150","29","42","319","58","32","294","438","0.271","0.325","0.363","0.688","94","*7*8*H*9/3","snyderu01","null","null","0"
"333","Nyjer Morgan","6.8","6.8","6.8","0.336","1.8","5.5","1.3","0.1","0","0","0","0","0","0","0","0","7","2007","2014","0","598","2206","1953","288","550","74","27","12","136","120","51","145","352","0.282","0.343","0.366","0.708","91","*87H9/D","morgany01","null","null","0"
"334","Michael Saunders","5.9","7.6","6.7","0.334","1.2","7.9","-3.2","-3.8","0","0","0","0","0","0","0","0","9","2009","2017","1","775","2747","2455","324","570","123","19","81","263","55","23","255","711","0.232","0.305","0.397","0.701","94","789H/D","saundmi01","null","null","0"
"336","Roger Repoz","6.5","6.9","6.7","0.33","1.3","6.5","-2.4","-2","0","0","0","0","0","0","0","0","9","1964","1972","0","831","2471","2145","257","480","73","19","82","260","26","25","280","499","0.224","0.314","0.39","0.704","105","*89H37","repozro01","null","null","0"
"338","F.P. Santangelo","6.7","6.7","6.7","0.326","1.6","4.4","1.7","0.4","0","0","0","0","0","0","0","0","7","1995","2001","0","665","2075","1691","258","415","87","14","21","162","37","18","240","319","0.245","0.364","0.351","0.715","89","78H495/6D","santaf.01","null","null","0"
"340","Johnny Groth","5.8","7.5","6.6","0.322","0.8","7.9","-3.8","-7.3","0","0","0","0","0","0","0","0","15","1946","1960","0","1248","4302","3808","480","1064","197","31","60","486","19","42","419","329","0.279","0.352","0.395","0.746","99","*8H79","grothjo01","null","null","0"
"341","Deion Sanders","5.5","7.5","6.5","0.32","1.4","5.1","0.6","-1.4","0","0","0","0","0","0","0","0","9","1989","2001","0","641","2325","2123","308","558","72","43","39","168","186","63","159","352","0.263","0.319","0.392","0.711","89","*87H/9D","sandede02","null","null","0"
"344","Jimmy Ripple","6.3","6.3","6.3","0.314","1.9","6.5","-2","-0.8","0","0","0","0","0","0","0","0","7","1936","1943","0","554","2022","1809","241","510","92","14","28","251","7","10","156","89","0.282","0.343","0.395","0.738","101","98H7","ripplji01","null","null","0"
"345","Endy Chávez","5","7.6","6.3","0.312","0.7","0.5","3.1","-6","0","0","0","0","0","0","0","0","13","2001","2014","0","1151","3436","3149","385","849","140","34","30","266","106","42","180","356","0.27","0.308","0.364","0.672","77","*879H/D","chaveen01","null","null","0"
"346","George Metkovich","5.8","6.7","6.3","0.31","0.9","6.7","-3.6","-7","0","0","0","0.01","0","0","0","0","10","1943","1954","0","1055","3956","3585","476","934","167","36","47","373","61","28","307","359","0.261","0.322","0.367","0.689","91","*83H97","metkoca01","null","null","0"
"347","Gerald Young","6","6.5","6.3","0.308","1.5","5.2","1.1","-0.8","0","0","0","0","0","0","0","0","8","1987","1994","0","640","2083","1815","259","446","58","19","3","113","155","73","227","213","0.246","0.329","0.304","0.633","82","*8H9/7","youngge02","null","null","0"
"349","Gene Benson","5.6","6.7","6.1","0.304","1.6","5.7","-1.1","-1.3","0","0","0","0","0","0","0","0.1","13","1934","1948","4","568","2404","2186","331","637","88","30","19","324","19","null","187","null","0.291","0.348","0.385","0.733","100","*879/3","bensoge01","null","null","0"
"350","Ty Cline","5.9","6.3","6.1","0.302","1.1","2.4","2.1","-1.3","0","0","0","0","0","0","0","0","12","1960","1971","0","892","2039","1834","251","437","53","25","6","125","22","19","153","262","0.238","0.304","0.304","0.608","73","*8*H739","clinety01","null","null","0"
"352","Rick Ankiel","5.5","6.5","6","0.298","1.4","5","0.8","0.9","0","0","0","0","0","0","0","0","11","1999","2013","0","651","2115","1921","260","462","101","10","76","251","21","12","162","555","0.24","0.302","0.422","0.724","92","*8H917","ankieri01","null","null","0"
"355","Steve Brye","5.5","6.1","5.8","0.292","1.3","3.8","0.2","-2.2","0","0","0","0","0","0","0","0","9","1970","1978","0","697","2184","1997","237","515","97","13","30","193","16","14","144","276","0.258","0.309","0.365","0.674","90","*87H9/D","bryest01","null","null","0"
"357","Rubén Rivera","5.7","5.6","5.6","0.288","1.4","2.6","3.2","0","0","0","0","0","0","0","0","0","9","1995","2003","0","662","1818","1586","237","343","67","11","64","203","50","20","185","510","0.216","0.307","0.393","0.701","82","*8H97/D","riverru01","null","null","0"
"358","Oris Hockett","5.6","5.6","5.6","0.286","1.6","5.9","-1.9","-1.3","0","0","0","0.04","0","0","0","0","7","1938","1945","1","551","2353","2165","259","598","112","21","13","214","43","49","159","157","0.276","0.329","0.365","0.694","103","897H","hockeor01","null","null","0"
"359","Tony Gwynn","5.1","6.1","5.6","0.284","1.2","1","3.9","-0.4","0","0","0","0","0","0","0","0","8","2006","2014","0","685","1798","1600","192","381","48","23","7","98","80","26","161","297","0.238","0.309","0.31","0.619","71","*8H79/D","gwynnto02","null","null","0"
"362","Milt Cuyler","5.4","5.6","5.5","0.278","1.8","3.3","2.8","-0.1","0","0","0","0","0","0","0","0","8","1990","1998","0","490","1567","1386","227","329","47","23","10","119","77","26","121","273","0.237","0.305","0.326","0.631","71","*8H79/D","cuylemi01","null","null","0"
"366","Terrence Long","5.2","5.5","5.4","0.27","0.9","6.5","-1.9","-6.4","0","0","0","0","0","0","0","0","8","1999","2006","0","890","3325","3068","428","824","166","21","69","376","27","15","227","460","0.269","0.318","0.404","0.722","90","*8*79H/D","longte01","null","null","0"
"368","Tony Scott","4.3","6.3","5.3","0.266","0.7","-0.4","3.5","-5.8","0","0","0","0","0","0","0","0","11","1973","1984","0","991","3048","2803","331","699","111","28","17","253","125","69","186","464","0.249","0.297","0.327","0.625","74","*8H79","scottto01","null","null","0"
"369","Dave Gallagher","4.9","5.5","5.2","0.264","1","4.9","-0.8","-2.7","0","0","0","0","0","0","0","0","9","1987","1995","0","794","2343","2081","273","564","100","10","17","190","20","24","187","251","0.271","0.331","0.353","0.684","91","*8H97/D3","gallada01","null","null","0"
"370","Harry Craft","5.2","5.2","5.2","0.262","1.5","3.2","1.4","-2.8","0","0","0","0","0","0","0","0","6","1937","1942","0","566","2245","2104","237","533","85","25","44","267","14","9","110","203","0.253","0.294","0.38","0.674","85","*8/H937","craftha01","null","null","0"
"371","John Shelby","3.2","7.1","5.2","0.26","0.5","3","0.2","-7.8","0","0","0","0","0","0","0","0","11","1981","1991","0","1036","3326","3090","389","739","128","24","70","313","98","40","182","671","0.239","0.281","0.364","0.645","79","*8H79/D4","shelbjo01","null","null","0"
"372","Brady Clark","4.7","5.6","5.2","0.258","1","4.3","-0.5","-2.2","0","0","0","0","0","0","0","0","9","2000","2008","0","785","2322","2015","264","559","97","7","36","210","48","33","208","252","0.277","0.358","0.386","0.744","94","*89H7/D","clarkbr02","null","null","0"
"374","Willy Taveras","5.1","5.1","5.1","0.254","1.2","1.8","4.5","-2.9","0","0","0","0","0","0","0","0","7","2004","2010","0","670","2644","2412","358","662","71","16","8","128","195","44","136","390","0.274","0.32","0.327","0.647","68","*8H/97D","taverwi01","null","null","0"
"376","Daryl Boston","4.3","5.9","5.1","0.25","0.7","6.2","-3.1","-4.8","0","0","0","0","0","0","0","0","11","1984","1994","0","1058","2901","2629","378","655","131","22","83","278","98","50","237","469","0.249","0.312","0.41","0.722","95","*8*H79D","bostoda01","null","null","0"
"379","Larry Rosenthal","4.8","5.4","5.1","0.244","1.3","4.5","-0.8","-1","0","0","0","0","0","0","0","0","8","1936","1945","0","579","1766","1483","240","390","75","25","22","189","13","9","251","195","0.263","0.37","0.392","0.762","96","H897/3","rosenla01","null","null","0"
"382","Lloyd Davenport","4.5","5.4","4.9","0.238","3.1","3.5","0.4","1.8","0","0","0","0","0","0","1","0.2","10","1935","1945","6","231","952","864","134","253","44","11","3","88","30","0","77","null","0.293","0.352","0.38","0.732","111","89/715","davenll01","null","null","0"
"387","Luis Matos","4.7","4.7","4.7","0.228","1.5","3.4","2","-1.6","0","0","0","0","0","0","0","0","7","2000","2006","0","508","1773","1605","212","410","84","9","30","140","72","24","108","297","0.255","0.312","0.375","0.687","81","*89H7/D","matoslu01","null","null","0"
"392","Jerome Walton","3.7","5.5","4.6","0.218","1","3.9","-0.5","-1.7","0","0","0","0.04","0","0","0","0","10","1989","1998","0","598","1761","1573","241","423","77","8","25","132","58","29","138","280","0.269","0.333","0.376","0.708","92","*8H79/3D","waltoje01","null","null","0"
"395","Billy Conigliaro","4.6","4.6","4.6","0.212","2.1","4","-0.5","0.1","0","0","0","0","0","0","0","0","5","1969","1973","0","347","1239","1130","142","289","56","10","40","128","9","10","86","244","0.256","0.311","0.429","0.74","104","879H/4","conigbi01","null","null","0"
"399","Chuck Carr","4.3","4.6","4.4","0.204","1.4","1.6","3.5","-1.5","0","0","0","0","0","0","0","0","8","1990","1997","0","507","1914","1713","254","435","81","7","13","123","144","52","149","273","0.254","0.316","0.332","0.649","71","*8H/79D","carrch02","null","null","0"
"401","Jim Gleeson","4.4","4.4","4.4","0.2","1.8","4.9","-1.7","-0.8","0","0","0","0","0","0","0","0","5","1936","1942","0","392","1472","1277","195","336","77","19","16","154","20","14","158","147","0.263","0.35","0.391","0.741","102","987H","gleesji01","null","null","0"
"402","Bobby Del Greco","3.7","5","4.4","0.198","0.8","3.5","-0.4","-4.5","0","0","0","0","0","0","0","0","9","1952","1965","0","731","2323","1982","271","454","95","11","42","169","16","15","271","372","0.229","0.33","0.352","0.682","85","*8H7/954","delgrbo01","null","null","0"
"405","Alex Cole","4.2","4.2","4.2","0.192","1.2","6.5","-1.8","-2.4","0","0","0","0","0","0","0","0","7","1990","1996","0","573","2012","1760","286","493","58","26","5","117","148","59","217","296","0.28","0.36","0.351","0.711","92","*8H97/D","coleal01","null","null","0"
"407","Luis Márquez","3.9","3.9","3.9","0.188","2.6","3.6","0.3","1.5","0","0","0","0","0","0","0","0.1","5","1946","1954","4","243","764","683","122","194","33","6","9","71","48","4","62","24","0.284","0.352","0.389","0.742","106","84H/7956","marqulu01","null","null","0"
"408","Tsuyoshi Shinjo","3.9","3.9","3.9","0.186","2.1","0.5","3.3","1","0","0","0","0","0","0","0","0","3","2001","2003","0","303","960","876","98","215","41","4","20","100","9","6","55","128","0.245","0.299","0.37","0.668","77","879H","shinjts01","null","null","0"
"410","Carden Gillenwater","3.9","3.9","3.9","0.182","1.9","2.8","0.8","0","0","0","0","0","0","0","0","0","5","1940","1948","0","335","1176","1004","129","261","41","7","11","114","20","17","153","138","0.26","0.359","0.348","0.707","96","8H/79","gilleca01","null","null","0"
"412","Alfredo Amézaga","3.2","4.4","3.8","0.178","0.9","-0.4","4.7","-1.7","0","0","0","0","0","0","0","0","9","2002","2011","0","584","1570","1408","173","348","47","19","12","110","49","26","112","223","0.247","0.307","0.333","0.64","69","8H645/793D","amezaal01","null","null","0"
"413","Ron Woods","3.8","3.8","3.8","0.176","1","1.7","0.9","-1.1","0","0","0","0","0","0","0","0","6","1969","1974","0","582","1461","1247","162","290","34","12","26","130","27","18","175","171","0.233","0.326","0.342","0.668","88","8H79","woodsro01","null","null","0"
"414","Ryan Thompson","3.5","3.9","3.7","0.174","1.4","2.4","1","-0.8","0","0","0","0","0","0","0","0","9","1992","2002","0","416","1385","1257","165","305","71","6","52","176","9","12","90","347","0.243","0.301","0.433","0.734","94","897H","thompry01","null","null","0"
"416","Jim Gosger","2.3","4.9","3.6","0.17","0.5","0.2","0","-4.5","0","0","0","0","0","0","0","0","10","1963","1974","0","705","2067","1815","197","411","67","16","30","177","25","18","217","316","0.226","0.309","0.331","0.64","83","87H9/3","gosgeji01","null","null","0"
"418","Keon Broxton","3.5","3.5","3.5","0.166","1.5","1.4","2.5","0.3","0","0","0","0","0","0","0","0","5","2015","2019","0","376","1026","905","136","189","31","7","39","95","60","19","107","396","0.209","0.297","0.388","0.685","79","8H9/7D","broxtke01","null","null","0"
"424","Dain Clay","3.4","3.4","3.4","0.154","1.3","2.3","0.8","-2.3","0","0","0","0","0","0","0","0","4","1943","1946","0","433","1699","1540","203","397","63","6","3","98","39","20","115","130","0.258","0.314","0.312","0.626","78","*8H/79","clayda01","null","null","0"
"433","Ted Uhlaender","2.8","3.6","3.2","0.136","0.5","6.2","-4.6","-8.3","0","0","0","0","0","0","0","0","8","1965","1972","0","898","3192","2932","343","772","114","21","36","285","52","35","202","277","0.263","0.311","0.353","0.665","86","*87H9","uhlaete01","null","null","0"
"435","Ed Stroud","3.2","3.2","3.2","0.132","1","4","-2.2","-2.1","0","0","0","0","0","0","0","0","6","1966","1971","0","529","1500","1353","209","320","37","28","14","100","72","26","129","224","0.237","0.306","0.336","0.642","88","8H97","stroued01","null","null","0"
"436","Ron Roenicke","2.9","3.4","3.2","0.13","0.9","2.5","-0.7","-1.5","0","0","0","0","0","0","0","0","8","1981","1988","0","527","1294","1076","141","256","51","3","17","113","24","9","190","195","0.238","0.353","0.338","0.691","92","H897/3D","roeniro01","null","null","0"
"437","Rick Peters","3.1","3.1","3.1","0.128","1.7","2.5","0.2","-0.2","0","0","0","0","0","0","0","0","5","1979","1986","0","307","1058","919","135","255","34","10","2","80","20","24","107","107","0.277","0.356","0.343","0.698","95","8HD7/945","peterri01","null","null","0"
"438","Leon Culberson","3.1","3.1","3.1","0.126","1.4","3.9","-1.5","-1","0","0","0","0","0","0","0","0","6","1943","1948","0","371","1348","1217","148","324","59","18","14","131","28","10","107","126","0.266","0.327","0.379","0.706","100","8H97/5","culbele01","null","null","0"
"439","Bill Howerton","3.1","3.1","3.1","0.124","2","4.2","-1.5","0.2","0","0","0","0","0","0","0","0","4","1949","1952","0","247","747","650","95","178","39","12","22","106","1","3","92","125","0.274","0.364","0.472","0.836","119","8H97/5","howerbi01","null","null","0"
"441","Jerry White","2.7","3.4","3","0.12","0.7","2.6","-1.1","-1.8","0","0","0","0","0","0","0","0","11","1974","1986","0","646","1367","1196","155","303","50","9","21","109","57","28","148","174","0.253","0.337","0.363","0.7","94","H879","whiteje01","null","null","0"
"442","Nook Logan","3","3","3","0.118","1.5","1","2.6","-0.2","0","0","0","0","0","0","0","0","4","2004","2007","0","321","957","870","111","233","38","12","2","56","56","14","59","182","0.268","0.314","0.346","0.66","77","*8H/D","loganno01","null","null","0"
"444","Kirk Nieuwenhuis","2.9","2.9","2.9","0.114","1.2","1.8","0.9","-0.6","0","0","0","0","0","0","0","0","6","2012","2017","0","414","1116","978","128","216","59","4","31","117","20","15","123","366","0.221","0.311","0.384","0.695","90","8H79","nieuwki01","null","null","0"
"445","Felix McLaurin","2.9","2.9","2.9","0.112","3.4","2.7","-0.1","1.3","0","0","0","0","0","0","0","0","5","1942","1946","0","141","600","544","82","161","16","11","5","52","13","null","48","null","0.296","0.357","0.393","0.751","121","8/79","mclaufe01","null","null","0"
"448","Damon Buford","2.5","3.2","2.9","0.106","0.6","1.3","1.7","-4.3","0","0","0","0","0","0","0","0","9","1993","2001","0","699","2072","1853","280","448","86","9","54","218","56","35","173","430","0.242","0.311","0.385","0.697","78","*8H97D/45","buforda01","null","null","0"
"453","Marty Keough","1.4","4.1","2.7","0.096","0.3","1.7","-2.5","-5.5","0","0","0","0","0","0","0","0","11","1956","1966","0","841","2008","1796","256","434","71","23","43","176","26","19","164","318","0.242","0.309","0.379","0.688","87","*H8937","keougma01","null","null","0"
"459","Justin Maxwell","2.6","2.6","2.6","0.084","1","2.1","-0.2","-1.2","0","0","0","0","0","0","0","0","7","2007","2015","0","441","1193","1057","145","233","48","9","41","133","28","10","115","371","0.22","0.303","0.399","0.702","90","98H7/D","maxweju01","null","null","0"
"461","Jason McDonald","2.6","2.6","2.6","0.08","1.5","1.8","0.6","-0.3","0","0","0","0","0","0","0","0","4","1997","2000","0","286","822","692","113","167","27","5","11","51","33","19","105","155","0.241","0.347","0.342","0.689","83","87H9/D4","mcdonja02","null","null","0"
"464","Don Landrum","2.2","2.9","2.5","0.074","0.8","0.8","1","-2.8","0","0","0","0","0","0","0","0","8","1957","1966","0","456","1300","1160","151","272","36","8","12","75","36","14","104","200","0.234","0.307","0.31","0.617","70","8H79/4","landrdo01","null","null","0"
"466","Jim Delsing","1.5","3.4","2.4","0.07","0.3","4.7","-5.1","-7.1","0","0","0","0","0","0","0","0","10","1948","1960","0","822","2803","2461","322","627","112","21","40","286","15","23","299","251","0.255","0.339","0.366","0.705","91","*87H9","delsiji01","null","null","0"
"467","Bob Brower","2.4","2.4","2.4","0.068","1.5","1.2","0.9","0.3","0","0","0","0","0","0","0","0","4","1986","1989","0","256","667","582","104","141","21","3","17","60","29","17","69","118","0.242","0.322","0.376","0.698","90","87H/9D","browebo01","null","null","0"
"471","Brad Komminsk","2.2","2.5","2.4","0.06","1","0.7","0.6","-1.7","0","0","0","0","0","0","0","0","8","1983","1991","0","376","1119","986","140","215","37","5","23","105","39","20","114","258","0.218","0.301","0.336","0.637","76","98H7/D5","kommibr01","null","null","0"
"474","Joe Marty","2.3","2.3","2.3","0.054","0.7","5","-3.5","-4.8","0","0","0","0","0","0","0","0","5","1937","1941","0","538","2023","1832","223","478","78","22","44","222","14","17","142","187","0.261","0.318","0.4","0.717","98","*8H9/71","martyjo01","null","null","0"
"475","Jeremy Reed","1.9","2.6","2.3","0.052","0.6","1","1.3","-2.9","0","0","0","0","0","0","0","0","8","2004","2011","0","483","1376","1250","141","315","67","12","12","110","20","21","100","196","0.252","0.309","0.354","0.663","78","8H7/93D","reedje03","null","null","0"
"478","Joey Gathright","2.2","2.2","2.2","0.046","0.8","1.7","1","-2.5","0","0","0","0","0","0","0","0","7","2004","2011","0","452","1329","1175","178","309","30","7","1","96","81","30","97","212","0.263","0.328","0.303","0.631","68","*87H/D9","gathrjo01","null","null","0"
"480","Rick Bosetti","2.2","2.2","2.2","0.042","0.8","0.2","2.1","-3.2","0","0","0","0","0","0","0","0","7","1976","1982","0","445","1656","1543","172","385","70","8","17","133","30","34","79","188","0.25","0.288","0.338","0.627","72","*8H7/9D","bosetri01","null","null","0"
"481","Quinton McCracken","0.3","4.1","2.2","0.04","0.1","1.6","-1.9","-8.5","0","0","0","0","0","0","0","0","12","1995","2006","0","999","2779","2462","359","675","118","32","21","244","89","44","229","445","0.274","0.336","0.374","0.709","79","*8*H79/D","mccraqu01","null","null","0"
"483","Wayne Comer","2.1","2.1","2.1","0.036","1.1","2.4","-1.1","-0.7","0","0","0","0","0","0","0","0","5","1967","1972","0","316","808","687","119","157","22","2","16","67","22","9","106","106","0.229","0.331","0.336","0.667","91","8H79/52","comerwa01","null","null","0"
"484","Chris Duffy","2.1","2.1","2.1","0.034","1.6","1.5","1","-0.3","0","0","0","0","0","0","0","0","4","2005","2009","0","212","791","713","102","187","30","8","6","52","41","7","51","148","0.262","0.323","0.352","0.675","77","8H/79","duffych01","null","null","0"
"485","Leslie Green","2.1","2.1","2.1","0.032","3.8","2","-0.1","1","0","0","0","0","0","0","0","0","4","1939","1946","1","89","370","308","72","81","15","3","3","31","22","null","57","null","0.263","0.381","0.36","0.742","119","8/791","greenle02","null","null","0"
"487","Timo Pérez","1.5","2.7","2.1","0.028","0.4","0.3","0.1","-4.4","0","0","0","0","0","0","0","0","8","2000","2007","0","603","1825","1671","187","449","91","10","26","185","23","23","92","159","0.269","0.308","0.382","0.69","81","89H7/D3","perezti01","null","null","0"
"491","Calvin Murray","2.1","2.1","2.1","0.02","1.2","1.3","1.1","-0.1","0","0","0","0","0","0","0","0","5","1999","2004","0","288","719","633","108","146","33","4","8","54","22","11","71","111","0.231","0.315","0.333","0.648","72","8H/79D","murraca01","null","null","0"
"496","Chuck Diering","1.1","2.8","1.9","0.01","0.2","2.4","-1.7","-5.6","0","0","0","0","0","0","0","0","9","1947","1956","0","752","1921","1648","217","411","76","14","14","141","16","33","237","250","0.249","0.345","0.338","0.683","87","*8H795/6","dierich01","null","null","0"
"497","Bill Sharp","1.9","1.9","1.9","0.008","0.8","0.1","0.9","-2.3","0","0","0","0","0","0","0","0","4","1973","1976","0","398","1222","1104","122","281","52","8","9","95","3","12","75","109","0.255","0.304","0.341","0.644","83","897H/D","sharpbi01","null","null","0"
"498","Cecil Espy","1.6","2.3","1.9","0.006","0.5","0.7","0.5","-2.9","0","0","0","0","0","0","0","0","8","1983","1993","0","546","1385","1248","160","304","43","16","7","108","103","40","104","277","0.244","0.301","0.321","0.622","74","8H79/D6423","espyce01","null","null","0"
"2","Henry Aaron HOF","143.3","60.3","101.8","0.998","7","132.7","-4.6","93.2","1","8","13","5.45","1","11","16","7.5","23","1954","1976","25","3298","13941","12364","2174","3771","624","98","755","2297","240","73","1402","1383","0.305","0.374","0.555","0.928","155","*9*7*83DH4/5","aaronha01","Henry Aaron","aaronha01","1"
"3","Stan Musial HOF","128.6","64.6","96.6","0.996","6.9","125.2","-9.2","81.9","3","9","14","6.96","4","9","13","7.1","22","1941","1963","24","3026","12721","10972","1949","3630","725","177","475","1951","78","71","1599","696","0.331","0.417","0.559","0.976","159","*3*7*9*8H/1","musiast01","Stan Musial","musiast01","1"
"5","Frank Robinson HOF","107.2","52.8","80","0.992","6.2","106.9","-14.8","64.7","2","6","10","4.84","0","6","9","3.7","21","1956","1976","14","2808","11744","10006","1829","2943","528","72","586","1812","204","77","1420","1532","0.294","0.389","0.537","0.926","154","*9*7*D*3H8/5","robinfr02","Frank Robinson","robinfr02","1"
"6","Roberto Clemente HOF","95","54.5","74.7","0.99","6.3","71.7","12.2","57.4","1","4","8","2.8","0","3","7","2.9","18","1955","1972","15","2433","10212","9454","1416","3000","440","166","240","1305","83","46","621","1230","0.317","0.359","0.475","0.834","130","*9H8/745","clemero01","Roberto Clemente","clemero01","1"
"7","Al Kaline HOF","92.9","48.8","70.8","0.988","5.3","78.3","2.9","55.6","0","4","9","2.93","0","6","9","3.8","22","1953","1974","18","2834","11597","10116","1622","3007","498","75","399","1582","137","65","1277","1020","0.297","0.376","0.48","0.855","134","*9*8HD3/75","kalinal01","Al Kaline","kalinal01","1"
"10","Reggie Jackson HOF","74.1","46.9","60.5","0.982","4.3","77.3","-16.4","35.5","1","5","7","3.28","0","2","3","1.6","21","1967","1987","14","2820","11418","9864","1551","2584","463","49","563","1702","228","115","1375","2597","0.262","0.356","0.49","0.846","139","*9*D8H/7","jacksre01","Reggie Jackson","jacksre01","1"
"13","Larry Walker HOF","72.7","44.7","58.7","0.976","5.9","62.8","2","48.3","1","2","4","1.63","1","1","3","1.5","17","1989","2005","5","1988","8030","6907","1355","2160","471","62","383","1311","230","76","913","1231","0.313","0.4","0.565","0.965","141","*9H387/D45","walkela01","Larry Walker","walkela01","1"
"16","Tony Gwynn HOF","69.2","41.3","55.2","0.97","4.6","67.1","-7.5","36.8","0","1","7","1.93","1","2","4","1.8","20","1982","2001","15","2440","10232","9288","1383","3141","543","85","135","1138","319","125","790","434","0.338","0.388","0.459","0.847","132","*98H7/D","gwynnto01","Tony Gwynn","gwynnto01","1"
"17","Dwight Evans","67.2","37.4","52.3","0.968","4.2","60.5","-3.7","33.1","0","2","4","1.06","1","1","2","1.2","20","1972","1991","3","2606","10569","8996","1470","2446","483","73","385","1384","78","59","1391","1697","0.272","0.37","0.47","0.84","127","*9D3H78","evansdw01","null","null","0"
"18","Ichiro Suzuki HOF","60","43.7","51.9","0.966","3.7","47.8","5.4","24.4","1","1","4","1.38","1","2","2","1.5","19","2001","2019","10","2653","10734","9934","1420","3089","362","96","117","780","509","117","647","1080","0.311","0.355","0.402","0.757","107","*9*8H7D/1","suzukic01","Ichiro Suzuki","suzukic01","1"
"19","Reggie Smith","64.6","38.6","51.6","0.964","5.3","56.3","2.9","37.4","0","2","2","1.01","0","0","1","0.4","17","1966","1982","7","1987","8051","7033","1123","2020","363","57","314","1092","137","86","890","1030","0.287","0.366","0.489","0.855","137","*9*83H/5D47","smithre06","null","null","0"
"20","Sammy Sosa","58.6","43.8","51.2","0.962","4","50.4","-0.3","28.3","1","2","7","2.46","0","1","2","1","18","1989","2007","7","2354","9896","8813","1475","2408","379","45","609","1667","234","107","929","2306","0.273","0.344","0.534","0.878","128","*98DH/7","sosasa01","null","null","0"
"21","Dave Winfield HOF","64.2","37.9","51.1","0.96","3.5","74.1","-22.7","24.1","0","3","7","2.2","1","1","1","0.9","22","1973","1995","12","2973","12358","11003","1669","3110","540","88","465","1833","223","96","1216","1686","0.283","0.353","0.475","0.827","130","*9*7*D8H/35","winfida01","Dave Winfield","winfida01","1"
"22","Bobby Abreu","60.2","41.6","50.9","0.958","4","61.6","-10.9","28.3","0","0","0","0.17","0","0","1","0.4","18","1996","2014","2","2425","10081","8480","1453","2470","574","59","288","1363","400","128","1476","1840","0.291","0.395","0.475","0.87","128","*9DH7/8","abreubo01","null","null","0"
"23","Vladimir Guerrero HOF","59.5","41.2","50.3","0.956","4.5","59.1","-10","29.5","1","4","6","2.94","0","2","4","1.1","16","1996","2011","9","2147","9059","8155","1328","2590","477","46","449","1496","181","94","737","985","0.318","0.379","0.553","0.931","140","*9*DH/87","guerrvl01","Vladimir Guerrero","guerrvl01","1"
"24","Bobby Bonds","57.8","41.1","49.4","0.954","5.1","51.9","-1.8","31.9","0","2","2","1.01","0","1","2","0.6","14","1968","1981","3","1849","8090","7043","1258","1886","302","66","332","1024","461","169","914","1757","0.268","0.353","0.471","0.824","129","*98D7H","bondsbo01","null","null","0"
"25","Gary Sheffield","60.5","38","49.3","0.952","3.8","80.8","-27.7","26","0","3","6","2.48","0","1","2","0.7","22","1988","2009","9","2576","10947","9217","1636","2689","467","27","509","1676","253","104","1475","1171","0.292","0.393","0.514","0.907","140","*9*7*5*D6H/3","sheffga01","null","null","0"
"27","Enos Slaughter HOF","57.5","37.3","47.4","0.948","3.9","56.2","-8.2","24.4","0","3","5","2.1","0","1","2","1","19","1938","1959","10","2380","9087","7946","1247","2383","413","148","169","1304","71","60","1018","538","0.3","0.382","0.453","0.834","124","*9*7*H/8","slaugen01","Enos Slaughter","slaugen01","1"
"30","Brian Giles","51.1","37.4","44.2","0.942","4.5","54.6","-9.1","27.4","0","0","1","0.2","0","0","2","0.5","15","1995","2009","2","1847","7836","6527","1121","1897","411","55","287","1078","109","45","1183","835","0.291","0.4","0.502","0.902","137","*9*7*8HD","gilesbr02","null","null","0"
"33","Jack Clark","53.1","31.5","42.3","0.936","4.3","54.6","-12.9","25.8","0","2","4","1.16","0","1","1","0.4","18","1975","1992","4","1994","8230","6847","1118","1826","332","39","340","1180","77","61","1262","1441","0.267","0.379","0.476","0.854","137","*9*3*DH/875","clarkja01","null","null","0"
"38","Tony Oliva HOF","43.1","38.6","40.9","0.926","4.2","38.4","-4.4","20.2","0","3","5","1.9","0","4","4","1.5","15","1962","1976","8","1676","6880","6301","870","1917","329","48","220","947","86","55","448","645","0.304","0.353","0.476","0.83","131","*9*DH8/7","olivato01","Tony Oliva","olivato01","1"
"39","Rocky Colavito","44.5","35.4","40","0.924","3.9","40.4","-4.6","21.5","0","3","4","1.46","0","3","4","1.3","14","1955","1968","9","1841","7559","6503","971","1730","283","21","374","1159","19","27","951","880","0.266","0.359","0.489","0.848","132","*9*7H/31","colavro01","null","null","0"
"40","Rusty Staub","45.7","33.3","39.5","0.922","2.5","50.7","-21","7.3","0","1","1","0.37","0","0","1","0.2","23","1963","1985","6","2951","11229","9720","1189","2716","499","47","292","1466","47","33","1255","888","0.279","0.362","0.431","0.793","124","*9*D*H*37/8","staubru01","null","null","0"
"43","Dave Parker HOF","40.1","37.4","38.8","0.916","2.6","41.7","-14.8","6.5","1","5","6","3.19","0","2","3","1.4","19","1973","1991","7","2466","10184","9358","1272","2712","526","75","339","1493","154","113","683","1537","0.29","0.339","0.471","0.81","121","*9*DH78/34","parkeda01","Dave Parker","parkeda01","1"
"44","J.D. Drew","44.9","32.1","38.5","0.914","4.6","38.2","2.3","25","0","0","1","0.25","0","1","1","0.4","14","1998","2011","1","1566","6153","5173","944","1437","273","48","242","795","87","37","862","1137","0.278","0.384","0.489","0.873","125","*98H7/D","drewj.01","null","null","0"
"45","Darryl Strawberry","42.1","34.8","38.5","0.912","4.3","42","-7.3","20.9","0","2","4","1.71","0","1","2","0.6","17","1983","1999","8","1583","6326","5418","898","1401","256","38","335","1000","221","99","816","1352","0.259","0.357","0.505","0.862","138","*9DH78","strawda01","null","null","0"
"47","Felipe Alou","42.3","33.9","38.1","0.908","3.3","36.1","-3.2","13.5","0","1","2","0.46","0","0","1","0.3","17","1958","1974","3","2082","7908","7339","985","2101","359","49","206","852","107","67","423","706","0.286","0.328","0.433","0.761","113","*9*8*3*7H/56D","aloufe01","null","null","0"
"48","Bill Nicholson","42.1","33.8","38","0.906","4.1","41","-6","19.2","0","2","2","1.23","0","1","3","1.3","16","1936","1953","4","1677","6420","5546","837","1484","272","60","235","948","27","25","800","828","0.268","0.365","0.465","0.83","132","*9H7","nichobi01","null","null","0"
"49","Ken Singleton","41.8","33.7","37.8","0.904","3.3","48.5","-17.3","13.9","0","2","4","1.43","0","0","1","0.2","15","1970","1984","3","2082","8559","7189","985","2029","317","25","246","1065","21","36","1263","1246","0.282","0.388","0.436","0.824","132","*9*D7H/8","singlke01","null","null","0"
"50","José Bautista","36.8","38.2","37.5","0.902","3.3","40.3","-7.8","12.7","0","2","4","1.5","0","2","3","1.1","15","2004","2018","6","1798","7244","6051","1022","1496","312","17","344","975","70","32","1032","1394","0.247","0.361","0.475","0.836","124","*9*5DH873/4","bautijo02","null","null","0"
"54","Jesse Barfield","39.4","34.5","37","0.894","4.5","23","12.2","21.9","0","1","2","0.49","0","2","2","0.8","12","1981","1992","1","1428","5394","4759","715","1219","216","30","241","716","66","47","551","1234","0.256","0.335","0.466","0.802","117","*9H8/D7","barfije01","null","null","0"
"55","Johnny Callison","38.4","34.4","36.4","0.892","3.3","32.3","-2.8","11.2","0","1","1","0.75","0","0","2","0.5","16","1958","1973","4","1886","7437","6652","926","1757","321","89","226","840","74","51","650","1064","0.264","0.331","0.441","0.773","115","*97H/8D","callijo01","null","null","0"
"56","Tim Salmon","40.6","31.6","36.1","0.89","3.9","44.6","-11","16","0","0","2","0.51","0","0","1","0.2","14","1992","2006","0","1672","7039","5934","986","1674","339","24","299","1016","48","42","970","1360","0.282","0.385","0.498","0.884","128","*9*DH/78","salmoti01","null","null","0"
"57","José Canseco","42.5","29.6","36","0.888","3.6","45.9","-13.8","15.2","1","2","2","1.53","0","0","1","0.3","17","1985","2001","6","1887","8129","7057","1186","1877","340","14","462","1407","200","88","906","1942","0.266","0.353","0.515","0.867","132","*D*9*7H/81","cansejo01","null","null","0"
"61","Magglio Ordóñez","38.8","32","35.4","0.88","3.4","43.4","-11","11.3","0","1","2","0.93","0","1","1","0.6","15","1997","2011","6","1848","7745","6978","1076","2156","426","21","294","1236","94","50","651","852","0.309","0.369","0.502","0.871","125","*9DH/8","ordonma01","null","null","0"
"62","Tommy Henrich","39.5","31","35.3","0.878","5","36.8","-2.5","23","0","0","2","0.7","0","0","3","0.5","11","1937","1950","5","1284","5411","4603","901","1297","269","73","183","795","37","19","712","383","0.282","0.382","0.491","0.873","132","*93H87","henrito01","null","null","0"
"63","Roger Maris","38.2","32.3","35.3","0.876","4.2","34.5","-1.7","19.7","2","2","2","1.4","1","1","2","1.1","12","1957","1968","7","1463","5847","5101","826","1325","195","42","275","850","21","9","652","733","0.26","0.345","0.476","0.822","127","*98H/7","marisro01","null","null","0"
"64","David Justice","40.6","29.5","35","0.874","4.1","34.8","-2.6","18.9","0","2","2","0.8","0","0","0","0.1","14","1989","2002","3","1610","6602","5625","929","1571","280","24","305","1017","53","46","903","999","0.279","0.378","0.5","0.878","129","*9*D*73H/8","justida01","null","null","0"
"65","Kirk Gibson","38.4","30","34.2","0.872","3.8","39.2","-6.4","16.7","1","1","2","1.17","0","0","1","0.3","17","1979","1995","0","1635","6656","5798","985","1553","260","54","255","870","284","78","718","1285","0.268","0.352","0.463","0.815","123","*7*9*D*8H","gibsoki01","null","null","0"
"66","Juan González","38.7","29.2","33.9","0.87","3.7","44.2","-11.6","13.7","2","4","5","2.76","0","0","0","0.1","17","1989","2005","3","1689","7155","6556","1061","1936","388","25","434","1404","26","19","457","1273","0.295","0.343","0.561","0.904","132","*9*D*78/H","gonzaju03","null","null","0"
"67","Tommy Holmes","35.5","32.4","33.9","0.868","4.4","31.7","-0.1","16","0","1","1","0.58","1","1","1","1","11","1942","1952","1","1320","5566","4992","698","1507","292","47","88","581","40","25","480","122","0.302","0.366","0.432","0.798","122","*9*8H7","holmeto01","null","null","0"
"68","Reggie Sanders","39.8","26.7","33.3","0.866","3.6","31.8","1.8","18.2","0","0","1","0.31","0","1","1","0.5","17","1991","2007","1","1777","7043","6241","1037","1666","341","60","305","983","304","115","674","1614","0.267","0.343","0.487","0.83","115","*9*78H/D","sandere02","null","null","0"
"69","Paul O'Neill","38.9","27.4","33.2","0.864","3.1","37.3","-5.9","10.5","0","1","1","0.62","0","0","0","0.1","17","1985","2001","5","2053","8329","7318","1041","2105","451","21","281","1269","141","73","892","1166","0.288","0.363","0.47","0.833","120","*9H7/3D81","o'neipa01","null","null","0"
"70","Shawn Green","34.7","31.6","33.1","0.862","2.9","39.1","-11.7","9.6","0","1","3","0.69","0","0","3","0.6","15","1993","2007","2","1951","7963","7082","1129","2003","445","35","328","1070","162","52","744","1315","0.283","0.355","0.494","0.85","120","*93H87D","greensh01","null","null","0"
"72","Bob Allison","34.2","30","32.1","0.858","3.6","32.7","-5.2","15.4","0","0","0","0.07","1","1","2","1.1","13","1958","1970","3","1541","5924","5032","811","1281","216","53","256","796","84","50","795","1033","0.255","0.358","0.471","0.829","127","*9*783H","allisbo01","null","null","0"
"74","Roy Cullenbine","32.3","31.5","31.9","0.854","4.4","31.1","-4","17.5","0","0","1","0.19","0","0","2","0.4","10","1938","1947","2","1181","4787","3879","627","1072","209","32","110","599","26","24","853","399","0.276","0.408","0.432","0.84","132","*973H5/8","cullero01","null","null","0"
"75","Brian Jordan","32.9","30.5","31.7","0.852","3.7","17.8","10.1","15.7","0","0","1","0.22","0","0","2","0.3","15","1992","2006","1","1456","5646","5160","755","1454","267","37","184","821","119","48","353","842","0.282","0.333","0.455","0.788","105","*978H/3D5","jordabr01","null","null","0"
"76","Wally Moses","36.7","26.2","31.4","0.85","2.9","33.2","-4.2","10.7","0","0","0","0.26","0","0","0","0.2","17","1935","1951","1","2012","8256","7356","1124","2138","435","110","89","679","174","81","821","457","0.291","0.364","0.416","0.779","109","*9H8/7","moseswa01","null","null","0"
"78","Harold Baines HOF","38.8","21.4","30.1","0.846","2.2","40.7","-19.4","1.8","0","0","2","0.31","0","0","0","0","22","1980","2001","6","2830","11092","9908","1299","2866","488","49","384","1628","34","34","1062","1441","0.289","0.356","0.465","0.82","121","*D*9H8/7","baineha01","Harold Baines","baineha01","1"
"80","Carl Furillo","34.7","25.5","30.1","0.842","3.1","30.7","-2.1","7.7","0","0","2","0.43","0","0","0","0.1","15","1946","1960","2","1806","7022","6378","895","1910","324","56","192","1058","48","50","514","436","0.299","0.355","0.458","0.813","112","*9*8H7","furilca01","null","null","0"
"82","Ken Griffey","34.6","23.6","29.1","0.838","2.7","41.7","-14.5","8.5","0","0","1","0.15","0","0","0","0","19","1973","1991","3","2097","8049","7229","1129","2143","364","77","152","859","200","83","719","898","0.296","0.359","0.431","0.79","118","*9*7*H83/D","griffke01","null","null","0"
"86","Jayson Werth","29.2","27.5","28.3","0.83","3","29.3","-6.6","9.6","0","0","1","0.21","0","0","0","0","15","2002","2017","1","1583","6366","5484","883","1465","300","22","229","799","132","23","764","1450","0.267","0.36","0.455","0.816","117","*9*78H/D3","werthja01","null","null","0"
"87","Von Hayes","29.9","26.7","28.3","0.828","3.2","26.8","-2.8","9.7","0","0","1","0.12","0","0","0","0.1","12","1981","1992","1","1495","6052","5249","767","1402","282","36","143","696","253","97","712","804","0.267","0.354","0.416","0.77","113","*9*3*87H/D5","hayesvo01","null","null","0"
"88","Alex Ríos","27.4","28.2","27.8","0.826","2.6","21.2","3","3","0","0","0","0.04","0","0","1","0.2","12","2004","2015","2","1691","6929","6419","885","1778","374","63","169","794","253","77","400","1117","0.277","0.321","0.434","0.755","100","*9*8H/D7","riosal01","null","null","0"
"89","Raúl Mondesí","29.5","25.5","27.5","0.824","3.1","28.1","-3.4","9.2","0","0","0","0.02","0","0","0","0.1","13","1993","2005","1","1525","6369","5814","909","1589","319","49","271","860","229","92","475","1130","0.273","0.331","0.485","0.815","113","*987/HD","mondera01","null","null","0"
"91","Sixto Lezcano","28.3","25.9","27.1","0.82","3.5","27","-3.4","11.8","0","0","0","0.05","0","0","0","0.1","12","1974","1985","0","1291","4814","4134","560","1122","184","34","148","591","37","31","576","768","0.271","0.36","0.44","0.799","124","*97H/8D","lezcasi01","null","null","0"
"93","Hank Bauer","27.2","25.7","26.5","0.816","2.9","23.8","-3.4","9.5","0","0","1","0.36","0","0","2","0.5","14","1948","1961","3","1544","5778","5145","833","1424","229","57","164","703","50","33","521","638","0.277","0.346","0.439","0.785","113","*97H/82","bauerha01","null","null","0"
"94","Jackie Jensen","27.8","24.7","26.2","0.814","3.1","25.5","-3.9","9.3","1","1","3","1.06","0","0","1","0.2","11","1950","1961","3","1438","6080","5236","810","1463","259","45","199","929","143","55","750","546","0.279","0.369","0.46","0.829","120","*987H","jenseja01","null","null","0"
"96","Terry Puhl","28.3","23.7","26","0.81","3","23.6","-0.3","10.1","0","0","0","0","0","0","1","0.2","15","1977","1991","1","1531","5480","4855","676","1361","226","56","62","435","217","99","505","507","0.28","0.349","0.388","0.737","112","*9*8H7/3D","puhlte01","null","null","0"
"97","Elmer Valo","28.9","22.5","25.7","0.808","2.6","28.8","-6.4","10.1","0","0","0","0.01","0","0","0","0.1","20","1940","1961","0","1806","6092","5029","768","1420","228","73","58","601","110","79","942","284","0.282","0.398","0.391","0.79","115","*9*H*78","valoel01","null","null","0"
"101","Vic Wertz","26.9","21.7","24.3","0.8","2.3","27.8","-9","5.7","0","0","4","0.68","0","0","0","0.1","17","1947","1963","4","1862","7028","6099","867","1692","289","42","266","1178","9","19","828","842","0.277","0.364","0.469","0.833","122","*9*3H7/8","wertzvi01","null","null","0"
"102","Ival Goodman","24.7","23.7","24.2","0.798","3.6","21.7","-1.9","9.4","0","0","0","0.04","0","1","2","0.5","10","1935","1944","2","1107","4441","3928","609","1104","188","85","95","525","49","58","382","380","0.281","0.352","0.445","0.797","119","*9H7/8","goodmiv01","null","null","0"
"104","George Selkirk","23.5","23.2","23.3","0.794","4.5","20.5","-0.2","12.1","0","0","0","0","0","0","1","0.1","9","1934","1942","2","846","3323","2790","503","810","131","41","108","576","49","32","486","319","0.29","0.4","0.483","0.883","127","*9*7H/8","selkige01","null","null","0"
"106","Bake McBride","22.7","22.5","22.6","0.79","3.4","18.4","1.5","9.1","0","0","1","0.11","0","0","0","0","11","1973","1983","1","1071","4202","3853","548","1153","167","55","63","430","183","63","248","457","0.299","0.345","0.42","0.765","109","*9*8H/D7","mcbriba01","null","null","0"
"107","Nick Swisher","21.5","23.5","22.5","0.788","2.3","24.2","-9.2","-0.7","0","0","0","0","0","0","0","0","12","2004","2015","1","1527","6308","5369","805","1338","307","11","245","803","13","15","817","1373","0.249","0.351","0.447","0.799","113","*9*378DH/1","swishni01","null","null","0"
"108","Danny Tartabull","23.3","20.5","21.9","0.786","2.7","35.5","-18.4","3.8","0","0","0","0.11","0","0","0","0","14","1984","1997","1","1406","5842","5011","756","1366","289","22","262","925","37","30","768","1362","0.273","0.368","0.496","0.864","133","*9*DH4/675","tartada01","null","null","0"
"109","Jermaine Dye","20.3","23.3","21.8","0.784","1.9","25.1","-10.8","-5.1","0","1","1","0.44","0","0","0","0","14","1996","2009","2","1763","7214","6487","984","1779","363","25","325","1072","46","26","597","1308","0.274","0.338","0.488","0.826","111","*9D/7H836","dyeje01","null","null","0"
"110","Jim Northrup","22","21.4","21.7","0.782","2.6","21","-4.4","3.8","0","0","0","0.05","0","0","1","0.1","12","1964","1975","0","1392","5215","4692","603","1254","218","42","153","610","39","38","449","635","0.267","0.333","0.429","0.763","116","*9*8*7H3/D","northji01","null","null","0"
"112","Oscar Gamble","22.9","20.1","21.5","0.778","2.3","27.1","-12.5","5.5","0","0","0","0","0","0","0","0","17","1969","1985","0","1584","5197","4502","656","1195","188","31","200","666","47","37","610","546","0.265","0.356","0.454","0.811","127","*D*9*H78/3","gamblos01","null","null","0"
"113","Trot Nixon","21.2","21.5","21.4","0.776","3.1","19","-0.7","6.3","0","0","0","0","0","0","0","0","12","1996","2008","0","1092","4224","3627","579","995","222","28","137","555","30","13","504","689","0.274","0.364","0.464","0.828","112","*9H8/D7","nixontr01","null","null","0"
"117","Jay Buhner","23","19.1","21","0.768","2.5","30.8","-12.5","2.5","0","1","1","0.36","0","0","0","0","15","1987","2001","1","1472","5927","5013","797","1273","233","19","310","965","6","24","792","1406","0.254","0.359","0.494","0.852","124","*9HD8/73","buhneja01","null","null","0"
"121","Joe Carter","19.5","21.4","20.5","0.76","1.4","28.2","-15.8","-10.8","0","2","4","1.28","0","0","0","0.1","16","1983","1998","5","2189","9154","8422","1170","2184","432","53","396","1445","231","66","527","1387","0.259","0.306","0.464","0.771","105","*7*9*8*3DH/45","cartejo01","null","null","0"
"122","Willie Crawford","21.3","19.6","20.4","0.758","2.8","17.5","-1.3","8.4","0","0","0","0","0","0","0","0","14","1964","1977","0","1210","3926","3435","507","921","152","35","86","419","47","36","431","664","0.268","0.349","0.408","0.757","116","*9*7H8/D","crawfwi01","null","null","0"
"123","Al Smith","20.9","19.8","20.4","0.756","2.2","26.3","-9.8","1.8","0","1","2","0.83","0","0","0","0.1","15","1946","1964","3","1556","6331","5499","866","1500","263","51","168","701","70","43","687","768","0.273","0.358","0.431","0.789","114","*9*7*5H86/4","smithal04","null","null","0"
"124","Tom Brunansky","22","18.5","20.3","0.754","2","18.1","-2.6","-1.7","0","0","0","0","0","0","0","0.1","14","1981","1994","1","1800","7169","6289","804","1543","306","33","271","919","69","70","770","1187","0.245","0.327","0.434","0.761","106","*978HD3","brunato01","null","null","0"
"125","Andre Ethier","21.5","18.9","20.2","0.752","2.4","24.5","-8.1","4.9","0","0","1","0.25","0","0","0","0","12","2006","2017","2","1455","5425","4800","641","1367","303","34","162","687","29","28","519","938","0.285","0.359","0.463","0.822","122","*97H8/D3","ethiean01","null","null","0"
"128","Willard Marshall","20","19.1","19.5","0.746","2.6","19.7","-4.5","1.7","0","0","0","0.07","0","0","0","0.1","11","1942","1955","3","1246","4737","4233","583","1160","163","39","130","604","14","23","458","219","0.274","0.347","0.423","0.77","109","*97H8","marshwi01","null","null","0"
"130","Merv Rettenmund","20","18.9","19.5","0.742","3.2","17.4","-1.1","9.4","0","0","0","0.02","0","0","0","0.1","13","1968","1980","0","1023","3074","2555","393","693","114","16","66","329","68","28","445","382","0.271","0.381","0.406","0.786","123","*9*H78D/5","retteme01","null","null","0"
"132","Jeromy Burnitz","19.9","18.6","19.2","0.738","1.9","20.7","-6.4","-0.4","0","0","0","0.02","0","0","0","0","14","1993","2006","1","1694","6580","5710","917","1447","298","29","315","981","74","58","739","1376","0.253","0.345","0.481","0.826","112","*98H7/D","burnije01","null","null","0"
"133","Richard Hidalgo","19.2","18.8","19","0.736","3.1","11.7","5.3","7.1","0","0","0","0.02","0","0","0","0.1","9","1997","2005","0","987","3929","3459","531","929","214","19","171","560","48","34","358","737","0.269","0.345","0.49","0.835","110","*9*87H/D","hidalri01","null","null","0"
"135","Yasiel Puig","18.8","18.8","18.8","0.732","3.5","16","-0.1","8","0","0","0","0.04","0","0","0","0","7","2013","2019","1","861","3376","3015","441","834","159","21","132","415","79","38","297","681","0.277","0.348","0.475","0.823","122","*98H/7D","puigya01","null","null","0"
"137","Claudell Washington","19.6","17.8","18.7","0.728","1.7","26.4","-13","-5.5","0","0","0","0.07","0","0","0","0","17","1974","1990","2","1912","7367","6787","926","1884","334","69","164","824","312","134","468","1266","0.278","0.325","0.42","0.745","106","*9*7*8HD","washicl01","null","null","0"
"138","Rubén Sierra","16.8","20.6","18.7","0.726","1.2","23.5","-15.7","-12.9","0","1","2","0.75","0","0","1","0.2","20","1986","2006","4","2186","8782","8044","1084","2152","428","59","306","1322","142","52","610","1239","0.268","0.315","0.45","0.765","105","*9*D7H8","sierrru01","null","null","0"
"141","Floyd Robinson","17.9","18.6","18.2","0.72","2.9","18.6","-5.3","6.2","0","0","1","0.18","0","0","0","0","9","1960","1968","0","1011","3770","3284","458","929","140","36","67","426","42","21","408","282","0.283","0.365","0.409","0.773","118","*97H/8","robinfl01","null","null","0"
"142","Wally Post","18.1","18.2","18.2","0.718","2.4","18.6","-4.8","1.4","0","0","0","0.07","0","0","0","0.1","15","1949","1964","0","1204","4398","4007","594","1064","194","28","210","699","19","13","331","813","0.266","0.323","0.485","0.808","110","*97H/8","postwa01","null","null","0"
"143","George Case","17.9","18.4","18.1","0.716","2.4","15.5","-2.5","1.3","0","0","1","0.35","0","0","0","0.1","11","1937","1947","3","1226","5516","5016","785","1415","233","43","21","377","349","109","426","297","0.282","0.341","0.358","0.699","95","*7*98H","casege01","null","null","0"
"147","Bernie Carbo","18.4","16.7","17.6","0.708","3","15.5","-1.5","7.2","0","0","0","0","0","0","0","0","12","1969","1980","0","1010","3320","2733","372","722","140","9","96","358","26","18","538","611","0.264","0.387","0.427","0.814","126","*97HD/5","carbobe01","null","null","0"
"152","Ellis Valentine","17.1","17.5","17.3","0.698","3.1","12.3","1.1","6","0","0","0","0.01","0","0","1","0.1","10","1975","1985","1","894","3392","3166","380","881","169","15","123","474","59","37","180","462","0.278","0.315","0.458","0.773","113","*98H/7D","valenel01","null","null","0"
"153","Jeff Burroughs","17.8","16.4","17.1","0.696","1.7","29.1","-19.1","-3.6","1","1","1","0.79","0","0","0","0","16","1970","1985","2","1689","6449","5536","720","1443","230","20","240","882","16","22","831","1135","0.261","0.355","0.439","0.795","121","*9*7DH/3","burroje01","null","null","0"
"156","Michael Cuddyer","17.8","15.4","16.6","0.69","1.9","27.8","-15","-3.2","0","0","0","0.02","0","0","0","0","15","2001","2015","2","1536","6102","5488","809","1522","333","42","197","794","75","22","527","1101","0.277","0.344","0.461","0.805","113","*935H47D/81","cuddymi01","null","null","0"
"157","Taffy Wright","16.8","16.4","16.6","0.688","2.6","16.9","-4.2","4.3","0","0","0","0.03","0","0","0","0","9","1938","1949","0","1029","3982","3583","465","1115","175","55","38","553","32","33","346","155","0.311","0.376","0.423","0.799","115","*97H","wrighta01","null","null","0"
"158","Orlando Merced","16.2","16.7","16.4","0.686","1.9","12.3","-1.9","2","0","0","0","0","0","0","0","0","13","1990","2003","0","1391","4532","3998","564","1108","229","28","103","585","57","29","487","661","0.277","0.355","0.426","0.781","107","*9*3*H7/D52","merceor01","null","null","0"
"159","Tony Armas","15.8","17","16.4","0.684","1.8","12.8","0.4","-2","0","1","2","0.64","0","0","0","0.1","14","1976","1989","2","1432","5502","5164","614","1302","204","39","251","815","18","20","260","1201","0.252","0.287","0.453","0.74","103","*9*87DH/36","armasto01","null","null","0"
"162","Kevin Bass","14.7","17.4","16.1","0.678","1.5","14.6","-5.3","-2.9","0","0","1","0.22","0","0","1","0.1","14","1982","1995","1","1571","5291","4839","609","1308","248","40","118","611","151","73","357","668","0.27","0.323","0.411","0.735","105","*9*H78/D","basske01","null","null","0"
"164","Pete Fox","16.3","15.5","15.9","0.674","1.8","15.6","-4.7","-4.2","0","0","0","0.08","0","0","0","0","13","1933","1945","1","1461","6169","5636","895","1678","314","75","65","693","158","81","392","471","0.298","0.347","0.415","0.762","98","*98H7","foxpe01","null","null","0"
"165","Jay Johnstone","16.5","15.4","15.9","0.672","1.5","13.5","-1.7","-1.1","0","0","0","0","0","0","0","0","20","1966","1985","0","1748","5229","4703","578","1254","215","38","102","531","50","54","429","632","0.267","0.329","0.394","0.722","103","*9*8*H73/D4","johnsja01","null","null","0"
"167","Al Cowens","15.2","15.8","15.5","0.668","1.6","14.5","-4.2","-4.9","0","1","1","0.55","0","0","0","0","13","1974","1986","0","1584","6038","5534","704","1494","276","68","108","717","120","74","389","659","0.27","0.319","0.403","0.722","99","*98HD7/5","cowenal01","null","null","0"
"172","Corey Hart","14.4","16","15.2","0.658","2.2","15.5","-5.6","1.9","0","0","0","0","0","0","0","0","11","2004","2015","2","1048","4114","3729","549","1009","221","33","162","538","85","40","286","853","0.271","0.329","0.478","0.806","112","*93HD8/7","hartco01","null","null","0"
"173","Mike Davis","14.5","15.7","15.1","0.656","2.4","10.7","0.8","3.9","0","0","0","0","0","0","0","0","10","1980","1989","0","963","3298","2999","419","778","161","16","91","371","134","56","236","537","0.259","0.313","0.415","0.728","104","*9H87D/3","davismi02","null","null","0"
"175","Wally Westlake","14.8","15.2","15","0.652","2.5","14.3","-2","1.5","0","0","0","0","0","0","0","0","10","1947","1956","1","958","3496","3117","474","848","107","33","127","539","19","30","317","453","0.272","0.345","0.45","0.795","111","*9*87H5","westlwa01","null","null","0"
"179","Derek Bell","13.2","16.4","14.8","0.644","1.8","15.2","-4.6","-2.3","0","0","0","0.03","0","0","0","0","11","1991","2001","0","1210","5068","4578","642","1262","232","15","134","668","170","51","377","955","0.276","0.336","0.421","0.757","100","*9*8H7/5D1","bellde01","null","null","0"
"184","Matt Lawton","15.2","13.7","14.4","0.634","1.8","21.1","-10.1","-3.8","0","0","0","0","0","0","0","0","12","1995","2006","2","1334","5570","4763","756","1273","267","17","138","631","165","66","681","613","0.267","0.368","0.417","0.785","105","*9*78HD","lawtoma02","null","null","0"
"185","Cody Ross","13.5","15.3","14.4","0.632","2","10.5","0.5","1.6","0","0","0","0","0","0","0","0","12","2003","2015","0","1073","3806","3453","449","904","211","13","132","508","33","13","282","800","0.262","0.322","0.445","0.768","104","*9*87H/D1","rossco01","null","null","0"
"186","Glenn Wilson","13","15.1","14.1","0.63","1.8","4.8","3.6","-1.9","0","0","0","0","0","0","0","0","10","1982","1993","1","1201","4468","4151","451","1098","209","26","98","521","27","25","253","672","0.265","0.306","0.398","0.704","93","*97H8/3D51","wilsogl01","null","null","0"
"187","Austin Kearns","13","15.1","14","0.628","1.9","10.6","-1.5","0","0","0","0","0","0","0","0","0","12","2002","2013","0","1125","4179","3606","522","914","187","13","121","494","33","21","475","898","0.253","0.351","0.413","0.764","102","*97H8/D3","kearnau01","null","null","0"
"188","Mark Whiten","14.1","13.9","14","0.626","2.4","9.7","1.2","2.5","0","0","0","0","0","0","0","0","11","1990","2000","0","939","3523","3104","465","804","129","20","105","423","78","40","378","712","0.259","0.341","0.415","0.756","102","*97H8/D1","whitema01","null","null","0"
"189","Jim Eisenreich","13.2","14.5","13.9","0.624","1.5","13.1","-4.4","-0.9","0","0","0","0","0","0","0","0","15","1982","1998","0","1422","4391","3995","492","1160","221","39","52","477","105","38","324","435","0.29","0.341","0.404","0.746","103","*9*7*H8D3","eisenji01","null","null","0"
"190","George Altman","13.1","14.3","13.7","0.622","2.1","13.1","-3.5","-0.1","0","0","0","0.04","0","0","0","0","9","1959","1967","3","991","3420","3091","409","832","132","34","101","403","52","22","268","572","0.269","0.329","0.432","0.761","106","*97H83","altmage01","null","null","0"
"192","Matt Stairs","14.1","12.9","13.5","0.618","1.2","23","-17","-6.4","0","0","0","0.01","0","0","0","0","19","1992","2011","0","1895","6024","5204","770","1366","294","13","265","899","30","24","717","1122","0.262","0.356","0.477","0.832","117","*9*H*D37/84","stairma01","null","null","0"
"194","Rob Deer","13.8","12.8","13.3","0.614","1.9","15","-5.2","-1.4","0","0","0","0","0","0","0","0","11","1984","1996","0","1155","4513","3881","578","853","148","13","230","600","43","31","575","1409","0.22","0.324","0.442","0.766","109","*97H3/D8","deerro01","null","null","0"
"195","Ron Northey","13.9","12.7","13.3","0.612","2.1","18.2","-8.3","1","0","0","0","0.04","0","0","0","0","12","1942","1957","0","1084","3567","3172","385","874","172","28","108","513","7","11","361","297","0.276","0.352","0.45","0.801","124","*9H/75","northro01","null","null","0"
"196","Leon Roberts","12.2","14.3","13.2","0.61","2.2","10","-1","1.8","0","0","0","0.01","0","0","0","0","11","1974","1984","0","900","3066","2737","342","731","126","28","78","328","26","25","256","428","0.267","0.332","0.419","0.751","109","*97HD/81","roberle01","null","null","0"
"199","Greg Gross","12.5","13.4","12.9","0.604","1.1","11.8","-5","-1.8","0","0","0","0","0","0","0","0","17","1973","1989","0","1809","4355","3745","449","1073","130","46","7","308","39","44","523","250","0.287","0.372","0.351","0.723","103","*H*7*983/1","grossgr01","null","null","0"
"200","Johnny Wyrostek","12","13.9","12.9","0.602","1.6","13.5","-5.1","-6.7","0","0","0","0.05","0","0","0","0","11","1942","1954","2","1221","4786","4240","525","1149","209","45","58","481","33","43","482","437","0.271","0.349","0.383","0.731","98","*9*8H7/354","wyrosjo01","null","null","0"
"201","Tony Conigliaro","12.4","13.3","12.9","0.6","2.3","16","-7.5","0.3","0","0","0","0","0","0","0","0","8","1964","1975","1","876","3591","3221","464","849","139","23","166","516","20","23","287","629","0.264","0.327","0.476","0.803","119","*97/8HD","conigto01","null","null","0"
"202","Will Venable","12.9","12.8","12.8","0.598","2.2","9.8","0.9","3.1","0","0","0","0","0","0","0","0","9","2008","2016","0","967","3146","2836","378","707","118","39","81","307","135","31","254","748","0.249","0.315","0.404","0.719","102","*9*8H7/3","venabwi01","null","null","0"
"203","Iván Calderón","11.9","13.4","12.7","0.596","2.1","12.4","-4.4","-0.1","0","0","0","0","0","0","0","0","10","1984","1993","1","924","3672","3312","470","901","200","25","104","444","97","49","306","556","0.272","0.333","0.442","0.775","113","*9*7DH3/8","caldeiv01","null","null","0"
"205","Ryan Ludwick","11.2","13.5","12.3","0.592","1.7","11.6","-4.6","-1.2","0","0","0","0.04","0","0","0","0.1","12","2002","2014","1","1065","3986","3549","454","923","201","8","154","587","17","20","339","888","0.26","0.33","0.451","0.781","109","*9*7H8/D","ludwiry01","null","null","0"
"207","Dan Ford","11.9","12.4","12.1","0.588","1.7","17.6","-8.5","-3.3","0","0","0","0","0","0","0","0","11","1975","1985","0","1153","4582","4163","598","1123","214","38","121","566","61","37","303","722","0.27","0.324","0.427","0.75","109","*98HD/7","fordda01","null","null","0"
"209","Joel Youngblood","10.6","13.2","11.9","0.584","1.2","12.3","-4.2","-3.2","0","0","0","0","0","0","0","0","14","1976","1989","1","1408","4078","3659","453","969","180","23","80","422","60","55","332","589","0.265","0.329","0.392","0.721","103","*9*H7548/362","youngjo02","null","null","0"
"210","Gene Hermanski","11.1","12.4","11.7","0.582","2.4","10","-1.4","2.1","0","0","0","0","0","0","0","0","9","1943","1953","0","739","2296","1960","276","533","85","18","46","259","43","18","289","212","0.272","0.372","0.404","0.776","107","*97H/8","hermage01","null","null","0"
"212","José Guillén","6.4","16.4","11.4","0.578","0.6","12.1","-12.3","-14.9","0","0","0","0","0","0","0","0","14","1997","2010","0","1650","6418","5888","748","1591","305","25","214","887","31","26","321","1103","0.27","0.321","0.44","0.761","99","*97DH/8","guilljo01","null","null","0"
"215","Ollie Brown","10.3","12","11.2","0.572","1.4","9.6","-4.8","-3.5","0","0","0","0","0","0","0","0","13","1965","1977","0","1221","4012","3642","404","964","144","11","102","454","30","27","314","616","0.265","0.324","0.394","0.718","103","*9HD78/5","brownol02","null","null","0"
"216","Chet Laabs","10.7","11.6","11.1","0.57","1.8","12","-4.3","-0.5","0","0","0","0.05","0","0","0","0","11","1937","1947","1","950","3539","3102","467","813","151","44","117","509","32","22","389","595","0.262","0.346","0.452","0.798","113","*789H","laabsch01","null","null","0"
"217","Pat Mullin","10.6","11.6","11.1","0.568","2","11.2","-3.5","2","0","0","0","0","0","0","0","0","10","1940","1953","2","864","2849","2493","383","676","106","43","87","385","20","27","330","312","0.271","0.358","0.453","0.811","115","*9H78","mullipa01","null","null","0"
"219","Jim King","11.1","10.9","11","0.564","1.6","10","-2.6","0.1","0","0","0","0","0","0","0","0","11","1955","1967","0","1125","3339","2918","374","699","112","19","117","401","23","8","363","401","0.24","0.326","0.411","0.737","104","*9*H7/82","kingji01","null","null","0"
"220","Hank Edwards","10.9","11.1","11","0.562","2.4","10.7","-2.3","2.9","0","0","0","0","0","0","0","0","11","1941","1953","0","735","2410","2191","285","613","116","41","51","276","9","23","208","264","0.28","0.343","0.44","0.783","118","*9H78","edwarha01","null","null","0"
"221","Chris Denorfia","10.9","10.9","10.9","0.56","2.2","5.9","2","3.4","0","0","0","0","0","0","0","0","10","2005","2015","0","808","2385","2162","289","587","103","17","41","196","56","20","187","408","0.272","0.33","0.392","0.722","103","*97H8/D1","denorch01","null","null","0"
"222","Pat Kelly","11.7","10","10.9","0.558","1.4","17.1","-11.3","-5.8","0","0","0","0","0","0","0","0","15","1967","1981","1","1385","5013","4338","620","1147","189","35","76","418","250","118","588","768","0.264","0.354","0.377","0.731","107","*9H7D8","kellypa01","null","null","0"
"227","Nori Aoki","10.5","10.5","10.5","0.548","2.2","10.2","-2.5","0.4","0","0","0","0","0","0","0","0","6","2012","2017","0","758","3044","2716","377","774","135","22","33","219","98","44","234","258","0.285","0.35","0.387","0.738","102","*97H8/D1","aokino01","null","null","0"
"229","Walt Moryn","9.9","10.8","10.4","0.544","2.1","9.7","-2.6","-0.8","0","0","0","0","0","0","0","0","8","1954","1961","1","785","2803","2506","324","667","116","16","101","354","7","7","251","393","0.266","0.335","0.446","0.781","108","*9*7H/8","morynwa01","null","null","0"
"230","Darren Bragg","9","11.4","10.2","0.542","1.6","3.5","4","-0.3","0","0","0","0","0","0","0","0","11","1994","2004","0","916","2835","2461","341","627","145","14","46","260","56","24","304","570","0.255","0.34","0.381","0.721","85","*98H7/D5","braggda01","null","null","0"
"232","Otto Vélez","9.9","10.5","10.2","0.538","2.5","9.7","-3.5","2.6","0","0","0","0","0","0","0","0","11","1973","1983","0","637","2174","1802","244","452","87","11","78","272","6","10","336","414","0.251","0.369","0.441","0.81","123","D9H73/5","velezot01","null","null","0"
"233","Willie Kirkland","9.5","10.8","10.2","0.536","1.3","8","-2.7","-3.6","0","0","0","0","0","0","0","0","9","1958","1966","0","1149","3882","3494","443","837","134","29","148","509","52","19","323","648","0.24","0.304","0.422","0.726","98","*9H78","kirklwi01","null","null","0"
"234","Mike Marshall","10.1","10","10","0.534","1.6","14.1","-9","-3.3","0","0","0","0.03","0","0","0","0","11","1981","1991","1","1035","3908","3593","433","971","173","8","148","530","26","33","247","810","0.27","0.321","0.446","0.768","115","*937H/D5","marshmi02","null","null","0"
"237","Jeff Francoeur","6.7","13","9.9","0.528","0.7","1.7","-0.5","-11.4","0","0","0","0","0","0","0","0","12","2005","2016","0","1480","5661","5260","626","1373","281","27","160","698","54","39","284","1080","0.261","0.303","0.416","0.719","91","*9H7/D851","francje02","null","null","0"
"239","Jeffrey Hammonds","8.6","10.3","9.5","0.524","1.5","9.5","-3","-2.3","0","0","0","0","0","0","0","0","13","1993","2005","1","957","3404","3032","475","824","172","17","110","423","67","30","292","596","0.272","0.338","0.449","0.787","99","*987H/D","hammoje01","null","null","0"
"242","Ryan Church","9.1","9.1","9.1","0.518","2.3","5.9","1.6","2.7","0","0","0","0","0","0","0","0","7","2004","2010","0","654","2128","1894","251","500","134","7","56","267","21","10","188","459","0.264","0.336","0.431","0.767","103","97H8/D","churcry01","null","null","0"
"246","Lee Walls","8.1","9.4","8.7","0.51","1.5","8.6","-2.9","-2.9","0","0","0","0","0","0","0","0","10","1952","1964","1","902","2868","2558","331","670","88","31","66","284","21","18","245","470","0.262","0.329","0.398","0.726","96","*9H7583/2","wallsle01","null","null","0"
"247","Michael Tucker","8.1","9.3","8.7","0.508","0.9","7.9","-4.2","-6.8","0","0","0","0","0","0","0","0","12","1995","2006","0","1417","4686","4083","625","1047","208","49","125","528","114","56","490","960","0.256","0.339","0.423","0.763","95","*9*7H8D/34","tuckemi01","null","null","0"
"248","Cal Abrams","8.5","8.9","8.7","0.506","2.4","8.8","-2","1.7","0","0","0","0","0","0","0","0","8","1949","1956","0","567","1943","1611","257","433","64","19","32","138","12","20","304","290","0.269","0.386","0.392","0.778","113","9H87/3","abramca01","null","null","0"
"249","Ben Grieve","8.4","8.9","8.7","0.504","1.4","16.1","-11","-4.6","0","0","0","0","0","0","0","0","9","1997","2005","1","976","3743","3215","471","864","192","5","118","492","24","5","466","784","0.269","0.367","0.442","0.809","113","*9*7HD","grievbe01","null","null","0"
"250","Frank Baumholtz","8.1","9.1","8.6","0.502","1.3","9.7","-4.3","-6.4","0","0","0","0.05","0","0","0","0","10","1947","1957","0","1019","3810","3477","450","1010","165","51","25","272","30","38","258","258","0.29","0.342","0.389","0.73","95","*98H7","baumhfr01","null","null","0"
"252","Ron Swoboda","8","9.1","8.6","0.498","1.4","7.4","-3.5","-2.5","0","0","0","0","0","0","0","0","9","1965","1973","0","928","2924","2581","285","624","87","24","73","344","20","14","299","647","0.242","0.324","0.379","0.703","101","*97H8/3D","swoboro01","null","null","0"
"254","Gerónimo Berroa","7.4","9.1","8.3","0.494","1.5","8.5","-5.2","-2.3","0","0","0","0","0","0","0","0","11","1989","2000","0","779","2825","2506","379","692","113","9","101","382","19","16","276","510","0.276","0.349","0.449","0.798","109","*D9H7/3","berroge01","null","null","0"
"255","Al Zarilla","6.9","9.5","8.2","0.492","1","9.5","-7.2","-5.1","0","0","0","0.03","0","0","0","0","10","1943","1953","1","1120","4034","3535","507","975","186","43","61","456","33","33","415","382","0.276","0.357","0.405","0.761","103","*97H8","zarilal01","null","null","0"
"256","Leroy Stanton","6.7","9.6","8.2","0.49","1.3","7.1","-3.9","-3.4","0","0","0","0","0","0","0","0","9","1970","1978","0","829","2883","2575","294","628","114","13","77","358","36","27","236","636","0.244","0.311","0.388","0.699","103","*97HD8","stantle01","null","null","0"
"257","Ed Stone","8.8","7.5","8.2","0.488","3.7","8.4","-1.3","4.1","0","0","0","0","0","0","0","0.2","12","1934","1946","3","385","1628","1424","271","445","63","33","28","253","21","null","179","null","0.313","0.39","0.462","0.852","128","*97/58436","stoneed01","null","null","0"
"260","Jim Rivera","6.8","8.4","7.6","0.482","0.9","5.6","-2.8","-5.6","0","0","0","0","0","0","0","0","10","1952","1961","0","1171","4008","3552","503","911","155","56","83","422","160","70","365","523","0.256","0.328","0.402","0.729","96","*9*8H73","riverji01","null","null","0"
"261","Ken Harrelson","6.6","8.6","7.6","0.48","1.2","10.3","-8.5","-4.7","0","1","1","0.37","0","0","0","0","9","1963","1971","1","900","3364","2941","374","703","94","14","131","421","53","30","382","577","0.239","0.325","0.414","0.74","110","*39H7","harreke01","null","null","0"
"263","Joe Orsulak","5.4","9.5","7.5","0.476","0.6","6.4","-5.8","-10.1","0","0","0","0","0","0","0","0","14","1983","1997","0","1494","4714","4293","559","1173","186","37","57","405","93","60","318","402","0.273","0.324","0.374","0.698","93","*9*7*H8/3D","orsuljo01","null","null","0"
"264","Ryan Sweeney","6.9","7.7","7.3","0.474","1.6","6.2","-0.3","-1.3","0","0","0","0","0","0","0","0","9","2006","2014","0","682","2338","2118","265","584","124","14","23","224","18","9","183","342","0.276","0.333","0.38","0.713","94","*987H/D","sweenry01","null","null","0"
"265","Alex Ochoa","6.4","8.2","7.3","0.472","1.3","4.3","-0.5","-1","0","0","0","0","0","0","0","0","8","1995","2002","0","807","2387","2143","320","597","131","19","46","261","56","38","203","288","0.279","0.344","0.422","0.766","97","*97H/8D","ochoaal01","null","null","0"
"268","Félix José","6.4","7.9","7.1","0.466","1.4","6.7","-2.9","-2.8","0","0","0","0","0","0","0","0","11","1988","2003","1","747","2756","2527","322","708","135","14","54","324","102","57","203","507","0.28","0.334","0.409","0.743","103","*9H78/D","josefe01","null","null","0"
"271","John Vander Wal","6.2","7.8","7","0.46","0.7","6.2","-4","-3.4","0","0","0","0","0","0","0","0","14","1991","2004","0","1372","3166","2751","374","717","170","18","97","430","38","20","385","698","0.261","0.351","0.441","0.792","104","*H*973D/8","vandejo02","null","null","0"
"274","Dante Bichette","5.7","8.1","6.9","0.454","0.5","15.1","-16.2","-15.9","0","1","1","0.71","0","0","0","0","14","1988","2001","4","1704","6856","6381","934","1906","401","27","274","1141","152","73","355","1078","0.299","0.336","0.499","0.835","107","*9*7HD8/5","bicheda01","null","null","0"
"277","Jim Dwyer","6.1","7.3","6.7","0.448","0.7","7.4","-6.1","-4.3","0","0","0","0","0","0","0","0","18","1973","1990","0","1328","3234","2761","409","719","115","17","77","349","26","15","402","402","0.26","0.353","0.398","0.751","107","*H*97D83","dwyerji01","null","null","0"
"278","Don Mueller","4.2","9.1","6.7","0.446","0.6","7.2","-7.4","-13.1","0","0","0","0.09","0","0","0","0","12","1948","1959","2","1245","4595","4364","499","1292","139","37","65","520","11","9","167","146","0.296","0.322","0.39","0.712","89","*9H7/8","muelldo01","null","null","0"
"279","Mike Lum","5.2","7.8","6.5","0.444","0.6","-0.1","-0.1","-7.9","0","0","0","0","0","0","0","0","15","1967","1981","0","1517","3999","3554","404","877","128","20","90","431","13","29","366","506","0.247","0.319","0.37","0.689","89","*H*7*938","lummi01","null","null","0"
"280","Art Shamsky","6","6.9","6.4","0.442","1.5","5.4","-2.1","-0.7","0","0","0","0","0","0","0","0","8","1965","1972","0","665","1913","1686","194","426","60","15","68","233","5","7","188","254","0.253","0.33","0.427","0.757","110","9H73","shamsar01","null","null","0"
"281","Bobby Kielty","6.4","6.4","6.4","0.44","1.7","6.2","-1.9","-1","0","0","0","0","0","0","0","0","7","2001","2007","0","599","2084","1792","257","456","105","6","53","253","21","6","246","372","0.254","0.348","0.408","0.757","99","97HD8/3","kieltbo01","null","null","0"
"284","Jay Gibbons","5.5","7","6.3","0.434","1.1","6.2","-4.5","-5.8","0","0","0","0","0","0","0","0","9","2001","2011","0","840","3177","2917","364","759","166","7","127","427","2","7","224","442","0.26","0.315","0.453","0.767","102","*9D73H","gibboja01","null","null","0"
"291","Johnny Barrett","6.1","6.1","6.1","0.42","1.7","6.7","-2.4","-0.8","0","0","0","0.04","0","0","0","0","5","1942","1946","0","588","2108","1811","303","454","82","32","23","220","69","29","265","201","0.251","0.349","0.369","0.718","101","*98H/7","barrejo01","null","null","0"
"293","Junior Félix","6","6","6","0.416","1.7","8.2","-2.8","-2","0","0","0","0","0","0","0","0","6","1989","1994","0","585","2340","2132","309","562","105","24","55","280","49","40","158","509","0.264","0.317","0.413","0.73","99","*98/HD7","felixju01","null","null","0"
"295","Rob Mackowiak","5.5","6.1","5.8","0.412","1","5","-0.6","-2.7","0","0","0","0","0","0","0","0","8","2001","2008","0","856","2618","2328","307","603","111","18","64","286","49","17","227","586","0.259","0.332","0.405","0.736","91","9H5874/3D","mackoro01","null","null","0"
"296","Harry Simpson","5.5","6.1","5.8","0.41","0.9","7.1","-5.5","-5.7","0","0","0","0.11","0","0","0","0","11","1946","1959","1","1012","3594","3239","414","870","120","45","76","434","23","18","312","429","0.269","0.334","0.404","0.738","102","*938H7/451","simpsha01","null","null","0"
"297","R.J. Reynolds","5.6","5.9","5.8","0.408","1.2","5.1","-2.3","-2.9","0","0","0","0","0","0","0","0","8","1983","1990","0","786","2512","2270","288","605","121","17","35","294","109","29","190","419","0.267","0.321","0.381","0.702","97","*97H8","reynor.01","null","null","0"
"299","Pat Sheridan","5.4","6","5.7","0.404","1","4.6","-1.2","-3.3","0","0","0","0","0","0","0","0","9","1981","1991","0","876","2702","2419","319","611","91","21","51","257","86","35","236","501","0.253","0.319","0.371","0.69","91","*98H7/D","sheripa01","null","null","0"
"303","Jeff DaVanon","5.2","5.7","5.4","0.396","1.6","4","0.2","0","0","0","0","0","0","0","0","0","8","1999","2007","0","528","1505","1288","205","333","57","13","33","150","59","23","185","268","0.259","0.349","0.4","0.749","97","98HD7","davanje02","null","null","0"
"305","Joe Lahoud","4.1","6.5","5.3","0.392","0.8","4.4","-3.7","-3.9","0","0","0","0","0","0","0","0","11","1968","1978","0","791","2265","1925","239","429","68","12","65","218","20","20","309","339","0.223","0.334","0.372","0.706","104","9H7D/83","lahoujo01","null","null","0"
"308","David Whatley","5.2","5.2","5.2","0.386","3.7","5.2","-1","2.5","0","0","0","0","0","0","0","0.1","7","1937","1944","0","227","967","884","174","292","45","20","12","105","28","0","70","null","0.33","0.382","0.467","0.849","134","9/874","whatlda01","null","null","0"
"309","Ed Steele","5.2","5.2","5.2","0.384","7.4","5.6","-0.9","3.9","0","0","0","0","0","0","3","0.7","7","1942","1948","0","114","478","395","90","142","22","15","9","78","15","null","59","null","0.359","0.462","0.559","1.021","192","9/87","steeled01","null","null","0"
"314","Jon Nunnally","5.1","5.1","5.1","0.374","2.3","3.6","0.7","1.8","0","0","0","0","0","0","0","0","6","1995","2000","0","364","1049","885","162","218","47","12","42","125","19","12","146","239","0.246","0.354","0.469","0.823","111","9H87/D","nunnajo01","null","null","0"
"317","Brad Hawpe","4.5","5.6","5","0.368","0.8","11.2","-10.2","-5.8","0","0","0","0","0","0","0","0","9","2004","2013","1","910","3401","2934","400","806","176","23","124","492","13","16","430","810","0.275","0.368","0.477","0.845","113","*9H3/D7","hawpebr01","null","null","0"
"318","Keith Moreland","3.5","6.5","5","0.366","0.4","11.8","-12","-14.1","0","0","0","0.02","0","0","0","0","12","1978","1989","0","1306","5082","4581","511","1279","214","14","121","674","28","33","405","515","0.279","0.335","0.411","0.746","104","*95237HD","morelke01","null","null","0"
"319","Turner Ward","4.4","5.6","5","0.364","1.1","2.2","1.2","-1.4","0","0","0","0","0","0","0","0","12","1990","2001","0","626","1790","1548","210","389","73","11","39","219","33","15","186","247","0.251","0.332","0.388","0.721","87","987H/D35","wardtu01","null","null","0"
"321","Xavier Nady","3.8","6.2","5","0.36","0.6","4.2","-4.3","-6.2","0","0","0","0","0","0","0","0","12","2000","2014","0","961","3241","2969","365","797","159","7","104","410","19","8","189","626","0.268","0.323","0.432","0.755","99","*93H78/D5","nadyxa01","null","null","0"
"322","Nate Schierholtz","4.6","5.3","5","0.358","0.9","2.3","-0.2","-2.4","0","0","0","0","0","0","0","0","8","2007","2014","0","799","2275","2090","238","529","118","22","52","228","30","22","134","408","0.253","0.302","0.405","0.707","92","*9H/78D","schiena01","null","null","0"
"324","Bobby Darwin","4.5","5.2","4.8","0.354","1.1","7.3","-5.1","-4.8","0","0","0","0","0","0","0","0","9","1962","1977","0","646","2436","2224","250","559","76","16","83","328","15","9","160","577","0.251","0.311","0.412","0.723","104","*98HD7/1","darwibo01","null","null","0"
"328","Gabe Gross","4.6","4.6","4.6","0.346","1.1","2.6","0.4","-1.1","0","0","0","0","0","0","0","0","7","2004","2010","0","657","1682","1461","203","349","78","8","40","186","22","10","199","349","0.239","0.33","0.385","0.716","88","*9H78/D","grossga01","null","null","0"
"334","Lou Clinton","4","5.1","4.5","0.334","0.9","3.5","-2.1","-3.3","0","0","0","0","0","0","0","0","8","1960","1967","0","691","2379","2153","270","532","112","31","65","269","12","7","188","418","0.247","0.308","0.418","0.726","100","*9H/78","clintlo01","null","null","0"
"336","Bob Thurman","4.2","4.6","4.4","0.33","1.5","4.6","-1.5","-1.9","0","0","0","0","0","0","0","0","8","1946","1959","0","448","1123","1025","165","282","37","18","43","169","11","4","83","112","0.275","0.334","0.472","0.806","113","H97/138","thurmbo01","null","null","0"
"337","Kosuke Fukudome","4.4","4.4","4.4","0.328","1.2","4.9","-2","-2.7","0","0","0","0","0","0","0","0","5","2008","2012","1","596","2276","1929","264","498","111","13","42","195","29","29","307","402","0.258","0.359","0.395","0.754","99","*98H/7D","fukudko01","null","null","0"
"338","Mike Anderson","4.3","4.3","4.3","0.326","1","-0.8","2.8","-0.9","0","0","0","0","0","0","0","0","9","1971","1979","0","721","1675","1490","159","367","67","11","28","134","8","12","161","343","0.246","0.319","0.362","0.681","88","*9H78/31","andermi01","null","null","0"
"339","Bubba Morton","4.3","4.3","4.3","0.324","1.5","3.6","-0.5","0.7","0","0","0","0","0","0","0","0","7","1961","1969","0","451","1065","928","117","248","37","8","14","128","7","7","111","143","0.267","0.351","0.37","0.72","107","9H87/35","mortobu01","null","null","0"
"340","Bubba Trammell","4.2","4.2","4.2","0.322","1.2","6.5","-4.7","-2.4","0","0","0","0","0","0","0","0","7","1997","2003","0","584","2034","1798","243","469","96","7","82","285","10","10","210","325","0.261","0.339","0.459","0.798","109","97HD","trammbu01","null","null","0"
"341","David Green","4.2","4.2","4.2","0.32","1.4","2.1","-0.1","-1","0","0","0","0","0","0","0","0","6","1981","1987","0","489","1505","1398","168","374","48","18","31","180","68","35","84","278","0.268","0.308","0.394","0.702","96","398H/7","greenda03","null","null","0"
"344","Bob Harvey","4.1","4.1","4.1","0.314","2.9","4.1","-1.1","1.4","0","0","0","0","0","0","0","0.1","6","1943","1948","1","224","869","775","113","245","37","11","9","119","5","null","80","null","0.316","0.382","0.427","0.809","124","97/8","harvebo01","null","null","0"
"348","Lee Thomas","3","4.9","3.9","0.306","0.5","4.3","-6.2","-8.9","0","0","0","0.11","0","0","0","0","8","1961","1968","2","1027","3731","3324","405","847","111","22","106","428","25","11","332","397","0.255","0.327","0.397","0.724","100","*3*9H7/8","thomale03","null","null","0"
"349","Jerry Martin","2.4","5.5","3.9","0.304","0.4","3.7","-4","-7.1","0","0","0","0","0","0","0","0","11","1974","1984","0","1018","2904","2652","337","666","130","17","85","345","38","23","207","574","0.251","0.307","0.409","0.716","94","*8*9H7/3D","martije01","null","null","0"
"350","Bob Coluccio","3.9","3.9","3.9","0.302","1.7","1.2","1.9","-0.4","0","0","0","0","0","0","0","0","5","1973","1978","0","370","1258","1095","141","241","38","15","26","114","33","21","128","202","0.22","0.305","0.353","0.658","88","987H/D","colucbo01","null","null","0"
"351","Garrett Jones","3.6","4.2","3.9","0.3","0.6","6.7","-8.2","-6.5","0","0","0","0","0","0","0","0","8","2007","2015","0","911","3228","2924","347","734","178","12","122","400","28","10","265","680","0.251","0.312","0.445","0.757","107","*3*9HD/71","jonesga02","null","null","0"
"352","Mike Hershberger","2.3","5.3","3.8","0.298","0.3","2.1","-4","-10.6","0","0","0","0","0","0","0","0","11","1961","1971","0","1150","3983","3572","398","900","150","22","26","344","74","36","319","311","0.252","0.316","0.328","0.645","85","*98H7","hershmi01","null","null","0"
"354","Joe Lefebvre","3.8","3.8","3.8","0.294","1.4","3.8","-1.3","-0.5","0","0","0","0","0","0","0","0","6","1980","1986","0","447","1253","1091","139","281","52","13","31","130","11","9","139","204","0.258","0.344","0.414","0.758","114","9H75/28","lefebjo01","null","null","0"
"357","Dick Kokos","3.7","3.7","3.7","0.288","1.3","4.5","-2.9","-1.7","0","0","0","0","0","0","0","0","5","1948","1954","0","475","1816","1558","239","410","82","9","59","223","15","21","242","252","0.263","0.365","0.441","0.806","108","97H","kokosdi01","null","null","0"
"358","Pancho Coimbre","3.7","3.7","3.7","0.286","4.3","3.1","0.1","2.6","0","0","0","0","0","0","0","0.1","4","1940","1944","2","139","594","530","91","177","28","8","6","93","8","null","51","null","0.334","0.398","0.451","0.849","129","97/8451","coimbpa01","null","null","0"
"359","Champ Summers","3","4.3","3.6","0.284","0.7","5.7","-5","-2.2","0","0","0","0","0","0","0","0","11","1974","1984","0","698","1593","1371","199","350","63","4","54","218","15","13","188","244","0.255","0.35","0.425","0.776","112","*H9D73/52","summech01","null","null","0"
"361","Carl Taylor","3.6","3.6","3.6","0.28","1.4","4.4","-0.8","0.1","0","0","0","0","0","0","0","0","6","1968","1973","0","411","1007","846","113","225","31","6","10","115","12","7","136","130","0.266","0.367","0.352","0.72","103","H293/75D","tayloca01","null","null","0"
"362","David Lough","3.6","3.6","3.6","0.278","1.7","0.5","2.4","0.8","0","0","0","0","0","0","0","0","5","2012","2016","0","342","820","749","95","190","29","10","13","67","17","13","43","138","0.254","0.3","0.371","0.671","83","79H8/D","loughda01","null","null","0"
"363","Whitey Herzog HOF","2.8","4.5","3.6","0.276","0.7","3.8","-2.9","-2.9","0","0","0","0","0","0","0","0","8","1956","1963","0","634","1885","1614","213","414","60","20","25","172","13","18","241","261","0.257","0.354","0.365","0.719","97","9H873","herzowh01","Whitey Herzog","herzowh01","1"
"364","Rick Leach","3.1","4.1","3.6","0.274","0.6","0.8","-1.4","-3.3","0","0","0","0","0","0","0","0","10","1981","1990","0","799","1924","1719","205","460","100","10","18","183","8","8","176","217","0.268","0.335","0.369","0.704","94","H39D7/81","leachri01","null","null","0"
"366","Fred Valentine","3.6","3.6","3.6","0.27","1.1","6.4","-4.4","-2","0","0","0","0.01","0","0","0","0","7","1959","1968","0","533","1660","1458","180","360","56","10","36","138","47","16","156","228","0.247","0.33","0.373","0.703","106","98H7/3","valenfr01","null","null","0"
"367","Jim Norris","3.6","3.6","3.6","0.268","1.2","2.9","-0.6","-1.5","0","0","0","0","0","0","0","0","4","1977","1980","0","489","1494","1282","173","338","57","17","7","110","59","37","173","128","0.264","0.348","0.351","0.699","95","9H87D/3","norriji01","null","null","0"
"369","Jimmy Wasdell","2.9","4.2","3.6","0.264","0.5","5.9","-6.5","-7.7","0","0","0","0","0","0","0","0","11","1937","1947","0","888","3167","2866","339","782","109","34","29","341","29","30","243","165","0.273","0.332","0.365","0.697","96","379H8","wasdeji01","null","null","0"
"375","Walt Williams","2.4","4.6","3.5","0.252","0.5","2.7","-3.7","-6.6","0","0","0","0","0","0","0","0","10","1964","1975","0","842","2555","2373","284","640","106","11","33","173","34","19","126","211","0.27","0.31","0.365","0.675","91","*9H7D/845","williwa02","null","null","0"
"377","Casper Wells","3.5","3.5","3.5","0.248","2","1.3","1.3","0.5","0","0","0","0","0","0","0","0","4","2010","2013","0","276","758","688","92","158","31","4","25","81","6","4","57","201","0.23","0.299","0.395","0.694","93","97H/8D1","wellsca01","null","null","0"
"383","George Thomas","2.2","4.6","3.4","0.236","0.5","1.8","-1.4","-3.7","0","0","0","0","0","0","0","0","13","1957","1971","0","685","1865","1688","203","430","71","9","46","202","13","12","138","343","0.255","0.316","0.389","0.705","92","9H875/3246","thomage01","null","null","0"
"384","Clint Hurdle","2.8","4","3.4","0.234","0.9","3.7","-2.5","-2.5","0","0","0","0","0","0","0","0","10","1977","1987","0","515","1596","1391","162","360","81","12","32","193","1","6","176","261","0.259","0.341","0.403","0.745","106","973H/25D","hurdlcl01","null","null","0"
"385","Rich Coggins","3.4","3.4","3.4","0.232","1.6","2.6","-0.2","-0.8","0","0","0","0","0","0","0","0","5","1972","1976","0","342","1191","1083","125","287","42","13","12","90","50","21","72","100","0.265","0.312","0.361","0.673","93","98H/7D","coggiri01","null","null","0"
"388","Jeremy Giambi","3.3","3.3","3.3","0.226","1.1","6","-5.2","-2.6","0","0","0","0","0","0","0","0","6","1998","2003","0","510","1705","1417","219","372","75","3","52","209","1","3","251","356","0.263","0.377","0.43","0.807","111","DH973","giambje01","null","null","0"
"390","Augie Bergamo","3.3","3.3","3.3","0.222","3.1","3.2","-0.5","1.4","0","0","0","0","0","0","0","0","2","1944","1945","0","174","589","496","86","151","23","5","5","63","0","1","78","44","0.304","0.4","0.401","0.801","121","9H7/38","bergaau01","null","null","0"
"394","Jesús Alou","0.8","5.6","3.2","0.214","0.1","0.8","-6.4","-15.5","0","0","0","0","0","0","0","0","15","1963","1979","0","1380","4577","4345","448","1216","170","26","32","377","31","46","138","267","0.28","0.305","0.353","0.658","86","*9*7*HD/83","alouje01","null","null","0"
"396","Beau Bell","3.1","3.1","3.1","0.21","0.7","5.3","-4.9","-7.2","0","0","0","0.19","0","0","0","0","7","1935","1941","1","767","3023","2718","378","806","165","32","46","437","11","12","272","239","0.297","0.362","0.432","0.794","100","*9H37/5","bellbe01","null","null","0"
"399","Hal Peck","3.1","3.1","3.1","0.204","1.4","3.7","-2","-0.6","0","0","0","0","0","0","0","0","7","1943","1949","0","355","1192","1092","136","305","52","13","15","112","10","10","87","86","0.279","0.334","0.392","0.726","106","9H/7","peckha01","null","null","0"
"401","Roger Cedeño","1.7","4.4","3","0.2","0.2","7.7","-8.1","-9.4","0","0","0","0","0","0","0","0","11","1995","2005","0","1100","3557","3174","478","865","127","32","40","274","213","63","319","613","0.273","0.34","0.371","0.71","88","*978H/D4","cedenro01","null","null","0"
"403","Jeremy Hermida","2.7","3.3","3","0.196","0.7","2.7","-2.3","-4.3","0","0","0","0","0","0","0","0","8","2005","2012","0","632","2261","2012","248","517","104","9","65","250","22","8","216","517","0.257","0.334","0.415","0.749","96","*97H/8D","hermije01","null","null","0"
"409","Terry Crowley","2.2","3.5","2.9","0.184","0.4","2.6","-3.5","-3.8","0","0","0","0","0","0","0","0","15","1969","1983","0","865","1768","1518","174","379","62","1","42","229","3","0","222","181","0.25","0.345","0.375","0.72","104","*HD93/7","crowlte01","null","null","0"
"410","Mike Vail","2","3.7","2.8","0.182","0.5","1.4","-1.2","-3.6","0","0","0","0","0","0","0","0","10","1975","1984","0","665","1705","1604","146","447","71","11","34","219","3","17","81","317","0.279","0.313","0.4","0.713","96","*H97/358D","vailmi01","null","null","0"
"412","Warren Newson","2.6","3.1","2.8","0.178","0.9","4.3","-3.2","-1.5","0","0","0","0","0","0","0","0","8","1991","1998","0","489","1193","992","156","248","40","4","34","120","14","3","196","292","0.25","0.374","0.401","0.775","104","9H7D/8","newsowa01","null","null","0"
"413","Travis Buck","2.8","2.8","2.8","0.176","1.8","1.6","0.3","-0.4","0","0","0","0","0","0","0","0","6","2007","2012","0","253","910","810","99","197","52","7","20","95","8","3","78","186","0.243","0.316","0.399","0.715","94","97H/D8","bucktr01","null","null","0"
"414","Chuck Workman","2.8","2.8","2.8","0.174","0.8","2.5","-1.4","-3.7","0","0","0","0","0","0","0","0","6","1938","1946","0","526","1958","1749","213","423","57","7","50","230","24","18","161","202","0.242","0.311","0.368","0.679","91","95H/783","workmch01","null","null","0"
"416","Armando Ríos","2.7","2.7","2.7","0.17","1.1","1.8","-0.3","-0.8","0","0","0","0","0","0","0","0","6","1998","2003","0","419","1153","1021","135","275","55","8","36","167","14","10","115","206","0.269","0.341","0.445","0.786","105","9H7/8D3","riosar01","null","null","0"
"417","Duke Cleveland","2.6","2.8","2.7","0.168","2.8","2.1","-0.3","0.8","0","0","0","0","0","0","0","0.1","8","1938","1947","1","150","628","557","105","160","15","6","2","68","19","null","62","null","0.287","0.361","0.346","0.707","112","97/8","clevedu01","null","null","0"
"418","Sam Mele","1.2","4.1","2.7","0.166","0.2","3.6","-6.7","-10.4","0","0","0","0","0","0","0","0","10","1947","1956","0","1046","3798","3437","406","916","168","39","80","544","15","14","311","342","0.267","0.328","0.408","0.736","97","*9H873","melesa01","null","null","0"
"420","Johnny Lewis","2.7","2.7","2.7","0.162","1.6","1.6","0.2","-0.7","0","0","0","0","0","0","0","0","4","1964","1967","0","266","876","771","97","175","24","6","22","74","8","9","95","194","0.227","0.313","0.359","0.672","91","98H/7","lewisjo01","null","null","0"
"422","Randy Bush","1.4","3.8","2.6","0.158","0.2","5.2","-9.3","-9.9","0","0","0","0","0","0","0","0","12","1982","1993","0","1219","3481","3045","388","763","154","26","96","409","33","29","348","505","0.251","0.334","0.413","0.747","102","*H*9*D73/8","bushra01","null","null","0"
"426","Mike Darr","2.5","2.5","2.5","0.15","2.2","0.8","1.2","0.7","0","0","0","0","0","0","0","0","3","1999","2001","0","188","612","542","63","148","28","5","5","67","17","4","67","135","0.273","0.353","0.371","0.724","93","98/H7","darrmi02","null","null","0"
"427","Richie Scheinblum","1.5","3.5","2.5","0.148","0.5","3.3","-3.5","-3.6","0","0","0","0","0","0","0","0","8","1965","1974","1","462","1397","1218","131","320","52","9","13","127","0","6","149","135","0.263","0.343","0.352","0.695","104","9H7/D8","scheiri01","null","null","0"
"429","Bombo Rivera","2.5","2.5","2.5","0.144","1.2","0.9","0.3","-0.6","0","0","0","0","0","0","0","0","6","1975","1982","0","335","926","831","109","220","39","11","10","83","11","8","71","144","0.265","0.323","0.374","0.697","90","97H/D8","riverbo01","null","null","0"
"430","Walt Bond","2.5","2.5","2.5","0.142","1.1","5.2","-4.6","-2.5","0","0","0","0","0","0","0","0","6","1960","1967","0","365","1338","1199","149","307","40","11","41","179","10","4","106","175","0.256","0.323","0.41","0.733","109","397H/8","bondwa01","null","null","0"
"432","Gibby Brack","2.4","2.4","2.4","0.138","1.2","3.4","-1.9","-1.4","0","0","0","0","0","0","0","0","3","1937","1939","0","315","1083","980","150","273","70","18","16","113","13","25","92","186","0.279","0.341","0.436","0.777","111","98H7/3","brackgi01","null","null","0"
"433","Clyde Spearman","2.1","2.6","2.4","0.136","1.6","1.8","-0.7","-0.6","0","0","0","0","0","0","0","0","9","1935","1946","0","219","920","805","133","226","24","18","4","93","16","null","91","null","0.281","0.359","0.37","0.729","99","9/87","spearcl01","null","null","0"
"434","Tommy Thompson","2.3","2.3","2.3","0.134","0.9","1.7","-0.5","-1.9","0","0","0","0","0","0","0","0","6","1933","1939","0","397","1251","1107","142","294","34","4","9","119","7","4","108","63","0.266","0.335","0.328","0.663","84","9H8/73","thompto02","null","null","0"
"435","Joe Grace","2.3","2.3","2.3","0.132","0.8","3.9","-3.3","-3.3","0","0","0","0","0","0","0","0","6","1938","1947","0","484","1769","1561","225","442","76","18","20","172","9","17","179","135","0.283","0.362","0.393","0.755","102","97H/82","gracejo01","null","null","0"
"436","Earl Robinson","2.3","2.3","2.3","0.13","2.2","1.1","0.7","0.8","0","0","0","0","0","0","0","0","4","1958","1964","0","170","476","421","63","113","20","5","12","44","7","5","47","92","0.268","0.34","0.425","0.765","109","9H/785","robinea01","null","null","0"
"438","Dustan Mohr","2.2","2.2","2.2","0.126","0.7","2.1","-1.6","-2.9","0","0","0","0","0","0","0","0","7","2001","2007","0","504","1537","1367","203","340","78","6","49","156","13","12","141","393","0.249","0.322","0.422","0.745","92","*97H8/D","mohrdu01","null","null","0"
"443","Brian Bogusevic","2.2","2.2","2.2","0.116","1.1","0.9","0.4","-0.5","0","0","0","0","0","0","0","0","5","2010","2015","0","321","834","748","93","178","36","4","19","67","24","7","72","204","0.238","0.311","0.373","0.684","87","9H78/1","bogusbr01","null","null","0"
"445","Chito Martínez","2.2","2.2","2.2","0.112","2.2","1.9","-0.2","0.5","0","0","0","0","0","0","0","0","3","1991","1993","0","158","482","429","58","111","22","2","18","58","1","2","46","102","0.259","0.33","0.445","0.775","116","9H/D37","martich01","null","null","0"
"447","Donald Reeves","2.2","2.2","2.2","0.108","4.1","2.4","-0.7","0.7","0","0","0","0","0","0","1","0.1","4","1938","1941","1","86","312","289","48","94","12","8","10","70","8","null","20","null","0.325","0.371","0.526","0.897","160","9/871","reevedo01","null","null","0"
"448","Tito Landrum","1.8","2.5","2.2","0.106","0.5","-0.9","0.9","-1.9","0","0","0","0","0","0","0","0","9","1980","1988","0","607","1107","995","120","248","40","12","13","111","17","18","85","196","0.249","0.309","0.353","0.661","84","9H78/3D","landrti01","null","null","0"
"450","Wayne Kirby","1.8","2.5","2.1","0.102","0.6","0.3","0.6","-2.7","0","0","0","0","0","0","0","0","8","1991","1998","0","516","1325","1198","183","302","51","9","14","119","44","21","98","168","0.252","0.309","0.345","0.654","75","9H87/D","kirbywa01","null","null","0"
"453","George Vukovich","2.1","2.1","2.1","0.096","0.5","0.6","-0.3","-3.6","0","0","0","0","0","0","0","0","6","1980","1985","0","628","1749","1602","164","430","76","10","27","203","9","19","127","229","0.268","0.322","0.379","0.701","92","*9H7/8","vukovge01","null","null","0"
"454","Ángel Mangual","2.1","2.1","2.1","0.094","0.7","0.5","-0.1","-2.6","0","0","0","0","0","0","0","0","7","1969","1976","0","450","1318","1241","122","304","44","8","22","125","5","8","59","187","0.245","0.279","0.346","0.625","83","98H7D/345","manguan01","null","null","0"
"456","Dave Clark","0.3","3.8","2.1","0.09","0.1","3.3","-6","-6.6","0","0","0","0","0","0","0","0","13","1986","1998","0","905","2211","1964","248","518","81","8","62","284","19","12","222","451","0.264","0.338","0.408","0.745","99","*H97D","clarkda05","null","null","0"
"458","Román Mejías","1","2.9","2","0.086","0.3","2.4","-3.2","-5.9","0","0","0","0","0","0","0","0","9","1955","1964","0","627","1905","1768","212","449","57","12","54","202","22","12","89","238","0.254","0.294","0.391","0.686","86","9H87","mejiaro01","null","null","0"
"459","Pete Whisenant","1.6","2.3","2","0.084","0.5","0","0.5","-2.5","0","0","0","0","0","0","0","0","8","1952","1961","0","475","1096","988","140","221","46","8","37","134","17","5","86","196","0.224","0.284","0.399","0.683","80","H879/452","whisepe01","null","null","0"
"462","Elijah Dukes","1.9","1.9","1.9","0.078","1.3","2.4","-1","-1.2","0","0","0","0","0","0","0","0","3","2007","2009","0","240","970","824","113","199","39","8","31","123","18","18","129","197","0.242","0.349","0.421","0.771","104","98/7HD","dukesel01","null","null","0"
"464","Mike Chartak","1.9","1.9","1.9","0.074","1.2","2","-1.2","-0.8","0","0","0","0","0","0","0","0","4","1940","1944","0","256","879","765","96","186","34","7","21","98","4","7","104","112","0.243","0.337","0.388","0.725","105","9H3/7","chartmi01","null","null","0"
"465","Aaron Guiel","1.9","1.9","1.9","0.072","1","1.4","-0.4","-2.1","0","0","0","0","0","0","0","0","5","2002","2006","0","307","1099","970","151","239","58","0","35","128","8","12","83","218","0.246","0.322","0.414","0.736","89","97H8/3D","guielaa01","null","null","0"
"466","Aaron Altherr","1.9","1.9","1.9","0.07","0.8","0.9","-0.1","-1.8","0","0","0","0","0","0","0","0","6","2014","2019","0","359","1156","1016","142","222","54","10","37","150","21","10","110","332","0.219","0.307","0.401","0.708","88","97H8/1","altheaa01","null","null","0"
"467","Johnny Smith","1.7","2","1.8","0.068","1.8","1.9","-0.8","0.6","0","0","0","0","0","0","0","0.1","8","1940","1948","0","150","612","577","74","179","17","10","2","73","4","null","32","null","0.31","0.346","0.385","0.731","114","97/18326","smithjo10","null","null","0"
"468","Cory Snyder","0.7","3","1.8","0.066","0.1","5.5","-8.1","-11.9","0","0","0","0","0","0","0","0","9","1986","1994","0","1068","3933","3656","439","902","178","13","149","488","28","19","226","992","0.247","0.291","0.425","0.716","96","*97H635/84D","snydeco02","null","null","0"
"469","Chris Richard","1.8","1.8","1.8","0.064","1.1","2","-1.2","-1.7","0","0","0","0","0","0","0","0","5","2000","2009","0","280","1006","899","132","229","57","6","34","122","18","18","81","183","0.255","0.323","0.445","0.768","102","39D8H/7","richach01","null","null","0"
"470","Dave Hoskins","1.8","1.8","1.8","0.062","1.5","1.2","0","-1.6","0","0","0","0","0","0","0","0","7","1942","1954","0","200","643","586","93","166","22","11","4","88","3","0","41","14","0.283","0.333","0.379","0.712","95","91/7H58","hoskida01","null","null","0"
"472","Buddy Bradford","0.8","2.8","1.8","0.058","0.2","1.1","-2.3","-5.7","0","0","0","0","0","0","0","0","11","1966","1976","0","697","1834","1605","224","363","50","8","52","175","36","24","184","411","0.226","0.311","0.364","0.676","91","89H7/D5","bradfbu01","null","null","0"
"473","Tony Barron","1.8","1.8","1.8","0.056","4.9","0.5","1","1.2","0","0","0","0","0","0","0","0","2","1996","1997","0","58","210","190","22","54","12","1","4","24","0","1","12","39","0.284","0.329","0.421","0.75","95","9/H","barroto01","null","null","0"
"474","Norm Miller","1.2","2.3","1.8","0.054","0.4","2.7","-3.2","-4.2","0","0","0","0","0","0","0","0","10","1965","1974","0","540","1561","1364","166","325","68","10","24","159","16","10","160","265","0.238","0.323","0.356","0.678","95","9H78/52","milleno01","null","null","0"
"475","Al Pilarcik","1.7","1.7","1.7","0.052","0.4","2.6","-2.7","-4","0","0","0","0","0","0","0","0","6","1956","1961","0","668","1860","1614","205","413","66","7","22","143","41","18","185","150","0.256","0.334","0.346","0.68","89","*9H8/7","pilaral01","null","null","0"
"476","Mike Simms","1.4","2.1","1.7","0.05","0.7","1.4","-1.3","-1","0","0","0","0","0","0","0","0","9","1990","1999","0","330","744","660","92","163","33","1","36","121","4","4","69","175","0.247","0.323","0.464","0.786","109","9H3D/7","simmsmi01","null","null","0"
"477","Shane Robinson","1.4","2.1","1.7","0.048","0.5","-1.5","1.9","-1.3","0","0","0","0","0","0","0","0","9","2009","2018","0","461","849","760","105","168","23","5","7","66","19","5","73","120","0.221","0.288","0.292","0.58","61","H789/D1","robinsh01","null","null","0"
"478","Gene Green","1.7","1.7","1.7","0.046","0.7","3.6","-1.7","-2.6","0","0","0","0","0","0","0","0","7","1957","1963","0","408","1263","1151","130","307","49","7","46","160","2","3","89","185","0.267","0.318","0.441","0.76","102","92H/73","greenge01","null","null","0"
"479","Steve Hovley","1.7","1.7","1.7","0.044","0.6","2.1","-1.6","-2.4","0","0","0","0","0","0","0","0","5","1969","1973","0","436","1152","1019","122","263","39","5","8","88","29","12","116","128","0.258","0.335","0.33","0.665","89","9H8/7D","hovlest01","null","null","0"
"480","Lyle Mouton","1.7","1.7","1.7","0.042","0.8","1.8","-1.2","-1.3","0","0","0","0","0","0","0","0","7","1995","2001","0","328","890","805","96","225","43","2","22","116","9","4","71","209","0.28","0.339","0.42","0.759","98","97HD/8","moutoly01","null","null","0"
"481","Paulo Orlando","1.7","1.7","1.7","0.04","1","0.4","0.7","-1.5","0","0","0","0","0","0","0","0","4","2015","2018","0","278","918","874","98","230","44","10","14","81","18","7","22","203","0.263","0.289","0.384","0.673","80","987/HD","orlanpa01","null","null","0"
"483","Bud Souchock","1.4","2","1.7","0.036","0.5","2.2","-2.5","-2.7","0","0","0","0","0","0","0","0","8","1946","1955","0","473","1326","1227","163","313","58","20","50","186","15","9","88","164","0.255","0.307","0.457","0.764","106","H793/548","souchst01","null","null","0"
"486","Ron Jones","1.6","1.6","1.6","0.03","2.7","1.5","-0.2","0.7","0","0","0","0","0","0","0","0","4","1988","1991","0","97","264","239","27","65","10","1","13","40","1","1","22","33","0.272","0.33","0.485","0.815","129","9H/7","jonesro02","null","null","0"
"487","Carlos López","1.6","1.6","1.6","0.028","1.1","1.1","0","-0.2","0","0","0","0","0","0","0","0","3","1976","1978","0","237","538","500","61","130","24","1","12","54","23","11","25","98","0.26","0.298","0.384","0.682","90","9H8/D","lopezca01","null","null","0"
"490","Curt Ford","1.6","1.6","1.6","0.022","0.6","-0.3","0.7","-1.2","0","0","0","0","0","0","0","0","6","1985","1990","0","406","822","742","88","182","37","8","7","89","36","17","66","126","0.245","0.305","0.345","0.65","79","H97/384","fordcu01","null","null","0"
"492","Bob Hazle","1.5","1.5","1.5","0.018","2.3","1.9","-0.7","0.4","0","0","0","0","0","0","0","0","3","1955","1958","0","110","297","261","37","81","14","0","9","37","1","3","32","35","0.31","0.39","0.467","0.857","134","9H/7","hazlebo01","null","null","0"
"496","Fred Sington","1.5","1.5","1.5","0.01","1.3","1.7","-0.8","-0.7","0","0","0","0","0","0","0","0","6","1934","1939","0","181","612","516","66","140","36","5","7","85","2","4","89","66","0.271","0.382","0.401","0.783","103","9H7","singtfr01","null","null","0"
"497","Mel Clark","1.5","1.5","1.5","0.008","1.1","0.4","0.4","-1.2","0","0","0","0","0","0","0","0","6","1951","1957","0","215","708","656","82","182","29","15","3","63","3","3","37","61","0.277","0.318","0.381","0.699","85","9H7/5","clarkme01","null","null","0"
"498","Alex Escobar","1.5","1.5","1.5","0.006","1.9","1.3","0","0","0","0","0","0","0","0","0","0","4","2001","2006","0","125","439","388","53","100","14","4","13","52","5","1","41","112","0.258","0.328","0.415","0.743","97","89/H7D","escobal01","null","null","0"
"500","Jason Lane","1.5","1.5","1.5","0.002","0.5","1.7","-1.7","-2.4","0","0","0","0","0","0","0","0","7","2002","2014","0","500","1366","1211","165","292","64","7","61","189","10","6","123","258","0.241","0.314","0.457","0.771","97","9H87/31","laneja01","null","null","0"
