"rk","name","war","war7","jaws","r_jaws","war_162","waa","col_9","top5","sharecyyoung","col_12","top5_12","sharewar","yrs","fromyear","toyear","asg","w","l","w_l","era","era_plus","g","gs","gf","cg","sho","sv","ip","h","r","er","hr","bb","ibb","so","hbp","bk","wp","bf","player_add","name","name_additional","hof"
"1","Mariano Rivera HOF","56.3","28.7","42.5","48.9","3.4","32.5","0","5","1.04","0","0","0","19","1995","2013","13","82","60","0.577","2.21","205","1115","10","952","0","0","652","1283.2","998","340","315","71","286","41","1173","46","3","13","5103","riverma01","Mariano Rivera","riverma01","1"
"2","Dennis Eckersley HOF","62.1","37.8","49.9","39.6","2.9","30.2","1","4","1.24","0","2","0.7","24","1975","1998","6","197","171","0.535","3.5","116","1071","361","577","100","20","390","3285.2","3076","1382","1278","347","738","91","2401","75","16","28","13534","eckerde01","Dennis Eckersley","eckerde01","1"
"3","Hoyt Wilhelm HOF","46.8","26.6","36.7","34.4","2.8","23.8","0","0","0","0","1","0.7","21","1952","1972","8","143","122","0.54","2.52","147","1070","52","651","20","5","228","2254.1","1757","773","632","150","778","79","1610","62","4","90","9164","wilheho01","Hoyt Wilhelm","wilheho01","1"
"4","Rich Gossage HOF","41.1","31.7","36.4","29.5","2.7","15.7","0","4","0.36","0","1","0.8","22","1972","1994","9","124","107","0.537","3.01","126","1002","37","681","16","0","310","1809.1","1497","670","605","119","732","90","1502","47","5","63","7507","gossari01","Rich Gossage","gossari01","1"
"5","Trevor Hoffman HOF","28","19.4","23.7","27.2","1.8","13.6","0","3","1.07","0","0","0","18","1993","2010","7","61","75","0.449","2.87","141","1035","0","856","0","0","601","1089.1","846","378","347","100","307","58","1133","9","0","49","4388","hoffmtr01","Trevor Hoffman","hoffmtr01","1"
"6","Billy Wagner HOF","27.7","19.8","23.7","24.9","2.2","16.5","0","1","0.05","0","0","0","16","1995","2010","7","47","40","0.54","2.31","187","853","0","703","0","0","422","903","601","262","232","82","300","26","1196","33","1","43","3600","wagnebi02","Billy Wagner","wagnebi02","1"
"7","Kenley Jansen","24.5","16.8","20.6","24.7","1.8","13.7","0","1","0.1","0","0","0","17","2010","2026","4","55","42","0.567","2.59","154","948","0","713","0","0","483","939.2","618","289","270","91","287","20","1296","32","19","21","3729","janseke01","null","null","0"
"8","Joe Nathan","26.7","21.7","24.2","24.3","2.2","14.3","0","2","0.03","0","0","0","16","1999","2016","6","64","34","0.653","2.87","151","787","29","587","0","0","377","923.1","690","317","294","84","344","31","976","23","2","47","3771","nathajo01","null","null","0"
"9","Firpo Marberry","30.7","27.1","28.9","24.3","2.8","9.6","0","0","0","0","0","0.2","14","1923","1936","0","148","88","0.627","3.63","116","551","186","272","86","7","99","2067.1","2049","971","834","96","686","24","822","38","4","14","8759","marbefi01","null","null","0"
"10","Tom Gordon","35","23.3","29.1","23.6","2.2","13.6","0","0","0","0","0","0","21","1988","2009","3","138","126","0.523","3.96","113","890","203","347","18","4","158","2108","1889","1016","927","176","977","57","1928","38","5","112","9058","gordoto01","null","null","0"
"11","Aroldis Chapman","25.2","17.5","21.4","22.6","1.9","14","0","0","0.02","0","0","0","17","2010","2026","8","60","49","0.55","2.48","167","880","0","576","0","0","378","838","482","256","231","54","415","7","1353","34","6","88","3405","chapmar01","null","null","0"
"12","Jonathan Papelbon","23.3","19.5","21.4","21.7","2.3","13","0","0","0","0","0","0","12","2005","2016","6","41","36","0.532","2.44","177","689","3","585","0","0","368","725.2","572","226","197","57","185","18","808","34","1","14","2938","papeljo01","null","null","0"
"13","Ellis Kinder","28.9","24.5","26.7","21.5","3.2","13.8","0","0","0","0","0","0.2","12","1946","1957","0","102","71","0.59","3.43","125","484","122","255","56","10","104","1479.2","1421","627","564","116","539","52","749","9","2","11","6302","kindeel01","null","null","0"
"14","Francisco Rodríguez","24.2","17.6","20.9","21.1","1.7","12.4","0","3","0.28","0","0","0","16","2002","2017","6","52","53","0.495","2.86","148","948","0","677","0","0","437","976","738","336","310","98","389","42","1142","17","2","68","4011","rodrifr03","null","null","0"
"15","Lee Smith HOF","28.9","20.8","24.8","21","1.9","13.2","0","3","0.55","0","0","0","18","1980","1997","7","71","92","0.436","3.03","132","1022","6","802","0","0","478","1289.1","1133","475","434","89","486","100","1251","10","4","47","5388","smithle02","Lee Smith","smithle02","1"
"16","Stu Miller","27","23.4","25.2","20.7","2.3","9","0","0","0","0","0","0.1","16","1952","1968","2","105","103","0.505","3.24","115","704","93","406","24","5","153","1693.1","1522","697","610","140","600","120","1164","39","3","25","7083","millest01","null","null","0"
"17","David Robertson","21.7","16.5","19.1","20.2","1.7","11.2","0","0","0.01","0","0","0","17","2008","2025","1","68","46","0.596","2.93","143","881","1","358","0","0","179","894.1","674","315","291","81","365","38","1176","25","5","57","3690","roberda08","null","null","0"
"18","Craig Kimbrel","22.5","19.4","20.9","19.7","1.8","11.8","0","2","0.52","0","0","0","17","2010","2026","9","56","50","0.528","2.63","156","864","0","664","0","0","440","834","506","273","244","77","352","12","1295","40","5","71","3360","kimbrcr01","null","null","0"
"19","Tom Henke","22.9","17.5","20.2","19.4","2.4","11.8","0","0","0","0","0","0","14","1982","1995","2","41","42","0.494","2.67","157","642","0","548","0","0","311","789.2","607","252","234","64","255","29","861","9","3","30","3194","henketo01","null","null","0"
"20","Dan Quisenberry","24.6","22.5","23.5","19.3","2.5","11.8","0","5","1.49","0","0","0.1","12","1979","1990","3","56","46","0.549","2.76","146","674","0","553","0","0","244","1043.1","1064","356","320","59","162","70","379","7","5","4","4247","quiseda01","null","null","0"
"21","Rollie Fingers HOF","25.6","18.8","22.2","19","1.8","7.6","1","2","1.13","0","0","0.1","17","1968","1985","7","114","118","0.491","2.9","120","944","37","709","4","2","341","1701.1","1474","615","549","123","492","109","1299","39","7","40","6942","fingero01","Rollie Fingers","fingero01","1"
"22","Tug McGraw","21.8","20","20.9","18.8","1.7","6.5","0","1","0.01","0","0","0","19","1965","1984","2","96","92","0.511","3.14","117","824","39","541","5","1","180","1514.2","1318","597","528","108","582","128","1109","22","4","63","6313","mcgratu01","null","null","0"
"23","Bobby Shantz","34.6","24.9","29.7","18.4","3.2","18.6","0","0","0","1","1","0.9","16","1949","1964","3","119","99","0.546","3.38","119","537","171","192","78","15","48","1935.2","1795","817","726","151","643","75","1072","41","6","29","8045","shantbo01","null","null","0"
"24","John Hiller","30.4","26.3","28.4","18.1","3.5","13.7","0","1","0.06","0","1","0.5","15","1965","1980","1","87","76","0.534","2.83","134","545","43","363","13","6","125","1242","1040","438","391","110","535","71","1036","12","1","39","5206","hillejo01","null","null","0"
"25","Bruce Sutter HOF","24","24.3","24.1","18.1","2.5","10.4","1","4","1.14","0","0","0.2","12","1976","1988","6","68","71","0.489","2.83","136","661","0","512","0","0","300","1042","879","370","328","77","309","83","861","13","8","37","4251","suttebr01","Bruce Sutter","suttebr01","1"
"26","Kent Tekulve","25.5","19.3","22.4","17.9","1.7","10","0","2","0.22","0","0","0","16","1974","1989","1","94","90","0.511","2.85","132","1050","0","638","0","0","184","1436.2","1305","526","455","63","491","179","779","17","3","23","6001","tekulke01","null","null","0"
"27","Keith Foulke","20.7","20.7","20.7","17.8","2.2","10.8","0","0","0.02","0","0","0","11","1997","2008","1","41","37","0.526","3.33","140","619","8","406","0","0","191","786.2","652","300","291","94","194","24","718","44","2","14","3201","foulkke01","null","null","0"
"28","John Franco","23.4","15.3","19.3","17.7","1.4","10.2","0","0","0.01","0","0","0","21","1984","2005","4","90","87","0.508","2.89","138","1119","0","774","0","0","424","1245.2","1166","466","400","81","495","78","975","22","9","54","5312","francjo01","null","null","0"
"29","Troy Percival","17","14.8","15.9","17.4","1.6","8","0","0","0","0","0","0","14","1995","2009","4","35","43","0.449","3.17","146","703","1","546","0","0","358","708.2","479","271","250","85","306","25","781","27","2","32","2915","percitr01","null","null","0"
"30","Jesse Orosco","23.2","17.6","20.4","16.4","1.3","9.6","0","1","0.16","0","0","0","24","1979","2003","2","87","80","0.521","3.16","126","1252","4","501","0","0","144","1295.1","1055","512","455","113","581","86","1179","34","11","40","5460","oroscje01","null","null","0"
"31","John Wetteland","19.2","16.9","18.1","16.3","2.1","9.2","0","0","0.02","0","0","0","12","1989","2000","3","48","45","0.516","2.93","148","618","17","523","0","0","330","765","616","287","249","73","252","30","804","16","1","40","3145","wettejo01","null","null","0"
"32","Joakim Soria","18.6","16.1","17.4","16.3","1.6","9.3","0","0","0.01","0","0","0","14","2007","2021","2","36","45","0.444","3.11","137","773","1","427","0","0","229","763","633","279","264","67","231","18","831","27","8","33","3146","soriajo01","null","null","0"
"33","Raisel Iglesias","19.5","15.6","17.6","16.2","2.1","11.4","0","0","0","0","0","0","12","2015","2026","0","42","55","0.433","2.85","151","613","21","470","0","0","261","749.2","576","265","237","83","205","17","886","27","5","17","3011","iglesra01","null","null","0"
"34","Josh Hader","15","15.5","15.2","15.9","2.2","8.4","0","0","0.02","0","0","0","9","2017","2025","6","34","31","0.523","2.64","160","468","0","321","0","0","227","512.1","282","164","150","65","198","6","829","24","5","19","2019","haderjo01","null","null","0"
"35","Mike Jackson","18.8","13.7","16.3","15.7","1.3","6.9","0","0","0","0","0","0","17","1986","2004","0","62","67","0.481","3.42","126","1005","7","422","0","0","142","1188.1","983","492","451","127","464","80","1006","56","27","39","4966","jacksmi02","null","null","0"
"36","Kerry Wood","27.6","24.9","26.2","15.4","3","16.7","0","0","0","0","0","0.2","14","1998","2012","2","86","75","0.534","3.67","117","446","178","138","11","5","63","1380","1083","599","563","148","666","22","1582","99","6","64","5863","woodke02","null","null","0"
"37","Sparky Lyle","23.2","19.1","21.2","15.4","1.8","7.8","1","1","0.43","0","0","0","16","1967","1982","3","99","76","0.566","2.88","128","899","0","634","0","0","238","1390.1","1292","519","445","84","481","81","873","14","10","66","5794","lylesp01","null","null","0"
"38","Greg Swindell","30.5","25.5","28","15.4","2.2","11.5","0","0","0","0","0","0.1","17","1986","2002","1","123","122","0.502","3.86","107","664","269","93","40","12","7","2233.1","2313","1053","957","262","501","34","1542","21","12","30","9301","swindgr01","null","null","0"
"39","Kelvim Escobar","24.4","21.7","23.1","15.3","2.7","9.8","0","0","0","0","0","0","12","1997","2009","0","101","91","0.526","4.15","112","411","202","132","10","4","59","1507","1461","755","695","137","611","28","1310","47","1","54","6483","escobke01","null","null","0"
"40","Doug Jones","21.4","19","20.2","14.9","1.7","8.7","0","0","0","0","0","0","16","1982","2000","5","69","79","0.466","3.3","129","846","4","640","0","0","303","1128.1","1155","465","414","86","247","53","909","39","6","18","4754","jonesdo01","null","null","0"
"41","Armando Benítez","17.3","16.3","16.8","14.9","1.5","8.3","0","0","0","0","0","0","15","1994","2008","2","40","47","0.46","3.13","140","762","0","527","0","0","289","779","545","296","271","95","403","32","946","16","5","18","3253","benitar01","null","null","0"
"42","Huston Street","14.5","12.2","13.3","14.8","1.5","7.3","0","0","0","0","0","0","13","2005","2017","2","42","34","0.553","2.95","141","668","0","525","0","0","324","680","542","237","223","70","183","37","665","8","1","20","2718","streehu01","null","null","0"
"43","Lindy McDaniel","28.2","23.3","25.8","14.8","1.8","4.7","0","1","0.06","0","0","0.1","21","1955","1975","2","141","119","0.542","3.45","110","987","74","577","18","2","174","2139.1","2099","934","821","172","623","136","1361","15","5","112","8971","mcdanli01","null","null","0"
"44","Mark Melancon","13.4","13.3","13.4","14.5","1.2","5.9","0","0","0.02","0","0","0","14","2009","2022","4","37","40","0.481","2.94","136","732","0","454","0","0","262","726.2","657","276","237","44","192","23","643","25","0","44","2981","melanma01","null","null","0"
"45","Bob Stanley","23.9","23","23.4","14.4","2.2","7.2","0","0","0.04","0","0","0","13","1977","1989","2","115","97","0.542","3.64","118","637","85","377","21","7","132","1707","1858","797","690","113","471","87","693","41","2","22","7238","stanlbo01","null","null","0"
"46","Jeff Montgomery","20.5","18.9","19.7","14.4","2","9.3","0","0","0","0","0","0","13","1987","1999","3","46","52","0.469","3.27","135","700","1","549","0","0","304","868.2","785","347","316","81","296","40","733","26","10","33","3637","montgje01","null","null","0"
"47","Don Mossi","23.5","21.1","22.3","14.4","2.6","11.3","0","0","0","0","0","0.1","12","1954","1965","1","101","80","0.558","3.43","115","460","165","148","55","8","50","1548","1493","672","590","156","385","34","932","19","6","12","6464","mossido01","null","null","0"
"48","Dave Righetti","21.3","21","21.2","14.4","1.8","6.9","0","1","0.14","0","0","0","16","1979","1995","2","82","79","0.509","3.46","114","718","89","474","13","2","252","1403.2","1287","602","540","95","591","48","1112","21","19","40","5988","righeda01","null","null","0"
"49","Randy Myers","15.3","15","15.1","14.1","1.4","5.5","0","2","0.12","0","0","0","14","1985","1998","4","44","63","0.411","3.19","123","728","12","548","1","0","347","884.2","758","338","314","69","396","43","884","12","2","32","3744","myersra01","null","null","0"
"50","Tony Watson","13.1","11.6","12.3","13.9","1.3","7","0","0","0","0","0","0","11","2011","2021","1","47","29","0.618","2.9","136","689","0","109","0","0","32","648.1","528","222","209","63","174","20","570","33","0","5","2620","watsoto01","null","null","0"
"51","Jeff Reardon","18.6","13.8","16.2","13.9","1.4","7","0","0","0.04","0","0","0","16","1979","1994","4","73","77","0.487","3.16","122","880","0","695","0","0","367","1132.1","1000","426","397","109","358","65","877","27","4","20","4720","reardje01","null","null","0"
"52","Don McMahon","22.5","18.2","20.3","13.4","1.7","10.7","0","0","0","0","0","0","18","1957","1974","1","90","68","0.57","2.96","120","874","2","505","0","0","152","1310.2","1054","482","431","104","579","84","1003","34","5","75","5503","mcmahdo02","null","null","0"
"53","Darren O'Day","17.4","15.2","16.3","13.4","1.8","10.5","0","0","0","0","0","0","15","2008","2022","1","42","21","0.667","2.59","167","644","0","155","0","0","21","609","458","189","175","64","172","24","637","50","3","3","2461","odayda01","null","null","0"
"54","Arthur Rhodes","15.2","14","14.6","13.3","1.1","3.2","0","0","0","0","0","0","20","1991","2011","1","87","70","0.554","4.08","109","900","61","161","5","3","33","1187.2","1033","560","538","126","516","48","1152","16","3","43","5007","rhodear01","null","null","0"
"55","Joaquín Benoit","17.9","14.3","16.1","13","1.5","7","0","0","0","0","0","0","16","2001","2017","0","58","49","0.542","3.83","116","764","55","185","0","0","53","1068.2","883","485","455","129","437","21","1058","32","2","38","4498","benoijo01","null","null","0"
"56","Rafael Soriano","13.8","12.7","13.2","13","1.6","7.3","0","0","0.03","0","0","0","14","2002","2015","1","24","28","0.462","2.89","144","591","8","343","0","0","207","636.1","489","213","204","62","197","20","641","15","0","13","2571","soriara01","null","null","0"
"57","Ron Reed","24.9","17.4","21.1","12.9","1.7","3.9","0","0","0","0","0","0","19","1966","1984","1","146","140","0.51","3.46","108","751","236","300","55","8","103","2477.1","2374","1084","953","182","633","124","1481","50","1","72","10304","reedro01","null","null","0"
"58","Ron Perranoski","18.2","21","19.6","12.7","1.7","5.3","0","0","0.04","0","0","0","13","1961","1973","0","79","74","0.516","2.79","124","737","1","458","0","0","178","1174.2","1097","442","364","50","468","121","687","24","4","28","5023","perraro01","null","null","0"
"59","Syl Johnson","27.4","22.4","24.9","12.6","2.5","8.8","0","0","0","0","0","0.1","19","1922","1940","0","112","117","0.489","4.06","105","542","209","206","82","11","43","2165.2","2290","1099","977","172","488","57","920","48","3","22","9124","johnssy01","null","null","0"
"60","Mark Eichhorn","19.1","19.8","19.5","12.6","2.3","9.4","0","0","0.01","0","1","0.4","11","1982","1996","0","48","43","0.527","3","142","563","7","226","0","0","32","885.2","825","328","295","49","270","63","640","40","11","25","3702","eichhma01","null","null","0"
"61","Rick Aguilera","21.8","15.7","18.8","12.6","1.8","8.3","0","0","0","0","0","0","16","1985","2000","3","86","81","0.515","3.57","118","732","89","557","10","0","318","1291.1","1233","568","512","138","351","42","1030","36","10","53","5391","aguilri01","null","null","0"
"62","Johnny Murphy","15","14.1","14.5","12.6","2.2","4.9","0","0","0","0","0","0","13","1932","1947","3","93","53","0.637","3.5","117","415","40","293","17","0","107","1045","985","464","406","52","444","46","378","5","0","15","4471","murphjo04","null","null","0"
"63","Robb Nen","15","14.9","14.9","12.5","1.6","6.8","0","1","0.13","0","0","0","10","1993","2002","3","45","42","0.517","2.98","139","643","4","549","0","0","314","715","607","266","237","51","260","41","793","7","3","36","2983","nenro01","null","null","0"
"64","Brad Ziegler","13.3","12.9","13.1","12.4","1.2","6.6","0","0","0","0","0","0","11","2008","2018","0","37","38","0.493","2.75","149","739","0","264","0","0","105","717.1","654","251","219","32","248","55","479","25","1","7","2947","zieglbr01","null","null","0"
"65","Edwin Díaz","13.3","13.9","13.6","12.2","1.7","6.8","0","0","0.05","0","0","0","10","2016","2026","3","29","36","0.446","2.91","140","527","0","401","0","0","257","525.1","365","183","170","55","187","10","849","41","4","34","2138","diazed04","null","null","0"
"66","Dick Hall","15.9","16.8","16.4","12.2","1.7","3.1","0","0","0","0","0","0","19","1952","1971","0","93","75","0.554","3.32","111","495","74","237","20","3","71","1259.2","1152","512","464","130","236","70","741","18","0","1","5085","halldi01","null","null","0"
"67","Al Benton","18.7","21.2","20","12.2","2","2.9","0","0","0","0","0","0.2","14","1934","1952","2","98","88","0.527","3.66","115","455","167","172","58","10","66","1688.1","1672","831","686","106","733","53","697","15","2","36","7342","bentoal01","null","null","0"
"68","Koji Uehara","13.5","12.6","13.1","12.1","2.1","8.1","0","0","0.05","0","0","0","9","2009","2017","1","22","26","0.458","2.66","162","436","12","207","0","0","95","480.2","350","153","142","60","78","9","572","4","0","9","1862","ueharko01","null","null","0"
"69","Al Brazle","20.1","17.9","19","12","2.4","6.7","0","0","0","0","0","0","10","1943","1954","0","97","64","0.602","3.31","120","442","117","180","47","7","59","1377","1387","589","506","83","492","70","554","25","3","22","5854","brazlal01","null","null","0"
"70","Rick Honeycutt","21.6","18","19.8","12","1.4","2.3","0","0","0","0","0","0","21","1977","1997","2","109","143","0.433","3.72","104","797","268","118","47","11","38","2160","2183","1034","893","185","657","81","1038","50","23","45","9141","honeyri01","null","null","0"
"71","Billy O'Dell","21.8","21.9","21.8","11.9","2.1","4.8","0","0","0","0","0","0","13","1954","1967","2","105","100","0.512","3.29","109","479","199","137","63","13","50","1817","1697","758","665","137","556","66","1133","42","5","30","7643","o'delbi01","null","null","0"
"72","Willie Hernández","16.7","15.9","16.3","11.9","1.5","6.7","1","1","0.63","0","0","0","13","1977","1989","3","70","63","0.526","3.38","119","744","11","419","0","0","147","1044.2","952","431","392","97","349","79","788","25","10","37","4366","hernawi01","null","null","0"
"73","Zack Britton","14","13.8","13.9","11.8","1.9","6.4","0","1","0.34","0","0","0","12","2011","2022","2","35","26","0.574","3.13","135","442","46","250","0","0","154","641","546","255","223","39","264","13","532","12","0","48","2652","brittza01","null","null","0"
"74","Mike Henneman","12.9","13.6","13.3","11.6","1.6","4.7","0","0","0","0","0","0","10","1987","1996","1","57","42","0.576","3.21","131","561","0","432","0","0","193","732.2","686","301","261","47","271","82","533","19","2","48","3112","hennemi01","null","null","0"
"75","Clay Carroll","17.7","15.8","16.7","11.6","1.6","5","0","1","0.07","0","0","0","15","1964","1978","2","96","73","0.568","2.94","121","731","28","373","1","0","143","1353.1","1296","506","442","67","442","112","681","37","5","41","5673","carrocl02","null","null","0"
"76","Seth Lugo","18.4","15.6","17","11.5","2.5","9.5","0","1","0.44","0","0","0.1","11","2016","2026","1","65","51","0.56","3.5","116","370","133","66","1","0","16","1051.2","950","438","409","124","297","18","1005","37","3","23","4344","lugose01","null","null","0"
"77","Todd Jones","10.3","11","10.7","11.5","0.7","0.8","0","1","0.02","0","0","0","16","1993","2008","1","58","63","0.479","3.97","111","982","1","619","0","0","319","1072","1072","518","473","93","443","62","868","38","1","43","4650","jonesto02","null","null","0"
"78","Éric Gagné","11.7","11.8","11.8","11.4","1.8","4.7","1","2","0.98","0","0","0","10","1999","2008","3","33","26","0.559","3.47","119","402","48","269","0","0","187","643.2","518","268","248","76","226","13","718","33","1","18","2664","gagneer01","null","null","0"
"79","Sergio Romo","10","8.5","9.2","11.4","0.8","3.7","0","0","0","0","0","0","15","2008","2022","1","42","36","0.538","3.21","123","821","5","301","0","0","137","722.2","579","275","258","85","179","21","789","27","2","22","2919","romose01","null","null","0"
"80","Terry Forster","20.4","18.4","19.4","11.4","2.1","8.1","0","0","0","0","0","0","16","1971","1986","0","54","65","0.454","3.23","116","614","39","318","5","0","127","1105.2","1034","454","397","51","457","63","791","24","4","46","4700","forstte01","null","null","0"
"81","José Valverde","11.5","12","11.7","11.4","1.2","5.3","0","1","0.15","0","0","0","12","2003","2014","3","27","33","0.45","3.27","133","626","0","520","0","0","288","630.1","490","255","229","67","264","31","692","26","3","24","2646","valvejo01","null","null","0"
"82","Stan Williams","22.2","20","21.1","11.3","2.2","5.8","0","0","0","0","0","0.1","14","1958","1972","2","109","94","0.537","3.48","108","482","208","140","42","11","42","1764.1","1527","785","682","160","748","62","1305","71","9","57","7521","willist02","null","null","0"
"83","Greg Holland","12.4","13","12.7","11.1","1.5","5.5","0","0","0.02","0","0","0","12","2010","2022","3","30","28","0.517","3.14","138","556","0","355","0","0","220","547.2","417","211","191","43","241","20","677","7","2","50","2271","hollagr01","null","null","0"
"84","Rafael Betancourt","14.1","13.4","13.8","11.1","1.4","6.8","0","0","0","0","0","0","12","2003","2015","0","38","37","0.507","3.36","133","680","0","241","0","0","75","685.2","596","274","256","71","164","40","724","1","4","17","2787","betanra01","null","null","0"
"85","Octavio Dotel","15.2","13.9","14.5","11","1.3","6.8","0","0","0","0","0","0","15","1999","2013","0","59","50","0.541","3.78","119","758","34","305","0","0","109","951","765","431","399","117","412","39","1143","41","4","46","4024","doteloc01","null","null","0"
"86","Jim Brewer","15.9","14.4","15.2","10.9","1.7","4.5","0","0","0","0","0","0","17","1960","1976","1","69","65","0.515","3.07","111","584","35","351","1","1","133","1040.1","898","401","355","92","360","77","810","10","3","41","4299","breweji01","null","null","0"
"87","Ugueth Urbina","13.2","12.3","12.7","10.9","1.5","6.2","0","0","0","0","0","0","11","1995","2005","2","44","49","0.473","3.45","128","583","21","408","0","0","237","697.1","539","289","267","86","307","30","814","6","6","29","2918","urbinug01","null","null","0"
"88","Tyler Clippard","15.9","12.1","14","10.8","1.3","8.1","0","0","0","0","0","0","16","2007","2022","2","56","48","0.538","3.16","131","807","14","212","0","0","74","872.1","625","327","306","112","344","19","956","32","6","48","3575","clippty01","null","null","0"
"89","Turk Farrell","27.2","25.3","26.2","10.8","2.6","9.7","0","0","0","0","1","0.4","14","1956","1969","5","106","111","0.488","3.45","104","590","134","301","41","5","83","1704.2","1628","737","653","152","468","82","1177","27","4","45","7099","farretu01","null","null","0"
"90","Alejandro Peña","15.4","16.7","16.1","10.7","1.8","6.1","0","0","0","0","0","0.1","15","1981","1996","0","56","52","0.519","3.11","119","503","72","232","12","7","74","1057.2","959","427","365","75","331","62","839","13","10","16","4398","penaal01","null","null","0"
"91","Hank Aguirre","17.8","16.4","17.1","10.6","2","6.4","0","0","0","1","1","0.8","16","1955","1970","2","75","72","0.51","3.25","117","447","149","124","44","9","33","1375.1","1216","562","496","123","479","35","856","47","9","35","5790","aguirha01","null","null","0"
"92","Clint Brown","20.8","19.6","20.2","10.6","2.5","5.9","0","0","0","0","0","0.1","15","1928","1942","0","89","93","0.489","4.26","109","434","130","250","62","8","64","1485.2","1740","830","704","86","368","77","410","20","0","18","6495","browncl01","null","null","0"
"93","Greg Minton","17.4","16.6","17","10.4","1.6","5.9","0","0","0.03","0","0","0","16","1975","1990","1","59","65","0.476","3.1","118","710","7","415","0","0","150","1130.2","1082","452","389","43","483","131","479","16","9","56","4810","mintogr01","null","null","0"
"94","Joe Smith","12.9","10.2","11.5","10.3","1","5.8","0","0","0","0","0","0","15","2007","2022","0","55","34","0.618","3.14","129","866","0","176","0","0","30","762.1","653","289","266","66","254","31","666","40","4","19","3150","smithjo05","null","null","0"
"95","Scot Shields","12.1","12.7","12.4","10.2","1.6","5.5","0","0","0","0","0","0","10","2001","2010","0","46","44","0.511","3.18","139","491","15","114","0","0","21","697","589","285","246","55","278","21","631","21","0","49","2916","shielsc01","null","null","0"
"96","Francisco Cordero","16.9","14.2","15.6","10.2","1.4","7.3","0","0","0","0","0","0","14","1999","2012","3","47","53","0.47","3.38","135","800","0","575","0","0","329","824.2","751","342","310","64","375","30","796","27","3","37","3551","cordefr01","null","null","0"
"97","Emmanuel Clase","12.2","12.2","12.2","10.2","2.3","7.3","0","1","0.31","0","0","0","6","2019","2025","3","21","26","0.447","1.88","222","366","1","297","0","0","182","360","267","111","75","15","70","10","349","9","2","19","1417","claseem01","null","null","0"
"98","Bob Wickman","16.9","13.4","15.1","10.2","1.3","6","0","0","0","0","0","0","15","1992","2007","2","63","61","0.508","3.57","126","835","28","511","1","1","267","1059","1051","469","420","80","432","45","785","38","2","32","4586","wickmbo01","null","null","0"
"99","Mike Timlin","19","13.6","16.3","10.2","1.2","7.1","0","0","0","0","0","0","18","1991","2008","0","75","73","0.507","3.63","125","1058","4","467","0","0","141","1204.1","1168","533","486","118","377","72","872","47","3","31","5082","timlimi01","null","null","0"
"100","Mike Stanton","14.3","15.5","14.9","10.2","0.8","4.9","0","0","0","0","0","0","19","1989","2007","1","68","63","0.519","3.92","112","1178","1","363","0","0","84","1114","1086","523","485","93","420","76","895","33","9","35","4762","stantmi02","null","null","0"
"101","Roberto Hernández","18.5","18.4","18.5","10.1","1.2","5.8","0","0","0.02","0","0","0","17","1991","2007","2","67","71","0.486","3.45","131","1010","3","667","0","0","326","1071.1","1002","475","411","96","462","53","945","35","1","50","4632","hernaro01","null","null","0"
"102","Dave Giusti","18.8","15","16.9","10.1","1.6","3","0","1","0.09","0","0","0","15","1962","1977","1","100","93","0.518","3.6","95","668","133","380","35","9","145","1716.2","1654","764","687","126","570","109","1103","15","7","87","7251","giustda01","null","null","0"
"103","Devin Williams","8.6","8.9","8.7","10.1","1.8","4.2","0","0","0.01","0","0","0","8","2019","2026","2","34","17","0.667","2.56","165","326","0","136","0","0","92","313.1","189","108","89","21","145","4","489","15","1","17","1279","willide03","null","null","0"
"104","Ryan Madson","13.5","12.6","13","10","1.2","6.1","0","0","0","0","0","0","13","2003","2018","0","61","48","0.56","3.48","125","740","18","236","0","0","91","869.2","830","358","336","82","250","44","775","44","5","40","3631","madsory01","null","null","0"
"105","Dick Radatz","15.6","15.6","15.6","10","2.8","7.1","0","0","0","0","1","0.6","7","1962","1969","2","52","43","0.547","3.13","123","381","0","297","0","0","120","693.2","532","260","241","65","296","46","745","30","1","25","2906","radatdi01","null","null","0"
"106","Ted Wilks","16.3","17","16.7","10","2.6","7.4","0","0","0","0","0","0","10","1944","1953","0","59","30","0.663","3.26","119","385","44","190","22","5","46","913","832","364","331","77","283","35","403","11","1","8","3765","wilkste01","null","null","0"
"107","Dave LaRoche","15.1","13.4","14.3","10","1.5","4.7","0","0","0","0","0","0","14","1970","1983","2","65","58","0.528","3.53","106","647","15","381","1","0","126","1049.1","919","448","411","94","459","81","819","29","7","18","4459","larocda01","null","null","0"
"108","J.J. Putz","13.1","12.9","13","9.9","1.6","6.3","0","0","0","0","0","0","12","2003","2014","1","37","33","0.529","3.08","138","572","0","357","0","0","189","566.2","469","203","194","50","184","18","599","19","0","24","2329","putzjj01","null","null","0"
"109","Tom Burgmeier","17.9","18.2","18","9.9","1.6","5.7","0","0","0","0","0","0","17","1968","1984","1","79","55","0.59","3.23","119","745","3","370","0","0","102","1258.2","1231","521","452","94","384","55","584","32","7","23","5272","burgmto01","null","null","0"
"110","Bryan Harvey","12.3","12.3","12.3","9.8","2.6","6.4","0","1","0.08","0","0","0","9","1987","1995","2","17","25","0.405","2.49","162","322","0","278","0","0","177","387","278","122","107","30","144","19","448","2","5","25","1582","harvebr01","null","null","0"
"111","Bill Henry","15","14.4","14.7","9.7","1.8","4.6","0","0","0","0","0","0","16","1952","1969","2","46","50","0.479","3.26","120","527","44","253","12","2","90","913","842","386","331","89","296","54","621","25","3","25","3833","henrybi01","null","null","0"
"112","Dellin Betances","11.1","11.6","11.4","9.7","2","6.2","0","0","0","0","0","0","10","2011","2021","4","21","23","0.477","2.53","165","374","1","86","0","0","36","394.1","240","124","111","26","183","5","633","28","3","28","1613","betande01","null","null","0"
"113","Mike Marshall","18.1","19.7","18.9","9.6","1.6","4.8","1","4","1.38","0","0","0","14","1967","1981","2","97","112","0.464","3.14","118","724","24","549","3","1","188","1386.2","1281","548","484","79","514","52","880","31","7","72","5842","marshmi01","null","null","0"
"114","Blake Treinen","12","12.8","12.4","9.6","1.5","5.6","0","0","0.06","0","0","0","12","2014","2026","1","46","42","0.523","2.92","142","549","7","198","0","0","82","591","502","219","192","45","228","27","610","21","0","24","2450","treinbl01","null","null","0"
"115","Roy Face","20.6","18","19.3","9.6","1.6","4.9","0","0","0","0","0","0","16","1953","1969","6","104","95","0.523","3.48","109","848","27","574","6","0","191","1375","1347","591","531","141","362","110","877","14","2","32","5691","facero01","null","null","0"
"116","B.J. Ryan","11.6","12.7","12.1","9.6","1.4","5.2","0","0","0","0","0","0","11","1999","2009","2","21","28","0.429","3.37","133","560","0","249","0","0","117","536.2","424","216","201","42","264","27","625","17","2","21","2273","ryanb.01","null","null","0"
"117","Sean Doolittle","10","8.9","9.4","9.5","1.5","5","0","0","0","0","0","0","11","2012","2022","2","26","24","0.52","3.2","130","463","0","218","0","0","112","450.2","354","167","160","48","103","14","522","8","0","9","1801","doolise01","null","null","0"
"118","Steve Farr","18.1","17.6","17.9","9.5","2.3","9","0","0","0","0","0","0","11","1984","1994","0","48","45","0.516","3.25","127","509","28","313","1","1","132","824.1","751","326","298","70","334","47","668","32","5","24","3487","farrst01","null","null","0"
"119","Steve Reed","17.6","14.4","16","9.4","1.4","9.8","0","0","0","0","0","0","14","1992","2005","0","49","44","0.527","3.63","132","833","0","197","0","0","18","870.2","811","384","351","107","285","46","630","61","5","11","3662","reedst01","null","null","0"
"120","Hugh Casey","12.4","14.6","13.5","9.4","2.1","3.9","0","0","0","0","0","0.2","9","1935","1949","0","75","42","0.641","3.45","112","343","56","189","24","3","54","939.2","935","414","360","58","321","54","349","27","4","15","4013","caseyhu01","null","null","0"
"121","Jeff Shaw","13.7","14.3","14","9.4","1.4","4.9","0","0","0","0","0","0","12","1990","2001","2","34","54","0.386","3.54","119","633","19","384","0","0","203","848","821","368","334","91","234","44","545","25","1","18","3549","shawje01","null","null","0"
"122","Dan Plesac","16.9","13.6","15.3","9.4","1.1","5.5","0","0","0","0","0","0","18","1986","2003","3","65","71","0.478","3.64","117","1064","14","422","0","0","158","1072","977","478","433","105","402","54","1041","17","10","41","4539","plesada01","null","null","0"
"123","Grant Balfour","9.2","10.7","9.9","9.3","1.2","3.5","0","0","0","0","0","0","12","2001","2015","1","30","23","0.566","3.49","119","534","1","203","0","0","84","539.2","406","215","209","47","252","14","571","8","1","26","2241","balfogr01","null","null","0"
"124","Gary Lavelle","19","17.6","18.3","9.2","1.7","7.4","0","0","0","0","0","0","13","1974","1987","2","80","77","0.51","2.93","126","745","3","399","0","0","136","1085","1004","413","353","51","440","126","769","13","18","19","4604","lavelga01","null","null","0"
"125","Steve Cishek","13.3","11.2","12.3","9.1","1.2","7","0","0","0","0","0","0","13","2010","2022","0","33","43","0.434","2.98","137","737","0","312","0","0","133","710.2","565","264","235","54","288","38","743","59","4","29","2993","cishest01","null","null","0"
"126","Rod Beck","11.3","11.2","11.3","9.1","1.1","3.9","0","0","0.01","0","0","0","13","1991","2004","3","38","45","0.458","3.3","124","704","0","519","0","0","286","768","703","308","282","97","191","33","644","20","3","23","3170","beckro01","null","null","0"
"127","Steve Bedrosian","14.5","14","14.2","9","1.3","3.7","1","1","0.48","0","0","0","14","1981","1995","1","76","79","0.49","3.38","115","732","46","439","0","0","184","1191","1026","496","447","114","518","75","921","27","4","33","5044","bedrost01","null","null","0"
"128","Wade Davis","10.3","14.7","12.5","9","1.1","0","0","0","0.06","0","0","0","13","2009","2021","3","63","55","0.534","3.94","105","557","88","270","2","1","141","990.1","895","458","433","104","389","11","929","32","0","46","4199","daviswa01","null","null","0"
"129","Dave Veres","12.9","11.7","12.3","9","1.4","6.9","0","0","0","0","0","0","10","1994","2003","0","36","35","0.507","3.44","131","605","0","284","0","0","95","694","661","287","265","78","257","30","617","28","7","45","2957","veresda01","null","null","0"
"130","Takashi Saito","10.5","10.5","10.5","9","2.1","6.5","0","0","0.01","0","0","0","7","2006","2012","1","21","15","0.583","2.34","185","338","0","189","0","0","84","338","250","99","88","25","108","13","400","14","0","9","1363","saitota01","null","null","0"
"131","Pete Richert","13.5","13.4","13.4","9","1.6","2.5","0","0","0","0","0","0.1","13","1962","1974","2","80","73","0.523","3.19","106","429","122","161","22","3","51","1165.2","959","463","413","116","424","46","925","16","5","33","4817","richepe01","null","null","0"
"132","Dave Smith","11.7","12.4","12","8.9","1.3","4","0","0","0","0","0","0","13","1980","1992","2","53","53","0.5","2.67","130","609","1","432","0","0","216","809.1","700","280","240","34","283","64","548","13","22","28","3357","smithda02","null","null","0"
"133","Pat Neshek","10.6","10.1","10.4","8.9","1.3","5.7","0","0","0","0","0","0","13","2006","2019","2","36","25","0.59","2.82","146","544","0","119","0","0","16","488","375","167","153","57","133","21","471","9","0","9","1959","neshepa01","null","null","0"
"134","Jason Isringhausen","13","12","12.5","8.9","1.1","4.1","0","0","0","0","0","0","16","1995","2012","2","51","55","0.481","3.64","115","724","52","499","3","1","300","1007.2","901","450","408","85","437","43","830","34","2","53","4322","isrinja01","null","null","0"
"135","Brian Fuentes","10.5","11.1","10.8","8.9","1.1","4.7","0","0","0","0","0","0","12","2001","2012","4","26","43","0.377","3.62","128","650","0","381","0","0","204","613.1","515","267","247","64","258","25","639","52","2","32","2622","fuentbr01","null","null","0"
"136","Jeff Fassero","23.7","23.4","23.6","8.9","1.7","6.6","0","0","0.01","0","0","0","16","1991","2006","0","121","124","0.494","4.11","107","720","242","146","17","2","25","2033.2","2083","1042","929","214","724","50","1643","37","8","86","8810","fasseje01","null","null","0"
"137","Brad Lidge","7.9","12.1","10","8.9","0.9","2.8","0","1","0.07","0","0","0","11","2002","2012","2","26","32","0.448","3.54","122","603","1","368","0","0","225","603.1","492","257","237","57","287","41","799","34","3","46","2589","lidgebr01","null","null","0"
"138","Michael King","13","13.6","13.3","8.9","3.6","7.6","0","0","0.07","0","0","0.1","8","2019","2026","0","35","31","0.53","3.14","133","171","74","24","1","1","7","553","456","221","193","57","196","6","618","28","1","12","2298","kingmi01","null","null","0"
"139","Todd Worrell","10.9","12.3","11.6","8.8","1.2","3.4","0","1","0.03","0","0","0","11","1985","1997","3","50","52","0.49","3.09","122","617","0","456","0","0","256","693.2","608","264","238","65","247","67","628","7","7","23","2893","worreto01","null","null","0"
"140","Duane Ward","10.1","11.2","10.7","8.8","1.5","3.5","0","1","0.06","0","0","0","9","1986","1995","1","32","37","0.464","3.28","124","462","2","272","0","0","121","666.2","551","268","243","32","286","39","679","17","4","51","2783","warddu01","null","null","0"
"141","C.J. Wilson","17.5","19.4","18.4","8.8","1.9","4.6","0","0","0.05","0","0","0","11","2005","2015","2","94","70","0.573","3.74","110","444","192","110","7","2","52","1430.1","1287","672","594","117","602","20","1259","76","6","66","6090","wilsocj01","null","null","0"
"142","Eddie Guardado","13.2","10.8","12","8.8","1","3.4","0","0","0","0","0","0","17","1993","2009","2","46","61","0.43","4.31","109","908","25","401","0","0","187","944.2","894","476","452","138","348","39","798","16","2","25","4011","guarded01","null","null","0"
"143","Darren Oliver","22.2","16.8","19.5","8.7","1.5","4.6","0","0","0","0","0","0","20","1993","2013","0","118","98","0.546","4.51","104","766","229","121","11","4","7","1915.2","2037","1045","960","216","720","45","1259","96","15","60","8346","oliveda02","null","null","0"
"144","Felipe Vazquez","8.3","8.3","8.3","8.7","1.7","4.8","0","0","0","0","0","0","5","2015","2019","2","17","13","0.567","2.61","159","323","0","175","0","0","89","330.2","254","109","96","22","101","7","402","16","2","13","1348","riverfe01","null","null","0"
"145","Mike Adams","10.1","9.8","9.9","8.7","1.7","6.1","0","0","0","0","0","0","10","2004","2014","0","21","20","0.512","2.41","165","408","0","60","0","0","4","407.1","316","122","109","33","126","12","409","6","0","7","1653","adamsmi03","null","null","0"
"146","Bob Howry","10.7","11","10.9","8.6","0.9","3","0","0","0","0","0","0","13","1998","2010","0","45","52","0.464","3.84","120","769","0","295","0","0","66","787.2","731","366","336","93","253","42","653","29","1","24","3321","howrybo01","null","null","0"
"147","Bobby Bolin","19","19.7","19.3","8.5","2","4.2","0","0","0","0","0","0","13","1961","1973","0","88","75","0.54","3.4","104","495","164","161","32","10","51","1576","1364","687","596","164","597","71","1175","60","3","56","6671","bolinbo01","null","null","0"
"148","Ryan Pressly","9.5","9","9.3","8.5","1","3.1","0","0","0","0","0","0","13","2013","2025","2","37","39","0.487","3.33","126","667","0","256","0","0","117","691.1","611","288","256","66","207","14","721","15","0","47","2856","pressry01","null","null","0"
"149","Dámaso Marte","10.2","10.7","10.4","8.5","1.2","4.7","0","0","0","0","0","0","11","1999","2010","0","23","27","0.46","3.48","130","570","0","137","0","0","36","503.2","405","209","195","48","229","30","533","26","5","15","2118","marteda01","null","null","0"
"150","Larry Andersen","13.9","12.8","13.3","8.5","1.3","4.4","0","0","0","0","0","0","17","1975","1994","0","40","39","0.506","3.15","121","699","1","267","0","0","49","995.1","932","402","348","58","311","64","758","17","7","21","4171","anderla02","null","null","0"
"151","Al Worthington","16.2","12.9","14.6","8.4","1.6","3.5","0","0","0","0","0","0","14","1953","1969","0","75","82","0.478","3.39","110","602","69","314","11","3","111","1246.2","1130","546","469","105","527","71","834","27","2","44","5331","worthal01","null","null","0"
"152","Jim Brosnan","13.9","13.8","13.9","8.4","2.2","5.2","0","0","0","0","0","0","9","1954","1963","0","55","47","0.539","3.54","112","385","47","201","7","2","68","831.1","790","356","327","81","312","46","507","9","1","16","3510","brosnji01","null","null","0"
"153","Tim Burke","12.1","12.6","12.4","8.4","1.6","5.2","0","0","0","0","0","0","8","1985","1992","1","49","33","0.598","2.72","136","498","2","262","0","0","102","699.1","624","251","211","49","219","71","444","21","2","25","2906","burketi01","null","null","0"
"154","Jhoan Duran","9.1","9.1","9.1","8.3","2.4","5.3","0","0","0","0","0","0","5","2022","2026","0","19","26","0.422","2.39","176","259","0","163","0","0","98","267","210","92","71","19","80","14","340","17","1","19","1086","duranjh01","null","null","0"
"155","Greg Harris","19.9","18.6","19.2","8.3","1.7","6.6","0","0","0","0","0","0","15","1981","1995","0","74","90","0.451","3.69","112","703","98","266","4","0","54","1467","1329","689","601","129","652","86","1141","54","13","72","6293","harrigr01","null","null","0"
"156","Jason Adam","9.4","9.8","9.6","8.2","1.8","5.2","0","0","0","0","0","0","9","2018","2026","1","29","15","0.659","2.62","158","358","0","79","0","0","25","350.2","230","117","102","35","129","11","397","34","4","14","1415","adamja01","null","null","0"
"157","Jason Frasor","9.5","7.8","8.7","8.2","1","3.8","0","0","0","0","0","0","12","2004","2015","0","35","35","0.5","3.49","125","679","0","205","0","0","36","646.2","568","267","251","56","283","32","615","23","4","38","2747","frasoja01","null","null","0"
"158","Justin Duchscherer","9.9","10.6","10.3","8.1","2.6","5.2","0","0","0","0","0","0","8","2001","2010","2","33","25","0.569","3.13","139","224","32","62","1","1","14","454.2","396","172","158","47","121","14","347","23","1","10","1855","duchsju01","null","null","0"
"159","Don Aase","15","14.5","14.7","8.1","1.9","4","0","0","0","0","0","0","13","1977","1990","1","66","60","0.524","3.8","104","448","91","235","22","5","82","1109.1","1085","503","468","89","457","45","641","7","3","22","4730","aasedo01","null","null","0"
"160","Scott Barlow","8.4","8.3","8.4","8.1","1.2","3.9","0","0","0","0","0","0","9","2018","2026","0","29","24","0.547","3.59","124","461","1","148","0","0","59","476.2","386","207","190","45","218","16","556","29","1","23","2027","barlosc01","null","null","0"
"161","Jay Howell","15","16","15.5","8.1","1.7","5.5","0","0","0","0","0","0","15","1980","1994","3","58","53","0.523","3.34","114","568","21","360","2","0","155","844.2","782","335","313","57","291","38","666","19","8","31","3564","howelja01","null","null","0"
"162","Sandy Consuegra","11.7","11.9","11.8","8.1","2.5","5.1","0","0","0","0","0","0","8","1950","1957","1","51","32","0.614","3.37","119","248","71","91","24","5","28","809.1","811","346","303","43","246","28","193","6","2","8","3401","consusa01","null","null","0"
"163","Ken Giles","7.6","7.8","7.7","8","1.4","4.1","0","0","0","0","0","0","8","2014","2022","0","14","18","0.438","2.71","150","362","0","208","0","0","115","355.1","283","121","107","28","114","5","484","5","0","24","1454","gileske01","null","null","0"
"164","Garrett Crochet","11.4","11.4","11.4","8","3.7","7.6","0","1","0.63","0","0","0.3","6","2020","2026","2","30","27","0.526","3.17","130","142","70","18","1","1","0","454.1","378","174","160","50","130","2","586","15","4","17","1863","crochga01","null","null","0"
"165","Matt Thornton","13.5","12.4","12.9","8","1.2","6.3","0","0","0","0","0","0","13","2004","2016","1","36","46","0.439","3.41","129","748","1","170","0","0","23","662.2","594","273","251","52","251","37","642","20","0","28","2799","thornma01","null","null","0"
"166","Tyler Rogers","10.5","10.3","10.4","8","1.6","6.2","0","0","0","0","0","0","8","2019","2026","0","27","25","0.519","2.71","151","442","0","72","0","0","20","445.1","406","151","134","28","84","7","320","26","1","3","1824","rogerty01","null","null","0"
"167","Jim Kern","14.1","16.4","15.3","8","2.2","3.7","0","1","0.18","0","0","0.1","13","1974","1986","3","53","57","0.482","3.32","116","416","14","254","1","0","88","793.1","670","332","293","35","444","61","651","29","8","48","3422","kernji01","null","null","0"
"168","Jesse Crain","11.4","11.2","11.3","8","1.5","5.5","0","0","0","0","0","0","10","2004","2013","1","45","30","0.6","3.05","143","532","0","116","0","0","4","532","449","205","180","44","206","27","440","18","3","14","2221","crainje01","null","null","0"
"169","Cody Allen","8.6","8.7","8.6","8","1.2","3.8","0","0","0","0","0","0","8","2012","2019","0","24","31","0.436","3.14","135","481","0","291","0","0","153","463.2","375","179","162","55","193","13","593","10","0","40","1943","allenco01","null","null","0"
"170","Roberto Osuna","8.6","8.6","8.6","7.9","1.9","4.6","0","0","0","0","0","0","6","2015","2020","1","14","18","0.438","2.74","159","314","0","247","0","0","155","315","230","101","96","28","55","6","348","13","1","17","1227","osunaro01","null","null","0"
"171","Clem Labine","12.3","11.4","11.8","7.9","1.5","1.6","0","0","0","0","0","0","13","1950","1962","2","77","56","0.579","3.63","112","513","38","288","7","2","94","1079.2","1043","492","435","81","396","67","551","11","0","27","4577","labincl01","null","null","0"
"172","Jeff Brantley","11.3","13.7","12.5","7.8","1.2","2.5","0","0","0","0","0","0","14","1988","2001","1","43","46","0.483","3.39","115","615","18","379","0","0","172","859.1","754","348","324","105","366","51","728","27","13","26","3644","brantje01","null","null","0"
"173","Steve Howe","10.3","12","11.2","7.8","1.4","3.4","0","0","0","0","0","0","12","1980","1996","1","47","41","0.534","3.03","130","497","0","257","0","0","91","606","586","239","204","32","139","54","328","18","2","17","2523","howest01","null","null","0"
"174","Jim Konstanty","11","10.8","10.9","7.8","1.6","1.7","0","0","0","0","0","0","11","1944","1956","1","66","48","0.579","3.46","112","433","36","266","14","2","76","945.2","957","420","364","88","269","45","268","5","6","8","3931","konstji01","null","null","0"
"175","Chuck Taylor","12","12.1","12","7.8","2.5","6.5","0","0","0","0","0","0","8","1969","1976","0","28","20","0.583","3.07","123","305","21","133","6","2","31","607","576","222","207","43","162","41","282","12","2","9","2471","tayloch02","null","null","0"
"176","Tippy Martinez","8.6","11.4","10","7.7","1.1","0.5","0","0","0","0","0","0","14","1974","1988","1","55","42","0.567","3.45","112","546","2","320","0","0","115","834","732","357","320","53","425","57","632","8","7","64","3544","martiti01","null","null","0"
"177","Gregg Olson","12.8","13.6","13.2","7.7","1.4","4.5","0","0","0.02","0","0","0","14","1988","2001","1","40","39","0.506","3.46","123","622","0","447","0","0","217","672","598","275","258","46","330","41","588","12","7","43","2889","olsongr01","null","null","0"
"178","Al Hrabosky","10.3","10.6","10.5","7.7","1.3","3.2","0","2","0.36","0","0","0","13","1970","1982","0","64","35","0.646","3.1","122","545","1","307","0","0","97","722","619","284","249","50","315","58","548","13","1","36","3056","hraboal01","null","null","0"
"179","Kelvin Herrera","10.1","10.9","10.5","7.7","1.3","4.7","0","0","0","0","0","0","10","2011","2020","2","27","32","0.458","3.21","133","522","0","166","0","0","61","513.2","458","197","183","50","160","17","510","16","4","26","2141","herreke01","null","null","0"
"180","Gene Garber","16.7","15.9","16.3","7.6","1.2","3.9","0","0","0.01","0","0","0","19","1969","1988","0","96","113","0.459","3.34","117","931","9","609","4","0","218","1510","1464","654","560","123","445","155","940","37","10","30","6327","garbege01","null","null","0"
"181","Al McBean","15.1","15.9","15.5","7.6","2.1","3.8","0","0","0","0","0","0","10","1961","1970","0","67","50","0.573","3.13","111","409","76","187","22","5","63","1072.1","1058","430","373","63","365","56","575","30","6","35","4518","mcbeaal01","null","null","0"
"182","Bob Lee","8.6","8.6","8.6","7.4","2.1","3","0","0","0","0","0","0","5","1964","1968","1","25","23","0.521","2.71","124","269","7","152","0","0","64","492","402","177","148","31","196","35","315","5","2","12","2044","leebo01","null","null","0"
"183","Joe Beggs","9.6","10.3","10","7.4","2.3","2.2","0","0","0","0","0","0","9","1938","1948","0","48","35","0.578","2.96","123","238","41","127","23","4","29","693.2","688","284","228","39","189","32","178","4","5","4","2895","beggsjo01","null","null","0"
"184","Aurelio López","9.3","11.2","10.3","7.4","1.4","0.3","0","0","0.01","0","0","0","11","1974","1987","1","62","36","0.633","3.56","112","459","9","281","0","0","93","910","785","392","360","102","367","39","635","15","4","34","3818","lopezau01","null","null","0"
"185","Al Holland","11.9","12.8","12.4","7.4","2","5.1","0","0","0.03","0","0","0","10","1977","1987","1","34","30","0.531","2.98","123","384","11","216","0","0","78","646","548","241","214","55","232","54","513","5","8","12","2709","hollaal01","null","null","0"
"186","Eddie Fisher","10","11","10.5","7.3","0.9","-2.5","0","0","0","0","0","0","15","1959","1973","1","85","70","0.548","3.41","101","690","63","344","7","2","82","1538.2","1398","659","583","149","438","38","812","27","1","53","6340","fisheed02","null","null","0"
"187","Heath Bell","7.1","8.9","8","7.3","0.8","1.2","0","0","0.02","0","0","0","11","2004","2014","3","38","32","0.543","3.49","112","590","0","292","0","0","168","628.2","584","258","244","48","214","21","637","16","1","27","2635","bellhe01","null","null","0"
"188","Hector Neris","9.4","10.3","9.9","7.2","1","3.8","0","0","0","0","0","0","12","2014","2025","0","46","43","0.517","3.47","121","643","0","274","0","0","107","627.1","509","272","242","83","243","16","775","36","12","38","2632","nerishe01","null","null","0"
"189","Scott Downs","10.8","11.4","11.1","7.2","1.1","2.9","0","0","0","0","0","0","13","2000","2014","0","38","40","0.487","3.56","121","619","50","113","1","1","27","751.1","729","333","297","67","279","34","575","28","2","26","3213","downssc01","null","null","0"
"190","Wilcy Moore","7","7","7","7.1","1.6","0.3","0","0","0","0","0","0.1","6","1927","1933","0","51","44","0.537","3.7","110","261","32","161","14","2","49","691","732","356","284","25","232","15","204","3","2","14","3025","moorewi01","null","null","0"
"191","Jeff Zimmerman","7.5","7.5","7.5","7.1","2.6","4.3","0","0","0","0","0","0","3","1999","2001","1","17","12","0.586","3.27","151","196","0","84","0","0","32","228.2","178","88","83","29","73","5","213","8","3","5","932","zimmeje02","null","null","0"
"192","Matt Strahm","11.5","11.3","11.4","7.1","1.7","6.3","0","0","0","0","0","0","11","2016","2026","1","35","39","0.473","3.37","125","412","35","61","0","0","15","533.2","435","216","200","65","157","12","599","36","3","19","2201","strahma01","null","null","0"
"193","Garland Braxton","10","12","11","7","1.9","-0.4","0","0","0","0","0","0.2","10","1921","1933","0","50","53","0.485","4.13","101","282","71","130","28","2","29","938","1014","529","430","38","276","6","412","21","0","11","4061","braxtga01","null","null","0"
"194","Robert Suarez","6.9","6.9","6.9","7","2.1","3.9","0","0","0","0","0","0","5","2022","2026","2","26","13","0.667","2.71","151","225","0","128","0","0","81","229.1","156","72","69","21","67","6","238","6","1","5","900","suarero01","null","null","0"
"195","Javier López","8","9","8.5","7","0.7","3.6","0","0","0","0","0","0","14","2003","2016","0","30","17","0.638","3.48","121","839","0","163","0","0","14","533.1","484","227","206","26","235","38","358","27","3","16","2273","lopezja02","null","null","0"
"196","Brendan Donnelly","7.6","8.4","8","7","1.3","3.4","0","0","0","0","0","0","9","2002","2010","1","32","10","0.762","3.22","137","386","0","97","0","0","6","385.1","326","153","138","35","154","12","369","19","2","15","1632","donnebr01","null","null","0"
"197","Mike Remlinger","10.6","10.7","10.7","6.9","1","2.7","0","0","0","0","0","0","14","1991","2006","1","53","55","0.491","3.9","111","639","59","110","4","2","20","879","784","412","381","103","430","38","854","30","6","48","3806","remlimi01","null","null","0"
"198","Collin McHugh","12.3","14.4","13.3","6.9","1.8","3.5","0","0","0.02","0","0","0","11","2012","2023","0","71","47","0.602","3.72","109","346","127","49","1","0","1","992.2","940","439","410","106","280","10","967","46","1","29","4156","mchugco01","null","null","0"
"199","Bobby Jenks","8.3","8.3","8.3","6.9","1.6","3.9","0","0","0","0","0","0","7","2005","2011","2","16","20","0.444","3.53","131","348","0","286","0","0","173","357.1","324","149","140","26","123","23","351","8","1","19","1499","jenksbo01","null","null","0"
"200","Paul Assenmacher","13.1","13","13","6.8","1","4.9","0","0","0","0","0","0","14","1986","1999","0","61","44","0.581","3.53","118","884","1","275","0","0","56","855.2","817","371","336","73","315","78","807","22","5","31","3664","assenpa01","null","null","0"
"201","Rheal Cormier","9.5","11.3","10.4","6.8","0.8","0","0","0","0","0","0","0","16","1991","2007","0","71","64","0.526","4.03","105","683","108","105","7","1","2","1221.2","1248","604","547","121","317","37","760","51","4","39","5157","cormirh01","null","null","0"
"202","Daniel Bard","8.4","9.4","8.9","6.8","1.4","2.6","0","0","0","0","0","0","9","2009","2023","0","31","35","0.47","3.74","123","408","10","150","0","0","66","457.1","354","210","190","43","241","17","475","36","5","16","1965","bardda01","null","null","0"
"203","Chad Cordero","7.3","7.3","7.3","6.8","1.6","3.9","0","1","0.01","0","0","0","7","2003","2010","1","20","15","0.571","2.89","149","314","0","230","0","0","128","330.1","277","120","106","40","122","16","298","7","1","13","1388","cordech01","null","null","0"
"204","Doug Corbett","9.3","10.2","9.8","6.8","2","3.4","0","0","0","0","0","0","8","1980","1987","1","24","30","0.444","3.32","125","313","1","216","0","0","66","553","497","226","204","49","200","49","343","6","2","15","2294","corbedo01","null","null","0"
"205","Bill Campbell","12.4","13.2","12.8","6.8","1.2","0.3","0","1","0.24","0","0","0","15","1973","1987","1","83","68","0.55","3.54","111","700","9","455","2","1","126","1229.1","1139","550","484","82","495","100","864","20","6","47","5239","campbbi02","null","null","0"
"206","Jeff Nelson","14.7","11.5","13.1","6.8","1.3","7.1","0","0","0","0","0","0","15","1992","2006","1","48","45","0.516","3.41","133","798","0","237","0","0","33","784.2","633","329","297","55","428","59","829","64","3","36","3402","nelsoje01","null","null","0"
"207","Ray Narleski","9.4","9.4","9.4","6.7","2","3.2","0","0","0","0","0","0","6","1954","1959","2","43","33","0.566","3.6","107","266","52","132","17","1","58","702","606","318","281","81","335","23","454","11","3","16","3022","narlera01","null","null","0"
"208","Will Harris","7.7","8.3","8","6.7","1.2","3.5","0","0","0","0","0","0","10","2012","2021","1","23","20","0.535","2.94","141","447","0","99","0","0","21","420","353","150","137","40","114","7","452","9","0","26","1707","harriwi10","null","null","0"
"209","Kirby Yates","8.3","9.8","9","6.7","1.2","2.6","0","0","0.02","0","0","0","12","2014","2026","2","30","24","0.556","3.37","121","476","0","211","0","0","98","456.1","335","185","171","63","182","13","629","29","5","18","1898","yateski01","null","null","0"
"210","Jeremy Jeffress","8.7","9.5","9.1","6.7","1.4","4.1","0","0","0","0","0","0","11","2010","2020","1","32","12","0.727","3.08","139","414","1","144","0","0","52","424.1","387","160","145","31","175","20","387","19","2","22","1793","jeffrje01","null","null","0"
"211","Mason Miller","6.7","6.7","6.7","6.7","3","4","0","0","0","0","0","0","4","2023","2026","1","4","7","0.364","2.57","163","146","6","101","0","0","65","182","98","59","52","13","73","5","291","5","1","11","706","millema03","null","null","0"
"212","Carlos Marmól","9.8","10.8","10.3","6.7","1.2","4.5","0","0","0","0","0","0","9","2006","2014","1","23","35","0.397","3.57","121","519","13","259","0","0","117","577","385","242","229","49","395","22","744","51","7","35","2521","marmoca01","null","null","0"
"213","Ryan Helsley","7.5","7.9","7.7","6.7","1.7","3.4","0","0","0.02","0","0","0","8","2019","2026","2","31","20","0.608","2.94","140","309","0","181","0","0","112","330.1","250","121","108","30","139","14","392","3","2","24","1360","helslry01","null","null","0"
"214","Grant Jackson","14.1","12.8","13.4","6.7","1.2","0.9","0","0","0","0","0","0","18","1965","1982","1","86","75","0.534","3.46","105","692","83","291","16","5","79","1358.2","1272","589","523","109","511","71","889","21","9","44","5749","jacksgr01","null","null","0"
"215","Terry Fox","8.2","8.2","8.2","6.6","2.2","3.3","0","0","0","0","0","0","7","1960","1966","0","29","19","0.604","2.99","127","248","0","146","0","0","59","397","379","149","132","34","124","23","185","12","1","6","1664","foxte01","null","null","0"
"216","Jeff Russell","14.8","13.5","14.2","6.6","1.5","3.1","0","0","0.01","0","0","0","14","1983","1996","2","56","73","0.434","3.75","112","589","79","340","11","2","186","1099.2","1065","525","458","100","415","43","693","28","12","46","4694","russeje01","null","null","0"
"217","Adam Ottavino","14.9","12.9","13.9","6.6","1.4","8.1","0","0","0","0","0","0","15","2010","2025","0","41","43","0.488","3.48","128","727","3","168","0","0","46","744.2","628","308","288","72","330","32","862","50","5","66","3167","ottavad01","null","null","0"
"218","Chad Green","8","8.7","8.4","6.6","1.3","3.3","0","0","0","0","0","0","10","2016","2025","0","43","30","0.589","3.43","126","382","24","93","0","0","29","492.2","400","206","188","78","127","12","591","14","0","18","1973","greench03","null","null","0"
"219","Mychal Givens","8.5","8.4","8.5","6.5","1.4","4.3","0","0","0","0","0","0","9","2015","2023","0","32","24","0.571","3.47","127","425","1","125","0","0","31","461.2","365","196","178","54","191","17","539","27","1","21","1913","givenmy01","null","null","0"
"220","Garrett Whitlock","8.3","8.3","8.3","6.5","2.7","5","0","0","0","0","0","0","6","2021","2026","0","27","15","0.643","3.12","139","183","23","36","0","0","10","332","293","129","115","34","82","4","366","13","1","11","1356","whitlga01","null","null","0"
"221","Billy Hoeft","20.6","20.4","20.5","6.5","2","6.3","0","0","0","0","0","0.3","15","1952","1966","1","97","101","0.49","3.94","99","505","200","130","75","17","33","1847.1","1820","883","809","173","685","63","1140","36","1","37","7917","hoeftbi01","null","null","0"
"222","Sam Zoldak","10.5","10.8","10.7","6.5","2.1","3.6","0","0","0","0","0","0","9","1944","1952","0","43","53","0.448","3.54","113","250","93","78","30","5","8","929.1","956","423","366","54","301","39","207","3","4","8","3946","zoldasa01","null","null","0"
"223","Bill Caudill","11.1","12.2","11.7","6.5","1.6","3.1","0","0","0.03","0","0","0","9","1979","1987","1","35","52","0.402","3.68","110","445","24","293","0","0","106","667","587","297","273","81","288","40","620","14","9","15","2847","caudibi01","null","null","0"
"224","Shigetoshi Hasegawa","11.6","11.8","11.7","6.5","1.5","4.4","0","0","0","0","0","0","9","1997","2005","1","45","43","0.511","3.7","125","517","8","191","0","0","33","720.1","691","323","296","76","265","37","447","18","6","16","3031","hasegsh01","null","null","0"
"225","Roger McDowell","10.1","9.9","10","6.5","0.9","1.7","0","0","0","0","0","0","12","1985","1996","0","70","70","0.5","3.3","115","723","2","430","0","0","159","1050","1045","454","385","50","410","98","524","28","11","37","4517","mcdowro01","null","null","0"
"226","Andrew Miller","7.7","12.2","10","6.5","0.8","-1","0","0","0.02","0","0","0","16","2006","2021","2","55","55","0.5","4.03","107","612","66","147","0","0","63","829","732","413","371","80","383","14","979","61","2","44","3619","millean01","null","null","0"
"227","Pedro Strop","8.8","9.6","9.2","6.5","1.1","3.9","0","0","0","0","0","0","13","2009","2021","0","29","30","0.492","3.2","130","561","0","141","0","0","32","505.2","360","194","180","34","232","19","554","37","6","54","2111","stroppe01","null","null","0"
"228","Steve Ontiveros","8.6","9.7","9.2","6.4","2.1","2.8","0","0","0","0","0","0","10","1985","2000","1","34","31","0.523","3.67","113","207","73","65","6","2","19","661.2","622","308","270","60","207","13","382","17","6","29","2773","ontivst02","null","null","0"
"229","Santiago Casilla","9.2","8.3","8.7","6.4","1","3.2","0","0","0","0","0","0","15","2004","2018","0","42","31","0.575","3.29","119","655","0","297","0","0","144","645.1","552","253","236","58","277","33","583","38","3","56","2745","garcija01","null","null","0"
"230","Don Larsen","18.4","16.4","17.4","6.4","2","5.8","0","0","0","0","0","0","14","1953","1967","0","81","91","0.471","3.78","99","412","171","132","44","11","23","1548","1442","728","650","130","725","55","849","26","0","39","6708","larsedo01","null","null","0"
"231","Félix Bautista","6.5","6.5","6.5","6.4","2.8","3.8","0","0","0.01","0","0","0","3","2022","2025","1","13","7","0.65","2.01","199","156","0","104","0","0","67","161.1","84","42","36","14","72","1","248","3","0","10","632","bautife01","null","null","0"
"232","Yusmeiro Petit","8.6","8.6","8.6","6.3","1","0.9","0","0","0","0","0","0","14","2006","2021","0","50","44","0.532","3.93","105","515","59","104","2","1","8","904","833","414","395","137","205","25","767","5","3","17","3699","petityu01","null","null","0"
"233","Bob Locker","10.2","10","10.1","6.3","1.2","2.5","0","0","0","0","0","0","10","1965","1975","0","57","39","0.594","2.75","122","576","0","288","0","0","95","879","776","329","269","40","257","80","577","36","5","37","3643","lockebo02","null","null","0"
"234","Rob Dibble","9.3","9.3","9.3","6.3","1.6","4.5","0","0","0","0","0","0","7","1988","1995","2","27","25","0.519","2.98","129","385","0","204","0","0","89","477","332","169","158","27","238","25","645","12","3","36","1979","dibblro01","null","null","0"
"235","Ramiro Mendoza","11.7","12.5","12.1","6.3","2","4.1","0","0","0","0","0","0","10","1996","2005","0","59","40","0.596","4.3","107","342","62","76","2","2","16","797","891","412","381","82","181","23","463","35","3","14","3422","mendora01","null","null","0"
"236","Tyler Holton","7","7","7","6.3","1.9","4.4","0","0","0","0","0","0","5","2022","2026","0","16","11","0.593","2.76","153","225","18","36","0","0","9","287.1","211","94","88","35","62","3","236","7","0","10","1119","holtoty01","null","null","0"
"237","Don Robinson","17.4","16.3","16.8","6.2","1.5","1.1","0","0","0.01","0","0","0","15","1978","1992","0","109","106","0.507","3.79","97","524","229","185","34","6","57","1958.1","1894","907","824","175","643","89","1251","27","15","74","8252","robindo01","null","null","0"
"238","Paul Quantrill","17.8","14.2","16","6.2","1.3","5.4","0","0","0","0","0","0","14","1992","2005","1","68","78","0.466","3.83","118","841","64","228","1","1","21","1255.2","1442","601","534","112","336","68","725","45","8","5","5428","quantpa01","null","null","0"
"239","Frank Linzy","13.1","13.5","13.3","6.2","1.7","4.7","0","0","0","0","0","0","11","1963","1974","0","62","57","0.521","2.85","124","516","2","342","0","0","110","817.1","790","315","259","35","282","97","358","14","1","30","3454","linzyfr01","null","null","0"
"240","Dick Drago","19.1","17.3","18.2","6.2","1.8","2.8","0","1","0.01","0","0","0","13","1969","1981","0","108","117","0.48","3.62","103","519","189","216","62","10","58","1875","1901","827","755","157","558","75","987","54","3","34","7899","dragodi01","null","null","0"
"241","LaTroy Hawkins","17.8","16.1","17","6.2","1.1","4","0","0","0","0","0","0","21","1995","2015","0","75","94","0.444","4.31","106","1042","98","373","2","0","127","1467.1","1607","763","702","163","456","35","983","21","7","70","6323","hawkila01","null","null","0"
"242","Tom Niedenfuer","10.3","10.7","10.5","6.2","1.4","3.3","0","0","0","0","0","0","10","1981","1990","0","36","46","0.439","3.29","112","484","0","276","0","0","97","653","601","251","239","60","226","67","474","13","1","14","2737","niedeto01","null","null","0"
"243","Mark Wohlers","3.9","6.3","5.1","6.2","0.5","-0.8","0","0","0","0","0","0","12","1991","2002","1","39","29","0.574","3.97","108","533","0","293","0","0","119","553.1","490","273","244","37","272","30","557","13","0","50","2400","wohlema01","null","null","0"
"244","Marv Grissom","12.8","13.8","13.3","6.1","2.1","4.2","0","0","0","0","0","0","10","1946","1959","1","47","45","0.511","3.41","116","356","52","176","12","3","57","810","771","358","307","65","343","47","459","28","1","23","3484","grissma01","null","null","0"
"245","Scott Sullivan","6.4","9","7.7","6.1","0.8","1.2","0","0","0","0","0","0","10","1995","2004","0","40","28","0.588","3.98","113","558","0","128","0","0","9","737.1","671","353","326","89","281","57","622","60","2","32","3146","sullisc01","null","null","0"
"246","Dave Burba","16.5","17.1","16.8","6.1","1.5","1.4","0","0","0","0","0","0","15","1990","2004","0","115","87","0.569","4.49","99","511","234","71","6","1","3","1777.2","1777","961","886","201","762","53","1398","58","4","75","7749","burbada01","null","null","0"
"247","Steve Hamilton","11.1","9.4","10.3","6.1","1.7","4.8","0","0","0","0","0","0","12","1961","1972","0","40","31","0.563","3.05","115","421","17","181","3","1","42","663","556","244","225","51","214","42","531","12","2","14","2726","hamilst01","null","null","0"
"248","Chad Bradford","10.1","9.2","9.6","6.1","1.2","4.6","0","0","0","0","0","0","12","1998","2009","0","36","28","0.563","3.26","138","561","0","115","0","0","11","515.2","527","214","187","28","137","39","313","29","3","4","2180","bradfch01","null","null","0"
"249","Scott Williamson","8.5","8.9","8.7","6.1","1.6","4.1","0","0","0","0","0","0","9","1999","2007","1","28","28","0.5","3.36","136","344","10","137","0","0","55","439.1","326","180","164","35","244","26","510","14","4","72","1864","willisc01","null","null","0"
"250","Andrés Muñoz","6.4","6.4","6.4","6.1","1.5","3","0","0","0","0","0","0","7","2019","2026","2","16","26","0.381","2.6","149","282","0","138","0","0","86","277.1","182","95","80","20","111","12","384","16","5","20","1123","munozan01","null","null","0"
"251","Joe Sambito","8.7","10","9.4","6.1","1.3","2.3","0","1","0.01","0","0","0","11","1976","1987","1","37","38","0.493","3.03","116","461","5","274","1","1","84","629","562","241","212","48","195","32","489","10","1","18","2588","sambijo01","null","null","0"
"252","Jake McGee","7.1","8.7","7.9","6.1","0.7","1.8","0","0","0","0","0","0","13","2010","2022","0","32","28","0.533","3.71","116","650","0","182","0","0","79","572.1","500","254","236","70","156","17","613","16","1","24","2359","mcgeeja01","null","null","0"
"253","Norm Charlton","8.1","10.6","9.3","6","0.9","0.9","0","0","0","0","0","0","13","1988","2001","1","51","54","0.486","3.71","112","605","37","280","1","1","97","899.1","798","419","371","70","409","27","808","32","9","77","3845","charlno01","null","null","0"
"254","Sean Marshall","9.3","10","9.6","6","1.4","3.6","0","0","0","0","0","0","9","2006","2014","0","37","46","0.446","3.86","114","396","59","79","1","0","16","615.1","596","289","264","60","221","25","537","23","2","20","2648","marshse01","null","null","0"
"255","Jonathan Broxton","8.7","10.3","9.5","6","0.9","2.7","0","0","0","0","0","0","13","2005","2017","2","43","38","0.531","3.41","121","694","0","293","0","0","118","676","580","285","256","51","268","34","758","20","0","21","2836","broxtjo01","null","null","0"
"256","Ricardo Rincón","7.2","6.6","6.9","6","0.9","3.2","0","0","0","0","0","0","11","1997","2008","0","21","24","0.467","3.59","126","565","0","128","0","0","21","443.2","384","200","177","41","201","32","400","11","4","14","1895","rincori01","null","null","0"
"257","Ted Abernathy","15.9","18.4","17.2","5.9","1.5","3.6","0","0","0","0","0","0.1","14","1955","1972","0","63","69","0.477","3.46","107","681","34","416","7","2","149","1148.1","1010","513","441","70","592","80","765","45","3","35","4963","abernte02","null","null","0"
"258","Jim Johnson","8.3","11.8","10","5.9","0.8","0.9","0","0","0.03","0","0","0","13","2006","2018","1","38","46","0.452","3.79","111","674","2","324","0","0","178","704.2","704","330","297","54","237","27","531","36","3","33","3000","johnsji04","null","null","0"
"259","Taylor Rogers","8","8.5","8.3","5.9","0.9","3.4","0","0","0","0","0","0","11","2016","2026","1","31","37","0.456","3.36","126","586","0","171","0","0","84","560","505","241","209","57","171","22","640","37","0","12","2339","rogerta01","null","null","0"
"260","Daniel Hudson","7.8","10","8.9","5.9","0.9","1.3","0","0","0","0","0","0","15","2009","2024","0","65","45","0.591","3.74","111","547","61","136","3","0","43","855.1","767","401","355","96","277","13","817","36","1","40","3586","hudsoda01","null","null","0"
"261","Mace Brown","10.5","10","10.3","5.9","1.6","1.4","0","0","0","0","0","0","10","1935","1946","1","76","57","0.571","3.46","111","387","55","206","18","2","48","1075.1","1125","502","414","44","388","42","435","7","2","26","4636","brownma01","null","null","0"
"262","Mel Rojas","6.3","9","7.6","5.9","0.8","0.7","0","0","0","0","0","0","10","1990","1999","0","34","31","0.523","3.82","107","525","0","282","0","0","126","667","591","305","283","65","254","31","562","37","0","30","2830","rojasme01","null","null","0"
"263","Reynaldo López","12.2","13.1","12.7","5.9","2.1","4.4","0","0","0","0","0","0.1","11","2016","2026","1","49","55","0.471","3.93","110","278","128","30","1","0","6","850.2","780","410","371","116","307","6","793","25","7","33","3590","lopezre01","null","null","0"
"264","AJ Ramos","6.4","6.9","6.7","5.8","1.1","3.3","0","0","0","0","0","0","9","2012","2021","1","17","18","0.486","3.04","129","381","0","200","0","0","99","373.1","269","133","126","25","205","14","430","15","0","24","1580","ramosaj01","null","null","0"
"265","Drew Storen","4.8","5.5","5.1","5.8","0.7","1","0","0","0","0","0","0","8","2010","2017","0","29","18","0.617","3.45","116","470","0","187","0","0","99","440.1","394","183","169","38","132","20","417","32","1","15","1844","storedr01","null","null","0"
"266","Tommy Hunter","10.9","10.2","10.6","5.8","1.3","2.5","0","0","0","0","0","0","16","2008","2023","0","56","47","0.544","4.07","105","508","76","112","2","0","22","917.1","930","442","415","129","208","13","639","30","2","16","3830","hunteto02","null","null","0"
"267","Brian Wilson","5.6","6.4","6","5.8","1","1.9","0","0","0.03","0","0","0","9","2006","2014","3","24","25","0.49","3.3","122","394","0","252","0","0","172","382","343","149","140","22","175","18","407","13","0","10","1649","wilsobr01","null","null","0"
"268","Bobby Thigpen","7.8","8.9","8.3","5.8","1.2","1.5","0","1","0.14","0","0","0","9","1986","1994","1","31","36","0.463","3.43","119","448","0","356","0","0","201","568.2","537","237","217","56","238","28","376","23","4","12","2448","thigpbo01","null","null","0"
"269","Andrew Chafin","8.1","8.2","8.2","5.8","0.9","3.8","0","0","0","0","0","0","12","2014","2025","0","22","28","0.44","3.35","127","643","3","105","0","0","20","542","462","223","202","39","234","18","591","16","1","36","2288","chafian01","null","null","0"
"270","Moe Drabowsky","19.7","21","20.3","5.8","1.8","2.9","0","0","0","0","0","0.1","17","1956","1972","0","88","105","0.456","3.71","101","589","154","220","33","6","54","1641","1441","758","676","182","702","62","1162","63","5","53","7005","drabomo01","null","null","0"
"271","Eddie Watt","7.7","8.9","8.3","5.7","1.2","1.7","0","0","0","0","0","0","10","1966","1975","0","38","36","0.514","2.91","117","411","13","240","1","0","80","659.2","530","244","213","37","254","48","462","24","1","37","2728","watted01","null","null","0"
"272","Drew Pomeranz","12.7","13.4","13","5.7","1.7","4.6","0","0","0","0","0","0","13","2011","2026","1","50","63","0.442","3.87","110","363","144","46","0","0","10","923","842","430","397","119","392","14","952","30","3","34","3943","pomerdr01","null","null","0"
"273","Ken Sanders","11.3","11.9","11.6","5.7","1.9","4.3","0","0","0","0","0","0","10","1964","1976","0","29","45","0.392","2.97","119","409","1","285","0","0","86","656.2","564","240","217","50","258","67","360","17","4","9","2741","sandeke01","null","null","0"
"274","Luke Gregerson","6.4","6.6","6.5","5.7","0.7","1.3","0","0","0","0","0","0","11","2009","2019","0","35","36","0.493","3.15","119","646","0","174","0","0","66","617.1","503","238","216","54","177","30","621","18","2","30","2518","gregelu01","null","null","0"
"275","Tom Sturdivant","10.3","12.1","11.2","5.7","1.6","1.2","0","0","0","0","0","0.1","10","1955","1964","0","59","51","0.536","3.74","102","335","101","99","22","7","17","1137","1029","521","473","107","449","37","704","34","3","39","4796","sturdto01","null","null","0"
"276","Scott Garrelts","9.6","11.2","10.4","5.7","1.4","1.1","0","0","0.03","0","0","0","10","1982","1991","1","69","53","0.566","3.29","108","352","89","162","9","4","48","959.1","815","395","351","74","413","53","703","13","10","48","4025","garresc01","null","null","0"
"277","Brandon Morrow","11.1","10.5","10.8","5.7","1.7","3","0","0","0","0","0","0","12","2007","2018","0","51","43","0.543","3.96","106","334","113","95","4","4","40","859","761","406","378","88","368","11","877","27","2","40","3653","morrobr01","null","null","0"
"278","Steve Kline","9.9","9.7","9.8","5.7","0.8","4.3","0","0","0","0","0","0","11","1997","2007","0","34","39","0.466","3.51","125","796","1","231","0","0","39","682.1","649","293","266","60","295","48","493","26","4","26","2940","klinest02","null","null","0"
"279","Gary Bell","16.2","14.5","15.4","5.6","1.5","0.6","0","0","0","0","0","0","12","1958","1969","4","121","117","0.508","3.68","98","519","233","163","71","9","50","2015","1794","932","825","207","842","64","1378","54","2","70","8561","bellga01","null","null","0"
"280","José Mesa","11.4","12.8","12.1","5.6","0.7","-3.2","0","1","0.39","0","0","0","19","1987","2007","2","80","109","0.423","4.36","100","1022","95","633","6","2","321","1548.2","1629","811","750","151","651","57","1038","55","5","75","6804","mesajo01","null","null","0"
"281","Chris Martin","7.3","8.1","7.7","5.6","1.2","3.3","0","0","0","0","0","0","11","2014","2026","0","19","25","0.432","3.39","130","426","0","88","0","0","16","395.1","401","164","149","43","53","13","407","14","3","20","1615","martich02","null","null","0"
"282","Darold Knowles","12","14.5","13.3","5.6","1.1","1.7","0","0","0","0","0","0","16","1965","1980","1","66","74","0.471","3.12","113","765","8","417","1","1","143","1092","1006","437","378","65","480","85","681","38","11","30","4658","knowlda01","null","null","0"
"283","Vicente Romo","8.9","10.1","9.5","5.6","1.6","3.3","0","0","0","0","0","0","8","1968","1982","0","32","33","0.492","3.36","107","335","32","160","4","1","52","645.2","569","269","241","61","280","48","416","8","5","20","2738","romovi01","null","null","0"
"284","Greg McMichael","6.3","7","6.7","5.6","0.9","2.4","0","0","0","0","0","0","8","1993","2000","0","31","29","0.517","3.25","131","453","0","164","0","0","53","523.1","483","215","189","42","193","48","459","9","4","32","2213","mcmicgr01","null","null","0"
"285","Eric Plunk","13.5","12.5","13","5.6","1.2","2.7","0","0","0","0","0","0","14","1986","1999","0","72","58","0.554","3.82","112","714","41","234","0","0","35","1151","1009","537","488","122","647","45","1081","32","24","75","5030","plunker01","null","null","0"
"286","Curt Leskanic","12.1","12.1","12.1","5.6","1.3","5.9","0","0","0","0","0","0","11","1993","2004","0","50","34","0.595","4.36","116","603","11","244","0","0","55","712.2","678","365","345","80","362","23","641","17","6","46","3111","leskacu01","null","null","0"
"287","Greg Harris","12.9","13.8","13.4","5.6","2.5","4.6","0","0","0","0","0","0","8","1988","1995","0","45","64","0.413","3.98","102","243","109","62","10","2","16","909.1","883","446","402","103","303","43","605","21","14","23","3866","harrigr02","null","null","0"
"288","Doug Brocail","10.6","10.6","10.6","5.5","1.1","2.9","0","0","0","0","0","0","15","1992","2009","0","52","48","0.52","4","109","626","42","175","0","0","9","880","885","436","391","85","310","34","642","35","7","33","3793","brocado01","null","null","0"
"289","Billy Koch","5.4","5.4","5.4","5.5","1","1.5","0","0","0","0","0","0","6","1999","2004","0","29","25","0.537","3.89","120","379","0","325","0","0","163","407.1","379","192","176","41","191","27","357","18","0","19","1777","kochbi01","null","null","0"
"290","Ryan Franklin","11.5","11.2","11.4","5.5","1.2","0.9","0","0","0","0","0","0","12","1999","2011","1","62","76","0.449","4.14","104","532","106","206","6","3","84","1201","1230","588","552","173","353","34","668","52","6","20","5113","frankry01","null","null","0"
"291","Michael Fulmer","12.5","13.3","12.9","5.5","2.4","6.3","0","0","0","0","0","0","8","2016","2025","1","37","50","0.425","3.95","110","265","90","46","2","1","19","679.2","641","325","298","75","218","12","578","35","2","15","2850","fulmemi01","null","null","0"
"292","Gerry Staley","18.9","18.5","18.7","5.5","1.6","0.2","0","0","0","0","0","0","15","1947","1961","4","134","111","0.547","3.7","109","640","186","246","58","9","61","1981.2","2070","946","814","186","529","78","727","63","2","27","8398","stalege01","null","null","0"
"293","Casey Janssen","7.4","8","7.7","5.4","1.1","2.2","0","0","0","0","0","0","9","2006","2015","0","31","29","0.517","3.63","118","437","22","199","0","0","90","533","518","231","215","52","129","13","395","25","3","16","2227","janssca01","null","null","0"
"294","Liam Hendriks","9","11.5","10.2","5.4","1.1","1.3","0","0","0.07","0","0","0","14","2011","2025","3","33","36","0.478","3.88","107","490","44","218","1","0","116","663.2","630","319","286","79","166","16","739","20","0","42","2766","hendrli01","null","null","0"
"295","David Bednar","6.6","7.5","7","5.4","1.3","3.2","0","0","0","0","0","0","8","2019","2026","2","19","26","0.422","3.27","131","336","0","237","0","0","122","338.1","281","143","123","31","119","14","414","10","1","11","1415","bednada01","null","null","0"
"296","Jared Hughes","8.4","8.8","8.6","5.4","1.1","4","0","0","0","0","0","0","10","2011","2020","0","30","26","0.536","2.96","137","542","0","129","0","0","12","541.1","480","210","178","47","190","25","371","40","0","29","2247","hugheja02","null","null","0"
"297","Bryan Abreu","7.1","8","7.5","5.4","1.4","4","0","0","0","0","0","0","8","2019","2026","0","18","14","0.563","2.87","144","333","0","73","0","0","18","344.2","253","121","110","29","166","0","469","23","1","23","1445","abreubr01","null","null","0"
"298","Jordan Romano","5.5","7.2","6.4","5.3","1.3","1.6","0","0","0","0","0","0","8","2019","2026","2","22","23","0.489","3.92","109","291","0","186","0","0","117","280.1","230","131","122","38","111","11","344","16","2","3","1182","romanjo03","null","null","0"
"299","Paul Shuey","6.8","8.5","7.7","5.3","1","1.4","0","0","0","0","0","0","11","1994","2007","0","45","28","0.616","3.87","120","476","0","156","0","0","23","530","471","252","228","43","277","32","556","14","1","36","2309","shueypa01","null","null","0"
"300","Trevor Rosenthal","5.8","7","6.4","5.3","1.1","2.1","0","0","0","0","0","0","8","2012","2020","1","12","25","0.324","3.36","118","373","0","207","0","0","132","364","304","145","136","19","177","8","490","22","2","23","1570","rosentr01","null","null","0"
"301","Craig Stammen","10","9.8","9.9","5.3","1.1","2.9","0","0","0","0","0","0","13","2009","2022","0","55","44","0.556","3.66","110","562","43","96","1","0","6","885","858","396","360","95","236","24","743","25","2","28","3700","stammcr01","null","null","0"
"302","J.C. Romero","7.8","10.2","9","5.3","0.8","0.9","0","0","0","0","0","0","14","1999","2012","0","34","28","0.548","4.16","110","680","22","128","0","0","7","661.1","624","335","306","59","375","47","526","40","6","35","2943","romerj.01","null","null","0"
"303","Scott Bankhead","11.3","11.9","11.6","5.2","2","3.3","0","0","0","0","0","0","10","1986","1995","0","57","48","0.543","4.18","103","267","110","30","7","3","1","901","876","451","418","111","289","26","614","15","3","24","3814","bankhsc01","null","null","0"
"304","Joe Hoerner","10.1","12.1","11.1","5.2","1.4","3.8","0","0","0","0","0","0","14","1963","1977","1","39","34","0.534","2.99","121","493","0","268","0","0","98","563","519","213","187","50","181","59","412","18","6","19","2375","hoernjo01","null","null","0"
"305","Alexi Ogando","9.3","9.9","9.6","5.2","1.9","4.7","0","0","0","0","0","0","8","2010","2018","1","33","19","0.635","3.5","123","284","48","62","1","1","4","504.1","442","211","196","53","186","12","408","20","3","27","2110","ogandal01","null","null","0"
"306","Art Fowler","10.9","12.7","11.8","5.2","1.6","1.3","0","0","0","0","0","0","9","1954","1964","0","54","51","0.514","4.03","101","362","90","134","25","4","32","1024","1039","505","458","99","308","34","539","9","1","16","4325","fowlear01","null","null","0"
"307","Steve Karsay","11.2","11.4","11.3","5.2","1.9","4.8","0","0","0","0","0","0","11","1993","2006","0","32","39","0.451","4.01","114","357","40","151","1","0","41","603.1","636","289","269","59","199","38","458","23","0","24","2609","karsast01","null","null","0"
"308","Alex Colomé","5.7","7.5","6.6","5.2","0.8","0.9","0","0","0","0","0","0","11","2013","2023","1","34","35","0.493","3.36","125","450","19","249","0","0","159","539","486","242","201","50","188","19","477","19","3","37","2273","colomal01","null","null","0"
"309","Kiko Calero","6.2","6.2","6.2","5.1","1.3","3.7","0","0","0","0","0","0","7","2003","2009","0","14","12","0.538","3.24","133","313","1","67","0","0","7","302.2","236","110","109","24","126","14","324","6","1","10","1244","calerki01","null","null","0"
"310","Caleb Thielbar","5.7","6.2","6","5.1","0.9","2.7","0","0","0","0","0","0","10","2013","2026","0","28","18","0.609","3.26","126","425","0","81","0","0","7","386.2","317","155","140","40","125","11","414","4","2","12","1584","thielca01","null","null","0"
"311","Andy McGaffigan","10.3","10.3","10.3","5.1","1.6","3","0","0","0","0","0","0","11","1981","1991","0","38","33","0.535","3.38","111","363","62","112","3","1","24","833.1","773","351","313","55","294","38","610","16","16","30","3505","mcgafan01","null","null","0"
"312","Craig Lefferts","8.9","10.2","9.5","5.1","0.8","-0.7","0","0","0","0","0","0","12","1983","1994","0","58","72","0.446","3.43","109","696","45","286","1","0","101","1145.2","1108","490","436","120","322","55","719","11","10","31","4754","leffecr01","null","null","0"
"313","Kris Medlen","8.4","9.3","8.8","5.1","2.3","3.5","0","0","0","0","0","0","8","2009","2018","0","41","26","0.612","3.33","119","174","76","26","2","1","1","599.1","566","247","222","50","163","4","496","15","2","15","2467","medlekr01","null","null","0"
"314","Sammy Stewart","10","10.2","10.1","5.1","1.8","1.8","0","0","0","0","0","0","10","1978","1987","0","59","48","0.551","3.59","111","359","25","181","4","1","45","956.2","863","421","382","77","502","43","586","16","7","41","4121","stewasa01","null","null","0"
"315","Dan Schatzeder","10.2","15.1","12.6","5.1","1.1","0.2","0","0","0","0","0","0","15","1977","1991","0","69","68","0.504","3.74","100","504","121","117","18","4","10","1317","1257","617","548","128","475","64","748","23","5","56","5569","schatda01","null","null","0"
"316","Akinori Otsuka","6.6","6.6","6.6","5.1","1.9","3.8","0","0","0","0","0","0","4","2004","2007","0","13","15","0.464","2.44","171","236","0","96","0","0","39","232","190","71","63","12","80","15","217","2","0","4","951","otsukak01","null","null","0"
"317","Neftalí Feliz","7.3","9.6","8.5","5","1.3","3.3","0","0","0","0","0","0","10","2009","2021","1","21","20","0.512","3.55","123","362","7","204","1","0","107","393.1","293","163","155","46","155","11","366","15","1","16","1601","felizne01","null","null","0"
"318","Brad Hand","7.6","8.5","8","5","0.8","0.9","0","0","0","0","0","0","13","2011","2023","3","40","55","0.421","3.75","109","579","43","254","0","0","132","772","673","356","322","80","297","26","782","46","1","29","3266","handbr01","null","null","0"
"319","Justin Wilson","7.4","7.5","7.4","5","0.8","2.7","0","0","0","0","0","0","13","2012","2025","0","38","30","0.559","3.59","114","648","0","123","0","0","20","562","493","240","224","51","243","16","618","18","2","41","2386","wilsoju10","null","null","0"
"320","Shane Rawley","20.8","19.3","20.1","5","2","3.9","0","0","0","0","0","0","12","1978","1989","1","111","118","0.485","4.02","98","469","230","140","41","7","40","1871.1","1934","917","836","153","734","64","991","28","6","54","8062","rawlesh01","null","null","0"
"321","Dan Wheeler","7.8","8.2","8","5","0.9","2","0","0","0","0","0","0","13","1999","2012","0","25","43","0.368","3.98","110","589","9","187","0","0","43","640.2","589","298","283","89","194","32","555","13","2","20","2680","wheelda01","null","null","0"
"322","Peter Moylan","6","6.2","6.1","5","0.8","2.7","0","0","0","0","0","0","12","2006","2018","0","24","10","0.706","3.1","136","499","0","74","0","0","4","418.2","370","170","144","30","180","34","324","21","1","14","1768","moylape01","null","null","0"
"323","Andrew Bailey","5.9","6.5","6.2","5","1.5","2.7","0","0","0","0","0","0","8","2009","2017","2","16","14","0.533","3.12","136","265","0","182","0","0","95","274.1","212","101","95","29","91","9","276","2","2","9","1116","bailean01","null","null","0"
"324","J.P. Howell","7.8","9.7","8.7","4.9","0.9","2.1","0","0","0","0","0","0","12","2005","2017","0","36","30","0.545","3.83","108","547","33","114","0","0","22","619.2","561","286","264","59","270","14","566","32","4","35","2655","howeljp01","null","null","0"
"325","John Wyatt","10","10","10","4.9","1.5","3.2","0","0","0","0","0","0","9","1961","1969","1","42","44","0.488","3.47","109","435","9","291","0","0","103","687.1","600","290","265","72","346","39","540","23","1","56","2981","wyattjo02","null","null","0"
"326","Félix Rodríguez","8.5","9.5","9","4.9","1","3.2","0","0","0","0","0","0","11","1995","2006","0","38","26","0.594","3.71","113","563","1","167","0","0","11","586.1","526","256","242","50","283","19","512","32","7","32","2544","rodrife01","null","null","0"
"327","Alexis Díaz","4.7","4.7","4.7","4.9","1.5","2.1","0","0","0","0","0","0","4","2022","2025","1","19","14","0.576","3.38","133","208","0","125","0","0","75","205","129","96","77","21","112","4","241","26","1","11","868","diazal03","null","null","0"
"328","Johnny Lanning","8.7","9.4","9","4.9","1.5","-0.3","0","0","0","0","0","0","11","1936","1947","0","58","60","0.492","3.58","101","278","104","92","30","4","13","1071","1078","503","426","55","358","30","295","6","1","17","4577","lannijo01","null","null","0"
"329","Glen Perkins","8.9","9.3","9.1","4.9","1.3","2.2","0","0","0","0","0","0","12","2006","2017","3","35","25","0.583","3.88","108","409","44","228","0","0","120","624.1","646","290","269","74","158","13","504","22","2","21","2635","perkigl01","null","null","0"
"330","Fernando Rodney","7.5","8.3","7.9","4.9","0.5","-0.4","0","1","0.19","0","0","0","17","2002","2019","3","48","71","0.403","3.8","110","951","0","590","0","0","327","933","817","433","394","73","464","38","943","52","3","65","4064","rodnefe01","null","null","0"
"331","Héctor Rondón","4.9","5.6","5.2","4.9","0.8","0.9","0","0","0","0","0","0","8","2013","2020","0","24","20","0.545","3.49","119","444","1","190","0","0","92","436","390","184","169","50","134","11","441","14","1","19","1819","rondohe01","null","null","0"
"332","Terry Leach","10","9.9","10","4.9","1.7","4","0","0","0","0","0","0","11","1981","1993","0","38","27","0.585","3.15","120","376","21","138","3","3","10","700","688","279","245","38","197","48","331","13","3","3","2928","leachte01","null","null","0"
"333","Jim Mecir","8","8.1","8.1","4.8","1.1","3","0","0","0","0","0","0","11","1995","2005","0","29","35","0.453","3.77","122","474","0","126","0","0","12","527","482","240","221","41","225","28","450","23","1","19","2263","mecirji01","null","null","0"
"334","Scott Linebrink","9.3","9","9.2","4.8","1","3.6","0","0","0","0","0","0","12","2000","2011","0","42","31","0.575","3.51","119","607","6","156","0","0","8","656.2","630","280","256","82","229","33","567","27","0","44","2778","linebsc01","null","null","0"
"335","Mike Gonzalez","7.7","8.8","8.2","4.8","1","3.6","0","0","0","0","0","0","11","2003","2013","0","17","24","0.415","3.14","134","509","0","185","0","0","56","444.1","371","177","155","42","205","22","511","16","1","27","1902","gonzami02","null","null","0"
"336","Nick Martinez","13.4","13.1","13.3","4.8","2.1","4.9","0","0","0","0","0","0.2","9","2014","2026","0","52","60","0.464","4.01","107","289","138","34","1","0","9","993.2","980","483","443","133","300","6","705","43","0","31","4203","martini01","null","null","0"
"337","Michael Lorenzen","11.1","11.9","11.5","4.8","1.3","2.4","0","0","0","0","0","0","12","2015","2026","1","56","61","0.479","4.22","101","406","129","55","1","1","15","1044.2","997","518","490","134","404","15","862","44","6","52","4451","lorenmi01","null","null","0"
"338","Danny Graves","5.6","8.8","7.2","4.8","0.7","-1.6","0","0","0","0","0","0","11","1996","2006","2","43","44","0.494","4.05","109","518","30","360","2","1","182","808.1","857","416","364","96","271","48","429","26","2","27","3487","graveda01","null","null","0"
"339","Hideki Okajima","6.8","6.8","6.8","4.8","1.7","3.9","0","0","0","0","0","0","6","2007","2013","1","17","8","0.68","3.09","149","266","0","44","0","0","6","250.1","228","87","86","27","88","13","216","4","0","5","1058","okajihi01","null","null","0"
"340","Alex Vesia","4.6","4.6","4.6","4.8","1","2","0","0","0","0","0","0","7","2020","2026","0","20","14","0.588","2.91","142","320","1","47","0","0","15","290.2","191","113","94","34","133","13","392","12","1","9","1197","vesiaal01","null","null","0"
"341","Blake Parker","5.1","5.5","5.3","4.7","1","2.2","0","0","0","0","0","0","9","2012","2021","0","16","11","0.593","3.47","123","350","3","129","0","0","34","345.1","301","144","133","50","113","6","383","13","0","20","1436","parkebl01","null","null","0"
"342","Gordon Maltzberger","7","7","7","4.7","3.5","4.4","0","0","0","0","0","0","4","1943","1947","0","20","13","0.606","2.7","127","135","0","106","0","0","33","293.1","258","93","88","17","74","10","136","5","0","2","1193","maltzgo01","null","null","0"
"343","Tom Ferrick","12.4","11.6","12","4.7","2.6","6.6","0","0","0","0","0","0","9","1941","1952","0","40","40","0.5","3.47","118","323","7","210","4","1","56","674","654","306","260","44","227","23","245","1","2","9","2834","ferrito01","null","null","0"
"344","Stan Belinda","5.3","7.6","6.4","4.7","0.6","-0.6","0","0","0","0","0","0","12","1989","2000","0","41","37","0.526","4.15","104","585","0","263","0","0","79","685.1","590","336","316","85","285","43","622","34","0","25","2918","belinst01","null","null","0"
"345","Jason Motte","5","5.6","5.3","4.7","0.8","1.5","0","0","0","0","0","0","9","2008","2017","0","27","15","0.643","3.3","120","444","0","162","0","0","60","397.2","334","158","146","49","125","14","375","16","1","8","1630","motteja01","null","null","0"
"346","Tanner Scott","8.6","9.4","9","4.7","1.3","3.4","0","0","0","0","0","0","10","2017","2026","1","32","29","0.525","3.63","121","464","0","174","0","0","82","444","361","203","179","41","222","14","564","25","0","29","1901","scottta01","null","null","0"
"347","Paul Lindblad","10.1","10.9","10.5","4.7","1","-0.7","0","0","0","0","0","0","14","1965","1978","0","68","63","0.519","3.29","105","655","32","258","1","1","64","1213.2","1157","510","443","112","384","88","671","26","0","29","5091","lindbpa01","null","null","0"
"348","Hung-Chih Kuo","5.1","5.1","5.1","4.7","1.5","2.1","0","0","0","0","0","0","7","2005","2011","1","13","17","0.433","3.73","112","218","14","40","0","0","13","292.1","228","128","121","18","127","12","345","10","3","14","1227","kuoho01","null","null","0"
"349","Billy Loes","7.9","8.8","8.3","4.7","1.2","-2.8","0","0","0","0","0","0","11","1950","1961","1","80","63","0.559","3.89","100","316","139","115","42","9","33","1190.1","1135","565","514","118","421","33","645","35","6","21","5043","loesbi01","null","null","0"
"350","Tom Wilhelmsen","4.8","4.8","4.8","4.6","0.9","1.3","0","0","0","0","0","0","7","2011","2017","0","14","15","0.483","3.53","110","344","2","151","0","0","68","385","317","159","151","33","171","17","339","12","1","28","1619","wilheto01","null","null","0"
"351","Elías Sosa","9","11.8","10.4","4.6","1","0.9","0","0","0","0","0","0","12","1972","1983","0","59","51","0.536","3.32","112","601","3","330","0","0","83","918","873","388","339","64","334","63","538","21","6","31","3880","sosael01","null","null","0"
"352","A.J. Minter","6.1","6.5","6.3","4.6","1","3.2","0","0","0","0","0","0","9","2017","2025","0","24","29","0.453","3.23","133","397","0","99","0","0","36","359.2","300","142","129","27","128","11","436","8","4","15","1482","minteaj01","null","null","0"
"353","Clyde Shoun","8.2","11.1","9.7","4.6","1","-2.2","0","0","0","0","0","0","14","1935","1949","0","73","59","0.553","3.91","96","454","85","212","34","3","31","1287","1325","631","559","81","404","44","483","10","2","15","5466","shouncl01","null","null","0"
"354","Bob Miller","16.7","12.9","14.8","4.6","1.4","1.6","0","0","0","0","0","0","17","1957","1974","0","69","81","0.46","3.37","106","694","99","290","7","0","52","1551.1","1487","679","581","101","608","111","895","32","3","62","6623","millebo04","null","null","0"
"355","Bob Patterson","4.6","7.1","5.8","4.6","0.5","-1.1","0","0","0","0","0","0","13","1985","1998","0","39","40","0.494","4.08","99","559","21","175","0","0","28","617.1","619","294","280","70","180","38","483","9","6","8","2593","pattebo01","null","null","0"
"356","Matt Guerrier","8","8.7","8.4","4.6","1","2.8","0","0","0","0","0","0","11","2004","2014","0","27","35","0.435","3.52","119","555","3","123","0","0","6","623","580","263","244","69","206","29","411","19","0","30","2618","guerrma02","null","null","0"
"357","Clay Holmes","7.6","8.7","8.2","4.6","1.3","2.2","0","0","0","0","0","0","9","2018","2026","2","40","34","0.541","3.53","117","353","44","154","0","0","74","555.2","476","249","218","37","237","7","534","44","4","35","2383","holmecl01","null","null","0"
"358","Diego Castillo","3.6","3.6","3.6","4.6","0.9","1.1","0","0","0","0","0","0","7","2018","2024","0","24","18","0.571","3.2","129","265","17","87","0","0","35","278.1","202","116","99","33","109","10","310","16","1","14","1140","castidi01","null","null","0"
"359","Antonio Osuna","6.1","7.5","6.8","4.6","1","2.1","0","0","0","0","0","0","11","1995","2005","0","36","29","0.554","3.68","112","411","0","140","0","0","21","488.2","432","217","200","44","209","27","501","17","5","12","2085","osunaan01","null","null","0"
"360","Pedro Borbón","5.2","7.4","6.3","4.6","0.6","-3.2","0","0","0","0","0","0","12","1969","1980","0","69","39","0.639","3.52","101","593","4","278","0","0","80","1026.2","1098","436","401","63","251","83","409","28","7","24","4326","borbope01","null","null","0"
"361","Nick Vincent","5.9","5.2","5.6","4.6","1","2.6","0","0","0","0","0","0","10","2012","2021","0","23","23","0.5","3.3","120","412","2","72","0","0","7","411.2","362","158","151","43","105","22","405","15","3","2","1681","vinceni01","null","null","0"
"362","Will Smith","5.2","6.5","5.8","4.6","0.6","-0.6","0","0","0","0","0","0","12","2012","2024","1","33","45","0.423","3.85","107","618","17","237","0","0","114","652.1","570","313","279","84","238","26","748","17","3","30","2729","smithwi04","null","null","0"
"363","Giovanny Gallegos","4.4","4.7","4.5","4.5","1","1.5","0","0","0","0","0","0","8","2017","2024","0","18","21","0.462","3.49","119","311","0","100","0","0","45","335.2","256","136","130","44","88","6","396","9","4","15","1337","gallegi01","null","null","0"
"364","Jerry Blevins","6.3","6.2","6.2","4.5","0.7","2","0","0","0","0","0","0","13","2007","2019","0","30","13","0.698","3.54","114","609","1","123","0","0","7","495.1","417","209","195","50","195","26","508","27","0","12","2098","blevije01","null","null","0"
"365","Alberto Reyes","6","5.6","5.8","4.5","1.1","2.8","0","0","0","0","0","0","13","1995","2008","0","23","16","0.59","3.82","118","384","2","150","0","0","32","428.2","340","190","182","53","195","14","422","25","1","13","1817","reyesal01","null","null","0"
"366","Bobby Burke","6.8","8.7","7.8","4.4","1.3","-2.1","0","0","0","0","0","0","10","1927","1937","0","38","46","0.452","4.29","100","254","88","95","27","4","5","918.2","926","506","438","35","360","15","299","24","3","16","3993","burkebo01","null","null","0"
"367","Addison Reed","6","6.6","6.3","4.4","0.9","2.1","0","0","0","0","0","0","8","2011","2018","0","19","27","0.413","3.53","117","465","0","233","0","0","125","458.2","428","188","180","53","119","23","469","9","1","15","1911","reedad01","null","null","0"
"368","Cade Smith","3.7","3.7","3.7","4.4","1.5","2.2","0","0","0","0","0","0","3","2024","2026","0","16","6","0.727","2.48","164","171","0","51","0","0","31","170.2","125","55","47","6","41","4","238","7","3","7","676","smithca06","null","null","0"
"369","Byung-Hyun Kim","10.4","12","11.2","4.4","1.4","2.6","0","0","0","0","0","0","9","1999","2007","1","54","60","0.474","4.42","107","394","87","194","0","0","86","841","781","451","413","94","376","35","806","80","7","36","3688","kimby01","null","null","0"
"370","Gabe White","6.2","8.3","7.2","4.4","0.9","1","0","0","0","0","0","0","11","1994","2005","0","34","26","0.567","4.51","104","472","15","122","0","0","17","570.2","556","293","286","96","141","26","454","16","0","6","2385","whitega01","null","null","0"
"371","Ramón Hernández","6.2","7.9","7","4.4","1.2","2.2","0","0","0","0","0","0","9","1967","1977","0","23","15","0.605","3.03","116","337","0","184","0","0","46","430.1","399","158","145","23","135","42","255","14","5","7","1812","hernara01","null","null","0"
"372","Luis Aquino","10.3","11.2","10.8","4.4","2.4","4.7","0","0","0","0","0","0","9","1986","1995","0","31","32","0.492","3.68","112","222","69","40","5","3","5","678.1","698","311","277","45","224","24","318","25","3","20","2902","aquinlu01","null","null","0"
"373","Ryan Tepera","4.5","5.1","4.8","4.3","0.8","1.6","0","0","0","0","0","0","9","2015","2023","0","19","20","0.487","3.62","119","373","1","85","0","0","18","365.1","284","162","147","46","132","13","366","28","1","27","1504","teperry01","null","null","0"
"374","Dennis Lamp","15.6","17.7","16.7","4.3","1.3","0.5","0","0","0","0","0","0","16","1977","1992","0","96","96","0.5","3.93","104","639","163","173","21","7","35","1830.2","1975","915","799","122","549","86","857","35","14","44","7823","lampde01","null","null","0"
"375","Joe Berry","7.4","7.4","7.4","4.3","3.8","4.4","0","0","0","0","0","0","4","1942","1946","0","21","22","0.488","2.45","139","133","0","105","0","0","18","294","246","99","80","14","87","9","117","3","0","2","1215","berryjo03","null","null","0"
"376","Joe Black","8.8","10.3","9.5","4.3","2","1.1","0","0","0","0","1","0.7","12","1943","1957","2","49","36","0.576","3.71","108","240","59","114","29","2","30","806","761","401","332","65","283","16","455","9","3","4","3429","blackjo02","null","null","0"
"377","Ramón Ramírez","6.6","7.6","7.1","4.3","1.1","2.9","0","0","0","0","0","0","9","2006","2014","0","23","21","0.523","3.42","125","424","0","115","0","0","9","434.2","370","182","165","32","190","27","364","9","6","28","1835","ramirra02","null","null","0"
"378","Ron Kline","16.1","16","16","4.3","1.2","-3.4","0","0","0","0","0","0","17","1952","1970","0","114","144","0.442","3.75","102","736","203","338","44","8","108","2078","2113","991","866","217","731","121","989","33","7","59","8868","klinero01","null","null","0"
"379","Joe Heving","9.2","12.7","10.9","4.2","1.3","0.5","0","0","0","0","0","0","13","1930","1945","0","76","48","0.613","3.9","108","430","40","232","17","3","65","1038.2","1136","559","450","64","380","45","429","24","3","14","4579","hevinjo02","null","null","0"
"380","Brent Suter","7.5","6.3","6.9","4.2","1.2","3.1","0","0","0","0","0","0","11","2016","2026","0","43","26","0.623","3.6","121","365","49","90","0","0","3","622.1","599","288","249","79","164","9","519","20","1","10","2590","suterbr01","null","null","0"
"381","Jim Corsi","8","8.2","8.1","4.2","1.5","3.4","0","0","0","0","0","0","10","1988","1999","0","22","24","0.478","3.25","133","368","1","115","0","0","7","481.1","450","197","174","33","191","28","290","13","2","8","2032","corsiji01","null","null","0"
"382","Joba Chamberlain","7.6","8.3","7.9","4.2","1.2","2.4","0","0","0","0","0","0","10","2007","2016","0","25","21","0.543","3.81","114","385","43","78","0","0","7","555.1","540","261","235","57","226","16","546","25","5","25","2398","chambjo03","null","null","0"
"383","Dylan Lee","4.5","4.5","4.5","4.2","1.4","2.7","0","0","0","0","0","0","6","2021","2026","0","13","7","0.65","2.63","158","220","1","21","0","0","2","225.2","177","80","66","30","51","6","264","0","3","3","891","leedy01","null","null","0"
"384","Chad Qualls","5.8","8.8","7.3","4.2","0.5","-0.8","0","0","0","0","0","0","14","2004","2017","0","52","48","0.52","3.89","109","844","0","274","0","0","74","807.1","819","382","349","83","211","42","624","32","0","28","3397","quallch01","null","null","0"
"385","Tom Hall","5.9","7.9","6.9","4.2","0.9","-1.1","0","0","0","0","0","0","10","1968","1977","0","52","33","0.612","3.27","108","358","63","131","7","3","32","852.2","656","360","310","88","382","32","797","8","0","23","3553","hallto01","null","null","0"
"386","Turk Wendell","5.6","7.2","6.4","4.1","0.7","0.4","0","0","0","0","0","0","11","1993","2004","0","36","33","0.522","3.93","109","552","6","184","0","0","33","645.2","583","301","282","73","324","55","515","28","5","17","2812","wendetu01","null","null","0"
"387","Josh Collmenter","7.3","7.3","7.3","4.1","1.7","1.9","0","0","0","0","0","0","7","2011","2017","0","38","35","0.521","3.64","109","214","78","56","2","2","2","695.1","665","298","281","88","168","19","494","15","1","9","2858","collmjo01","null","null","0"
"388","Bob McClure","10.5","9.7","10.1","4.1","0.9","-0.1","0","0","0","0","0","0","19","1975","1993","0","68","57","0.544","3.81","102","698","73","233","12","1","52","1158.2","1125","551","490","104","497","39","701","34","30","29","5005","mcclubo01","null","null","0"
"389","Todd Frohwirth","4.9","7.2","6.1","4.1","1.2","1","0","0","0","0","0","0","9","1987","1996","0","20","19","0.513","3.6","115","284","0","92","0","0","11","417.2","389","190","167","23","172","25","259","13","1","7","1776","frohwto01","null","null","0"
"390","Gil Heredia","10.2","10.9","10.6","4.1","1.7","1.8","0","0","0","0","0","0","10","1991","2001","0","57","51","0.528","4.46","100","267","128","45","4","0","4","954","1079","523","473","115","221","23","547","28","2","15","4093","heredgi01","null","null","0"
"391","Kerry Ligtenberg","4.4","5","4.7","4.1","0.8","1.1","0","0","0","0","0","0","8","1997","2005","0","17","20","0.459","3.82","116","386","0","176","0","0","48","390.2","357","173","166","46","158","29","357","4","1","12","1661","ligteke01","null","null","0"
"392","Ryan Yarbrough","5.4","6.5","6","4.1","1.2","-1.7","0","0","0","0","0","0","9","2018","2026","0","56","41","0.577","4.22","98","225","76","36","1","0","4","848.2","803","421","398","113","202","15","668","68","3","8","3543","yarbrry01","null","null","0"
"393","Jonny Venters","3.8","3.8","3.8","4.1","0.9","1.4","0","0","0","0","0","0","5","2010","2019","1","20","13","0.606","2.71","147","292","1","52","0","0","10","272","213","103","82","13","136","16","297","21","0","20","1163","ventejo01","null","null","0"
"394","Tim Worrell","8.7","8.6","8.7","4.1","0.8","1","0","0","0","0","0","0","14","1993","2006","0","48","59","0.449","3.97","107","678","49","242","0","0","71","973.2","963","488","429","107","366","41","758","27","2","17","4230","worreti01","null","null","0"
"395","Pedro Báez","3.5","3.7","3.6","4.1","0.7","0.9","0","0","0","0","0","0","9","2014","2022","0","21","15","0.583","3.08","130","362","0","55","0","0","3","362.2","277","144","124","40","124","7","376","10","6","6","1489","baezpe01","null","null","0"
"396","Joe Page","7.3","8.6","8","4","1.5","0","0","0","0","0","0","0","8","1944","1954","3","57","49","0.538","3.53","106","285","45","182","14","1","76","790","727","369","310","42","421","23","519","15","5","16","3450","pagejo01","null","null","0"
"397","Emilio Pagán","6","7.1","6.6","4","0.8","1.6","0","0","0","0","0","0","10","2017","2026","0","30","28","0.517","3.73","114","492","2","184","0","0","71","520.2","409","233","216","88","153","7","592","12","2","15","2112","paganem01","null","null","0"
"398","Dennis Cook","10.7","8.6","9.7","4","1","1.9","0","0","0","0","0","0","15","1988","2002","0","64","46","0.582","3.91","106","665","71","116","6","3","9","1011.2","950","486","440","130","390","49","739","31","16","23","4298","cookde01","null","null","0"
"399","Corey Knebel","5.5","5.8","5.7","4","1.2","2.4","0","0","0","0","0","0","8","2014","2022","1","13","16","0.448","3.26","129","312","4","137","0","0","72","306.2","237","122","111","34","143","13","407","11","1","7","1282","knebeco01","null","null","0"
"400","Brandon Kintzler","6.9","7.7","7.3","4","1","2.5","0","0","0","0","0","0","12","2010","2021","1","24","24","0.5","3.5","120","483","1","167","0","0","61","478.1","485","202","186","47","129","23","335","15","1","7","1990","kintzbr01","null","null","0"
"401","David Phelps","7.3","7.6","7.4","4","1.1","1.3","0","0","0","0","0","0","10","2012","2022","0","34","40","0.459","3.8","106","367","67","45","1","0","7","682.2","625","309","288","71","273","15","666","32","4","15","2905","phelpda01","null","null","0"
"402","Mike Proly","8.6","8.6","8.6","4","2","3.8","0","0","0","0","0","0","7","1976","1983","0","22","29","0.431","3.23","121","267","18","83","2","0","22","545.2","531","229","196","33","195","40","185","8","4","10","2289","prolymi01","null","null","0"
"403","Jeurys Familia","6.1","7.9","7","4","0.7","1.1","0","0","0","0","0","0","12","2012","2023","1","34","29","0.54","3.58","110","561","1","251","0","0","127","555.2","494","247","221","44","266","27","577","19","0","31","2392","familje01","null","null","0"
"404","Alex Claudio","6.3","6.3","6.3","4","1.2","3.5","0","0","0","0","0","0","10","2014","2023","0","16","10","0.615","3.59","129","356","2","113","0","0","14","348","358","151","139","31","95","12","249","14","5","5","1471","claudal01","null","null","0"
"405","Frank Smith","7.7","7.7","7.7","4","1.9","2","0","0","0","0","0","0","7","1950","1956","0","35","33","0.515","3.81","107","271","7","173","1","0","44","495.2","426","247","210","67","181","20","277","30","2","9","2093","smithfr06","null","null","0"
"406","Hal Reniff","3.6","3.6","3.6","4","0.9","0.2","0","0","0","0","0","0","7","1961","1967","0","21","23","0.477","3.27","106","276","0","148","0","0","45","471.1","383","193","171","14","242","34","314","17","0","24","2011","renifha01","null","null","0"
"407","Doug Bair","6.8","9.7","8.3","4","0.8","-1.5","0","0","0","0","0","0","15","1976","1990","0","55","43","0.561","3.63","104","584","5","299","0","0","81","909.1","839","398","367","86","405","77","689","7","2","43","3902","bairdo01","null","null","0"
"408","Scott Radinsky","6.4","7.6","7","4","0.8","1.7","0","0","0","0","0","0","11","1990","2001","0","42","25","0.627","3.44","118","557","0","180","0","0","52","481.2","461","208","184","33","209","29","358","12","12","8","2091","radinsc01","null","null","0"
"409","Brad Keller","10.6","11.3","11","4","1.9","3.3","0","0","0","0","0","0","9","2018","2026","0","44","60","0.423","4.14","106","254","117","34","2","1","8","809.2","790","403","372","78","346","5","637","34","1","47","3498","kellebr01","null","null","0"
"410","Andrew Kittredge","4.2","5.7","4.9","3.9","0.9","0.7","0","0","0","0","0","0","10","2017","2026","1","27","16","0.628","3.58","115","319","15","71","0","0","21","346.2","323","156","138","47","90","15","345","7","0","10","1433","kittran01","null","null","0"
"411","Bill Landrum","3.2","4","3.6","3.9","0.8","-0.2","0","0","0","0","0","0","8","1986","1993","0","18","15","0.545","3.39","110","268","2","159","0","0","58","361.1","360","151","136","18","124","27","218","2","5","11","1516","landrbi01","null","null","0"
"412","Frank Francisco","5.1","6","5.5","3.9","0.9","1.4","0","0","0","0","0","0","10","2004","2014","0","20","22","0.476","4.01","112","391","0","185","0","0","73","386.1","344","181","172","41","172","14","426","8","3","28","1667","francfr01","null","null","0"
"413","Rich Garcés","4.7","5.9","5.3","3.9","1.1","1.7","0","0","0","0","0","0","10","1990","2002","0","23","10","0.697","3.74","128","287","0","60","0","0","7","341.1","290","162","142","32","164","19","296","11","2","6","1476","garceri01","null","null","0"
"414","Michael Wuertz","5.1","5.7","5.4","3.9","0.8","1.8","0","0","0","0","0","0","8","2004","2011","0","21","11","0.656","3.71","120","426","0","89","0","0","11","414.1","349","188","171","44","198","28","444","2","1","30","1756","wuertmi01","null","null","0"
"415","Al Alburquerque","5.1","5.1","5.1","3.9","1.3","2.8","0","0","0","0","0","0","7","2011","2017","0","17","8","0.68","3.16","130","264","0","58","0","0","1","245","187","88","86","17","135","13","291","8","8","20","1045","albural01","null","null","0"
"416","Bill Dawley","6.2","6.2","6.2","3.9","1.5","1.6","0","0","0","0","0","0","7","1983","1989","1","27","30","0.474","3.42","110","275","0","126","0","0","25","470.2","420","192","179","49","166","35","292","4","2","16","1952","dawlebi01","null","null","0"
"417","T.J. Mathews","4.8","4.8","4.8","3.9","0.9","1.2","0","0","0","0","0","0","8","1995","2002","0","32","26","0.552","3.82","116","362","0","121","0","0","16","435.1","406","210","185","49","164","27","357","12","0","10","1868","mathet.01","null","null","0"
"418","Randy Choate","4.5","5","4.7","3.9","0.5","0.9","0","0","0","0","0","0","15","2000","2015","0","16","14","0.533","3.9","108","672","0","102","0","0","7","408","350","198","177","20","175","32","348","45","1","16","1750","choatra01","null","null","0"
"419","Sam Dyson","5.9","6.9","6.4","3.9","1.1","2.2","0","0","0","0","0","0","8","2012","2019","0","24","23","0.511","3.4","122","376","1","140","0","0","59","386.2","365","164","146","31","129","14","310","20","1","17","1619","dysonsa01","null","null","0"
"420","Tom Gorman","5.1","6.2","5.7","3.9","1.1","0","0","0","0","0","0","0","8","1952","1959","0","36","36","0.5","3.77","105","289","33","132","5","2","44","689.1","659","332","289","77","239","25","321","20","2","11","2907","gormato02","null","null","0"
"421","José Alvarado","4.4","5","4.7","3.9","0.7","1.2","0","0","0","0","0","0","10","2017","2026","0","20","28","0.417","3.55","119","430","1","103","0","0","52","385","314","177","152","26","203","21","492","17","1","41","1671","alvarjo03","null","null","0"
"422","Joel Peralta","4.1","5.4","4.7","3.8","0.4","-0.9","0","0","0","0","0","0","12","2005","2016","0","20","35","0.364","4.03","103","620","0","140","0","0","15","648","566","303","290","95","185","23","612","13","0","22","2657","peraljo01","null","null","0"
"423","Pete Fairbanks","4.1","4.9","4.5","3.8","1","1.3","0","0","0","0","0","0","8","2019","2026","0","21","26","0.447","3.4","122","286","3","160","0","0","95","275.1","218","121","104","25","108","4","347","9","1","21","1151","fairbpe01","null","null","0"
"424","Billy Taylor","4","4","4","3.8","0.9","0.6","0","0","0","0","0","0","7","1994","2001","0","16","28","0.364","4.21","110","317","0","194","0","0","100","324.2","314","172","152","27","133","32","307","18","2","2","1414","taylobi04","null","null","0"
"425","Jakob Junis","10.3","9.8","10","3.8","1.8","3.1","0","0","0","0","0","0","10","2017","2026","0","46","47","0.495","4.3","101","266","117","28","1","0","5","867","886","445","414","130","221","8","777","55","2","27","3681","junisja01","null","null","0"
"426","Chuck Crim","6.2","7.3","6.8","3.8","0.9","0.2","0","0","0","0","0","0","8","1987","1994","0","47","43","0.522","3.83","107","449","6","163","0","0","45","696.1","731","334","296","71","209","43","334","20","8","25","2969","crimch01","null","null","0"
"427","Ray Moore","7.2","9","8.1","3.8","1","-1.6","0","0","0","0","0","0","11","1952","1963","0","63","59","0.516","4.06","94","365","105","148","24","5","47","1072.2","935","522","484","101","560","25","612","15","4","30","4611","moorera02","null","null","0"
"428","Bob Miller","9.2","11.3","10.2","3.8","1.9","0.7","0","0","0","0","0","0","10","1949","1958","0","42","42","0.5","3.96","101","261","68","80","23","6","15","822","889","406","362","72","247","41","263","16","4","20","3547","millebo02","null","null","0"
"429","David Riske","7.4","8.4","7.9","3.8","1.1","2.7","0","0","0","0","0","0","11","1999","2010","0","20","20","0.5","3.67","121","462","0","160","0","0","22","497.2","442","215","203","66","212","19","441","21","0","8","2121","riskeda01","null","null","0"
"430","Howie Krist","4","4","4","3.8","1.6","0.2","0","0","0","0","0","0","6","1937","1946","0","37","11","0.771","3.32","107","128","37","51","15","2","6","444.1","408","176","164","20","158","18","150","8","1","5","1863","kristho01","null","null","0"
"431","Sid Monge","8.5","10.1","9.3","3.7","1.3","0.6","0","0","0","0","0","0","10","1975","1984","1","49","40","0.551","3.53","108","435","17","214","4","0","56","764","708","342","300","79","356","39","471","11","6","34","3292","mongesi01","null","null","0"
"432","Mark Littell","6.5","8.3","7.4","3.7","1.3","1.2","0","0","0","0","0","0","9","1973","1982","0","32","31","0.508","3.32","114","316","19","181","2","0","56","532","416","217","196","28","304","46","466","5","3","35","2268","littema01","null","null","0"
"433","Juan Rincón","4.7","6.7","5.7","3.7","0.7","-0.5","0","0","0","0","0","0","10","2001","2010","0","35","29","0.547","4.03","112","444","3","118","0","0","3","507","481","256","227","41","218","23","469","19","1","29","2196","rincoju01","null","null","0"
"434","Gene Thompson","7.3","7.3","7.3","3.7","2","1.3","0","0","0","0","0","0","6","1939","1947","0","47","35","0.573","3.26","114","185","68","66","27","6","7","686.2","602","305","249","35","328","35","315","11","2","12","2936","thompju01","null","null","0"
"435","Kazuhiro Sasaki","3.7","3.7","3.7","3.7","1.1","1.2","0","0","0","0","0","0","4","2000","2003","2","7","16","0.304","3.14","138","228","0","201","0","0","129","223.1","165","90","78","24","77","13","242","9","0","15","925","sasakka01","null","null","0"
"436","Kendall Graveman","9.4","10.9","10.1","3.7","1.7","2.8","0","0","0","0","0","0","10","2014","2025","0","38","43","0.469","4.03","102","299","80","63","3","1","24","669.2","673","326","300","79","232","6","503","34","1","23","2856","graveke01","null","null","0"
"437","Harry Eisenstat","6.9","7.5","7.2","3.7","2.4","2.5","0","0","0","0","0","0","8","1935","1942","0","25","27","0.481","3.84","116","165","33","88","11","1","14","478.2","550","242","204","30","114","13","157","4","2","6","2059","eisenha01","null","null","0"
"438","Adam Warren","6.5","7","6.8","3.7","1.3","2.6","0","0","0","0","0","0","8","2012","2019","0","30","24","0.556","3.53","117","323","21","66","0","0","6","492.1","435","205","193","56","171","13","428","17","0","28","2053","warread01","null","null","0"
"439","Jason Foley","3.5","3.5","3.5","3.7","1.1","1.7","0","0","0","0","0","0","4","2021","2024","0","7","9","0.438","3.16","132","210","0","75","0","0","35","199.2","196","79","70","10","51","4","150","8","2","6","827","foleyja01","null","null","0"
"440","Blix Donnelly","7.9","8.3","8.1","3.6","2","1.4","0","0","0","0","0","0","8","1944","1951","0","27","36","0.429","3.49","109","190","75","63","27","7","12","691.2","659","321","268","53","306","22","296","16","1","11","2934","donnebl01","null","null","0"
"441","George Sherrill","5.2","6.2","5.7","3.6","0.8","2","0","0","0","0","0","0","9","2004","2012","1","19","17","0.528","3.77","114","442","0","138","0","0","56","324.1","280","140","136","29","154","23","320","8","2","9","1397","sherrge01","null","null","0"
"442","Luis Avilán","4.5","4.9","4.7","3.6","0.7","1.7","0","0","0","0","0","0","10","2012","2021","0","23","11","0.676","3.43","116","458","0","57","0","0","2","354","309","142","135","23","140","22","319","18","3","19","1491","avilalu01","null","null","0"
"443","Ken Burkhart","6.8","6.8","6.8","3.6","2.4","1.9","0","0","0","0","0","0.1","5","1945","1949","0","27","20","0.574","3.84","100","148","41","49","18","6","8","519.2","546","233","222","36","165","23","181","12","2","8","2207","burkhke01","null","null","0"
"444","Fritz Dorish","8.1","9.3","8.7","3.6","1.5","1.3","0","0","0","0","0","0","10","1947","1956","0","45","43","0.511","3.83","106","323","40","165","13","2","48","834.1","850","406","355","58","301","36","332","19","5","26","3578","dorisha01","null","null","0"
"445","Skip Lockwood","10.8","10.6","10.7","3.6","1.3","-0.7","0","0","0","0","0","0","13","1965","1980","0","57","97","0.37","3.55","99","420","106","219","16","5","68","1236","1130","539","488","98","490","62","829","33","5","43","5215","lockwsk01","null","null","0"
"446","Jimmy Herget","6","6.1","6.1","3.6","1.9","4.2","0","0","0","0","0","0","8","2019","2026","0","8","12","0.4","3.29","137","203","6","53","0","0","10","254.1","225","96","93","26","77","9","239","18","3","4","1053","hergeji01","null","null","0"
"447","Brandon Lyon","6.3","9.4","7.8","3.6","0.7","1.2","0","0","0","0","0","0","12","2001","2013","0","42","47","0.472","4.16","107","572","21","241","0","0","79","681.1","721","338","315","69","220","47","465","16","3","22","2951","lyonbr01","null","null","0"
"448","Juan Berenguer","9.9","13.2","11.5","3.6","1.2","-0.9","0","0","0","0","0","0","15","1978","1992","0","67","62","0.519","3.9","103","490","95","157","5","2","32","1205.1","1034","576","522","116","604","42","975","31","19","43","5169","berenju01","null","null","0"
"449","Pedro Feliciano","5.7","6","5.9","3.6","0.8","2.9","0","0","0","0","0","0","9","2002","2013","0","22","21","0.512","3.33","126","484","0","80","0","0","4","383.2","363","157","142","30","165","28","350","22","3","12","1667","felicpe01","null","null","0"
"450","Cecil Upshaw","7.4","7.6","7.5","3.6","1.4","2.1","0","0","0","0","0","0","9","1966","1975","0","34","36","0.486","3.13","113","348","0","230","0","0","87","563","545","220","196","37","177","50","323","20","1","18","2362","upshace01","null","null","0"
"451","Brad Brach","5.4","6.5","6","3.6","0.7","1","0","0","0","0","0","0","11","2011","2021","1","38","29","0.567","3.55","116","531","0","143","0","0","34","552.2","475","246","218","57","264","23","589","8","3","30","2351","brachbr01","null","null","0"
"452","Hunter Strickland","6.4","7","6.7","3.6","0.9","2.7","0","0","0","0","0","0","11","2014","2025","0","26","25","0.51","3.39","123","499","0","157","0","0","30","470","398","197","177","51","177","14","422","21","1","18","1967","strichu01","null","null","0"
"453","Mickey Harris","8.6","9.6","9.1","3.6","1.5","0.4","0","0","0","0","0","0","9","1940","1952","1","59","71","0.454","4.18","98","271","109","110","42","2","21","1050","1097","560","488","78","455","32","534","12","4","23","4650","harrimi01","null","null","0"
"454","Paul Sewald","3","4.5","3.8","3.6","0.5","-0.6","0","0","0","0","0","0","10","2017","2026","0","21","30","0.412","4.13","98","400","0","185","0","0","96","412.1","332","201","189","61","138","15","489","15","1","9","1709","sewalpa01","null","null","0"
"455","Fred Gladding","6.9","7.5","7.2","3.5","1","1.9","0","0","0","0","0","0","13","1961","1973","0","48","34","0.585","3.13","114","450","1","278","0","0","109","601","566","237","209","38","223","45","394","27","2","35","2552","gladdfr01","null","null","0"
"456","Chris Hammond","11.6","13.7","12.7","3.5","1.4","2.5","0","0","0","0","0","0","14","1990","2006","0","66","62","0.516","4.14","100","441","136","67","5","3","3","1123.2","1163","572","517","105","387","32","712","31","9","31","4821","hammoch01","null","null","0"
"457","Justin Speier","7.7","8.4","8","3.5","0.8","1.9","0","0","0","0","0","0","12","1998","2009","0","35","33","0.515","4.11","115","613","0","190","0","0","17","675","612","324","308","108","231","37","588","45","5","38","2883","speieju01","null","null","0"
"458","Evan Phillips","3.5","4.3","3.9","3.5","0.9","0.9","0","0","0","0","0","0","8","2018","2025","0","16","12","0.571","3.36","127","250","1","88","0","0","46","252","193","113","94","23","92","5","291","17","1","7","1043","phillev01","null","null","0"
"459","Brusdar Graterol","3.5","3.5","3.5","3.5","1.2","1.9","0","0","0","0","0","0","6","2019","2024","0","11","9","0.55","2.78","153","188","5","44","0","0","11","190.2","157","68","59","10","42","9","148","14","0","6","759","gratebr01","null","null","0"
"460","Dick Tidrow","13.4","14","13.7","3.5","1.2","-1.7","0","0","0","0","0","0","13","1972","1984","0","100","94","0.515","3.68","102","620","138","244","32","5","55","1746.2","1705","807","715","163","579","112","975","43","2","32","7412","tidrodi01","null","null","0"
"461","Jim Gott","10.5","11.2","10.9","3.5","1.1","0","0","0","0","0","0","0","14","1982","1995","0","56","74","0.431","3.87","101","554","96","261","10","3","91","1120","1081","546","481","85","466","63","837","23","15","52","4828","gottji01","null","null","0"
"462","Víctor Cruz","6.7","6.7","6.7","3.5","2.4","3","0","0","0","0","0","0","5","1978","1983","0","18","23","0.439","3.09","132","187","0","128","0","0","37","271","218","104","93","28","131","23","248","7","2","9","1144","cruzvi01","null","null","0"
"463","Keone Kela","5.1","5.1","5.1","3.5","1.4","2.8","0","0","0","0","0","0","7","2015","2021","0","23","13","0.639","3.33","135","243","0","73","0","0","28","227.1","171","88","84","26","86","3","279","5","5","18","933","kelake01","null","null","0"
"464","Carl Edwards Jr.","4.5","5.2","4.8","3.5","1","1.7","0","0","0","0","0","0","12","2015","2026","0","16","14","0.533","3.51","121","302","0","43","0","0","7","292","198","122","114","29","155","6","345","7","1","24","1217","edwarca01","null","null","0"
"465","Tony Castillo","6.3","9","7.7","3.5","1.1","1.1","0","0","0","0","0","0","10","1988","1998","0","28","23","0.549","3.93","114","403","6","114","0","0","22","526.2","555","267","230","52","179","26","333","14","2","9","2276","castito02","null","null","0"
"466","Alex Wilson","5.4","5.4","5.4","3.5","1.2","2.6","0","0","0","0","0","0","7","2013","2019","0","14","14","0.5","3.44","124","303","1","62","0","0","5","332","315","139","127","31","90","16","226","11","0","14","1368","wilsoal01","null","null","0"
"467","Richard Bleier","5.7","5.9","5.8","3.5","1.2","3.2","0","0","0","0","0","0","8","2016","2023","0","15","6","0.714","3.27","135","335","2","61","0","0","5","330.1","348","138","120","24","54","14","187","18","3","16","1371","bleieri01","null","null","0"
"468","Lou Brissie","8.7","8.7","8.7","3.5","1.8","1.8","0","0","0","0","0","0","7","1947","1953","1","44","48","0.478","4.07","102","234","93","83","45","2","29","897.2","867","451","406","61","451","26","436","14","1","31","3948","brisslo01","null","null","0"
"469","Seranthony Domínguez","4.6","4.7","4.6","3.5","0.9","1.7","0","0","0","0","0","0","8","2018","2026","0","26","26","0.5","3.58","117","342","0","106","0","0","50","324.2","249","150","129","40","146","6","382","18","2","37","1374","dominse01","null","null","0"
"470","Archie McKain","7.6","7.6","7.6","3.5","2.6","3.1","0","0","0","0","0","0","6","1937","1943","0","26","21","0.553","4.26","112","165","34","70","8","1","16","486.1","529","270","230","26","208","18","188","3","0","6","2175","mckaiar01","null","null","0"
"471","Steve Foucault","5.4","5.4","5.4","3.5","1.3","1","0","0","0","0","0","0","6","1973","1978","0","35","36","0.493","3.21","118","277","0","198","0","0","52","496.2","458","213","177","41","190","40","307","17","1","10","2101","foucast01","null","null","0"
"472","Wes Stock","5.2","6.8","6","3.4","1.1","0.7","0","0","0","0","0","0","9","1959","1967","0","27","13","0.675","3.6","102","321","3","128","0","0","22","517.1","434","224","207","60","215","29","365","15","0","8","2158","stockwe01","null","null","0"
"473","Craig Breslow","6.2","7.2","6.7","3.4","0.7","1.2","0","0","0","0","0","0","12","2005","2017","0","23","30","0.434","3.45","122","576","2","137","0","0","8","570.2","536","250","219","56","226","18","442","17","5","25","2428","breslcr01","null","null","0"
"474","Nick Anderson","3.4","3.4","3.4","3.4","1.3","1.5","0","0","0","0","0","0","6","2019","2025","0","14","7","0.667","3.43","126","177","0","38","0","0","10","173","143","70","66","23","49","5","212","3","0","6","701","anderni01","null","null","0"
"475","Jack Aker","8","10.5","9.2","3.4","1.1","0.5","0","0","0","0","0","0","11","1964","1974","0","47","45","0.511","3.28","106","495","0","321","0","0","124","746","679","312","272","63","274","68","404","40","0","13","3144","akerja01","null","null","0"
"476","Dave Schmidt","8.8","10.9","9.8","3.4","1.4","0.5","0","0","0","0","0","0","12","1981","1992","0","54","55","0.495","3.88","104","376","63","179","5","3","50","902","962","434","389","85","237","47","479","18","3","27","3826","schmida01","null","null","0"
"477","Cy Acosta","5.6","5.6","5.6","3.4","3.6","2.8","0","0","0","0","0","0","4","1972","1975","0","13","9","0.591","2.66","143","107","0","74","0","0","27","186","143","65","55","15","77","8","109","12","1","4","768","acostcy01","null","null","0"
"478","Richard Rodríguez","4.7","4.7","4.7","3.4","1.4","2.6","0","0","0","0","0","0","5","2017","2021","0","16","14","0.533","3.28","129","228","0","84","0","0","19","228","197","87","83","34","60","8","230","12","1","19","939","rodriri05","null","null","0"
"479","Jeffrey Springs","9.3","9.5","9.4","3.4","2.4","4.8","0","0","0","0","0","0","9","2018","2026","0","37","27","0.578","3.67","118","187","77","28","0","0","2","539.2","490","246","220","78","174","3","544","9","5","9","2263","sprinje01","null","null","0"
"480","Lance McCullers","5.3","5.3","5.3","3.4","1.1","0.9","0","0","0","0","0","0","7","1985","1992","0","28","31","0.475","3.25","116","306","9","155","0","0","39","526.1","427","219","190","47","252","42","442","10","7","21","2221","mcculla01","null","null","0"
"481","Scott Alexander","5.6","5.6","5.6","3.4","1","2.6","0","0","0","0","0","0","11","2015","2025","0","21","16","0.568","3.36","126","349","13","62","0","0","10","327","310","138","122","25","121","16","240","9","0","16","1367","alexasc02","null","null","0"
"482","Scott Oberg","4.6","4.6","4.6","3.3","1.2","2.2","0","0","0","0","0","0","5","2015","2019","0","18","8","0.692","3.85","127","259","0","57","0","0","7","257.1","238","120","110","26","101","8","234","12","1","18","1088","obergsc01","null","null","0"
"483","Pete Appleton","8.5","9.4","8.9","3.3","1.4","-1.6","0","0","0","0","0","0","14","1927","1945","0","57","66","0.463","4.3","104","341","73","186","34","6","28","1141","1187","667","545","76","486","24","420","26","1","32","5044","applepe01","null","null","0"
"484","Orlando Peña","12.9","11.8","12.4","3.3","1.7","2.9","0","0","0","0","0","0","14","1958","1975","0","56","77","0.421","3.71","103","427","93","155","21","4","40","1202","1175","549","495","151","352","42","818","28","5","31","5085","penaor01","null","null","0"
"485","Brooks Raley","2.9","4.1","3.5","3.3","0.7","0.5","0","0","0","0","0","0","9","2012","2026","0","10","12","0.455","3.71","111","277","5","45","0","0","12","266.2","210","123","110","26","98","4","299","24","1","5","1122","raleybr01","null","null","0"
"486","Omar Daal","8.7","12.8","10.7","3.3","1.1","-0.1","0","0","0","0","0","0","11","1993","2003","0","68","78","0.466","4.55","95","392","164","41","5","2","1","1198.2","1250","651","606","140","441","37","806","34","13","10","5183","daalom01","null","null","0"
"487","José Leclerc","7.1","7.3","7.2","3.3","1.3","3.8","0","0","0","0","0","0","9","2016","2025","0","12","21","0.364","3.34","135","360","3","141","0","0","41","369.1","251","151","137","32","205","8","481","21","3","25","1563","leclejo01","null","null","0"
"488","Vinnie Pestano","4.5","4.5","4.5","3.3","1.4","2","0","0","0","0","0","0","6","2010","2015","0","6","8","0.429","2.98","132","223","0","67","0","0","11","202.2","168","73","67","24","87","7","244","9","0","6","856","pestavi01","null","null","0"
"489","Ron Mahay","7.9","8.5","8.2","3.3","1","2.6","0","0","0","0","0","0","15","1995","2010","0","27","12","0.692","3.83","120","514","3","100","0","0","4","568","539","273","242","75","266","22","470","10","1","28","2474","mahayro01","null","null","0"
"490","Sean Burnett","5.9","5.9","5.9","3.3","1","2.7","0","0","0","0","0","0","9","2004","2016","0","15","23","0.395","3.52","117","380","13","70","1","1","10","378.1","358","154","148","37","148","24","277","13","0","17","1615","burnese01","null","null","0"
"491","Archie Bradley","5.6","6.6","6.1","3.3","1","1.2","0","0","0","0","0","0","9","2015","2023","0","30","29","0.508","4.03","110","333","35","82","0","0","32","489","472","234","219","46","201","16","487","21","4","12","2116","bradlar01","null","null","0"
"492","Danny Patterson","5.4","5.7","5.6","3.3","1","1.5","0","0","0","0","0","0","9","1996","2004","0","24","22","0.522","4.14","114","350","0","115","0","0","9","384.1","418","189","177","35","112","19","250","16","1","18","1637","patteda04","null","null","0"
"493","Joe Kelly","5.4","6.9","6.2","3.3","0.6","-1.1","0","0","0","0","0","0","13","2012","2024","0","54","38","0.587","3.98","104","485","81","75","0","0","7","839","793","409","371","73","355","11","767","46","5","53","3633","kellyjo05","null","null","0"
"494","Jonathan Loaisiga","4.5","5.2","4.9","3.2","1.4","1.7","0","0","0","0","0","0","9","2018","2026","0","19","13","0.594","3.5","122","213","11","37","0","0","9","267.2","249","116","104","28","85","6","244","14","1","7","1130","loaisjo01","null","null","0"
"495","Steve Mingori","8.4","9.9","9.2","3.2","1.5","2.6","0","0","0","0","0","0","10","1970","1979","0","18","33","0.353","3.03","127","385","2","173","0","0","42","584.2","544","237","197","45","225","53","329","18","1","16","2491","mingost01","null","null","0"
"496","Enrique Romo","6.6","6.6","6.6","3.2","1.3","1.2","0","0","0","0","0","0","6","1977","1982","0","44","33","0.571","3.45","112","350","3","172","0","0","52","603","548","259","231","57","203","39","436","15","11","13","2509","romoen01","null","null","0"
"497","Rick Camp","12.1","12.4","12.3","3.2","1.7","3.3","0","0","0","0","0","0","9","1976","1985","0","56","49","0.533","3.37","115","414","65","170","5","0","57","942.1","970","420","353","72","336","58","407","21","8","29","4049","campri01","null","null","0"
"498","Steve Olin","4.5","4.5","4.5","3.2","1.6","1.6","0","0","0","0","0","0","4","1989","1992","0","16","19","0.457","3.1","129","195","1","118","0","0","48","273","272","108","94","14","90","17","173","11","1","3","1155","olinst01","null","null","0"
"499","Seunghwan Oh","4.4","4.4","4.4","3.2","1.3","2.2","0","0","0","0","0","0","4","2016","2019","0","16","13","0.552","3.31","130","232","0","88","0","0","42","225.2","204","91","83","29","56","13","252","9","0","9","939","ohse01","null","null","0"
"500","Héctor Carrasco","9.2","9.3","9.2","3.2","1","2.2","0","0","0","0","0","0","12","1994","2007","0","44","50","0.468","4","113","647","10","207","0","0","19","832.1","792","411","370","69","387","33","662","33","7","85","3649","carrahe01","null","null","0"
