,name,toyear,war,mvpshare,war7,asg,winshare,h,tob,scandal,primary_pos,hof_prob_pct
1,Rod Carew,1985,81.1,1.8,49.7,18,2.1,3053,5369,0,1B,100.0
2,Al Kaline,1974,92.9,2.93,48.8,18,3.8,3007,6266,0,RF,100.0
3,Roberto Clemente,1972,95.0,2.8,54.5,15,2.9,3000,5196,0,RF,100.0
4,Joe Morgan,1984,100.6,3.04,59.3,10,3.8,2517,6516,0,2B,99.9
5,George Brett,1993,88.7,3.3,53.3,13,3.1,3154,6341,0,3B,99.9
6,Ken Griffey Jr.,2010,83.8,3.2,54.0,13,3.4,2781,6767,0,CF,99.9
7,Cal Ripken Jr.,2001,95.9,2.31,56.3,19,3.7,3184,6333,0,SS,99.9
8,Frank Robinson,1976,107.2,4.84,52.8,14,3.7,2943,6997,0,RF,99.8
9,Ernie Banks,1971,67.8,2.83,52.1,14,3.0,2583,5519,0,1B,99.8
10,Brooks Robinson,1977,78.4,3.69,45.8,18,2.9,2848,5158,0,3B,99.7
11,Reggie Jackson,1987,74.1,3.28,46.9,14,1.6,2584,6437,0,RF,99.7
12,Andre Dawson,1996,64.8,2.36,42.7,8,2.2,2774,5690,0,RF,99.7
13,Jimmie Foxx,1945,92.1,4.4,57.9,9,4.8,2646,6495,0,1B,99.6
14,Derek Jeter,2014,71.3,2.77,42.4,14,1.6,3465,6361,0,SS,99.6
15,Chipper Jones,2012,85.3,2.42,46.8,8,1.6,2726,6417,0,3B,99.6
16,Mel Ott,1947,111.0,2.87,53.9,11,6.7,2876,6838,0,RF,99.5
17,Tony Gwynn,2001,69.2,1.93,41.3,15,1.8,3141,5368,0,RF,99.5
18,Ryne Sandberg,1997,68.0,1.98,47.1,10,2.7,2386,4892,0,2B,99.4
19,Mickey Mantle,1968,110.3,5.79,64.7,20,7.0,2415,6397,0,CF,99.4
20,Wade Boggs,1999,91.4,1.2,56.4,12,4.3,3010,5500,0,3B,99.3
21,Luke Appling,1950,77.2,2.01,44.6,7,2.2,2749,5009,0,SS,99.2
22,Eddie Mathews,1968,96.0,1.61,53.9,12,3.6,2315,5861,0,3B,99.2
23,Mike Schmidt,1989,106.9,4.96,58.8,12,7.3,2234,6085,0,3B,99.0
24,Joe DiMaggio,1951,79.1,5.45,52.1,13,4.0,2214,4768,0,CF,98.8
25,Ted Williams,1960,121.8,6.43,67.9,19,8.2,2654,6929,0,LF,98.8
26,Tim Raines,2002,69.5,0.99,42.4,7,1.6,2605,5909,0,LF,98.7
27,Roberto Alomar,2004,67.0,1.91,42.9,12,1.3,2724,5524,0,2B,98.7
28,Rickey Henderson,2003,111.2,2.46,57.6,10,4.7,3055,8184,0,LF,98.6
29,Vladimir Guerrero,2011,59.5,2.94,41.2,9,1.1,2590,5424,0,RF,98.5
30,Freddie Freeman,2026,64.5,3.52,39.4,9,1.9,2475,5410,0,1B,98.5
31,Barry Larkin,2004,70.5,1.1,43.3,12,1.7,2340,4845,0,SS,98.5
32,Craig Biggio,2007,65.5,1.02,41.8,7,1.3,3060,6285,0,2B,98.4
33,Carl Yastrzemski,1983,96.5,2.23,55.6,18,3.3,3419,7552,0,LF,98.4
34,Lou Gehrig,1939,113.7,5.98,67.7,7,6.5,2721,6670,0,1B,98.2
35,Stan Musial,1963,128.6,6.96,64.6,24,7.1,3630,7811,0,1B,98.1
36,Henry Aaron,1976,143.3,5.45,60.3,25,7.5,3771,8498,0,RF,97.8
37,Ichiro Suzuki,2019,60.0,1.38,43.7,10,1.5,3089,5150,0,RF,97.8
38,Frank Thomas,2008,73.8,4.79,45.4,5,1.5,2468,6249,0,1B,97.8
39,Albert Pujols,2022,101.3,6.91,61.7,11,6.2,3384,7701,0,1B,97.6
40,Miguel Cabrera,2023,67.2,4.68,44.8,12,1.7,3174,6666,0,1B,97.6
41,Enos Slaughter,1959,57.5,2.1,37.3,10,1.0,2383,4688,0,RF,97.4
42,Joe Cronin,1945,64.8,2.77,43.7,7,1.7,2285,4692,0,SS,97.4
43,Edgar Martínez,2004,68.4,1.01,43.7,7,1.2,2247,5050,0,3B,97.1
44,Paul Goldschmidt,2026,64.9,3.24,45.0,7,1.5,2210,5142,0,1B,97.0
45,Ron Santo,1974,70.5,1.23,53.8,9,2.4,2254,4922,0,3B,96.7
46,Carlton Fisk,1993,68.5,1.28,37.6,11,0.8,2356,4976,0,C,96.7
47,Gary Carter,1992,70.1,1.93,48.4,11,3.2,2092,4384,0,C,95.8
48,Johnny Bench,1983,75.2,2.77,47.2,14,2.0,2048,4603,0,C,95.3
49,Dave Winfield,1995,64.2,2.2,37.9,12,0.9,3110,6660,0,RF,95.1
50,Johnny Mize,1953,70.6,2.47,48.4,10,4.0,2011,4505,0,1B,94.9
51,Charlie Gehringer,1942,84.8,4.42,53.1,6,3.0,2839,5624,0,2B,94.7
52,Willie Mays,1973,156.2,5.94,73.6,24,10.2,3293,7887,0,CF,94.2
53,Jose Altuve,2026,53.3,2.07,40.2,9,1.5,2428,4734,0,2B,93.9
54,Willie Stargell,1982,57.7,3.3,38.0,7,0.8,2232,5144,0,LF,93.9
55,Duke Snider,1964,66.0,1.97,49.6,8,3.0,2116,4935,0,CF,93.8
56,Joe Medwick,1948,54.4,2.39,39.3,10,1.5,2471,4331,0,LF,93.6
57,Kirby Puckett,1995,51.1,2.56,37.6,10,1.2,2304,4037,0,CF,93.2
58,Harmon Killebrew,1975,60.4,3.23,38.2,13,1.0,2086,5721,0,1B,92.7
59,Jim Thome,2012,72.9,1.22,41.5,5,1.2,2328,6433,0,1B,92.5
60,Manny Machado,2026,61.6,2.18,42.6,7,2.0,2098,4460,0,3B,92.0
61,Yogi Berra,1965,59.5,3.98,38.0,18,1.5,2150,4377,0,C,91.6
62,Billy Williams,1976,63.6,1.61,41.4,6,0.7,2711,5734,0,LF,91.2
63,Paul Molitor,1998,75.7,1.43,39.7,7,0.6,3319,6452,0,3B,91.0
64,Joe Gordon,1950,55.6,1.57,44.8,9,2.4,1530,3505,0,2B,90.3
65,Iván Rodríguez,2011,68.7,1.04,39.8,14,0.4,2844,5091,0,C,90.2
66,Ozzie Smith,1996,76.9,0.65,42.5,15,1.5,2460,4736,0,SS,90.2
67,David Ortiz,2016,55.1,2.95,35.1,10,0.5,2472,6101,0,1B,90.0
68,Nellie Fox,1965,49.3,2.42,37.0,15,1.4,2663,4142,0,2B,89.8
69,Minnie Miñoso,1980,53.3,1.9,39.8,13,2.0,2113,4317,0,LF,89.2
70,Jackie Robinson,1956,63.9,1.74,51.5,7,3.9,1563,3338,0,2B,89.0
71,Billy Herman,1947,57.7,2.04,37.9,10,1.3,2345,3940,0,2B,89.0
72,Willie McCovey,1980,64.5,1.63,44.8,6,1.4,2211,5590,0,1B,88.9
73,Mike Piazza,2007,59.6,3.16,43.1,12,1.4,2127,4544,0,C,88.7
74,Lou Boudreau,1952,63.1,2.66,48.9,7,3.1,1779,3347,0,SS,88.3
75,Carlos Beltrán,2017,70.0,0.76,44.4,9,1.3,2725,6147,0,CF,88.2
76,Tony Pérez,1986,53.9,0.93,36.4,7,0.7,2732,5506,0,1B,88.0
77,Adrian Beltré,2018,93.7,2.27,48.9,4,2.1,3166,6278,0,3B,87.2
78,Jim Rice,1989,47.7,3.15,36.4,8,0.9,2452,4857,0,LF,87.0
79,Jeff Kent,2008,55.4,1.59,35.8,5,0.8,2461,5141,0,2B,86.8
80,Todd Helton,2013,61.8,0.9,46.6,5,1.7,2519,5664,0,1B,86.7
81,Aaron Judge,2026,64.8,3.94,56.9,7,3.8,1251,3551,0,RF,85.6
82,Eddie Murray,1997,68.7,3.33,39.2,8,0.7,3255,6840,0,1B,85.4
83,Jeff Bagwell,2005,79.9,2.89,48.4,4,1.9,2314,5816,0,1B,84.5
84,Pee Wee Reese,1958,68.5,1.76,42.1,10,1.5,2170,4480,0,SS,84.0
85,Alan Trammell,1996,70.7,1.22,44.8,6,1.5,2365,4528,0,SS,83.2
86,Orlando Cepeda,1974,50.2,1.87,34.6,11,0.5,2351,4689,0,1B,82.8
87,Joe Mauer,2018,55.6,2.04,39.1,6,1.0,2123,4031,0,C,82.6
88,Joey Votto,2023,63.6,3.08,46.5,6,2.2,2135,5151,0,1B,82.4
89,José Ramírez,2026,59.7,3.61,44.6,7,2.1,1711,4093,0,3B,82.4
90,Richie Ashburn,1962,64.3,0.62,44.5,6,1.5,2574,4628,0,CF,81.8
91,Mike Trout,2026,89.4,6.53,64.8,11,5.7,1793,4807,0,CF,81.7
92,Fred McGriff,2004,52.6,1.41,36.0,5,0.6,2490,5835,0,1B,80.8
93,Larry Walker,2005,72.7,1.63,44.7,5,1.5,2160,5047,0,RF,80.1
94,Larry Doby,1959,56.7,0.95,39.4,9,2.6,1697,3945,0,CF,80.0
95,Nolan Arenado,2026,59.5,2.58,44.2,8,1.9,1961,4146,0,3B,79.3
96,Mookie Betts,2026,75.3,3.86,55.6,8,4.1,1777,4075,0,RF,79.1
97,Robin Yount,1993,77.4,1.8,47.3,3,2.3,3142,5967,0,SS,79.1
98,Paul Waner,1945,74.7,3.22,43.3,4,2.4,3152,5673,0,RF,78.4
99,Dick Allen,1977,58.7,1.63,45.9,7,1.4,1848,4406,0,1B,76.8
100,Arky Vaughan,1948,78.0,1.23,53.1,9,4.2,2103,4058,0,SS,73.6
101,Bobby Doerr,1951,51.4,0.93,37.0,9,1.1,2042,4133,0,2B,73.2
102,Andrew McCutchen,2026,49.1,2.5,38.3,5,1.4,2280,5241,0,CF,72.8
103,Lou Brock,1979,45.3,1.6,32.0,6,0.2,3023,5937,0,LF,72.1
104,Red Schoendienst,1963,44.8,1.37,32.7,10,0.5,2449,3979,0,2B,72.0
105,Scott Rolen,2012,70.1,0.57,43.6,7,0.9,2077,4645,0,3B,71.4
106,Keith Hernandez,1990,60.4,2.09,41.3,5,1.6,2182,4382,0,1B,70.7
107,Ted Simmons,1988,50.4,0.68,34.8,8,0.3,2472,4669,0,C,70.2
108,Tony Oliva,1976,43.1,1.9,38.6,8,1.5,1917,3536,0,RF,68.7
109,Eddie Collins,1930,123.6,3.86,63.6,0,3.7,3315,6508,0,2B,67.1
110,Joe Torre,1977,57.6,1.46,37.3,9,0.3,2342,4362,0,C,65.8
111,George Kell,1957,37.6,1.2,28.2,10,0.3,2054,3445,0,3B,65.6
112,Ralph Kiner,1955,48.1,1.31,42.8,6,1.9,1451,3885,0,LF,65.5
113,Tris Speaker,1928,136.1,1.72,63.3,0,5.4,3514,6918,0,CF,64.8
114,Rogers Hornsby,1937,127.4,3.34,74.0,0,9.1,2930,5885,0,2B,64.3
115,Luis Aparicio,1973,55.9,1.24,32.7,13,0.5,2677,4746,0,SS,64.1
116,Al Simmons,1944,68.5,3.53,45.5,3,1.9,2927,5388,0,LF,63.5
117,Kenny Lofton,2007,68.4,0.58,43.4,6,1.6,2428,5000,0,CF,62.9
118,Dale Murphy,1993,46.5,2.31,41.2,7,1.7,2111,4880,0,CF,62.6
119,Phil Rizzuto,1956,42.2,1.89,34.8,5,1.2,1588,2865,0,SS,62.6
120,Frankie Frisch,1937,71.8,3.34,44.7,3,2.7,2880,5084,0,2B,62.0
121,Honus Wagner,1917,132.8,1.2,65.8,0,7.3,3420,6556,0,SS,59.7
122,Babe Ruth,1935,162.3,2.11,84.7,2,11.5,2873,7978,0,RF,59.4
123,Harold Baines,2001,38.8,0.31,21.4,6,0.0,2866,5700,0,RF,57.0
124,Ty Cobb,1928,149.7,1.43,68.1,0,5.8,4189,8000,0,CF,57.0
125,Bryce Harper,2026,55.2,2.28,38.3,8,1.0,1849,4721,0,RF,57.0
126,Harry Heilmann,1932,72.3,1.93,47.1,0,2.4,2660,5022,0,RF,55.4
127,Hank Greenberg,1947,55.5,3.69,46.5,4,2.2,1628,4052,0,1B,54.4
128,Francisco Lindor,2026,56.0,1.98,42.4,5,1.3,1685,3742,0,SS,54.0
129,Andruw Jones,2012,62.7,1.1,46.4,5,1.9,1933,4733,0,CF,52.6
130,Earl Averill,1941,51.6,2.0,39.2,6,0.9,2019,4234,0,CF,48.3
131,Dave Parker,1991,40.1,3.19,37.4,7,1.4,2712,5242,0,RF,47.2
132,Bill Terry,1936,56.6,3.45,43.3,3,2.8,2193,3845,0,1B,42.3
133,Reggie Smith,1982,64.6,1.01,38.6,7,0.4,2020,4466,0,RF,41.9
134,George Sisler,1930,55.4,0.92,47.4,0,2.2,2812,4718,0,1B,38.8
135,Will Clark,2000,56.5,1.84,36.1,6,1.2,2176,4566,0,1B,38.0
136,Shohei Ohtani,2026,36.5,4.67,35.2,5,4.6,1094,2992,0,Unknown,37.1
137,Joe Jackson,1920,61.4,1.59,52.0,0,1.9,1772,3298,0,RF,36.9
138,Goose Goslin,1938,66.0,0.91,43.5,1,1.9,2735,5450,0,LF,36.2
139,Ken Boyer,1969,62.9,1.6,46.3,11,1.8,2143,4261,0,3B,35.3
140,Bill Dickey,1946,56.4,2.07,35.4,11,0.4,1969,3776,0,C,34.4
141,Roy Campanella,1957,42.0,2.52,35.0,11,1.1,1422,3143,0,C,30.6
142,Josh Donaldson,2023,46.8,2.22,41.7,3,1.9,1310,3223,0,3B,29.7
143,Marcus Semien,2026,49.7,1.6,41.0,3,2.0,1652,3610,0,2B,28.7
144,Nap Lajoie,1916,108.7,0.19,60.6,0,4.3,3243,5368,0,2B,27.3
145,Juan Soto,2026,43.7,2.52,40.4,4,1.5,1120,3122,0,RF,26.4
146,Buster Posey,2021,45.0,1.63,36.5,7,1.0,1500,2848,0,C,25.3
147,Roger Connor,1897,84.2,0.0,47.0,0,2.2,2467,5034,0,1B,25.1
148,Sam Crawford,1917,75.9,0.75,40.0,0,0.8,2961,5455,0,RF,24.4
149,Yadier Molina,2022,41.7,1.07,28.7,10,0.8,2168,3731,0,C,23.8
150,Graig Nettles,1988,68.0,0.56,42.4,6,1.3,2225,4899,0,3B,23.8
151,Chuck Klein,1944,46.4,2.86,39.1,2,1.7,2076,4202,0,RF,23.4
152,Dan Brouthers,1904,79.8,0.0,47.2,0,2.6,2303,4595,0,1B,23.4
153,Heinie Manush,1939,48.3,2.7,36.0,1,0.7,2524,4284,0,LF,23.0
154,Sal Bando,1981,61.5,1.37,44.4,4,1.0,1790,3987,0,3B,22.9
155,Home Run Baker,1922,62.6,1.0,47.1,0,1.5,1838,3355,0,3B,22.8
156,Hack Wilson,1934,38.7,1.83,36.1,0,1.9,1461,3319,0,CF,22.5
157,David Wright,2018,49.1,1.07,39.5,7,1.5,1777,3903,0,3B,22.3
158,Fred Lynn,1990,50.2,1.4,38.3,9,1.1,1960,4281,0,CF,22.0
159,George Davis,1909,84.7,0.0,44.6,0,1.8,2665,5156,0,SS,21.9
160,Ed Delahanty,1903,70.5,0.0,49.5,0,2.0,2597,4992,0,1B,21.3
161,Dwight Evans,1991,67.2,1.06,37.4,3,1.2,2446,5699,0,RF,20.8
162,Bob Johnson,1945,55.7,0.77,35.4,7,0.6,2051,4672,0,LF,20.6
163,Cap Anson,1897,94.5,0.0,41.8,0,2.3,3435,5853,0,1B,20.3
164,Chase Utley,2018,64.6,0.73,49.3,6,2.8,1885,4067,0,2B,20.3
165,Willie Wells,1948,49.5,0.0,36.4,10,4.1,1292,2746,0,SS,18.6
166,Stan Hack,1947,55.2,0.77,37.4,4,1.4,2193,4146,0,3B,18.3
167,Charlie Keller,1952,43.6,0.58,39.1,5,1.6,1085,2791,0,LF,18.2
168,Kiki Cuyler,1938,48.1,1.49,35.7,1,1.1,2299,4395,0,RF,17.4
169,Giancarlo Stanton,2026,47.0,1.46,35.4,5,1.3,1642,4205,0,RF,17.0
170,Lance Berkman,2013,51.9,2.0,39.2,6,0.6,1905,4772,0,1B,16.8
171,Corey Seager,2026,44.0,1.31,36.2,5,0.8,1282,2785,0,SS,16.3
172,Robinson Canó,2022,68.7,2.14,49.3,8,2.4,2639,4953,1,2B,15.6
173,Steve Garvey,1987,38.1,2.46,28.8,10,0.1,2599,4503,0,1B,15.5
174,Nomar Garciaparra,2009,44.3,1.67,43.1,6,1.2,1747,3406,0,SS,15.5
175,Mickey Cochrane,1937,49.8,2.92,36.6,2,0.5,1652,3391,0,C,13.9
176,Josh Gibson,1946,38.2,0.0,26.9,12,6.2,808,1933,0,C,13.3
177,Miguel Tejada,2013,47.1,1.41,36.6,6,0.7,2407,4480,1,SS,13.3
178,Gabby Hartnett,1941,55.5,2.64,30.7,6,0.3,1912,3875,0,C,12.7
179,Troy Tulowitzki,2019,44.8,0.86,40.3,5,1.0,1391,2946,0,SS,12.4
180,Joe Sewell,1933,54.9,1.08,37.5,0,0.7,2226,3861,0,SS,11.9
181,Zack Wheat,1927,60.2,0.71,34.7,0,1.2,2884,4955,0,LF,11.9
182,Bill Mazeroski,1972,36.5,0.19,26.0,10,0.1,2016,3322,0,2B,11.8
183,Bob Elliott,1953,50.9,1.21,35.1,6,0.7,2061,4168,0,3B,11.8
184,Buck Leonard,1948,30.0,0.0,19.6,13,3.6,748,1718,0,1B,11.7
185,Vada Pinson,1975,54.2,0.64,39.9,4,0.7,2757,5143,0,CF,11.4
186,Don Mattingly,1995,42.4,2.22,35.8,6,0.7,2153,3903,0,1B,11.3
187,Rocky Colavito,1968,44.5,1.46,35.4,9,1.3,1730,4147,0,RF,11.2
188,Jim Fregosi,1978,48.7,0.52,40.9,6,1.6,1726,3390,0,SS,10.2
189,Wally Berger,1940,42.5,1.26,36.0,4,1.0,1550,3164,0,CF,9.6
190,Dave Bancroft,1930,50.4,0.72,37.9,0,1.7,2004,3546,0,SS,9.5
191,Travis Jackson,1936,44.2,1.76,35.3,1,0.8,1768,3119,0,SS,9.4
192,Rabbit Maranville,1935,44.1,2.27,30.6,0,0.5,2605,4553,0,SS,9.4
193,Eddie Stanky,1953,41.6,0.73,37.8,3,1.6,1154,2540,0,2B,9.4
194,José Bautista,2018,36.8,1.5,38.2,6,1.1,1496,3976,0,RF,9.3
195,Rusty Staub,1985,45.7,0.37,33.3,6,0.2,2716,5487,0,RF,9.2
196,Al Oliver,1985,43.7,1.25,28.1,7,0.0,2743,4702,0,CF,9.0
197,Dixie Walker,1949,45.0,1.47,31.4,4,0.7,2064,3823,0,RF,9.0
198,Alex Bregman,2026,43.7,1.27,37.6,3,1.3,1298,2970,0,3B,9.0
199,Bill Freehan,1976,44.7,1.28,33.7,11,0.6,1591,3152,0,C,8.9
200,Vern Stephens,1955,46.3,2.12,34.5,7,0.8,1859,3708,0,SS,8.5
201,George Foster,1986,44.3,2.37,36.9,5,0.8,1925,4087,0,LF,8.3
202,Oscar Charleston,1941,48.3,0.0,36.7,3,4.4,1210,2728,0,CF,8.3
203,Bobby Witt Jr.,2026,25.2,1.35,25.2,2,2.1,779,1709,0,SS,8.2
204,Jason Giambi,2014,50.5,2.19,42.2,5,1.6,2010,5139,1,1B,7.9
205,Dustin Pedroia,2019,51.8,1.17,40.9,4,1.3,1805,3411,0,2B,7.6
206,Roger Maris,1968,38.2,1.4,32.3,7,1.1,1325,3102,0,RF,7.5
207,Thurman Munson,1979,46.1,1.5,37.0,7,0.3,1558,2676,0,C,7.4
208,Barry Bonds,2007,162.8,9.3,72.7,14,10.6,2935,9048,1,LF,7.3
209,Ryan Braun,2020,47.2,1.96,38.8,6,0.9,1963,4327,1,LF,7.3
210,Manny Ramirez,2011,69.3,3.06,40.0,12,0.6,2574,6193,1,LF,7.0
211,Turkey Stearnes,1940,49.8,0.0,31.3,5,3.3,1326,2892,0,CF,7.0
212,Dolph Camilli,1945,43.2,1.26,40.1,2,1.5,1482,3639,0,1B,6.7
213,Bobby Grich,1986,71.1,0.43,46.4,6,1.7,1833,4110,0,2B,6.6
214,Pete Rose,1986,79.6,3.68,44.9,17,1.3,4256,7516,1,1B,6.6
215,Evan Longoria,2023,58.9,0.7,42.3,3,1.3,1930,4227,0,3B,6.5
216,Albert Belle,2000,40.1,2.38,36.0,5,0.9,1726,4071,1,LF,6.5
217,Matt Holliday,2018,44.4,1.02,34.3,7,0.3,2096,4486,0,LF,6.5
218,Sam Rice,1934,54.6,0.3,31.3,0,0.1,2987,5014,0,RF,6.5
219,Hughie Jennings,1918,42.4,0.0,39.5,0,1.6,1526,2694,0,SS,6.5
220,Luis Gonzalez,2008,51.7,0.62,33.8,5,0.6,2591,5668,1,LF,6.4
221,Gary Sheffield,2009,60.5,2.48,38.0,9,0.7,2689,6465,1,RF,6.3
222,Alex Rodriguez,2016,117.4,5.23,64.3,14,7.1,3115,7480,1,SS,6.3
223,Willard Brown,1948,20.2,0.0,17.2,7,4.9,580,1162,0,CF,6.2
224,Buddy Bell,1989,66.4,0.18,40.5,5,1.2,2514,4545,0,3B,6.1
225,Bill Dahlen,1911,74.9,0.0,40.4,0,0.7,2461,5064,0,SS,6.0
226,Ted Strong,1948,11.3,0.0,11.5,7,1.8,279,587,0,RF,6.0
227,José Cruz,1988,54.5,0.96,36.4,2,0.6,2251,4540,0,LF,5.9
228,Henry Kimbro,1948,15.6,0.0,13.9,7,1.6,651,1332,0,CF,5.9
229,Sammy Sosa,2007,58.6,2.46,43.8,7,1.0,2408,5867,1,RF,5.8
230,Gil Hodges,1963,43.8,0.65,33.6,8,0.4,1921,4428,0,1B,5.7
231,George Burns,1929,34.8,1.2,25.6,0,0.3,2018,3339,0,1B,5.7
232,Rafael Palmeiro,2005,71.9,1.2,38.9,4,0.4,3020,6838,1,1B,5.7
233,Al Rosen,1956,32.4,1.23,33.0,4,1.6,1063,2470,0,3B,5.6
234,Harvey Kuenn,1966,25.8,0.74,22.0,10,0.1,2092,3483,0,SS,5.5
235,Mark McGwire,2001,62.1,1.94,41.9,12,0.8,1626,4968,1,1B,5.4
236,Mule Suttles,1944,36.5,0.0,25.0,5,2.0,1093,2451,0,1B,5.4
237,Elston Howard,1968,27.1,1.5,26.5,12,0.4,1491,2710,0,C,5.4
238,Larry Doyle,1920,44.6,1.19,30.0,0,0.3,1887,3577,0,2B,5.3
239,Carlos Delgado,2009,44.4,1.56,34.5,2,0.3,2038,5099,0,1B,5.2
240,Martín Dihigo,1945,12.4,0.0,12.7,2,2.6,436,980,0,SS,5.1
241,Matt Chapman,2026,42.7,0.64,37.3,1,1.3,1040,2532,0,3B,5.0
242,Matt Olson,2026,42.1,0.76,35.7,3,1.2,1206,3037,0,1B,5.0
243,Jake Beckley,1907,61.7,0.0,30.2,0,0.2,2938,5091,0,1B,4.8
244,John Olerud,2005,58.1,0.59,39.0,2,1.1,2239,4816,0,1B,4.8
245,Matt Williams,2003,46.6,1.86,34.0,5,0.6,1878,3942,0,3B,4.8
246,Jim Edmonds,2010,60.4,0.9,42.6,4,0.6,1949,4680,0,CF,4.8
247,Dick Groat,1967,36.8,1.57,29.7,8,0.4,2138,3245,0,SS,4.7
248,Bobby Wallace,1918,70.4,0.0,42.0,0,1.3,2309,4063,0,SS,4.7
249,Jimmy Rollins,2016,47.9,0.91,32.7,3,0.2,2455,5172,0,SS,4.6
250,Magglio Ordóñez,2011,38.8,0.93,32.0,6,0.6,2156,4251,0,RF,4.6
251,Nelson Cruz,2023,42.0,1.02,30.0,7,0.1,2053,4669,0,RF,4.6
252,Alex Radcliff,1946,8.2,0.0,6.9,13,0.1,467,798,0,3B,4.6
253,Pedro Guerrero,1992,34.5,2.3,32.0,5,0.8,1618,3294,0,1B,4.5
254,John Ward,1894,34.3,0.0,24.8,0,2.1,2107,3569,0,SS,4.4
255,Mickey Vernon,1960,35.4,1.02,25.7,7,0.4,2495,4833,0,1B,4.4
256,Willie Randolph,1992,66.0,0.04,36.3,6,0.3,2210,4332,0,2B,4.4
257,Maury Wills,1972,39.7,1.84,29.6,7,0.2,2134,3651,0,SS,4.3
258,Lou Whitaker,1995,75.1,0.21,37.9,5,0.5,2369,4991,0,2B,4.3
259,Anthony Rendon,2024,34.2,1.44,32.6,1,1.2,1218,2621,0,3B,4.3
260,Doc Cramer,1948,13.2,0.3,13.6,5,0.0,2705,4064,0,CF,4.3
261,Moisés Alou,2008,39.9,1.16,27.6,6,0.3,2134,4472,0,LF,4.2
262,Jud Wilson,1945,33.3,0.0,22.1,3,1.9,1080,2134,0,1B,4.1
263,Darryl Strawberry,1999,42.1,1.71,34.8,8,0.6,1401,3775,1,RF,4.0
264,Al Dark,1960,44.0,1.06,33.8,3,0.5,2089,3458,0,SS,4.0
265,Biz Mackey,1947,25.8,0.0,20.0,5,1.2,1011,1806,0,C,3.9
266,Bill Buckner,1990,15.1,0.26,16.4,1,0.0,2715,4466,0,1B,3.9
267,Christian Yelich,2026,45.7,1.83,34.0,3,0.8,1760,3934,0,LF,3.7
268,Joe Judge,1934,48.3,0.99,27.1,0,0.0,2352,4494,0,1B,3.7
269,Bill Nicholson,1953,42.1,1.23,33.8,4,1.3,1484,3408,0,RF,3.6
270,Omar Vizquel,2012,45.6,0.01,26.8,3,0.1,2877,5159,1,SS,3.5
271,Ernie Lombardi,1947,37.8,0.98,24.0,7,0.2,1792,3131,0,C,3.5
272,Kevin Mitchell,1998,29.1,1.21,26.5,2,0.3,1173,2670,0,LF,3.5
273,Bernie Williams,2006,49.6,0.51,37.6,5,0.3,2336,4972,0,CF,3.4
274,Billy Hamilton,1901,63.9,0.0,42.9,0,0.8,2164,4819,0,CF,3.4
275,Pie Traynor,1937,38.7,2.11,27.1,2,0.1,2416,3919,0,3B,3.4
276,Bert Campaneris,1983,53.1,0.42,36.7,6,0.5,2249,4238,0,SS,3.4
277,Jesse Burkett,1905,63.9,0.0,38.3,0,0.6,2850,5177,0,LF,3.3
278,Bobby Abreu,2014,60.2,0.17,41.6,2,0.4,2470,5902,0,RF,3.3
279,Bobby Bonds,1981,57.8,1.01,41.1,3,0.6,1886,4691,0,RF,3.3
280,Tony Lazzeri,1939,47.6,1.49,34.0,1,0.7,1840,3955,0,2B,3.2
281,Freddie Lindstrom,1936,28.5,1.21,26.5,0,0.6,1747,2937,0,3B,3.2
282,Art Fletcher,1922,46.1,0.19,35.8,0,1.4,1534,2385,0,SS,3.1
283,Cecil Cooper,1987,36.0,1.36,30.1,5,0.4,2192,3961,0,1B,3.1
284,Jack Clark,1992,53.1,1.16,31.5,4,0.4,1826,4595,0,RF,3.0
285,Fred Clarke,1915,69.1,0.0,36.8,0,0.5,2678,5064,0,LF,3.0
286,Dick Lundy,1937,19.8,0.0,17.4,2,1.5,667,1222,0,SS,2.9
287,Dobie Moore,1926,24.3,0.0,24.3,0,1.5,637,1134,0,SS,2.9
288,Cristóbal Torriente,1932,25.7,0.0,24.0,0,1.6,759,1586,0,CF,2.8
289,Adrián González,2018,43.6,0.98,34.7,5,0.3,2050,4250,0,1B,2.7
290,Ross Barnes,1881,28.0,0.0,26.6,0,1.5,860,1337,0,2B,2.6
291,Josh Hamilton,2015,28.1,1.52,27.1,5,0.9,1134,2418,0,CF,2.6
292,Sherry Magee,1919,60.0,0.22,38.7,0,1.5,2169,4352,0,LF,2.6
293,Jim O'Rourke,1904,52.1,0.0,24.2,0,0.6,2639,4333,0,C,2.6
294,Johnny Damon,2012,56.3,0.07,32.9,2,0.2,2769,5625,0,CF,2.4
295,Jim Bottomley,1937,36.0,1.61,29.7,0,0.4,2313,4459,0,1B,2.4
296,John McGraw,1907,47.7,0.0,41.1,0,1.5,1309,2881,0,3B,2.4
297,Jack Glasscock,1895,62.0,0.0,41.0,0,1.4,2041,3443,0,SS,2.3
298,Carlos Correa,2026,47.0,0.41,38.4,3,1.1,1332,2843,0,SS,2.3
299,Ronald Acuña Jr.,2026,29.2,1.47,28.6,5,0.7,945,2373,0,RF,2.2
300,Norm Cash,1974,52.1,0.7,33.7,5,1.0,1820,4360,0,1B,2.2
301,Frank McCormick,1948,31.9,1.9,26.4,8,0.5,1711,2907,0,1B,2.2
302,Cody Bellinger,2026,33.0,1.09,31.8,2,1.3,1148,2734,0,CF,2.2
303,Torii Hunter,2015,50.6,0.37,30.8,5,0.1,2452,4943,0,CF,2.2
304,Buddy Myer,1941,48.4,0.69,32.4,2,0.3,2131,3980,0,2B,2.1
305,George Van Haltren,1903,38.7,0.0,24.8,0,0.0,2544,4813,0,CF,2.1
306,Alfonso Soriano,2014,28.6,0.99,27.6,7,0.3,2095,4659,0,LF,2.0
307,Dave Concepción,1988,40.1,0.52,29.9,9,0.2,2326,4171,0,SS,2.0
308,Monte Irvin,1956,32.1,0.53,25.1,7,1.0,1076,2260,0,LF,2.0
309,Deacon White,1890,45.7,0.0,26.1,0,1.3,2067,2983,0,3B,1.9
310,Willie Keeler,1910,55.3,0.0,37.1,0,0.5,2932,4581,0,RF,1.9
311,José Canseco,2001,42.5,1.53,29.6,6,0.3,1877,4737,1,RF,1.9
312,Ted Kluszewski,1961,31.4,1.33,28.5,4,0.6,1766,3463,0,1B,1.8
313,Trea Turner,2026,41.8,0.95,32.8,3,0.7,1577,3253,0,SS,1.8
314,Wally Schang,1931,48.3,0.6,28.1,0,0.1,1506,3097,0,C,1.7
315,Jim Wynn,1977,55.9,0.53,43.3,3,0.6,1665,4350,0,CF,1.7
316,Gil McDougald,1960,40.8,0.95,32.3,6,0.5,1291,2520,0,2B,1.6
317,Max Carey,1929,55.7,0.22,33.6,0,0.9,2665,5390,0,CF,1.6
318,Augie Galan,1949,45.6,0.33,34.7,3,1.6,1706,3592,0,LF,1.6
319,Andrés Galarraga,2004,31.7,1.38,26.4,5,0.2,2333,4749,0,1B,1.6
320,Gene Tenace,1983,46.8,0.06,35.0,1,0.3,1060,2902,0,C,1.5
321,Garret Anderson,2010,25.7,0.57,22.8,3,0.0,2529,4493,0,LF,1.5
322,Lonny Frey,1948,44.6,0.03,35.5,3,1.3,1482,2923,0,2B,1.5
323,Snuffy Stirnweiss,1952,27.5,0.86,28.8,1,1.4,989,2044,0,2B,1.5
324,Jesse Williams,1945,7.5,0.0,7.5,2,1.2,250,450,0,SS,1.5
325,Frank Austin,1948,10.4,0.0,10.4,6,1.1,346,570,0,SS,1.5
326,Kris Bryant,2025,27.3,1.38,29.2,4,0.9,1068,2439,0,3B,1.5
327,Neil Robinson,1948,8.7,0.0,7.8,9,0.6,280,555,0,CF,1.4
328,Wild Bill Wright,1945,9.5,0.0,8.1,9,0.3,451,823,0,RF,1.4
329,Amos Otis,1984,42.8,0.93,32.5,5,0.5,2020,4203,0,CF,1.4
330,Grady Sizemore,2015,27.7,0.22,28.2,3,1.2,1098,2520,0,CF,1.3
331,Cool Papa Bell,1946,30.9,0.0,19.6,8,0.7,1548,2941,0,CF,1.3
332,Lefty O'Doul,1934,27.2,1.42,27.4,1,0.9,1140,2105,0,LF,1.3
333,Paul Konerko,2014,28.1,0.72,21.5,6,0.0,2340,5013,0,1B,1.2
334,Lloyd Waner,1945,29.9,0.88,23.8,1,0.1,2459,3544,0,CF,1.2
335,Johnny Evers,1929,48.0,0.97,33.7,0,0.6,1659,3153,0,2B,1.1
336,Willie Wilson,1994,46.2,0.67,34.0,2,1.0,2207,3998,0,CF,1.1
337,Benny Kauff,1920,28.5,0.0,28.5,0,1.2,961,1992,0,CF,1.1
338,Roger Peckinpaugh,1927,45.5,0.85,29.5,0,0.3,1876,3445,0,SS,1.1
339,Ray Durham,2008,33.8,0.0,25.9,2,0.0,2054,4321,0,2B,1.1
340,Lave Cross,1907,45.9,0.0,27.9,0,0.1,2651,4244,0,3B,1.1
341,Julio Franco,2007,43.6,0.18,30.8,3,0.5,2586,4818,0,SS,1.1
342,Del Crandall,1966,28.0,0.38,24.4,11,0.1,1276,2478,0,C,1.1
343,Steve Finley,2007,44.2,0.13,32.0,2,0.2,2548,5321,0,CF,1.1
344,Jake Daubert,1924,39.7,1.29,25.9,0,0.1,2326,3948,0,1B,1.1
345,Fred Dunlap,1891,37.1,0.0,31.7,0,1.2,1159,1980,0,2B,1.1
346,Phil Cavarretta,1955,37.2,1.11,26.5,3,0.5,1977,3692,0,1B,1.1
347,Hanley Ramírez,2019,38.3,0.89,35.2,3,0.6,1834,4027,0,SS,1.1
348,Kirk Gibson,1995,38.4,1.17,30.0,0,0.3,1553,3688,0,LF,1.0
349,Ron Cey,1987,53.7,0.25,37.1,6,0.7,1868,4222,0,3B,1.0
350,Ryan Howard,2016,14.5,2.49,19.3,3,0.0,1475,3661,0,1B,1.0
351,Harry Hooper,1925,52.9,0.08,29.7,0,0.2,2466,4911,0,RF,1.0
352,Jimmy Ryan,1903,44.3,0.0,28.4,0,0.2,2513,4855,0,CF,1.0
353,Pete Reiser,1952,24.6,0.98,24.4,3,1.1,786,1627,0,CF,1.0
354,Willie Davis,1979,60.8,0.1,38.9,2,0.6,2561,4594,0,CF,1.0
355,Zoilo Versalles,1971,12.6,1.01,17.6,2,0.7,1246,2302,0,SS,1.0
356,Artie Wilson,1951,6.0,0.0,6.0,7,0.8,177,288,0,SS,0.9
357,Ken Singleton,1984,41.8,1.43,33.7,3,0.2,2029,4418,0,RF,0.9
358,Fernando Tatis Jr.,2026,26.7,1.26,26.7,3,0.9,760,1830,1,RF,0.9
359,Boog Powell,1977,39.1,1.95,30.8,4,0.2,1776,4106,0,1B,0.9
360,Frank Howard,1973,37.6,0.96,29.1,4,0.1,1774,4025,0,LF,0.8
361,Carlos Santana,2026,38.7,0.03,26.4,1,0.0,1882,4723,0,1B,0.8
362,Heinie Groh,1927,47.6,0.03,34.7,0,1.2,1774,3210,0,3B,0.8
363,Paul Hines,1891,45.0,0.0,26.5,0,0.6,2133,3424,0,1B,0.8
364,Jorge Posada,2011,42.7,0.78,32.6,5,0.2,1664,3844,0,C,0.8
365,Mark Teixeira,2016,50.5,0.86,38.0,3,0.6,1862,4477,0,1B,0.8
366,Rudy York,1948,31.7,0.75,27.2,7,0.4,1621,3677,0,1B,0.8
367,Anthony Rizzo,2024,40.4,1.01,32.5,3,0.4,1644,3788,0,1B,0.8
368,Michael Young,2013,24.7,0.55,21.4,7,0.0,2375,4156,0,SS,0.8
369,Ken Williams,1929,42.5,0.08,36.5,0,0.9,1552,3299,0,LF,0.8
370,Buck Ewing,1897,48.0,0.0,30.7,0,0.3,1625,3190,0,C,0.8
371,Paul O'Neill,2001,38.9,0.62,27.4,5,0.1,2105,4474,0,RF,0.7
372,Bill White,1969,38.6,0.63,32.0,8,0.1,1706,3419,0,1B,0.7
373,Darrell Evans,1989,58.7,0.17,37.2,2,0.8,2223,5569,0,3B,0.7
374,Joe Carter,1998,19.5,1.28,21.4,5,0.1,2184,4668,0,LF,0.7
375,Lance Parrish,1995,39.5,0.26,28.4,8,0.0,1782,3753,0,C,0.7
376,Juan González,2005,38.7,2.76,29.2,3,0.1,1936,4159,0,RF,0.7
377,Tommy Butts,1948,9.6,0.0,10.2,5,0.9,481,807,0,SS,0.7
378,Julio Rodríguez,2026,23.8,1.05,23.8,3,0.9,703,1507,0,CF,0.7
379,Bobby Bonilla,2001,30.3,1.23,27.4,6,0.1,2010,4358,0,3B,0.7
380,Frank Chance,1914,46.7,0.0,35.8,0,1.0,1274,2651,0,1B,0.7
381,Ketel Marte,2026,35.6,1.02,30.9,3,0.7,1311,2754,0,2B,0.7
382,Jack Fournier,1927,41.0,0.26,34.7,0,1.1,1631,3250,0,1B,0.6
383,Terry Turner,1919,38.2,0.03,28.3,0,0.7,1499,2575,0,SS,0.6
384,Tommy Henrich,1950,39.5,0.7,31.0,5,0.5,1297,3010,0,RF,0.6
385,Jim Gentile,1966,17.1,0.62,17.5,6,0.4,759,1899,0,1B,0.6
386,Dick McAuliffe,1975,37.6,0.25,29.6,3,0.4,1530,3439,0,2B,0.6
387,Newt Allen,1947,20.2,0.0,16.1,5,0.7,1053,1825,0,2B,0.6
388,Carlos Lee,2012,28.3,0.1,23.3,3,0.0,2273,4634,0,LF,0.6
389,Vic Harris,1947,10.6,0.0,8.9,7,0.6,738,1315,0,LF,0.6
390,Elmer Flick,1910,53.4,0.0,41.4,0,1.3,1752,3419,0,RF,0.6
391,Harry Davis,1917,38.5,0.0,28.2,0,0.2,1841,3527,0,1B,0.5
392,George Gore,1892,39.9,0.0,28.2,0,0.3,1612,3087,0,1B,0.5
393,Vladimir Guerrero Jr.,2026,26.5,0.93,25.8,5,0.5,1126,2396,0,1B,0.5
394,José Abreu,2024,29.5,1.32,26.9,3,0.5,1587,3181,0,1B,0.5
395,Terry Pendleton,1998,28.4,1.51,25.3,1,0.5,1897,3364,0,3B,0.5
396,Hughie Critz,1935,17.0,1.27,17.9,0,0.0,1591,2476,0,2B,0.5
397,Lu Blue,1933,37.6,0.42,28.9,0,0.1,1696,3608,0,1B,0.5
398,Adam Dunn,2014,18.0,0.03,17.7,2,0.0,1631,4751,0,LF,0.5
399,Tony Fernández,2001,45.3,0.26,30.5,5,0.1,2276,4092,0,SS,0.5
400,Babe Herman,1945,39.6,0.91,31.3,0,0.8,1818,3594,0,RF,0.5
401,Andy Van Slyke,1995,41.4,0.91,32.9,3,0.4,1562,3441,0,CF,0.5
402,Curtis Granderson,2019,47.5,0.69,34.8,3,0.7,1800,4445,0,CF,0.5
403,Lennie Pearson,1948,11.4,0.0,10.4,6,0.4,525,1026,0,1B,0.5
404,Ben Zobrist,2019,44.7,0.13,39.6,3,1.2,1566,3452,0,2B,0.5
405,King Kelly,1893,47.0,0.0,31.3,0,0.6,1813,3500,0,C,0.5
406,Piper Davis,1948,5.4,0.0,5.4,6,0.4,174,323,0,1B,0.5
407,Edd Roush,1931,45.9,0.3,32.0,0,0.8,2376,4035,0,CF,0.5
408,Chuck Knoblauch,2002,44.6,0.05,38.6,4,1.1,1839,3794,0,2B,0.5
409,Brett Butler,1997,49.7,0.35,35.4,1,0.7,2375,4763,0,CF,0.4
410,Roy Sievers,1965,25.5,1.11,22.8,5,0.1,1703,3888,0,1B,0.4
411,Sam Jethroe,1954,15.0,0.02,13.4,7,0.3,658,1403,0,CF,0.4
412,Ellis Burks,2004,49.8,0.54,32.0,2,0.6,2107,4665,0,CF,0.4
413,Bid McPhee,1899,52.8,0.0,29.4,0,0.2,2258,4648,0,2B,0.4
414,Michael Brantley,2023,34.1,0.45,28.1,5,0.6,1656,3051,0,LF,0.4
415,Tommy Sampson,1948,5.2,0.0,5.7,5,0.4,215,319,0,2B,0.4
416,Don Baylor,1988,28.5,1.14,21.7,1,0.0,2135,4661,0,LF,0.4
417,Harry Stovey,1893,45.2,0.0,31.1,0,1.0,1775,4014,0,1B,0.4
418,Joe Tinker,1916,52.7,0.51,32.3,0,0.5,1690,3026,0,SS,0.4
419,DJ LeMahieu,2025,30.6,0.99,25.5,3,0.8,1772,3174,0,2B,0.4
420,Bobby Veach,1925,49.0,0.0,38.0,0,0.7,2063,3708,0,LF,0.4
421,César Cedeño,1986,53.1,0.51,41.4,4,1.0,2087,4454,1,CF,0.4
422,Ken Caminiti,2001,33.5,1.0,29.8,3,0.3,1710,3624,0,3B,0.4
423,Cecil Fielder,1998,17.2,1.67,17.4,3,0.2,1313,3179,0,1B,0.4
424,Reggie Sanders,2007,39.8,0.31,26.7,1,0.5,1666,4020,0,RF,0.4
425,Bobby Murcer,1983,32.1,0.66,29.8,5,0.7,1862,3982,0,RF,0.4
426,Bob O'Farrell,1935,21.7,0.99,18.9,0,0.6,1120,2172,0,C,0.4
427,Howard Easterling,1946,8.4,0.0,8.4,5,0.5,350,642,0,3B,0.4
428,Roger Bresnahan,1915,42.4,0.09,30.2,0,0.3,1252,2616,0,C,0.4
429,Felipe Alou,1974,42.3,0.46,33.9,3,0.3,2101,3706,0,RF,0.4
430,Billy Hoy,1902,33.1,0.0,24.4,0,0.1,2048,4260,0,CF,0.4
431,Glenn Wright,1935,25.4,0.94,24.6,0,0.4,1219,2103,0,SS,0.4
432,Charlie Bennett,1893,38.8,0.0,30.1,0,0.5,978,2000,0,C,0.3
433,Fielder Jones,1915,42.8,0.0,28.9,0,0.1,1920,3515,0,CF,0.3
434,Wally Joyner,2001,35.8,0.23,23.6,1,0.0,2060,4026,0,1B,0.3
435,Nick Markakis,2020,33.7,0.0,24.6,1,0.8,2388,4470,0,RF,0.3
436,Lenny Dykstra,1996,42.4,0.81,33.0,3,1.1,1298,2833,0,CF,0.3
437,Orlando Cabrera,2011,21.3,0.01,20.0,0,0.0,2055,3677,0,SS,0.3
438,George Bell,1993,20.0,1.92,21.5,3,0.0,1702,3271,0,LF,0.3
439,Kent Hrbek,1994,38.6,0.66,27.5,1,0.0,1749,3851,0,1B,0.3
440,Chili Davis,1999,38.2,0.06,24.8,3,0.1,2380,5250,0,CF,0.3
441,J.D. Martinez,2024,30.8,0.54,29.4,6,0.3,1741,3799,0,RF,0.3
442,Ken Keltner,1950,33.2,0.23,28.3,7,0.3,1570,3058,0,3B,0.3
443,Cupid Childs,1901,44.2,0.0,35.8,0,0.6,1721,3448,0,2B,0.3
444,Tommy Davis,1976,20.4,0.96,20.7,3,0.1,2121,3439,0,LF,0.3
445,Henry Milton,1940,3.3,0.0,3.3,5,0.3,198,423,0,RF,0.3
446,Pete Runnels,1964,29.9,0.27,26.3,5,0.7,1854,3292,0,1B,0.3
447,George Burns,1925,39.2,0.51,32.4,0,0.9,2077,4033,0,LF,0.3
448,Xander Bogaerts,2026,42.9,0.51,34.3,4,0.3,1865,3644,0,SS,0.3
449,Prince Fielder,2016,23.6,1.83,24.7,6,0.1,1645,3808,0,1B,0.3
450,Don Kessinger,1979,8.9,0.04,11.3,6,0.0,1931,3171,0,SS,0.2
451,Alex Ríos,2015,27.4,0.04,28.2,2,0.2,1778,3438,0,RF,0.2
452,Ed Konetchy,1921,47.2,0.16,31.1,0,0.9,2150,4024,0,1B,0.2
453,Gunnar Henderson,2026,21.4,0.68,21.4,1,0.8,550,1288,0,SS,0.2
454,Aramis Ramírez,2015,32.3,0.43,29.5,3,0.1,2303,4666,0,3B,0.2
455,Dom DiMaggio,1953,33.6,0.3,28.2,7,0.2,1680,3213,0,CF,0.2
456,Jim Gilliam,1966,44.8,0.55,30.4,4,0.7,2021,4022,0,2B,0.2
457,Tommy Leach,1918,48.1,0.0,31.0,0,0.5,2143,4123,0,CF,0.2
458,Jimmy Collins,1908,53.3,0.0,38.3,0,0.7,1999,3398,0,3B,0.2
459,Paul Blair,1980,37.7,0.2,35.3,2,0.9,1513,2927,0,CF,0.2
460,Lloyd Davenport,1945,4.5,0.0,5.4,6,0.2,253,435,0,CF,0.2
461,Mike Tiernan,1899,42.2,0.0,32.7,0,0.2,1838,3913,0,Unknown,0.2
462,Marty Marion,1953,31.8,1.12,25.8,7,0.1,1448,2407,0,SS,0.2
463,J.D. Drew,2011,44.9,0.25,32.1,1,0.4,1437,3481,0,RF,0.2
464,Pete Browning,1894,40.6,0.0,31.4,0,1.1,1646,2973,0,3B,0.2
465,Pat Patterson,1947,8.8,0.0,8.6,6,0.2,387,688,0,2B,0.2
466,Gary Gaetti,2000,42.1,0.26,25.3,2,0.1,2280,4611,0,3B,0.2
467,Del Ennis,1959,30.0,0.77,28.1,3,0.2,2063,4065,0,LF,0.2
468,Plácido Polanco,2013,41.9,0.02,32.4,2,0.1,2142,3376,0,2B,0.2
469,Russell Martin,2019,38.6,0.05,27.1,4,0.2,1416,3155,0,C,0.2
470,Jimmy Sheckard,1913,49.6,0.14,33.4,0,0.6,2084,4478,0,LF,0.2
471,Sammy Hughes,1946,10.8,0.0,7.4,6,0.1,491,896,0,2B,0.1
472,Bret Boone,2005,22.8,0.84,25.2,3,0.8,1775,3599,0,2B,0.1
473,Walker Cooper,1957,27.3,0.92,22.8,8,0.0,1341,2507,0,C,0.1
474,Willie McGee,1999,34.3,0.83,28.7,4,0.6,2254,3829,0,CF,0.1
475,Mark Grace,2003,46.5,0.11,29.7,3,0.1,2445,4710,0,1B,0.1
476,Dick Bartell,1946,41.6,0.52,30.2,2,0.7,2165,3843,0,SS,0.1
477,Rubén Sierra,2006,16.8,0.75,20.6,4,0.2,2152,4368,0,RF,0.1
478,George McQuinn,1948,21.6,0.34,19.8,6,0.0,1588,3180,0,1B,0.1
479,Vic Power,1965,15.3,0.29,16.9,6,0.1,1716,2806,0,1B,0.1
480,Jo-Jo Moore,1941,19.1,0.54,17.4,6,0.0,1615,2610,0,LF,0.1
481,Earle Combs,1935,45.0,0.29,36.2,0,0.5,1866,3425,0,CF,0.1
482,Frank White,1990,34.8,0.0,23.6,5,0.0,2006,3599,0,2B,0.1
483,Sam Bankhead,1948,13.4,0.0,9.6,9,0.2,681,1240,0,SS,0.1
484,George Kelly,1932,25.4,1.11,24.1,0,0.1,1778,3162,0,1B,0.1
485,Cal Raleigh,2026,18.7,0.83,18.7,1,0.7,515,1405,0,C,0.1
486,Sam Thompson,1906,44.4,0.0,33.2,0,0.3,1988,3715,0,RF,0.1
487,Bill Madlock,1987,38.2,0.62,28.4,3,0.3,2008,3692,0,3B,0.1
488,Sandy Alomar,2007,13.7,0.06,13.1,6,0.0,1236,2078,0,C,0.1
489,Jason Kendall,2010,41.7,0.0,30.4,3,0.0,2195,3794,0,C,0.1
490,Davey Lopes,1987,42.4,0.04,30.2,4,0.1,1671,3858,0,2B,0.1
491,Larry Bowa,1985,22.8,0.57,21.5,5,0.2,2191,3488,0,SS,0.1
492,J.T. Realmuto,2026,39.0,0.25,29.8,3,0.3,1388,2761,0,C,0.1
493,Bobby Richardson,1966,8.1,0.77,10.3,8,0.0,1432,2139,0,2B,0.1
494,George Springer,2026,41.9,0.51,32.8,4,0.3,1501,3497,0,RF,0.1
495,Salvador Perez,2026,35.5,0.25,24.4,9,0.1,1748,3309,0,C,0.1
496,Garry Templeton,1991,27.8,0.07,23.7,3,0.0,2096,3464,0,SS,0.1
497,Bill Skowron,1967,26.9,0.18,20.6,8,0.2,1566,2947,0,1B,0.1
498,Wally Moses,1951,36.7,0.26,26.2,1,0.2,2138,4055,0,RF,0.1
499,John Roseboro,1970,22.5,0.12,19.5,6,0.0,1206,2410,0,C,0.1
500,Parnell Woods,1945,4.0,0.0,3.8,6,0.1,221,391,0,3B,0.1
501,Chet Lemon,1990,55.7,0.0,37.2,3,0.6,1875,3845,0,CF,0.1
502,Dave Kingman,1986,17.4,0.26,16.0,3,0.0,1575,3884,0,1B,0.1
503,Eddie Joost,1955,31.6,0.41,28.2,2,0.9,1339,3153,0,SS,0.1
504,Jeff Heath,1949,37.7,0.23,29.7,2,0.2,1447,3161,0,LF,0.1
505,Johnny Temple,1964,17.1,0.1,16.0,6,0.0,1484,2618,0,2B,0.1
506,Tommy Harper,1976,25.8,0.35,22.8,1,0.4,1609,3536,0,LF,0.1
507,Stuffy McInnis,1927,35.5,0.4,26.0,0,0.2,2405,3531,0,1B,0.1
508,Johnny Pesky,1954,34.2,0.89,33.2,1,0.7,1455,2547,0,SS,0.1
509,Howard Freigau,1928,2.0,0.0,2.0,0,0.0,537,901,0,3B,0.0
510,Dave Altizer,1911,7.5,0.0,7.5,0,0.0,433,782,0,SS,0.0
511,Khalil Greene,2009,8.5,0.0,8.5,0,0.0,628,1298,0,SS,0.0
512,Jimmy Cooney,1892,8.3,0.0,8.3,0,0.0,315,615,0,SS,0.0
513,Aledmys Díaz,2024,7.1,0.0,8.7,1,0.0,602,1157,0,SS,0.0
514,Rafael Ramírez,1992,6.1,0.04,9.1,1,0.0,1432,2253,0,SS,0.0
515,Bob Johnson,1970,8.3,0.0,8.1,0,0.0,628,1050,0,SS,0.0
516,Mike Aviles,2017,5.9,0.0,9.4,0,0.0,786,1350,0,SS,0.0
517,Ramón Santiago,2014,7.4,0.0,9.0,0,0.0,592,1036,0,SS,0.0
518,Dal Maxvill,1975,7.7,0.01,8.5,0,0.0,748,1270,0,SS,0.0
519,Alex Grammas,1963,7.3,0.0,8.0,0,0.0,512,881,0,SS,0.0
520,Ollie Beard,1891,8.0,0.0,8.0,0,0.0,353,652,0,SS,0.0
521,Masyn Winn,2026,8.0,0.0,8.0,0,0.1,341,630,0,SS,0.0
522,Larry Brown,1974,6.9,0.0,8.8,0,0.0,803,1417,0,SS,0.0
523,Shane Andrews,2002,2.0,0.0,2.0,0,0.0,375,915,0,3B,0.0
524,Halley Harding,1937,7.9,0.0,7.9,0,0.0,441,792,0,SS,0.0
525,Deivi Cruz,2005,7.4,0.01,8.3,0,0.0,1109,1749,0,SS,0.0
526,Alex Cora,2011,7.0,0.0,8.4,0,0.0,828,1446,0,SS,0.0
527,Steve Yerkes,1916,6.8,0.0,6.8,0,0.0,676,1143,0,2B,0.0
528,Félix Torres,1964,2.0,0.0,2.0,0,0.0,302,527,0,3B,0.0
529,Adeiny Hechavarría,2020,5.0,0.0,6.6,0,0.0,778,1275,0,SS,0.0
530,George Toporcer,1928,6.1,0.0,6.4,0,0.0,437,756,0,SS,0.0
531,Bob Fisher,1919,6.2,0.0,6.2,0,0.0,480,754,0,SS,0.0
532,Dave Anderson,1992,5.8,0.0,6.7,0,0.0,490,899,0,SS,0.0
533,Jake Dunn,1943,5.7,0.0,6.7,2,0.0,497,910,0,SS,0.0
534,Oneil Cruz,2026,6.2,0.0,6.2,0,0.0,371,931,0,SS,0.0
535,Bobby Crosby,2010,5.4,0.0,6.8,0,0.0,605,1228,0,SS,0.0
536,Bus Clarkson,1952,6.1,0.0,6.1,1,0.6,191,408,0,SS,0.0
537,Bill Shipke,1909,2.1,0.0,2.1,0,0.0,110,220,0,3B,0.0
538,Bill Almon,1988,4.7,0.02,7.2,0,0.0,846,1520,0,SS,0.0
539,Ezequiel Tovar,2026,5.9,0.01,5.9,0,0.0,453,849,0,SS,0.0
540,Dale Berra,1987,5.4,0.0,6.4,0,0.0,603,1119,0,SS,0.0
541,Nicky Lopez,2026,5.6,0.0,6.0,0,0.0,522,890,0,2B,0.0
542,Tex Wisterzil,1915,2.0,0.0,2.0,0,0.0,215,363,0,3B,0.0
543,Pat Meares,2001,4.8,0.0,6.7,0,0.0,849,1421,0,SS,0.0
544,Renato Núñez,2021,2.1,0.0,2.1,0,0.0,258,560,0,3B,0.0
545,Don Buddin,1962,5.7,0.0,5.7,0,0.0,551,1246,0,SS,0.0
546,Leo Durocher,1945,4.1,0.3,7.1,3,0.0,1320,2122,0,SS,0.0
547,Bill Knickerbocker,1942,4.5,0.03,6.7,0,0.0,943,1548,0,SS,0.0
548,Frank Shugart,1901,5.1,0.0,5.8,0,0.0,804,1487,0,SS,0.0
549,Greg Pryor,1986,4.6,0.0,6.3,0,0.0,471,731,0,3B,0.0
550,Stan Rojek,1952,5.4,0.15,5.4,0,0.0,470,759,0,SS,0.0
551,Wally Gerber,1929,4.3,0.4,6.5,0,0.0,1309,2102,0,SS,0.0
552,Jorge Mateo,2026,5.3,0.0,5.3,0,0.0,306,688,0,SS,0.0
553,Kiko Garcia,1985,4.9,0.0,5.3,0,0.0,351,604,0,SS,0.0
554,John Richmond,1885,6.1,0.0,6.6,0,0.2,410,630,0,SS,0.0
555,Nap Reyes,1950,2.1,0.0,2.1,0,0.0,264,409,0,3B,0.0
556,Tom Foley,1995,5.6,0.0,7.2,0,0.0,661,1195,0,SS,0.0
557,Ivy Olson,1924,6.0,0.0,6.9,0,0.0,1575,2384,0,SS,0.0
558,Wil Cordero,2005,6.0,0.0,9.0,1,0.0,1178,2217,0,LF,0.0
559,Tim Foli,1985,5.7,0.0,9.1,0,0.0,1515,2217,0,SS,0.0
560,Shorty Fuller,1896,7.1,0.0,7.7,0,0.0,863,1767,0,SS,0.0
561,Zeb Terry,1922,7.4,0.0,7.4,0,0.0,605,960,0,SS,0.0
562,Damian Jackson,2006,6.6,0.0,7.7,0,0.0,536,1165,0,2B,0.0
563,George Strickland,1960,6.9,0.0,7.4,0,0.0,633,1252,0,SS,0.0
564,John Irwin,1891,1.9,0.0,2.2,0,0.0,312,572,0,3B,0.0
565,Mike Benjamin,2002,6.7,0.0,7.5,0,0.0,442,803,0,SS,0.0
566,Eric McNair,1942,4.9,0.06,9.3,0,0.0,1240,2093,0,SS,0.0
567,Billy Urbanski,1937,7.1,0.0,7.1,0,0.0,791,1247,0,SS,0.0
568,César Izturis,2013,6.1,0.0,7.9,1,0.0,1103,1735,0,SS,0.0
569,Ryan Theriot,2012,6.7,0.0,7.1,0,0.0,911,1542,0,SS,0.0
570,John McDonald,2014,6.3,0.0,7.4,0,0.0,568,937,0,SS,0.0
571,José Pagán,1973,5.7,0.05,8.0,0,0.0,922,1558,0,SS,0.0
572,Brad Miller,2023,6.2,0.0,7.4,0,0.0,740,1695,0,SS,0.0
573,José Vizcaíno,2006,7.0,0.0,10.0,0,0.0,1453,2311,0,SS,0.0
574,Johnny Lipon,1954,5.9,0.0,7.3,0,0.0,690,1238,0,SS,0.0
575,Kevin Elster,2000,6.2,0.0,7.1,0,0.0,648,1381,0,SS,0.0
576,Andre Rodgers,1967,6.3,0.0,7.0,0,0.0,628,1233,0,SS,0.0
577,Kevin Stocker,2000,5.9,0.0,7.3,0,0.0,703,1310,0,SS,0.0
578,Jordy Mercer,2021,6.6,0.0,6.5,0,0.0,796,1456,0,SS,0.0
579,José Miranda,2025,2.0,0.0,2.0,0,0.0,269,476,0,3B,0.0
580,Leroy Morney,1944,5.8,0.0,7.2,3,0.4,336,612,0,SS,0.0
581,Ernie Johnson,1925,8.2,0.0,8.7,0,0.0,697,1212,0,SS,0.0
582,Jimmy Burke,1905,2.0,0.0,2.0,0,0.0,475,761,0,3B,0.0
583,Tom Carey,1879,8.5,0.0,8.5,0,0.0,646,809,0,SS,0.0
584,Ben Williamson,2026,1.8,0.0,1.8,0,0.0,100,162,0,3B,0.0
585,Joaquín Arias,2015,1.0,0.0,1.6,0,0.0,279,418,0,3B,0.0
586,Bob Wilson,1958,1.3,0.0,1.3,0,0.0,91,145,0,3B,0.0
587,Clyde Beck,1931,1.3,0.0,1.3,0,0.0,354,661,0,3B,0.0
588,Dario Lodigiani,1946,1.3,0.0,1.3,0,0.0,355,641,0,3B,0.0
589,Tyler Houston,2003,1.4,0.0,2.2,0,0.0,479,893,0,3B,0.0
590,Bruno Betzel,1918,1.2,0.0,1.2,0,0.0,333,565,0,2B,0.0
591,Don Ross,1946,1.2,0.0,1.2,0,0.0,390,673,0,3B,0.0
592,John Kelleher,1924,1.8,0.0,1.8,0,0.0,206,335,0,3B,0.0
593,Ray Bates,1917,1.2,0.0,1.2,0,0.0,120,203,0,3B,0.0
594,Paul Dade,1980,1.2,0.0,1.2,0,0.0,355,623,0,RF,0.0
595,Matt Dominguez,2016,1.2,0.0,1.2,0,0.0,294,538,0,3B,0.0
596,Zinn Beck,1918,1.2,0.0,1.2,0,0.0,204,356,0,3B,0.0
597,Jim Presley,1991,0.3,0.01,2.1,1,0.0,875,1708,0,3B,0.0
598,Abraham Toro,2025,1.2,0.0,1.2,0,0.0,321,629,0,3B,0.0
599,Ha-Seong Kim,2026,14.9,0.01,14.9,0,0.1,459,1023,0,SS,0.0
600,Eddie Kazak,1952,1.8,0.0,1.8,1,0.0,165,284,0,3B,0.0
601,Bartolo Portuondo,1927,1.4,0.0,2.3,0,0.1,339,566,0,3B,0.0
602,Geraldo Perdomo,2026,14.7,0.47,14.7,1,0.4,491,1073,0,SS,0.0
603,John Peters,1884,13.7,0.0,14.3,0,0.3,748,912,0,SS,0.0
604,Billy Myers,1941,14.0,0.08,14.0,0,0.2,616,1178,0,SS,0.0
605,Kristopher Negrón,2019,1.9,0.0,1.9,0,0.0,83,168,0,3B,0.0
606,Adam Everett,2011,12.6,0.0,13.9,0,0.0,668,1194,0,SS,0.0
607,Zach Neto,2026,13.0,0.0,13.0,0,0.1,371,852,0,SS,0.0
608,Steve Boros,1965,1.8,0.0,1.8,0,0.0,308,642,0,3B,0.0
609,Darnell Coles,1997,-1.5,0.0,4.1,0,0.0,709,1361,0,3B,0.0
610,José Caballero,2026,8.6,0.0,8.6,0,0.0,260,632,0,SS,0.0
611,Héctor Rodríguez,1952,1.3,0.0,1.3,0,0.0,149,242,0,3B,0.0
612,Blaze Alexander,2026,1.6,0.0,1.6,0,0.0,117,229,0,3B,0.0
613,Javier Pérez,1945,1.5,0.0,1.5,0,0.0,204,344,0,3B,0.0
614,Connor Norby,2026,1.6,0.0,1.6,0,0.0,153,319,0,3B,0.0
615,Harry Arndt,1907,1.6,0.0,1.6,0,0.0,244,440,0,2B,0.0
616,Mark Vientos,2026,1.5,0.0,1.5,0,0.0,293,621,0,3B,0.0
617,Maikel Franco,2022,0.2,0.0,2.8,0,0.0,809,1596,0,3B,0.0
618,Robb Quinlan,2010,1.3,0.0,1.7,0,0.0,307,531,0,1B,0.0
619,Keith Ginter,2005,1.5,0.0,1.5,0,0.0,236,524,0,2B,0.0
620,Casey McGehee,2016,0.7,0.0,2.2,0,0.0,721,1331,0,3B,0.0
621,Ryan Flaherty,2019,1.0,0.0,2.0,0,0.0,284,579,0,2B,0.0
622,Luis Cruz,2013,1.4,0.0,1.4,0,0.0,143,221,0,3B,0.0
623,Javier Sanoja,2026,1.4,0.0,1.4,0,0.0,109,204,0,3B,0.0
624,Otis Miller,1932,1.6,0.0,1.6,0,0.0,229,332,0,3B,0.0
625,Bill Hague,1879,1.6,0.0,1.6,0,0.0,303,358,0,3B,0.0
626,Juan Francisco,2014,1.4,0.0,1.4,0,0.0,235,520,0,3B,0.0
627,Jim Dyck,1956,1.6,0.0,1.6,0,0.0,242,517,0,3B,0.0
628,Jess Brooks,1937,1.4,0.0,1.4,0,0.0,52,107,0,3B,0.0
629,Urbane Pickering,1932,1.3,0.0,1.3,0,0.0,205,375,0,3B,0.0
630,Emmanuel Rivera,2025,1.6,0.0,1.6,0,0.0,260,474,0,3B,0.0
631,Jim Bucher,1945,1.3,0.0,1.3,0,0.0,474,739,0,3B,0.0
632,Johnson Hill,1927,1.7,0.0,1.7,0,0.0,185,334,0,3B,0.0
633,Tom O'Malley,1990,1.3,0.0,2.2,0,0.0,310,548,0,3B,0.0
634,Addison Barger,2026,1.3,0.0,1.3,0,0.0,154,345,0,3B,0.0
635,Eddie Lake,1950,12.6,0.01,13.1,0,0.4,599,1437,0,SS,0.0
636,Don Lang,1948,1.9,0.0,1.9,0,0.0,100,187,0,3B,0.0
637,Blake DeWitt,2013,1.9,0.0,1.9,0,0.0,288,540,0,2B,0.0
638,Buddy Kerr,1951,12.3,0.13,12.6,1,0.0,903,1553,0,SS,0.0
639,Cody Ransom,2013,1.0,0.0,2.1,0,0.0,160,395,0,SS,0.0
640,Jeff Reboulet,2003,10.0,0.0,9.5,0,0.0,536,1022,0,2B,0.0
641,Manuel Lee,1995,9.8,0.0,9.7,0,0.0,686,1103,0,SS,0.0
642,Edmundo Sosa,2026,9.7,0.0,9.7,0,0.0,338,623,0,SS,0.0
643,Marlin Carter,1948,1.6,0.0,2.4,2,0.0,208,373,0,3B,0.0
644,Freddy Galvis,2021,9.3,0.0,10.0,0,0.0,966,1816,0,SS,0.0
645,Bones Ely,1902,8.5,0.0,10.6,0,0.0,1333,2112,0,SS,0.0
646,Mark Koenig,1936,8.0,0.0,11.0,0,0.0,1190,1820,0,SS,0.0
647,Dick Howser,1968,9.3,0.0,9.7,2,0.0,617,1261,0,SS,0.0
648,Bill Boyd,1875,2.0,0.0,2.0,0,0.0,192,265,0,3B,0.0
649,José Uribe,1993,8.7,0.0,10.0,0,0.0,738,1292,0,SS,0.0
650,U L Washington,1987,9.2,0.0,9.5,0,0.0,703,1352,0,SS,0.0
651,Sadie Houck,1887,8.7,0.0,10.0,0,0.0,666,979,0,SS,0.0
652,George Shoch,1897,9.9,0.0,8.6,0,0.0,671,1282,0,SS,0.0
653,Dick Schofield,1971,8.5,0.0,9.9,0,0.0,699,1317,0,SS,0.0
654,Charles Fulmer,1884,8.9,0.0,9.3,0,0.1,635,846,0,SS,0.0
655,Bob Bailor,1985,8.9,0.0,9.2,0,0.0,775,1232,0,RF,0.0
656,Billy Klaus,1963,8.1,0.08,9.8,0,0.0,626,1227,0,SS,0.0
657,Chester Williams,1942,9.2,0.0,8.7,4,0.3,585,939,0,SS,0.0
658,Otto Lopez,2026,8.8,0.0,8.8,0,0.1,312,569,0,SS,0.0
659,Anthony Volpe,2026,8.7,0.0,8.7,0,0.0,386,872,0,SS,0.0
660,Billy Clingman,1903,8.5,0.0,8.9,0,0.0,700,1275,0,3B,0.0
661,Dickey Pearce,1877,8.6,0.0,8.6,0,0.2,333,414,0,SS,0.0
662,Charlie Gelbert,1940,9.3,0.08,10.5,0,0.0,766,1396,0,SS,0.0
663,Pythias Russ,1929,9.9,0.0,9.9,0,0.1,375,654,0,SS,0.0
664,Walter Cannady,1945,10.2,0.0,9.9,1,0.3,556,1002,0,SS,0.0
665,Bill Keister,1903,11.2,0.0,11.2,0,0.0,758,1292,0,SS,0.0
666,CJ Abrams,2026,11.9,0.0,11.9,1,0.0,542,1158,0,SS,0.0
667,Addison Russell,2019,11.7,0.01,11.7,1,0.0,480,981,0,SS,0.0
668,Joe Werrick,1888,1.9,0.0,1.9,0,0.0,383,719,0,3B,0.0
669,Elly De La Cruz,2026,11.7,0.21,11.7,2,0.2,474,1167,0,SS,0.0
670,Bob Allen,1900,11.5,0.0,11.5,0,0.0,534,1093,0,SS,0.0
671,Nick Ahmed,2025,11.1,0.0,11.9,0,0.0,726,1423,0,SS,0.0
672,Fred Waterman,1875,1.9,0.0,1.9,0,0.0,101,146,0,3B,0.0
673,Gary Disarcina,2000,11.2,0.01,11.6,1,0.0,966,1477,0,SS,0.0
674,Taylor Walls,2026,11.3,0.0,11.3,0,0.0,289,703,0,SS,0.0
675,Wander Franco,2023,11.3,0.0,11.3,1,0.1,292,603,0,SS,0.0
676,Eddie Kasko,1966,11.1,0.0,11.3,2,0.0,935,1469,0,SS,0.0
677,Wayne Causey,1968,8.4,0.03,11.8,0,0.0,819,1508,0,SS,0.0
678,José Macias,2005,2.0,0.0,2.0,0,0.0,422,747,0,3B,0.0
679,Bill Hall,2012,9.6,0.0,12.4,0,0.1,827,1802,0,3B,0.0
680,Frank Duffy,1979,10.4,0.0,11.4,0,0.0,619,1049,0,SS,0.0
681,Cliff Pennington,2018,9.9,0.0,11.1,0,0.0,678,1298,0,SS,0.0
682,Amed Rosario,2026,10.1,0.0,10.8,0,0.0,1028,1796,0,SS,0.0
683,Bill Gleason,1889,10.3,0.0,10.4,0,0.1,907,1356,0,SS,0.0
684,Doc Lavan,1924,9.1,0.0,11.6,0,0.0,954,1479,0,SS,0.0
685,Horace Ford,1933,10.6,0.03,10.0,0,0.0,1269,1999,0,SS,0.0
686,Craig Grebeck,2001,10.2,0.0,10.3,0,0.0,518,939,0,2B,0.0
687,Steve Mesner,1945,2.0,0.0,2.0,0,0.0,397,614,0,3B,0.0
688,Ed McDonald,1913,1.8,0.0,1.8,0,0.0,155,355,0,3B,0.0
689,Henry Kappel,1889,1.0,0.0,1.0,0,0.0,106,212,0,SS,0.0
690,Everth Cabrera,2015,5.1,0.0,5.1,1,0.0,450,912,0,SS,0.0
691,Clarence Lindsay,1929,0.9,0.0,0.9,0,0.0,172,310,0,SS,0.0
692,Joe Hoover,1945,1.2,0.0,1.2,0,0.0,301,502,0,SS,0.0
693,Craig Wilson,2000,1.1,0.0,1.1,0,0.0,101,174,0,3B,0.0
694,Ed Busch,1945,1.1,0.0,1.1,0,0.0,240,342,0,SS,0.0
695,James Stafford,1899,0.9,0.0,1.3,0,0.0,585,1028,0,2B,0.0
696,Ed Poles,1924,1.0,0.0,1.0,0,0.0,58,95,0,SS,0.0
697,Jim Anderson,1984,1.0,0.0,1.0,0,0.0,211,379,0,SS,0.0
698,Otis Johnson,1911,1.0,0.0,1.0,0,0.0,49,130,0,SS,0.0
699,Blondy Ryan,1938,1.0,0.24,1.0,0,0.0,318,467,0,SS,0.0
700,Ron Wotus,1984,1.0,0.0,1.0,0,0.0,12,24,0,SS,0.0
701,Paul Janish,2017,0.4,0.0,1.6,0,0.0,249,437,0,SS,0.0
702,JT Riddle,2022,1.0,0.0,1.0,0,0.0,166,304,0,SS,0.0
703,Doug Strange,1998,0.5,0.0,3.7,0,0.0,434,797,0,3B,0.0
704,Sam Khalifa,1987,0.9,0.0,0.9,0,0.0,107,197,0,SS,0.0
705,Neifi Pérez,2007,2.6,0.0,7.5,0,0.0,1370,2210,0,SS,0.0
706,Enzo Hernández,1978,0.4,0.0,1.4,0,0.0,522,938,0,SS,0.0
707,Marty Berghammer,1915,0.9,0.0,0.9,0,0.0,180,362,0,SS,0.0
708,Wilson Delgado,2004,0.7,0.0,1.1,0,0.0,136,222,0,SS,0.0
709,Denny Hocking,2005,-0.6,0.0,2.4,0,0.0,591,1053,0,2B,0.0
710,Félix Martínez,2001,0.9,0.0,0.9,0,0.0,137,257,0,SS,0.0
711,Tom McLaughlin,1891,0.9,0.0,0.9,0,0.0,227,390,0,SS,0.0
712,Frank Connaughton,1906,0.9,0.0,0.9,0,0.0,150,252,0,SS,0.0
713,Boob Fowler,1926,0.9,0.0,0.9,0,0.0,57,80,0,SS,0.0
714,Clem Koshorek,1953,0.9,0.0,0.9,0,0.0,84,131,0,SS,0.0
715,Hal Lanier,1973,-0.9,0.0,2.6,0,0.0,843,1165,0,SS,0.0
716,Livan Soto,2024,0.9,0.0,0.9,0,0.0,27,47,0,SS,0.0
717,Jim O'Neill,1923,0.9,0.0,0.9,0,0.0,94,150,0,SS,0.0
718,Mark Wagner,1984,0.8,0.0,1.6,0,0.0,205,321,0,SS,0.0
719,Konnor Griffin,2026,1.2,0.0,1.2,0,0.0,39,80,0,SS,0.0
720,Ricky Gutiérrez,2004,-1.4,0.0,3.8,0,0.0,967,1686,0,SS,0.0
721,Tommy Cahill,1891,1.2,0.0,1.2,0,0.0,109,228,0,C,0.0
722,Ron Washington,1989,1.2,0.0,1.9,0,0.0,414,676,0,SS,0.0
723,Mike Phillips,1983,0.7,0.0,2.5,0,0.0,412,675,0,SS,0.0
724,Frank O'Rourke,1931,-1.3,0.09,4.4,0,0.0,1032,1771,0,3B,0.0
725,Claude Corbitt,1949,1.5,0.0,1.5,0,0.0,153,235,0,SS,0.0
726,Tom Barlow,1875,1.5,0.0,1.5,0,0.0,175,227,0,C,0.0
727,Whitey Wietelmann,1947,0.9,0.0,2.0,0,0.0,409,667,0,SS,0.0
728,Bobby Sturgeon,1948,1.4,0.0,1.4,0,0.0,313,429,0,SS,0.0
729,Jimmy Hallinan,1878,1.4,0.0,1.4,0,0.0,218,302,0,SS,0.0
730,Jim Brideweser,1957,1.4,0.0,1.4,0,0.0,156,262,0,SS,0.0
731,Rico Rossy,1998,1.4,0.0,1.4,0,0.0,67,134,0,SS,0.0
732,Erik González,2022,1.4,0.0,1.4,0,0.0,204,337,0,SS,0.0
733,Jeff Kunkel,1992,1.0,0.0,1.7,0,0.0,192,354,0,SS,0.0
734,Phil Lewis,1908,1.4,0.0,1.4,0,0.0,429,650,0,SS,0.0
735,Bill Akers,1932,1.4,0.0,1.4,0,0.0,124,262,0,SS,0.0
736,Glennfman,1989,0.3,0.0,2.4,0,0.0,524,858,0,SS,0.0
737,Justin Sellers,2014,1.3,0.0,1.3,0,0.0,50,100,0,SS,0.0
738,Ralph Wyatt,1946,1.3,0.0,1.3,1,0.0,106,177,0,SS,0.0
739,Avelino Cañizares,1945,1.3,0.0,1.3,0,0.1,30,50,0,SS,0.0
740,Brian Giles,1990,1.3,0.0,1.3,0,0.0,162,316,0,2B,0.0
741,Larnie Jordan,1942,1.3,0.0,1.3,0,0.0,97,158,0,SS,0.0
742,Charles Moran,1905,1.3,0.0,1.3,0,0.0,201,355,0,SS,0.0
743,Kurt Abbott,2001,0.5,0.0,1.9,0,0.0,523,1019,0,SS,0.0
744,Howdy Caton,1920,1.2,0.0,1.2,0,0.0,184,335,0,SS,0.0
745,Andrew Velazquez,2023,1.2,0.0,1.2,0,0.0,107,244,0,SS,0.0
746,Max Schuemann,2026,1.2,0.0,1.2,0,0.0,127,275,0,SS,0.0
747,Red Longley,1947,0.0,0.0,1.7,0,0.0,159,294,0,LF,0.0
748,Mike Milosevich,1945,0.9,0.0,0.9,0,0.0,92,150,0,SS,0.0
749,Andre Robertson,1985,0.8,0.0,0.8,0,0.0,182,267,0,SS,0.0
750,Mike Easler,1987,13.0,0.01,13.5,1,0.0,1078,2012,0,LF,0.0
751,Dick Wakefield,1952,13.0,0.59,13.1,1,0.0,625,1323,0,LF,0.0
752,Lourdes Gurriel Jr.,2026,12.8,0.0,12.8,1,0.0,920,1762,0,LF,0.0
753,Tyler O'Neill,2026,12.1,0.15,13.0,0,0.3,511,1242,0,LF,0.0
754,Jacque Jones,2008,11.6,0.0,13.2,0,0.0,1272,2456,0,RF,0.0
755,Riley Greene,2026,12.3,0.01,12.3,2,0.1,549,1152,0,LF,0.0
756,Carson Bigbee,1926,11.2,0.0,13.4,0,0.0,1205,2071,0,LF,0.0
757,Eddie Rosario,2025,11.1,0.01,13.5,0,0.0,1064,2121,0,LF,0.0
758,Jack Graney,1922,13.0,0.0,11.5,0,0.0,1178,2469,0,LF,0.0
759,Debs Garms,1945,11.6,0.09,12.9,0,0.0,910,1486,0,3B,0.0
760,Dmitri Young,2008,12.2,0.0,12.1,2,0.0,1389,2693,0,1B,0.0
761,John Milner,1982,12.5,0.0,11.7,0,0.0,855,1955,0,1B,0.0
762,Gerardo Parra,2021,10.7,0.0,13.4,0,0.1,1335,2373,0,LF,0.0
763,Luke Scott,2013,11.8,0.0,12.1,0,0.0,725,1702,0,LF,0.0
764,Carmelo Martínez,1991,11.0,0.0,12.7,0,0.0,713,1599,0,LF,0.0
765,Curt Blefary,1972,11.1,0.0,12.5,0,0.0,699,1659,0,LF,0.0
766,Taylor Ward,2026,11.2,0.0,12.4,0,0.0,659,1506,0,LF,0.0
767,Alex Johnson,1976,10.0,0.21,13.5,1,0.0,1331,2168,0,LF,0.0
768,Wade Johnston,1933,11.8,0.0,11.4,0,0.2,790,1489,0,LF,0.0
769,Bob Cerv,1962,11.1,0.49,12.1,1,0.4,624,1311,0,LF,0.0
770,Steve Henderson,1988,11.5,0.0,11.7,0,0.0,976,1905,0,LF,0.0
771,Adam Duvall,2024,10.6,0.0,12.3,1,0.0,771,1826,0,LF,0.0
772,Emmett Seery,1892,10.9,0.0,11.9,0,0.0,893,1973,0,3B,0.0
773,Brad Wilkerson,2008,11.0,0.0,11.8,0,0.0,788,1948,0,LF,0.0
774,Eric Byrnes,2010,10.5,0.1,12.3,0,0.0,827,1787,0,LF,0.0
775,Carlos May,1977,10.5,0.03,12.1,2,0.0,1127,2212,0,LF,0.0
776,Corey Dickerson,2023,13.0,0.0,13.3,1,0.0,1028,2004,0,LF,0.0
777,Max West,1948,13.3,0.04,13.3,1,0.0,681,1460,0,LF,0.0
778,Al Pedrique,1989,0.8,0.0,0.8,0,0.0,111,168,0,SS,0.0
779,Darby O'Brien,1892,13.3,0.0,13.3,0,0.0,805,1658,0,1B,0.0
780,Ron Gardenhire,1985,0.8,0.0,0.8,0,0.0,165,269,0,SS,0.0
781,Kent Anderson,1990,0.8,0.0,0.8,0,0.0,95,145,0,SS,0.0
782,Mike Caruso,2002,0.8,0.0,0.8,0,0.0,294,432,0,SS,0.0
783,T.J. Brown,1948,0.7,0.0,0.9,1,0.0,115,188,0,SS,0.0
784,Ricky Adams,1985,0.8,0.0,0.8,0,0.0,53,85,0,SS,0.0
785,Billy Harrell,1961,0.8,0.0,0.8,0,0.0,79,152,0,SS,0.0
786,Pedro Ciriaco,2015,0.8,0.0,0.8,0,0.0,164,280,0,3B,0.0
787,Desi Relaford,2007,-0.5,0.0,2.0,0,0.0,714,1393,0,SS,0.0
788,Tom York,1885,19.5,0.0,14.4,0,0.1,1095,1751,0,Unknown,0.0
789,Kal Daniels,1992,16.9,0.0,16.9,0,0.1,666,1571,0,LF,0.0
790,Steven Kwan,2026,16.7,0.0,16.7,2,0.1,682,1286,0,LF,0.0
791,Manny Mota,1982,17.7,0.01,14.5,1,0.0,1149,1810,0,LF,0.0
792,Davy Jones,1918,17.3,0.0,14.2,0,0.0,1020,1910,0,LF,0.0
793,Gary Roenicke,1988,15.4,0.0,15.9,0,0.0,670,1598,0,LF,0.0
794,Ray Blades,1932,15.5,0.0,15.6,0,0.1,726,1475,0,LF,0.0
795,Lee Maye,1971,15.7,0.0,14.7,0,0.0,1109,2000,0,LF,0.0
796,Jarren Duran,2026,15.0,0.21,15.0,1,0.6,546,1193,0,CF,0.0
797,Birdie Cree,1915,15.1,0.25,14.8,0,0.0,761,1436,0,LF,0.0
798,Rick Reichardt,1974,13.9,0.01,14.4,0,0.0,864,1672,0,LF,0.0
799,Roy Parnell,1943,15.2,0.0,13.0,2,1.1,727,1332,0,LF,0.0
800,Bob Fothergill,1933,14.0,0.09,14.2,0,0.0,1064,1745,0,LF,0.0
801,Frank Catalanotto,2010,14.5,0.0,13.3,0,0.0,1113,2077,0,LF,0.0
802,Wilson Redus,1940,12.8,0.0,14.7,2,0.3,844,1620,0,LF,0.0
803,Chuck Hinton,1971,13.6,0.02,13.7,1,0.0,1048,2179,0,LF,0.0
804,Les Mann,1928,14.5,0.0,12.7,0,0.0,1332,2332,0,LF,0.0
805,Rudy Hulswitt,1910,1.6,0.0,1.6,0,0.0,564,886,0,SS,0.0
806,Orlando Miller,1997,1.6,0.0,1.6,0,0.0,244,430,0,SS,0.0
807,Elliot Johnson,2014,1.6,0.0,1.6,0,0.0,161,337,0,SS,0.0
808,Mike Moynahan,1884,3.9,0.0,3.9,0,0.1,202,308,0,SS,0.0
809,Bob Meacham,1988,3.9,0.0,3.9,0,0.0,324,620,0,SS,0.0
810,Tim Beckham,2022,3.9,0.0,3.9,0,0.0,404,822,0,SS,0.0
811,Denny Mack,1883,3.4,0.0,4.2,0,0.0,343,532,0,1B,0.0
812,Tyler Fitzgerald,2025,3.8,0.0,3.8,0,0.0,142,311,0,2B,0.0
813,Irv Ray,1891,3.7,0.0,3.7,0,0.0,263,469,0,SS,0.0
814,Skeeter Newsome,1947,1.1,0.01,6.2,0,0.0,910,1444,0,SS,0.0
815,Joe Boley,1932,3.6,0.0,3.6,0,0.0,478,776,0,SS,0.0
816,Wayne Tolleson,1990,2.3,0.0,4.7,0,0.0,559,1007,0,SS,0.0
817,Phil Tomney,1890,3.5,0.0,3.5,0,0.0,205,436,0,SS,0.0
818,Dick Culler,1949,3.3,0.0,3.7,0,0.0,372,614,0,SS,0.0
819,Willie Bloomquist,2015,1.8,0.0,5.1,0,0.0,778,1310,0,SS,0.0
820,Frank Taveras,1982,1.8,0.0,4.9,0,0.0,1029,1816,0,SS,0.0
821,Hal Rhyne,1933,3.4,0.13,3.4,0,0.0,508,853,0,SS,0.0
822,Félix Fermín,1996,1.8,0.0,4.9,0,0.0,718,1031,0,SS,0.0
823,Brayan Rocchio,2026,3.3,0.0,3.3,0,0.0,223,441,0,SS,0.0
824,Rubén Amaro Sr.,1969,2.3,0.02,4.3,0,0.0,505,868,0,SS,0.0
825,Joe Koppe,1965,2.7,0.0,3.8,0,0.0,379,746,0,SS,0.0
826,Sonny Jackson,1974,1.7,0.0,4.8,0,0.0,767,1301,0,SS,0.0
827,Jacob Wilson,2026,3.2,0.0,3.2,1,0.0,221,356,0,SS,0.0
828,Luis Aguayo,1989,2.7,0.0,3.7,0,0.0,260,535,0,SS,0.0
829,Red Shannon,1926,3.1,0.0,3.1,0,0.0,277,489,0,2B,0.0
830,Gerard Williams,1924,3.1,0.0,3.1,0,0.0,214,384,0,SS,0.0
831,Benji Gil,2003,2.8,0.0,3.5,0,0.0,381,702,0,SS,0.0
832,Rocky Bridges,1961,2.9,0.0,3.4,1,0.0,562,927,0,SS,0.0
833,Simon Nicholls,1910,3.1,0.0,3.1,0,0.0,284,432,0,SS,0.0
834,Matt McLain,2026,3.9,0.0,3.9,0,0.0,255,570,0,2B,0.0
835,Silvio García,1947,4.0,0.0,4.0,4,0.1,144,262,0,SS,0.0
836,Jim Holdsworth,1884,3.0,0.0,3.1,0,0.0,432,530,0,SS,0.0
837,Larvell Blanks,1980,3.2,0.0,4.7,0,0.0,446,732,0,SS,0.0
838,Ángel Alfonso,1930,5.0,0.0,5.0,0,0.0,321,632,0,2B,0.0
839,Rubén Tejada,2019,4.5,0.0,5.5,0,0.0,530,890,0,SS,0.0
840,Orlando Arcia,2025,3.8,0.0,6.0,1,0.0,778,1485,0,SS,0.0
841,Colson Montgomery,2026,4.8,0.0,4.8,0,0.0,100,265,0,SS,0.0
842,Rabbit Warstler,1940,3.9,0.0,5.7,0,0.0,935,1620,0,SS,0.0
843,Roger Metzger,1980,3.5,0.0,6.0,0,0.0,972,1668,0,SS,0.0
844,Kevin Newman,2025,4.2,0.0,5.2,0,0.0,562,939,0,SS,0.0
845,Kurt Stillwell,1996,3.1,0.0,6.2,1,0.0,779,1404,0,SS,0.0
846,Willi Castro,2026,4.2,0.0,4.9,1,0.0,600,1203,0,2B,0.0
847,Johnny Burnett,1935,4.1,0.0,5.0,0,0.0,521,850,0,SS,0.0
848,Álvaro Espinoza,1997,3.9,0.0,5.2,0,0.0,630,908,0,SS,0.0
849,John Knight,1913,4.0,0.06,5.0,0,0.0,636,1119,0,SS,0.0
850,Larry Kopf,1923,3.8,0.0,5.2,0,0.0,750,1223,0,SS,0.0
851,Ike Caveney,1925,4.5,0.0,4.5,0,0.0,410,670,0,SS,0.0
852,Bobby Wheelock,1891,4.4,0.0,4.4,0,0.0,201,467,0,SS,0.0
853,Jackie Tavener,1929,4.4,0.09,4.4,0,0.0,543,1008,0,SS,0.0
854,Adalberto Mondesí,2022,4.4,0.0,4.4,0,0.0,311,712,0,SS,0.0
855,Jimmy Cooney,1928,4.4,0.0,4.4,0,0.0,413,621,0,SS,0.0
856,Pat Listach,1997,4.3,0.02,4.3,0,0.0,444,831,0,SS,0.0
857,George Magoon,1903,4.2,0.0,4.2,0,0.0,439,780,0,SS,0.0
858,Ed Caskin,1886,4.2,0.0,4.2,0,0.0,427,585,0,SS,0.0
859,Kyle Farmer,2026,3.6,0.0,4.8,0,0.0,541,997,0,SS,0.0
860,David Hamilton,2026,4.0,0.0,4.0,0,0.0,135,326,0,2B,0.0
861,Charlie Babb,1905,4.0,0.0,4.0,0,0.0,287,545,0,SS,0.0
862,Jeff Huson,2000,2.2,0.0,5.8,0,0.0,439,809,0,SS,0.0
863,Bobby Valentine,1979,2.0,0.0,4.1,0,0.0,441,721,0,SS,0.0
864,Jake Stephens,1937,2.1,0.0,3.9,1,0.0,388,670,0,SS,0.0
865,Lennie Merullo,1947,1.6,0.0,1.6,0,0.0,497,797,0,SS,0.0
866,Luis Rivera,1998,1.2,0.0,3.1,0,0.0,516,929,0,SS,0.0
867,Pedro Florimón,2018,2.0,0.0,2.3,0,0.0,166,340,0,SS,0.0
868,Alan Storke,1909,2.1,0.0,2.1,0,0.0,225,337,0,1B,0.0
869,Marty Perez,1978,-0.1,0.0,4.3,0,0.0,771,1245,0,SS,0.0
870,Nick Allen,2026,2.1,0.0,2.1,0,0.0,236,391,0,SS,0.0
871,Phil Linz,1968,2.0,0.0,2.0,0,0.0,322,552,0,SS,0.0
872,Jerry Dybzinski,1985,2.0,0.0,2.0,0,0.0,213,366,0,SS,0.0
873,Gordon Slade,1935,2.0,0.06,2.0,0,0.0,353,555,0,SS,0.0
874,Andy Stankiewicz,1998,2.0,0.0,2.0,0,0.0,203,363,0,2B,0.0
875,Rich Severson,1971,2.0,0.0,2.0,0,0.0,69,108,0,SS,0.0
876,Charley Williams,1931,1.7,0.0,2.2,0,0.0,457,750,0,2B,0.0
877,Woody Woodward,1971,1.6,0.0,2.2,0,0.0,517,810,0,SS,0.0
878,Nasim Nuñez,2026,1.9,0.0,1.9,0,0.0,59,155,0,SS,0.0
879,Morten Clark,1923,1.9,0.0,1.9,0,0.0,254,462,0,SS,0.0
880,Danny Thompson,1976,1.8,0.01,1.8,0,0.0,550,815,0,SS,0.0
881,Joe Cassidy,1905,1.8,0.0,1.8,0,0.0,264,424,0,SS,0.0
882,Joe Miller,1885,1.8,0.0,1.8,0,0.0,163,267,0,SS,0.0
883,Joe Sullivan,1896,1.8,0.0,1.8,0,0.0,495,799,0,SS,0.0
884,Chris Gomez,2008,-1.4,0.0,4.9,0,0.0,1206,2099,0,SS,0.0
885,Ehire Adrianza,2024,1.1,0.0,2.4,0,0.0,330,638,0,SS,0.0
886,Glenn Crawford,1946,1.7,0.0,1.7,0,0.0,89,154,0,SS,0.0
887,Rick Auerbach,1981,1.0,0.0,2.5,0,0.0,309,565,0,SS,0.0
888,Jimmy Macullar,1886,1.7,0.0,1.7,0,0.0,319,603,0,SS,0.0
889,Art Butler,1916,1.7,0.0,1.7,0,0.0,311,590,0,SS,0.0
890,Andrew Romine,2021,0.7,0.0,2.6,0,0.0,294,504,0,SS,0.0
891,Rafael Belliard,1998,-0.1,0.0,3.4,0,0.0,508,776,0,SS,0.0
892,Billy Geer,1885,2.2,0.0,2.2,0,0.0,191,306,0,SS,0.0
893,Ángel Berroa,2009,1.0,0.0,3.4,0,0.0,665,1130,0,SS,0.0
894,Tim Bogar,2001,1.8,0.0,4.1,0,0.0,345,660,0,SS,0.0
895,Charley O'Leary,1934,0.7,0.0,3.7,0,0.0,731,1118,0,SS,0.0
896,Swede Risberg,1920,2.9,0.0,2.9,0,0.0,394,738,0,SS,0.0
897,Pumpsie Green,1963,2.9,0.0,2.9,0,0.0,196,440,0,2B,0.0
898,Joe Hewitt,1932,2.1,0.0,3.6,0,0.0,293,660,0,SS,0.0
899,Roy Smalley,1958,2.4,0.0,3.3,0,0.0,601,1214,0,SS,0.0
900,David Howard,1999,2.6,0.0,3.0,0,0.0,362,640,0,SS,0.0
901,Roxey Roach,1915,2.7,0.0,2.7,0,0.0,151,281,0,SS,0.0
902,Jimmy Esmond,1915,2.7,0.0,2.7,0,0.0,406,749,0,SS,0.0
903,Chris Owings,2023,1.4,0.0,4.1,0,0.0,550,1061,0,SS,0.0
904,Pelayo Chacón,1927,2.6,0.0,2.6,0,0.0,165,282,0,SS,0.0
905,Chris Woodward,2011,1.1,0.0,4.1,0,0.0,408,768,0,SS,0.0
906,Bill White,1888,2.6,0.0,2.6,0,0.0,441,773,0,SS,0.0
907,Alex Arias,2002,1.9,0.0,3.2,0,0.0,470,811,0,SS,0.0
908,Kevin McGonigle,2026,2.6,0.0,2.6,0,0.4,50,107,0,SS,0.0
909,Aaron Ledesma,2000,2.5,0.0,2.5,0,0.0,223,330,0,SS,0.0
910,Fred Stanley,1982,1.7,0.0,3.3,0,0.0,356,641,0,SS,0.0
911,Ramón Vázquez,2009,1.4,0.0,3.5,0,0.0,496,919,0,SS,0.0
912,Rey Ordóñez,2004,1.2,0.0,3.7,0,0.0,767,1185,0,SS,0.0
913,Andrés Blanco,2017,1.8,0.0,3.0,0,0.0,305,534,0,2B,0.0
914,John Radcliff,1875,2.4,0.0,2.4,0,0.0,229,307,0,SS,0.0
915,Danny Shay,1907,2.4,0.0,2.4,0,0.0,186,368,0,SS,0.0
916,Milt Bolling,1958,2.3,0.0,2.3,0,0.0,280,520,0,SS,0.0
917,Marr Phillips,1890,2.3,0.0,2.3,0,0.0,197,277,0,SS,0.0
918,Cool Turner,1932,1.8,0.0,2.8,0,0.0,241,390,0,SS,0.0
919,Eduardo Núñez,2020,0.2,0.0,4.4,1,0.0,776,1413,0,3B,0.0
920,Jerry DaVanon,1977,2.0,0.0,2.5,0,0.0,117,228,0,SS,0.0
921,Ted Bond,1940,2.1,0.0,2.1,0,0.0,92,176,0,3B,0.0
922,Matt Duffy,2024,9.7,0.0,10.3,0,0.0,646,1076,0,3B,0.0
923,Rick Schu,1996,1.8,0.0,2.4,0,0.0,386,758,0,3B,0.0
924,Jesse Douglas,1945,1.9,0.0,1.9,0,0.0,116,187,0,2B,0.0
925,Doug Griffin,1977,1.7,0.0,2.7,0,0.0,524,830,0,2B,0.0
926,Chico Renfroe,1948,2.2,0.0,2.2,1,0.2,130,239,0,2B,0.0
927,Christian Arroyo,2023,2.1,0.0,2.1,0,0.0,231,420,0,2B,0.0
928,Whitey Alpermann,1909,2.1,0.0,2.1,0,0.0,387,597,0,2B,0.0
929,Dasher Troy,1885,2.1,0.0,2.1,0,0.0,274,409,0,2B,0.0
930,Bob Glenalvin,1893,2.1,0.0,2.1,0,0.0,88,184,0,2B,0.0
931,Luke Keaschall,2026,2.1,0.0,2.1,0,0.0,94,195,0,2B,0.0
932,Michael Massey,2026,2.1,0.0,2.1,0,0.0,310,569,0,2B,0.0
933,Dave Stapleton,1986,2.0,0.0,2.0,0,0.0,550,927,0,1B,0.0
934,John Kerr,1934,1.8,0.0,2.2,0,0.0,388,632,0,2B,0.0
935,Jimmy Bloodworth,1951,0.8,0.0,3.1,0,0.0,874,1481,0,2B,0.0
936,Otis Brannan,1929,1.9,0.0,1.9,0,0.0,133,258,0,2B,0.0
937,Lou Chiozza,1939,2.3,0.0,2.3,0,0.0,633,1016,0,2B,0.0
938,Ken Aspromonte,1963,1.9,0.0,1.9,0,0.0,369,687,0,2B,0.0
939,Miguel de la Hoz,1969,1.3,0.0,2.5,0,0.0,280,465,0,3B,0.0
940,Bill Hunnefield,1931,1.8,0.0,1.8,0,0.0,452,756,0,SS,0.0
941,Marshall Riddle,1943,1.8,0.0,1.8,2,0.0,107,190,0,2B,0.0
942,Bob Saverine,1967,1.8,0.0,1.8,0,0.0,206,359,0,2B,0.0
943,John Donaldson,1974,1.8,0.0,1.8,0,0.0,292,512,0,2B,0.0
944,Gus Dundon,1906,1.8,0.0,1.8,0,0.0,168,298,0,2B,0.0
945,Julio Gotay,1969,0.8,0.0,2.8,0,0.0,257,392,0,SS,0.0
946,Dick Jackson,1929,1.8,0.0,1.8,0,0.0,312,527,0,2B,0.0
947,Bryan Little,1986,1.8,0.0,1.8,0,0.0,226,410,0,2B,0.0
948,Roy Hartsfield,1952,1.8,0.0,1.8,0,0.0,266,436,0,2B,0.0
949,Romy Gonzalez,2025,2.2,0.0,2.2,0,0.0,200,377,0,2B,0.0
950,JJ Wetherholt,2026,2.3,0.0,2.3,0,0.1,40,98,0,2B,0.0
951,Emmett Mueller,1941,1.7,0.0,1.7,0,0.0,324,618,0,2B,0.0
952,Curt Wilkerson,1993,0.9,0.0,3.9,0,0.0,600,967,0,SS,0.0
953,Davis Schneider,2026,2.7,0.0,2.7,0,0.0,161,434,0,LF,0.0
954,George Sweatt,1927,2.6,0.0,2.6,0,0.0,306,579,0,CF,0.0
955,Frank Crespi,1942,2.6,0.04,2.6,0,0.0,240,390,0,2B,0.0
956,Robert Andino,2016,1.9,0.0,3.3,0,0.0,313,564,0,2B,0.0
957,Josh Barfield,2009,2.6,0.0,2.6,0,0.0,267,459,0,2B,0.0
958,Colt Keith,2026,2.6,0.0,2.6,0,0.0,279,514,0,2B,0.0
959,Don Gutteridge,1948,1.5,0.1,3.5,0,0.0,1075,1924,0,2B,0.0
960,Hyeseong Kim,2026,2.5,0.0,2.5,0,0.0,72,133,0,2B,0.0
961,Joey Amalfitano,1967,1.8,0.0,3.2,0,0.0,418,754,0,2B,0.0
962,Erve Beck,1902,2.5,0.0,2.5,0,0.0,265,398,0,2B,0.0
963,Terry Harmon,1977,1.9,0.0,3.0,0,0.0,262,463,0,2B,0.0
964,Daniel Robertson,2021,2.4,0.0,2.4,0,0.0,182,392,0,2B,0.0
965,Ralph Young,1922,1.1,0.0,3.5,0,0.0,898,1665,0,2B,0.0
966,Esteban Germán,2011,1.6,0.0,3.2,0,0.0,284,543,0,2B,0.0
967,Dave Shean,1919,1.5,0.0,3.3,0,0.0,495,839,0,2B,0.0
968,Juan Bonilla,1987,2.4,0.0,2.4,0,0.0,375,587,0,2B,0.0
969,Chase Meidroth,2026,2.3,0.0,2.3,0,0.0,157,285,0,2B,0.0
970,Alex McCarthy,1917,1.9,0.0,2.7,0,0.0,306,504,0,2B,0.0
971,Jack Marshall,1944,2.3,0.0,2.3,1,0.0,232,400,0,2B,0.0
972,Carlos García,1999,1.0,0.0,3.6,1,0.0,580,1003,0,2B,0.0
973,Jeff Baker,2015,1.2,0.0,3.4,0,0.0,474,927,0,2B,0.0
974,Bob Heise,1977,1.7,0.0,2.9,0,0.0,283,385,0,SS,0.0
975,Cole Young,2026,2.3,0.0,2.3,0,0.0,89,175,0,2B,0.0
976,Aaron Miles,2011,1.0,0.0,3.6,0,0.0,793,1188,0,2B,0.0
977,Bill Rodgers,1916,1.7,0.0,1.7,0,0.0,65,121,0,2B,0.0
978,Tim Shinnick,1891,1.7,0.0,1.7,0,0.0,222,511,0,2B,0.0
979,Harry Jeffries,1944,0.7,0.0,3.5,0,0.0,474,763,0,3B,0.0
980,Rich Rollins,1970,11.8,0.19,12.7,2,0.0,887,1566,0,3B,0.0
981,Sammy Hale,1930,13.1,0.0,13.1,0,0.0,880,1406,0,3B,0.0
982,Joe Foy,1971,13.0,0.0,13.0,0,0.0,615,1412,0,3B,0.0
983,Cookie Lavagetto,1947,12.7,0.02,13.2,4,0.0,945,1870,0,3B,0.0
984,Tim Naehring,1997,12.7,0.0,13.2,0,0.0,527,1027,0,3B,0.0
985,Hank Majeski,1955,12.8,0.07,12.9,0,0.0,956,1671,0,3B,0.0
986,Randy Jackson,1959,12.4,0.0,13.2,2,0.0,835,1664,0,3B,0.0
987,Roy Hartzell,1916,13.2,0.03,12.4,0,0.0,1146,2041,0,3B,0.0
988,Lenny Randle,1982,11.6,0.03,13.8,0,0.0,1016,1850,0,3B,0.0
989,Andy High,1934,12.5,0.11,12.7,0,0.1,1250,2165,0,3B,0.0
990,Jim Morrison,1988,11.9,0.0,12.9,0,0.0,876,1677,0,3B,0.0
991,Newt Joseph,1930,13.1,0.0,11.6,0,0.3,617,1234,0,3B,0.0
992,James Casey,1907,12.0,0.0,12.2,0,0.0,1122,1851,0,3B,0.0
993,George Moriarty,1916,13.4,0.07,13.9,0,0.0,920,1631,0,3B,0.0
994,Denny Walling,1992,12.0,0.0,11.9,0,0.0,799,1500,0,3B,0.0
995,Isaac Paredes,2026,11.9,0.0,11.9,2,0.0,492,1144,0,3B,0.0
996,Dave Brain,1908,11.6,0.0,11.6,0,0.1,641,1130,0,3B,0.0
997,Mike Pagliarulo,1995,10.5,0.0,12.6,0,0.0,942,1947,0,3B,0.0
998,Mark DeRosa,2013,10.6,0.0,12.4,0,0.0,975,1876,0,3B,0.0
999,Tom Brookens,1990,11.5,0.0,11.3,0,0.0,950,1785,0,3B,0.0
1000,Levi Meyerle,1884,11.3,0.0,11.5,0,0.3,513,720,0,3B,0.0
1001,Merrill May,1943,11.3,0.01,11.3,1,0.0,610,1020,0,3B,0.0
1002,Ramón Urías,2026,11.2,0.0,11.2,0,0.0,440,844,0,3B,0.0
1003,Roy Howell,1984,11.0,0.0,11.4,1,0.0,991,1803,0,3B,0.0
1004,Dave Malarcher,1934,10.7,0.0,11.6,0,0.0,601,1131,0,3B,0.0
1005,Hank Blalock,2010,13.5,0.01,13.8,2,0.2,959,1977,0,3B,0.0
1006,Judy Johnson,1936,13.6,0.0,14.1,2,0.6,809,1376,0,3B,0.0
1007,Bill Eagan,1898,1.7,0.0,1.7,0,0.0,90,212,0,2B,0.0
1008,Brett Lawrie,2016,15.6,0.0,15.6,0,0.0,578,1123,0,3B,0.0
1009,Fresco Thompson,1934,0.4,0.01,2.9,0,0.0,762,1302,0,2B,0.0
1010,T.J. Rivera,2017,1.7,0.0,1.7,0,0.0,97,155,0,2B,0.0
1011,Daniel Descalso,2019,0.9,0.0,2.4,0,0.0,593,1242,0,2B,0.0
1012,Kelby Tomlinson,2018,1.6,0.0,1.6,0,0.0,164,282,0,2B,0.0
1013,Joe McEwing,2006,0.8,0.0,2.5,0,0.0,443,773,0,2B,0.0
1014,Christian Koss,2026,1.6,0.0,1.6,0,0.0,47,79,0,2B,0.0
1015,Pete Suder,1955,-1.8,0.0,5.0,0,0.0,1268,2020,0,2B,0.0
1016,Bobbyman,1957,1.6,0.0,1.6,0,0.0,166,367,0,2B,0.0
1017,Pug Bennett,1907,1.6,0.0,1.6,0,0.0,228,377,0,2B,0.0
1018,Johnny Goryl,1964,1.6,0.0,1.6,0,0.0,134,287,0,2B,0.0
1019,Jayson Nix,2014,1.6,0.0,1.6,0,0.0,277,594,0,3B,0.0
1020,John Castino,1984,15.2,0.0,15.2,0,0.0,646,1122,0,3B,0.0
1021,Bob Ferguson,1884,15.7,0.0,12.2,0,0.3,920,1229,0,3B,0.0
1022,Ke'Bryan Hayes,2026,14.9,0.0,14.9,0,0.0,608,1132,0,3B,0.0
1023,Joe Crede,2009,14.7,0.0,14.9,1,0.0,787,1579,0,3B,0.0
1024,Ossie Vitt,1921,15.0,0.0,14.5,0,0.0,894,1677,0,3B,0.0
1025,Wayne Gross,1986,15.0,0.0,14.5,1,0.0,727,1740,0,3B,0.0
1026,Bobby Adams,1959,15.8,0.03,13.4,0,0.0,1082,1960,0,3B,0.0
1027,Yoán Moncada,2026,14.6,0.0,14.4,0,0.0,790,1719,0,3B,0.0
1028,Paul Schaal,1974,14.7,0.0,14.1,0,0.0,869,1783,0,3B,0.0
1029,Nick Punto,2014,15.4,0.0,13.1,0,0.0,798,1540,0,2B,0.0
1030,Morgan Ensberg,2008,13.8,0.36,14.7,1,0.1,579,1385,0,3B,0.0
1031,Billy Johnson,1953,14.4,0.43,14.0,1,0.0,882,1632,0,3B,0.0
1032,Art Howe,1985,13.8,0.05,14.3,0,0.0,682,1281,0,3B,0.0
1033,Parson Nicholson,1895,2.7,0.0,2.7,0,0.0,169,343,0,2B,0.0
1034,Charlie Bastian,1891,2.1,0.0,3.4,0,0.0,342,712,0,SS,0.0
1035,Junior Kennedy,1983,2.8,0.0,2.8,0,0.0,258,447,0,2B,0.0
1036,Steve Lombardozzi,1990,4.4,0.0,4.4,0,0.0,294,583,0,2B,0.0
1037,Keith Miller,1995,3.8,0.0,5.7,0,0.0,347,629,0,2B,0.0
1038,Hanser Alberto,2023,4.4,0.0,5.0,0,0.0,378,583,0,2B,0.0
1039,Emil Verban,1950,4.7,0.06,4.7,2,0.0,793,1076,0,2B,0.0
1040,Emilio Bonifácio,2020,3.2,0.0,5.9,0,0.0,669,1250,0,2B,0.0
1041,Ron Theobald,1972,4.5,0.0,4.5,0,0.0,193,343,0,2B,0.0
1042,Akinori Iwamura,2010,4.5,0.0,4.5,0,0.0,413,794,0,2B,0.0
1043,Tony Kemp,2024,3.7,0.0,5.3,0,0.0,460,962,0,2B,0.0
1044,Casey Candaele,1997,4.0,0.0,4.9,0,0.0,483,840,0,2B,0.0
1045,Woody Williams,1945,4.4,0.0,4.4,0,0.0,314,469,0,2B,0.0
1046,Buddy Blattner,1949,4.4,0.0,4.4,0,0.0,176,394,0,2B,0.0
1047,Adam Rosales,2018,3.5,0.0,5.4,0,0.0,367,744,0,2B,0.0
1048,Lenn Sakata,1987,4.0,0.0,4.7,0,0.0,296,552,0,2B,0.0
1049,Tony Womack,2006,2.4,0.01,7.2,1,0.0,1353,2440,0,2B,0.0
1050,Thairo Estrada,2025,4.3,0.0,4.3,0,0.0,436,817,0,2B,0.0
1051,Mike Fontenot,2012,4.3,0.0,4.3,0,0.0,374,724,0,2B,0.0
1052,Charlie Pick,1920,4.3,0.0,4.3,0,0.0,333,581,0,2B,0.0
1053,Bill Regan,1931,4.3,0.05,4.3,0,0.0,632,1076,0,2B,0.0
1054,Alan Bannister,1985,3.6,0.0,4.9,0,0.0,811,1467,0,2B,0.0
1055,John Hatfield,1876,4.2,0.0,4.2,0,0.1,283,401,0,2B,0.0
1056,Billy Gardner,1963,3.2,0.07,5.3,0,0.0,841,1424,0,2B,0.0
1057,Rodney Scott,1982,4.0,0.0,4.4,0,0.0,504,1094,0,2B,0.0
1058,Zack Gelof,2026,4.2,0.0,4.2,0,0.0,215,503,0,2B,0.0
1059,Nelson Liriano,1998,3.0,0.0,5.3,0,0.0,576,1081,0,2B,0.0
1060,Cory Spangenberg,2022,4.1,0.0,4.1,0,0.0,320,619,0,3B,0.0
1061,Denny Doyle,1977,3.8,0.01,5.6,0,0.0,823,1283,0,2B,0.0
1062,Joe Inglett,2011,4.8,0.0,4.8,0,0.0,229,401,0,2B,0.0
1063,Larry Lintz,1978,2.8,0.0,2.8,0,0.0,140,380,0,2B,0.0
1064,Bill Wambsganss,1926,3.6,0.03,7.0,0,0.0,1359,2343,0,2B,0.0
1065,Rich Amaral,2000,5.1,0.0,6.2,0,0.0,493,916,0,LF,0.0
1066,Bama Rowell,1948,5.7,0.03,5.7,0,0.0,523,877,0,2B,0.0
1067,Donnie Hill,1992,5.1,0.0,6.1,0,0.0,594,988,0,2B,0.0
1068,Devon Travis,2018,5.6,0.0,5.6,0,0.0,320,586,0,2B,0.0
1069,Davey Williams,1955,5.5,0.0,5.5,1,0.0,450,797,0,2B,0.0
1070,Brent Gates,1999,5.5,0.0,5.5,0,0.0,616,1075,0,2B,0.0
1071,Derek Dietrich,2020,5.3,0.0,5.7,0,0.0,536,1125,0,2B,0.0
1072,Benny McCoy,1941,5.5,0.0,5.5,0,0.0,327,661,0,2B,0.0
1073,Bonnie Serrell,1945,5.5,0.0,5.5,1,1.0,157,284,0,2B,0.0
1074,Don Johnson,1948,5.4,0.02,5.4,1,0.0,528,791,0,2B,0.0
1075,Frank Menechino,2005,5.4,0.0,5.4,0,0.0,302,685,0,2B,0.0
1076,Kazuo Matsui,2010,5.3,0.0,5.3,0,0.0,615,1156,0,2B,0.0
1077,Harry Williams,1946,4.5,0.0,5.2,0,0.1,374,675,0,2B,0.0
1078,Duane Kuiper,1985,4.1,0.0,6.3,0,0.0,917,1369,0,2B,0.0
1079,Luis Sojo,2003,4.2,0.0,6.3,0,0.0,671,1058,0,2B,0.0
1080,Bill McClellan,1888,4.7,0.0,5.7,0,0.0,773,1392,0,2B,0.0
1081,José Lind,1995,3.8,0.0,6.5,0,0.0,935,1438,0,2B,0.0
1082,Ray Mack,1947,4.7,0.01,5.7,1,0.0,629,1188,0,2B,0.0
1083,Alexi Casilla,2014,3.8,0.0,6.4,0,0.0,419,771,0,2B,0.0
1084,Pete Coscarart,1946,4.6,0.01,5.6,1,0.0,728,1314,0,2B,0.0
1085,Roy Hughes,1946,4.4,0.0,5.7,0,0.0,705,1181,0,2B,0.0
1086,Pat Kelly,1999,4.9,0.0,5.2,0,0.0,495,940,0,2B,0.0
1087,Billy Martin,1961,2.8,0.01,7.0,1,0.0,877,1484,0,2B,0.0
1088,Andy Ibáñez,2026,4.9,0.0,4.9,0,0.0,288,527,0,2B,0.0
1089,Bert Niehoff,1918,4.1,0.0,4.1,0,0.0,489,869,0,2B,0.0
1090,Nolan Gorman,2026,4.1,0.0,4.1,0,0.0,341,839,0,2B,0.0
1091,Brandon Drury,2024,2.3,0.0,5.9,0,0.0,713,1421,0,2B,0.0
1092,Anderson Pryor,1933,3.0,0.0,3.0,0,0.0,283,553,0,2B,0.0
1093,Bienvenido Jiménez,1929,3.2,0.0,3.2,0,0.0,219,399,0,2B,0.0
1094,Fred Bankhead,1948,3.0,0.0,3.3,2,0.0,234,411,0,2B,0.0
1095,Ryan Schimpf,2018,3.2,0.0,3.2,0,0.0,87,293,0,2B,0.0
1096,Nick Madrigal,2024,3.2,0.0,3.2,0,0.0,238,359,0,2B,0.0
1097,Billy Moran,1965,3.1,0.1,3.1,2,0.0,545,880,0,2B,0.0
1098,Marv Breeding,1963,3.1,0.0,3.1,0,0.0,317,483,0,2B,0.0
1099,Jake Flowers,1934,2.4,0.04,3.8,0,0.0,433,840,0,2B,0.0
1100,Luis Guillorme,2025,3.0,0.0,3.2,0,0.0,224,410,0,2B,0.0
1101,Chuck Hiller,1968,2.7,0.0,3.4,0,0.0,516,841,0,2B,0.0
1102,Jake Atz,1909,3.1,0.0,3.1,0,0.0,132,251,0,2B,0.0
1103,Ike Brown,1974,3.0,0.0,3.0,0,0.0,137,313,0,2B,0.0
1104,Greg Garcia,2020,3.0,0.0,3.0,0,0.0,269,544,0,2B,0.0
1105,George Hausmann,1949,4.0,0.0,4.0,0,0.0,304,504,0,2B,0.0
1106,Andy Cohen,1929,3.0,0.0,3.0,0,0.0,249,396,0,2B,0.0
1107,Ted Kubiak,1976,2.3,0.0,3.7,0,0.0,565,991,0,2B,0.0
1108,Homer Bush,2004,3.0,0.0,3.0,0,0.0,363,578,0,2B,0.0
1109,Billy Smith,1981,2.9,0.0,2.9,0,0.0,234,445,0,2B,0.0
1110,Bob Miller,1932,2.9,0.0,2.9,0,0.0,259,451,0,2B,0.0
1111,Al Newman,1992,2.5,0.0,3.2,0,0.0,476,888,0,2B,0.0
1112,Warren Morris,2003,2.9,0.0,2.9,0,0.0,399,727,0,2B,0.0
1113,Connie Day,1932,1.9,0.0,3.8,0,0.0,579,1000,0,2B,0.0
1114,Fred Manrique,1991,2.6,0.0,3.1,0,0.0,340,564,0,2B,0.0
1115,Larry Schlafly,1914,2.8,0.0,2.8,0,0.0,158,348,0,2B,0.0
1116,Jeff Keppinger,2013,1.1,0.0,4.5,0,0.0,814,1319,0,2B,0.0
1117,Lou Merloni,2006,3.0,0.0,3.3,0,0.0,294,514,0,2B,0.0
1118,Dib Williams,1935,3.2,0.0,3.2,0,0.0,421,746,0,2B,0.0
1119,Paddy Baumann,1917,3.2,0.0,3.2,0,0.0,248,427,0,2B,0.0
1120,Joe Quest,1886,3.1,0.0,3.5,0,0.0,499,723,0,2B,0.0
1121,Tommy La Stella,2023,3.5,0.0,4.3,1,0.0,462,870,0,2B,0.0
1122,Bob Randall,1980,3.8,0.0,3.8,0,0.0,341,506,0,2B,0.0
1123,Ryan Goins,2020,3.5,0.0,4.1,0,0.0,353,628,0,2B,0.0
1124,Daniel Schneemann,2026,3.8,0.0,3.8,0,0.0,151,349,0,2B,0.0
1125,Jimmy Wood,1873,3.8,0.0,3.8,0,0.2,162,281,0,2B,0.0
1126,Lou Stringer,1950,3.8,0.0,3.8,0,0.0,290,544,0,2B,0.0
1127,Tim Cullen,1972,3.7,0.0,3.7,0,0.0,387,646,0,2B,0.0
1128,Don Kolloway,1953,2.5,0.0,5.0,0,0.0,1081,1673,0,2B,0.0
1129,Bill Cissell,1938,2.7,0.19,4.7,0,0.0,990,1661,0,2B,0.0
1130,Augie Ojeda,2010,3.2,0.0,4.0,0,0.0,249,458,0,2B,0.0
1131,Luis García Jr.,2026,3.6,0.0,3.6,0,0.0,614,1113,0,2B,0.0
1132,Piggy Ward,1894,3.6,0.0,3.6,0,0.0,223,523,0,2B,0.0
1133,Dick Tracewski,1969,3.1,0.0,4.1,0,0.0,262,484,0,SS,0.0
1134,Carlos Febles,2003,3.5,0.0,3.5,0,0.0,414,818,0,2B,0.0
1135,Dutch Meyer,1946,3.5,0.0,3.5,0,0.0,262,452,0,2B,0.0
1136,Lena Blackburne,1929,3.0,0.0,3.9,0,0.0,387,700,0,SS,0.0
1137,Marty Kavanagh,1918,3.4,0.0,3.4,0,0.0,257,518,0,2B,0.0
1138,Paíto Herrera,1928,3.4,0.0,3.4,0,0.0,261,407,0,3B,0.0
1139,Oscar Melillo,1937,-0.9,0.52,7.7,0,0.0,1316,2116,0,2B,0.0
1140,Marvin Williams,1945,3.4,0.0,3.4,1,0.1,121,213,0,2B,0.0
1141,Sibby Sisti,1954,2.4,0.0,4.3,0,0.0,732,1285,0,2B,0.0
1142,Al Weis,1971,2.3,0.0,4.4,0,0.0,346,606,0,2B,0.0
1143,Rainey Bibbs,1944,3.3,0.0,3.3,1,0.1,210,325,0,2B,0.0
1144,Harry Wolverton,1912,11.2,0.0,11.1,0,0.0,833,1304,0,3B,0.0
1145,Alberto Callaspo,2015,9.6,0.0,12.7,0,0.0,941,1667,0,3B,0.0
1146,Bill Spiers,2001,10.2,0.0,11.9,0,0.0,922,1713,0,SS,0.0
1147,Miguel Andujar,2026,2.8,0.0,4.8,0,0.0,513,902,0,3B,0.0
1148,Garth Iorg,1987,3.5,0.0,5.0,0,0.0,633,987,0,3B,0.0
1149,Eddie Grant,1915,3.4,0.0,4.9,0,0.0,844,1384,0,3B,0.0
1150,Harry Schafer,1878,3.9,0.0,4.3,0,0.0,449,602,0,3B,0.0
1151,Ildemaro Vargas,2026,3.4,0.0,4.8,0,0.0,356,609,0,3B,0.0
1152,Bob Aspromonte,1971,1.2,0.0,6.9,0,0.0,1103,1822,0,3B,0.0
1153,Barry McCormick,1904,3.0,0.0,5.1,0,0.0,867,1516,0,3B,0.0
1154,Jimmy Knowles,1892,4.0,0.0,4.0,0,0.1,334,629,0,3B,0.0
1155,Don Zimmer,1965,2.8,0.0,5.2,2,0.0,773,1511,0,3B,0.0
1156,Zach McKinstry,2026,3.9,0.0,3.9,1,0.0,371,815,0,3B,0.0
1157,Mike Muldoon,1886,3.9,0.0,3.9,0,0.0,450,728,0,3B,0.0
1158,Wayne Krenchicki,1986,3.6,0.0,4.0,0,0.0,283,495,0,3B,0.0
1159,Bill McKechnie,1920,2.3,0.0,5.2,0,0.0,713,1206,0,3B,0.0
1160,Rene Gonzales,1997,4.2,0.0,4.5,0,0.0,368,676,0,3B,0.0
1161,Tex McDonald,1915,3.7,0.0,3.7,0,0.0,304,564,0,RF,0.0
1162,Tommy Sheehan,1908,3.7,0.0,3.7,0,0.0,238,409,0,3B,0.0
1163,Willie Greene,2000,3.1,0.0,4.3,0,0.0,446,1081,0,3B,0.0
1164,Royce Lewis,2026,3.7,0.0,3.7,0,0.0,253,555,0,3B,0.0
1165,Tillie Shafer,1913,3.6,0.08,3.6,0,0.0,212,444,0,3B,0.0
1166,Wilson Betemit,2013,2.8,0.0,4.5,0,0.0,558,1145,0,3B,0.0
1167,Jace Peterson,2024,2.4,0.0,4.8,0,0.0,546,1195,0,2B,0.0
1168,Santiago Espinal,2026,3.5,0.0,3.5,1,0.0,431,731,0,3B,0.0
1169,Spider Jorgensen,1951,3.5,0.0,3.5,0,0.0,201,401,0,3B,0.0
1170,Joey Ortiz,2026,3.5,0.0,3.5,0,0.0,240,481,0,SS,0.0
1171,Doc Prothro,1926,3.5,0.0,3.5,0,0.0,191,327,0,3B,0.0
1172,Dave Hansen,2005,3.7,0.0,4.9,0,0.0,466,950,0,3B,0.0
1173,David Bote,2024,4.4,0.0,4.4,0,0.0,249,544,0,3B,0.0
1174,Ernie Courtney,1908,5.5,0.0,5.5,0,0.0,471,795,0,3B,0.0
1175,Jordan Westburg,2025,5.1,0.0,5.1,1,0.0,251,500,0,3B,0.0
1176,Jerry Royster,1988,2.4,0.0,8.3,0,0.0,1049,2000,0,3B,0.0
1177,Herb Souell,1948,5.4,0.0,5.3,4,0.2,409,664,0,3B,0.0
1178,Bill Stein,1985,5.4,0.0,5.3,0,0.0,751,1243,0,3B,0.0
1179,Gene Robertson,1930,4.7,0.0,5.8,0,0.0,615,1055,0,3B,0.0
1180,Art Whitney,1891,3.3,0.0,7.2,0,0.0,820,1360,0,3B,0.0
1181,Mike Lamb,2010,4.0,0.0,6.6,0,0.0,746,1356,0,3B,0.0
1182,Bill Sudakis,1975,4.9,0.0,5.6,0,0.0,362,790,0,3B,0.0
1183,Jim Davis,1891,5.2,0.0,5.2,0,0.0,468,912,0,3B,0.0
1184,Steve Ontiveros,1980,4.7,0.0,5.5,0,0.0,600,1117,0,3B,0.0
1185,Jake Burger,2026,5.1,0.0,5.1,0,0.0,433,918,0,1B,0.0
1186,Mike Blowers,1999,4.3,0.0,5.8,0,0.0,591,1212,0,3B,0.0
1187,Fred Hatfield,1958,4.8,0.0,5.3,0,0.0,493,918,0,3B,0.0
1188,Jack Gleason,1886,4.4,0.0,4.4,0,0.1,384,601,0,3B,0.0
1189,Alec Bohm,2026,5.0,0.0,5.0,1,0.0,788,1394,0,3B,0.0
1190,Johnny Vergez,1936,5.0,0.03,5.0,0,0.0,593,1088,0,3B,0.0
1191,Henry Blackmon,1924,5.0,0.0,5.0,0,0.0,252,426,0,3B,0.0
1192,Ty Wigginton,2013,2.8,0.0,6.9,1,0.0,1170,2363,0,3B,0.0
1193,Bubba Phillips,1964,3.1,0.02,6.5,0,0.0,835,1379,0,3B,0.0
1194,Josh Rojas,2025,4.8,0.0,4.8,0,0.0,494,1016,0,3B,0.0
1195,Felton Snow,1947,4.1,0.0,5.3,2,0.0,529,869,0,3B,0.0
1196,Garrett Atkins,2010,4.0,0.02,5.3,0,0.0,835,1614,0,3B,0.0
1197,Jimmy Walsh,1915,4.5,0.03,4.5,0,0.0,447,780,0,3B,0.0
1198,Geoff Blum,2012,3.3,0.0,5.5,0,0.0,990,1874,0,3B,0.0
1199,Lenny Harris,2005,1.7,0.0,7.1,0,0.0,1055,1779,0,3B,0.0
1200,Johan Camargo,2023,3.5,0.0,3.5,0,0.0,316,608,0,3B,0.0
1201,Scott Leius,1999,2.7,0.0,4.2,0,0.0,375,719,0,3B,0.0
1202,Jim Finigan,1959,3.4,0.06,3.4,2,0.0,422,785,0,3B,0.0
1203,Ellis Clary,1945,2.5,0.0,2.5,0,0.0,171,336,0,3B,0.0
1204,Billy Purtell,1914,2.6,0.0,2.6,0,0.0,255,396,0,3B,0.0
1205,Russ Johnson,2005,2.6,0.0,2.6,0,0.0,221,434,0,3B,0.0
1206,Abraham Núñez,2008,0.8,0.0,4.4,0,0.0,601,1069,0,3B,0.0
1207,Kid Lowe,1930,2.4,0.0,2.8,0,0.0,253,392,0,3B,0.0
1208,Rube Lutzke,1927,2.6,0.0,2.6,0,0.0,468,805,0,3B,0.0
1209,Mike Brosseau,2023,2.6,0.0,2.6,0,0.0,141,304,0,3B,0.0
1210,Ezequiel Duran,2026,2.6,0.0,2.6,0,0.0,307,553,0,3B,0.0
1211,Mark Teahen,2011,2.6,0.0,2.6,0,0.0,759,1479,0,3B,0.0
1212,Tyler Saladino,2019,2.5,0.0,2.5,0,0.0,221,413,0,3B,0.0
1213,Art Phelan,1915,2.5,0.0,2.5,0,0.0,297,600,0,3B,0.0
1214,Conor Gillaspie,2017,2.2,0.0,2.9,0,0.0,357,665,0,3B,0.0
1215,Steve Lyons,1993,1.8,0.0,2.8,0,0.0,545,934,0,CF,0.0
1216,Matt Shaw,2026,3.3,0.0,3.3,0,0.0,112,257,0,3B,0.0
1217,Chippy McGarr,1896,1.4,0.0,3.2,0,0.0,875,1525,0,3B,0.0
1218,Ray Sheppard,1932,2.3,0.0,2.3,0,0.0,209,359,0,3B,0.0
1219,Jared Sandberg,2003,2.3,0.0,2.3,0,0.0,139,325,0,3B,0.0
1220,Warren White,1884,2.2,0.0,2.2,0,0.0,184,215,0,3B,0.0
1221,Roy Staiger,1979,2.2,0.0,2.2,0,0.0,104,171,0,3B,0.0
1222,Jack Lohrke,1953,2.2,0.0,2.2,0,0.0,221,463,0,3B,0.0
1223,Rabbit Robinson,1910,2.2,0.0,2.2,0,0.0,156,303,0,2B,0.0
1224,Dave Roberts,1982,0.3,0.0,4.0,0,0.0,483,876,0,3B,0.0
1225,Christian Villanueva,2018,2.2,0.0,2.2,0,0.0,94,208,0,3B,0.0
1226,Ron Coomer,2003,1.4,0.0,2.8,1,0.0,827,1460,0,1B,0.0
1227,Andruw Monasterio,2026,2.1,0.0,2.1,0,0.0,153,290,0,3B,0.0
1228,Randy Johnson,1984,2.7,0.0,2.7,0,0.0,129,220,0,3B,0.0
1229,Walter Barbare,1922,1.8,0.0,3.5,0,0.0,462,684,0,3B,0.0
1230,Willy Aybar,2010,2.7,0.0,2.7,0,0.0,315,635,0,3B,0.0
1231,Scott Livingstone,1998,2.3,0.0,3.2,0,0.0,431,665,0,3B,0.0
1232,Jim Doyle,1911,3.3,0.0,3.3,0,0.0,135,258,0,3B,0.0
1233,Hernán Pérez,2021,2.8,0.0,3.8,0,0.0,436,812,0,3B,0.0
1234,Bill Brubaker,1943,3.0,0.0,3.6,0,0.0,413,748,0,3B,0.0
1235,Ray Jablonski,1960,3.0,0.0,3.6,1,0.0,687,1296,0,3B,0.0
1236,Ian Stewart,2014,3.3,0.0,3.3,0,0.0,341,805,0,3B,0.0
1237,Danny Clark,1927,3.2,0.0,3.2,0,0.0,161,307,0,3B,0.0
1238,Kevin Orie,2002,3.2,0.0,3.2,0,0.0,253,494,0,3B,0.0
1239,Sam Hairston,1951,3.2,0.0,3.2,2,0.2,133,233,0,3B,0.0
1240,Jim Donnelly,1898,1.9,0.0,4.4,0,0.0,549,1009,0,3B,0.0
1241,Patrick Wisdom,2026,2.9,0.0,3.3,0,0.0,274,757,0,3B,0.0
1242,Ed Spiezio,1972,2.6,0.0,3.6,0,0.0,367,699,0,3B,0.0
1243,J.D. Davis,2025,2.5,0.0,3.7,0,0.0,486,1018,0,3B,0.0
1244,George Rohe,1907,3.1,0.0,3.1,0,0.0,197,330,0,3B,0.0
1245,Caleb Durbin,2026,3.0,0.0,3.0,0,0.0,137,269,0,3B,0.0
1246,Al Gallagher,1973,3.0,0.0,3.0,0,0.0,333,571,0,3B,0.0
1247,Phil Gagliano,1974,2.3,0.0,3.7,0,0.0,336,610,0,2B,0.0
1248,Brett Baty,2026,3.0,0.0,3.0,0,0.0,250,505,0,3B,0.0
1249,Fred McMullin,1920,2.9,0.0,2.9,0,0.0,234,398,0,3B,0.0
1250,Miguel Vargas,2026,2.9,0.0,2.9,0,0.1,247,613,0,3B,0.0
1251,Jack Saltzgaver,1945,2.8,0.0,2.8,0,0.0,199,379,0,3B,0.0
1252,Craig Worthington,1996,2.8,0.0,2.8,0,0.0,284,598,0,3B,0.0
1253,Ryon Healy,2020,2.8,0.0,2.8,0,0.0,395,757,0,1B,0.0
1254,Sammy Esposito,1963,2.0,0.0,3.5,0,0.0,164,371,0,3B,0.0
1255,Herbert Perry,2004,5.1,0.0,5.6,0,0.0,461,880,0,3B,0.0
1256,Tim O'Rourke,1894,5.5,0.0,5.5,0,0.0,440,810,0,3B,0.0
1257,Vance Law,1991,10.5,0.0,11.4,1,0.0,972,1872,0,3B,0.0
1258,Chris Stynes,2004,8.2,0.0,9.1,0,0.0,640,1169,0,3B,0.0
1259,Max Alvis,1970,8.3,0.04,10.1,2,0.0,895,1719,0,3B,0.0
1260,Travis Shaw,2022,8.5,0.0,9.9,0,0.0,563,1333,0,3B,0.0
1261,Lonnie Chisenhall,2018,9.2,0.0,9.1,0,0.0,578,1092,0,3B,0.0
1262,Joe Yeager,1908,8.8,0.0,9.5,0,0.1,467,761,0,3B,0.0
1263,Jerry Kenney,1973,9.0,0.0,9.0,0,0.0,325,653,0,3B,0.0
1264,Eric Hinske,2013,7.8,0.0,10.1,0,0.0,947,2147,0,3B,0.0
1265,Lew Riggs,1946,8.8,0.0,9.1,1,0.0,650,1133,0,3B,0.0
1266,Mike Shannon,1970,7.8,0.2,9.9,0,0.0,710,1319,0,3B,0.0
1267,Bill Coughlin,1908,8.5,0.0,9.2,0,0.0,972,1590,0,3B,0.0
1268,Bill Pecota,1994,9.1,0.0,8.5,0,0.0,380,752,0,3B,0.0
1269,Chuck Dressen,1933,8.5,0.0,9.1,0,0.0,603,1066,0,3B,0.0
1270,Miguel Sanó,2024,8.0,0.0,9.2,1,0.0,602,1579,0,3B,0.0
1271,Tony Boeckel,1923,9.3,0.0,9.3,0,0.0,813,1423,0,3B,0.0
1272,Jon Berti,2025,8.6,0.0,8.5,0,0.0,393,817,0,3B,0.0
1273,Ed Lennox,1915,8.4,0.0,8.4,0,0.1,379,765,0,3B,0.0
1274,Fritz Maisel,1918,8.3,0.05,8.3,0,0.0,510,1086,0,3B,0.0
1275,Floyd Baker,1955,7.9,0.0,8.6,0,0.0,573,1083,0,3B,0.0
1276,Trevor Plouffe,2018,7.4,0.0,9.0,0,0.0,710,1461,0,3B,0.0
1277,Ernie Clement,2026,8.2,0.0,8.2,0,0.0,393,651,0,3B,0.0
1278,Bill Kuehne,1892,7.1,0.0,9.1,0,0.0,993,1729,0,3B,0.0
1279,Luis Urías,2025,7.9,0.0,8.1,0,0.0,415,901,0,2B,0.0
1280,Joe Mulvey,1895,7.0,0.0,8.7,0,0.0,1059,1723,0,3B,0.0
1281,Charlie Deal,1921,7.8,0.0,8.0,0,0.0,752,1157,0,3B,0.0
1282,Mark Reynolds,2019,6.9,0.01,8.5,0,0.0,1283,3229,0,3B,0.0
1283,Luis Valbuena,2018,8.4,0.0,10.2,0,0.0,710,1624,0,3B,0.0
1284,Charlie Irwin,1902,9.0,0.0,9.5,0,0.0,986,1738,0,3B,0.0
1285,Ray Dandridge,1944,5.2,0.0,5.8,3,0.2,296,479,0,3B,0.0
1286,Andy Carey,1962,9.7,0.0,10.3,0,0.0,741,1419,0,3B,0.0
1287,Charlie Hayes,2001,10.5,0.01,11.3,0,0.0,1379,2561,0,3B,0.0
1288,Les Bell,1931,10.8,0.3,10.8,0,0.2,938,1719,0,3B,0.0
1289,Don Wert,1971,9.4,0.08,11.9,1,0.0,929,1730,0,3B,0.0
1290,Jimmy Brown,1946,10.4,0.68,10.9,1,0.0,980,1507,0,2B,0.0
1291,Joe Dugan,1931,9.9,0.02,11.2,0,0.0,1516,2298,0,3B,0.0
1292,Howie Shanks,1925,9.7,0.0,11.1,0,0.0,1440,2518,0,LF,0.0
1293,Patsy Tebeau,1900,9.7,0.0,10.7,0,0.0,1290,2164,0,1B,0.0
1294,Billy Cox,1955,10.2,0.03,10.2,0,0.0,974,1750,0,3B,0.0
1295,Gene Freese,1966,8.7,0.0,11.6,0,0.0,877,1733,0,3B,0.0
1296,Jeimer Candelario,2026,9.2,0.0,11.0,0,0.0,759,1663,0,3B,0.0
1297,Seth Smith,2017,11.6,0.0,10.9,0,0.0,934,2051,0,LF,0.0
1298,Frankie Gustine,1950,8.5,0.01,11.6,3,0.0,1214,2073,0,2B,0.0
1299,Dave Chalk,1981,8.5,0.0,10.1,2,0.0,733,1234,0,3B,0.0
1300,Brian Anderson,2024,9.9,0.0,10.1,0,0.0,559,1148,0,3B,0.0
1301,Leo Gómez,1996,10.0,0.0,10.0,0,0.0,466,1058,0,3B,0.0
1302,Luis Salazar,1992,9.0,0.0,10.8,0,0.0,1070,1858,0,3B,0.0
1303,Dude Esterbrook,1891,8.7,0.0,11.0,0,0.1,741,1072,0,3B,0.0
1304,Fred Haney,1929,9.7,0.0,9.7,0,0.0,544,1009,0,3B,0.0
1305,Jedd Gyorko,2020,9.3,0.0,9.8,0,0.0,659,1405,0,2B,0.0
1306,Bobby Morgan,1958,9.5,0.0,9.6,0,0.0,487,1109,0,2B,0.0
1307,Jack Howell,1999,9.7,0.0,9.4,0,0.0,632,1431,0,3B,0.0
1308,Jim Tabor,1947,9.1,0.03,10.0,0,0.0,1021,1937,0,3B,0.0
1309,Maikel Garcia,2026,9.5,0.02,9.5,1,0.1,484,953,0,3B,0.0
1310,Gio Urshela,2025,8.5,0.0,10.4,0,0.0,759,1328,0,3B,0.0
1311,Jake Lamb,2023,7.3,0.0,8.0,1,0.0,543,1300,0,3B,0.0
1312,Fernando Tatís,2010,6.3,0.0,8.9,0,0.0,807,1719,0,3B,0.0
1313,Pedro Feliz,2010,5.6,0.0,9.7,0,0.0,1065,1987,0,3B,0.0
1314,Junior Caminero,2026,5.8,0.09,5.8,1,0.0,254,581,0,3B,0.0
1315,Scott Cooper,1997,6.2,0.0,6.2,2,0.0,478,895,0,3B,0.0
1316,Chad Tracy,2013,5.4,0.0,6.9,0,0.0,741,1433,0,3B,0.0
1317,Babe Pinelli,1927,6.0,0.09,6.3,0,0.0,723,1158,0,3B,0.0
1318,Ed Sprague,2001,5.7,0.0,6.6,1,0.0,1010,2079,0,3B,0.0
1319,Bernie Friberg,1933,4.3,0.05,7.9,0,0.0,1170,2075,0,3B,0.0
1320,Doug Baird,1920,6.1,0.0,6.1,0,0.0,492,961,0,3B,0.0
1321,Rollie Zeider,1918,5.7,0.0,6.4,0,0.0,769,1475,0,2B,0.0
1322,Ryan Roberts,2014,5.8,0.0,6.1,0,0.0,365,783,0,3B,0.0
1323,Chris Brown,1989,5.9,0.0,5.9,1,0.0,410,738,0,3B,0.0
1324,Jung Ho Kang,2019,5.9,0.0,5.9,0,0.0,233,510,0,3B,0.0
1325,Marv Owen,1940,4.9,0.16,6.7,0,0.0,1040,1756,0,3B,0.0
1326,Billy Grabarkewitz,1975,5.8,0.0,5.8,1,0.1,274,658,0,3B,0.0
1327,Oliver Marcell,1929,7.6,0.0,7.6,0,0.0,442,769,0,3B,0.0
1328,Candy Jim Taylor,1942,5.4,0.0,6.1,0,0.1,285,556,0,3B,0.0
1329,Otto Krueger,1905,5.7,0.0,5.7,0,0.0,427,756,0,3B,0.0
1330,Ralph Hodgin,1948,5.7,0.01,5.7,0,0.0,481,724,0,LF,0.0
1331,Bill Serena,1954,5.7,0.0,5.7,0,0.0,311,723,0,3B,0.0
1332,Bob Dillinger,1951,5.6,0.07,5.6,1,0.0,888,1492,0,3B,0.0
1333,Josh Jung,2026,5.6,0.0,5.6,1,0.0,365,698,0,3B,0.0
1334,Charley Smith,1969,4.9,0.0,6.3,0,0.0,594,1057,0,3B,0.0
1335,Sean Burroughs,2012,5.6,0.0,5.6,0,0.0,463,730,0,3B,0.0
1336,Jared Triolo,2026,5.6,0.0,5.6,0,0.0,225,463,0,3B,0.0
1337,Ed Gremminger,1904,5.5,0.0,5.5,0,0.0,356,594,0,3B,0.0
1338,Mike Sharperson,1995,5.5,0.0,5.6,1,0.0,337,599,0,3B,0.0
1339,Pedro Álvarez,2018,4.9,0.0,7.4,1,0.0,704,1662,0,3B,0.0
1340,Ernie Riles,1993,6.0,0.0,6.5,0,0.0,637,1177,0,SS,0.0
1341,Frank Hankinson,1888,5.4,0.0,7.1,0,0.0,747,1187,0,3B,0.0
1342,Shea Hillenbrand,2007,6.3,0.0,6.3,2,0.0,1014,1726,0,3B,0.0
1343,Kevin Kouzmanoff,2014,7.6,0.0,7.6,0,0.0,650,1201,0,3B,0.0
1344,George Perring,1915,7.5,0.0,7.5,0,0.0,438,794,0,3B,0.0
1345,Josh Smith,2026,7.4,0.0,7.4,0,0.0,357,724,0,3B,0.0
1346,Joe Battin,1890,6.4,0.0,8.0,0,0.1,439,615,0,3B,0.0
1347,Tommy Glaviano,1953,7.1,0.0,7.1,0,0.0,259,617,0,3B,0.0
1348,Charlie Reilly,1897,6.8,0.0,7.2,0,0.0,595,1086,0,3B,0.0
1349,Tim Hulett,1995,6.7,0.0,7.2,0,0.0,529,948,0,3B,0.0
1350,Lee Handley,1947,6.3,0.01,7.4,0,0.0,902,1494,0,3B,0.0
1351,Bob Jones,1925,6.7,0.0,7.0,0,0.0,791,1265,0,3B,0.0
1352,Henry Spearman,1945,7.2,0.0,6.4,0,0.0,422,740,0,3B,0.0
1353,Bobby Brown,1954,6.8,0.0,6.8,0,0.0,452,831,0,3B,0.0
1354,Fred Hartman,1902,6.8,0.0,6.8,0,0.0,623,1030,0,3B,0.0
1355,Danny Valencia,2018,6.1,0.0,7.4,0,0.0,795,1489,0,3B,0.0
1356,Shane Halter,2004,6.3,0.0,7.2,0,0.0,468,895,0,3B,0.0
1357,Yangervis Solarte,2019,6.7,0.0,6.7,0,0.0,620,1176,0,3B,0.0
1358,Oscar Grimes,1946,6.3,0.0,7.0,0,0.0,469,971,0,3B,0.0
1359,Lefty Marr,1891,6.6,0.0,6.6,0,0.1,417,805,0,3B,0.0
1360,Jack Hannahan,2014,6.3,0.0,6.9,0,0.0,381,770,0,3B,0.0
1361,Mike Cubbage,1981,6.4,0.0,6.8,0,0.0,503,940,0,3B,0.0
1362,Sean Berry,2000,4.8,0.0,8.3,0,0.0,657,1326,0,3B,0.0
1363,Hick Carpenter,1892,4.6,0.0,8.5,0,0.3,1202,1762,0,3B,0.0
1364,Russ Wrightstone,1928,6.2,0.0,6.8,0,0.0,889,1539,0,3B,0.0
1365,Claude Johnson,1930,6.4,0.0,6.4,0,0.0,349,626,0,3B,0.0
1366,Candy Maldonado,1995,10.0,0.01,12.6,0,0.0,1042,2166,0,RF,0.0
1367,Henry Moore,1884,2.2,0.0,2.2,0,0.0,155,210,0,SS,0.0
1368,Carlos Quentin,2014,10.5,0.41,11.9,2,0.0,702,1663,0,LF,0.0
1369,Alex Verdugo,2025,11.7,0.01,12.3,0,0.2,831,1530,0,LF,0.0
1370,Ron Northey,1957,13.9,0.04,12.7,0,0.0,874,1794,0,RF,0.0
1371,Leon Roberts,1984,12.2,0.01,14.3,0,0.0,731,1429,0,RF,0.0
1372,Earl Webb,1933,13.0,0.29,13.0,0,0.0,661,1302,0,RF,0.0
1373,Greg Gross,1989,12.5,0.0,13.4,0,0.0,1073,1878,0,LF,0.0
1374,Johnny Wyrostek,1954,12.0,0.05,13.9,2,0.0,1149,2137,0,RF,0.0
1375,Tony Conigliaro,1975,12.4,0.0,13.3,1,0.0,849,1839,0,RF,0.0
1376,Will Venable,2016,12.9,0.0,12.8,0,0.0,707,1535,0,RF,0.0
1377,Iván Calderón,1993,11.9,0.0,13.4,1,0.0,901,1866,0,RF,0.0
1378,Ryan Ludwick,2014,11.2,0.04,13.5,1,0.1,923,1958,0,RF,0.0
1379,Seiya Suzuki,2026,12.2,0.01,12.2,0,0.0,570,1291,0,RF,0.0
1380,Dan Ford,1985,11.9,0.0,12.4,0,0.0,1123,2140,0,RF,0.0
1381,Joel Youngblood,1989,10.6,0.0,13.2,1,0.0,969,1827,0,RF,0.0
1382,Avisaíl García,2024,9.4,0.0,12.0,1,0.0,1038,1959,0,RF,0.0
1383,Gene Hermanski,1953,11.1,0.0,12.4,0,0.0,533,1124,0,RF,0.0
1384,Clarence Smith,1933,11.4,0.0,11.9,0,0.0,706,1219,0,RF,0.0
1385,Johnny Moore,1945,11.2,0.06,11.4,0,0.0,926,1570,0,RF,0.0
1386,Ollie Brown,1977,10.3,0.0,12.0,0,0.0,964,1780,0,RF,0.0
1387,Chet Laabs,1947,10.7,0.05,11.6,1,0.0,813,1824,0,LF,0.0
1388,Pat Mullin,1953,10.6,0.0,11.6,2,0.0,676,1479,0,RF,0.0
1389,Cliff Heathcote,1932,11.3,0.0,10.7,0,0.0,1222,2222,0,RF,0.0
1390,Jim King,1967,11.1,0.0,10.9,0,0.0,699,1586,0,RF,0.0
1391,Hank Edwards,1953,10.9,0.0,11.1,0,0.0,613,1181,0,RF,0.0
1392,Chris Denorfia,2015,10.9,0.0,10.9,0,0.0,587,1090,0,RF,0.0
1393,Pat Kelly,1981,11.7,0.0,10.0,1,0.0,1147,2472,0,RF,0.0
1394,Rob Deer,1996,13.8,0.0,12.8,0,0.0,853,2335,0,RF,0.0
1395,Elmer Smith,1925,14.2,0.0,12.8,0,0.0,881,1769,0,RF,0.0
1396,Wil Myers,2023,13.2,0.0,14.0,1,0.0,965,2197,0,RF,0.0
1397,George Altman,1967,13.1,0.04,14.3,3,0.0,832,1655,0,RF,0.0
1398,Dave Rowe,1888,1.9,0.0,1.9,0,0.1,383,594,0,SS,0.0
1399,Chuck Diering,1956,1.1,0.0,2.8,0,0.0,411,810,0,CF,0.0
1400,Bill Sharp,1976,1.9,0.0,1.9,0,0.0,281,454,0,CF,0.0
1401,Cecil Espy,1993,1.6,0.0,2.3,0,0.0,304,607,0,CF,0.0
1402,Joey Wiemer,2026,1.9,0.0,1.9,0,0.0,113,263,0,CF,0.0
1403,Abraham Almonte,2023,1.0,0.0,2.9,0,0.0,288,605,0,CF,0.0
1404,Heavy Johnson,1932,17.8,0.0,18.0,0,0.9,647,1242,0,RF,0.0
1405,Doc Gessler,1911,16.5,0.0,16.2,0,0.1,831,1575,0,RF,0.0
1406,Charlie Blackwell,1928,15.4,0.0,15.6,0,0.3,563,1177,0,RF,0.0
1407,Joey Gallo,2024,15.5,0.0,15.4,2,0.0,557,1838,0,LF,0.0
1408,Jim Fogarty,1890,15.2,0.0,15.2,0,0.0,709,1665,0,3B,0.0
1409,Mike Davis,1989,14.5,0.0,15.7,0,0.0,778,1614,0,RF,0.0
1410,Adolis García,2026,14.8,0.03,15.2,2,0.0,711,1614,0,RF,0.0
1411,Wally Westlake,1956,14.8,0.0,15.2,1,0.0,848,1738,0,RF,0.0
1412,Mitch Haniger,2024,14.7,0.04,15.0,1,0.1,688,1525,0,RF,0.0
1413,Rap Dixon,1937,15.0,0.0,14.6,2,1.0,522,1150,0,RF,0.0
1414,Harry Lumley,1910,14.7,0.0,14.7,0,0.2,728,1397,0,RF,0.0
1415,Bill Hinchman,1920,14.1,0.0,14.9,0,0.1,793,1502,0,RF,0.0
1416,Cody Ross,2015,13.5,0.0,15.3,0,0.0,904,1852,0,RF,0.0
1417,Glenn Wilson,1993,13.0,0.0,15.1,1,0.0,1098,1933,0,RF,0.0
1418,Austin Kearns,2013,13.0,0.0,15.1,0,0.0,914,1998,0,RF,0.0
1419,Mark Whiten,2000,14.1,0.0,13.9,0,0.0,804,1744,0,RF,0.0
1420,Jim Eisenreich,1998,13.2,0.0,14.5,0,0.0,1160,2044,0,RF,0.0
1421,Anthony Santander,2025,10.1,0.01,11.5,1,0.0,729,1645,0,RF,0.0
1422,Tom McCreery,1903,10.5,0.0,10.8,0,0.0,857,1615,0,1B,0.0
1423,Anthony Gose,2024,2.0,0.0,2.0,0,0.0,271,550,0,CF,0.0
1424,George Browne,1912,6.8,0.0,7.5,0,0.0,1176,1908,0,RF,0.0
1425,Leroy Stanton,1978,6.7,0.0,9.6,0,0.0,628,1271,0,RF,0.0
1426,Ed Stone,1946,8.8,0.0,7.5,3,0.2,445,858,0,RF,0.0
1427,Dick Porter,1934,7.9,0.0,7.9,0,0.0,774,1331,0,RF,0.0
1428,Dusty Miller,1899,7.9,0.0,7.9,0,0.0,771,1458,0,SS,0.0
1429,Jim Rivera,1961,6.8,0.0,8.4,0,0.0,911,1952,0,RF,0.0
1430,Ken Harrelson,1971,6.6,0.37,8.6,1,0.0,703,1653,0,1B,0.0
1431,Stephen Piscotty,2022,7.1,0.0,7.9,0,0.0,643,1330,0,RF,0.0
1432,Joe Orsulak,1997,5.4,0.0,9.5,0,0.0,1173,2015,0,RF,0.0
1433,Ryan Sweeney,2014,6.9,0.0,7.7,0,0.0,584,1006,0,RF,0.0
1434,Alex Ochoa,2002,6.4,0.0,8.2,0,0.0,597,1163,0,RF,0.0
1435,Jorge Soler,2026,6.6,0.0,7.9,1,0.0,949,2300,0,RF,0.0
1436,Félix José,2003,6.4,0.0,7.9,1,0.0,708,1338,0,RF,0.0
1437,Charlie Smith,1929,10.6,0.0,10.6,0,0.9,248,533,0,RF,0.0
1438,Nat Rogers,1945,7.2,0.0,6.9,0,0.1,533,866,0,RF,0.0
1439,Bill Barrett,1930,6.3,0.0,7.9,0,0.0,690,1259,0,RF,0.0
1440,John Vander Wal,2004,6.2,0.0,7.8,0,0.0,717,1637,0,RF,0.0
1441,Jack Manning,1886,6.1,0.0,7.9,0,0.0,922,1423,0,Unknown,0.0
1442,Dick Higham,1880,6.9,0.0,6.9,0,0.1,549,713,0,C,0.0
1443,Dante Bichette,2001,5.7,0.71,8.1,4,0.0,1906,3690,0,RF,0.0
1444,Al Wickland,1919,6.7,0.0,6.7,0,0.0,397,832,0,RF,0.0
1445,Evar Swanson,1934,6.7,0.0,6.7,0,0.0,573,1018,0,RF,0.0
1446,Jim Dwyer,1990,6.1,0.0,7.3,0,0.0,719,1527,0,RF,0.0
1447,Don Mueller,1959,4.2,0.09,9.1,2,0.0,1292,1878,0,RF,0.0
1448,Mike Lum,1981,5.2,0.0,7.8,0,0.0,877,1694,0,LF,0.0
1449,Al Zarilla,1953,6.9,0.03,9.5,1,0.0,975,1878,0,RF,0.0
1450,Gerónimo Berroa,2000,7.4,0.0,9.1,0,0.0,692,1421,0,RF,0.0
1451,Tommy Griffith,1925,6.9,0.0,10.0,0,0.0,1383,2312,0,RF,0.0
1452,Ron Swoboda,1973,8.0,0.0,9.1,0,0.0,624,1297,0,RF,0.0
1453,Nori Aoki,2017,10.5,0.0,10.5,0,0.0,774,1384,0,RF,0.0
1454,Dave Robertson,1922,10.1,0.0,10.8,0,0.0,812,1365,0,RF,0.0
1455,Walt Moryn,1961,9.9,0.0,10.8,1,0.0,667,1376,0,RF,0.0
1456,Darren Bragg,2004,9.0,0.0,11.4,0,0.0,627,1298,0,RF,0.0
1457,Homer Curry,1947,12.3,0.0,8.0,0,0.2,556,1143,0,RF,0.0
1458,Otto Vélez,1983,9.9,0.0,10.5,0,0.0,452,1137,0,RF,0.0
1459,Willie Kirkland,1966,9.5,0.0,10.8,0,0.0,837,1848,0,RF,0.0
1460,Mike Marshall,1991,10.1,0.03,10.0,1,0.0,971,1877,0,RF,0.0
1461,George Watkins,1936,10.0,0.0,10.0,0,0.0,925,1727,0,RF,0.0
1462,Hunter Renfroe,2025,8.9,0.0,10.9,0,0.0,808,1882,0,RF,0.0
1463,Wilyer Abreu,2026,9.6,0.0,9.6,0,0.1,268,601,0,RF,0.0
1464,Jeffrey Hammonds,2005,8.6,0.0,10.3,1,0.0,824,1719,0,RF,0.0
1465,Lars Nootbaar,2025,9.4,0.0,9.4,0,0.0,407,963,0,RF,0.0
1466,Eddie Murphy,1926,9.1,0.0,9.3,0,0.0,680,1227,0,RF,0.0
1467,Ryan Church,2010,9.1,0.0,9.1,0,0.0,500,1025,0,RF,0.0
1468,Harry Wolter,1917,9.0,0.0,9.0,0,0.0,514,1066,0,RF,0.0
1469,Mike Dorgan,1890,8.5,0.0,9.3,0,0.0,802,1151,0,1B,0.0
1470,Lee Walls,1964,8.1,0.0,9.4,1,0.0,670,1284,0,RF,0.0
1471,Michael Tucker,2006,8.1,0.0,9.3,0,0.0,1047,2332,0,RF,0.0
1472,Cal Abrams,1956,8.5,0.0,8.9,0,0.0,433,947,0,RF,0.0
1473,Ben Grieve,2005,8.4,0.0,8.9,1,0.0,864,1910,0,RF,0.0
1474,Frank Baumholtz,1957,8.1,0.05,9.1,0,0.0,1010,1640,0,RF,0.0
1475,Trey Mancini,2023,8.6,0.0,8.6,0,0.0,801,1633,0,1B,0.0
1476,Chick Fullis,1936,1.3,0.0,2.7,0,0.0,548,882,0,CF,0.0
1477,James Outman,2026,2.0,0.0,2.0,0,0.0,173,439,0,CF,0.0
1478,Pete Incaviglia,1998,10.3,0.0,12.1,0,0.0,1043,2290,0,LF,0.0
1479,Johan Rojas,2025,3.4,0.0,3.4,0,0.0,161,299,0,CF,0.0
1480,Alfredo Amézaga,2011,3.2,0.0,4.4,0,0.0,348,630,0,CF,0.0
1481,Ron Woods,1974,3.8,0.0,3.8,0,0.0,290,628,0,CF,0.0
1482,Ryan Thompson,2002,3.5,0.0,3.9,0,0.0,305,643,0,CF,0.0
1483,Estel Crabtree,1944,3.6,0.01,3.7,0,0.0,396,659,0,CF,0.0
1484,Jim Gosger,1974,2.3,0.0,4.9,0,0.0,411,842,0,CF,0.0
1485,Garrett Mitchell,2026,3.6,0.0,3.6,0,0.0,126,308,0,CF,0.0
1486,Keon Broxton,2019,3.5,0.0,3.5,0,0.0,189,518,0,CF,0.0
1487,Blake Perkins,2026,3.5,0.0,3.5,0,0.0,164,363,0,CF,0.0
1488,Parker Meadows,2026,3.5,0.0,3.5,0,0.0,145,327,0,CF,0.0
1489,Dick Johnston,1891,2.7,0.0,4.3,0,0.0,751,1379,0,SS,0.0
1490,Matt Vierling,2026,3.5,0.0,3.5,0,0.0,406,781,0,CF,0.0
1491,Dain Clay,1946,3.4,0.0,3.4,0,0.0,397,635,0,CF,0.0
1492,Rick Peters,1986,3.1,0.0,3.1,0,0.0,255,442,0,CF,0.0
1493,Pinky Ward,1932,3.4,0.0,3.4,0,0.0,302,613,0,CF,0.0
1494,Babe Melton,1929,3.4,0.0,3.4,0,0.0,132,279,0,CF,0.0
1495,Adam Engel,2023,3.3,0.0,3.3,0,0.0,318,618,0,CF,0.0
1496,Jack Dalton,1916,3.3,0.0,3.3,0,0.0,333,595,0,CF,0.0
1497,Charlie Jones,1908,3.3,0.0,3.3,0,0.0,420,740,0,CF,0.0
1498,John McMullin,1875,3.3,0.0,3.3,0,0.0,307,455,0,Unknown,0.0
1499,Bernie Neis,1927,2.9,0.0,3.7,0,0.0,496,938,0,CF,0.0
1500,Albert Almora,2022,3.3,0.0,3.3,0,0.0,386,664,0,CF,0.0
1501,Ted Uhlaender,1972,2.8,0.0,3.6,0,0.0,772,1290,0,CF,0.0
1502,Irvin Brooks,1927,3.2,0.0,3.2,0,0.0,158,295,0,CF,0.0
1503,Ed Stroud,1971,3.2,0.0,3.2,0,0.0,320,656,0,CF,0.0
1504,Joe Birmingham,1914,3.3,0.03,4.4,0,0.0,667,1068,0,CF,0.0
1505,Carden Gillenwater,1948,3.9,0.0,3.9,0,0.0,261,522,0,CF,0.0
1506,Rebel Oakes,1915,3.9,0.0,3.9,0,0.0,1011,1680,0,CF,0.0
1507,Tsuyoshi Shinjo,2003,3.9,0.0,3.9,0,0.0,215,388,0,CF,0.0
1508,Jose Siri,2026,4.9,0.0,4.9,0,0.0,231,570,0,CF,0.0
1509,Leury García,2022,4.0,0.0,5.6,0,0.0,560,950,0,CF,0.0
1510,Luis Matos,2006,4.7,0.0,4.7,0,0.0,410,782,0,CF,0.0
1511,Brett Phillips,2023,4.7,0.0,4.7,0,0.0,160,430,0,CF,0.0
1512,Algie McBride,1901,4.6,0.0,4.6,0,0.0,464,780,0,RF,0.0
1513,Farmer Weaver,1894,4.6,0.0,4.6,0,0.0,853,1417,0,C,0.0
1514,Travis Jankowski,2025,4.2,0.0,5.0,0,0.0,366,753,0,CF,0.0
1515,Jerome Walton,1998,3.7,0.04,5.5,0,0.0,423,787,0,CF,0.0
1516,Kiddo Davis,1938,4.4,0.0,4.7,0,0.0,515,890,0,CF,0.0
1517,Jo-Jo White,1944,4.2,0.0,4.9,0,0.0,678,1347,0,CF,0.0
1518,Billy Conigliaro,1973,4.6,0.0,4.6,0,0.0,289,580,0,CF,0.0
1519,Johnny Watwood,1939,4.5,0.0,4.5,0,0.0,403,697,0,CF,0.0
1520,Brenton Doyle,2026,4.5,0.0,4.5,0,0.0,362,786,0,CF,0.0
1521,James Roseman,1890,4.5,0.0,4.5,0,0.0,726,1147,0,1B,0.0
1522,Chuck Carr,1997,4.3,0.0,4.6,0,0.0,435,862,0,CF,0.0
1523,Heinie Mueller,1935,3.6,0.0,5.1,0,0.0,597,1029,0,CF,0.0
1524,Jim Gleeson,1942,4.4,0.0,4.4,0,0.0,336,677,0,RF,0.0
1525,Bobby Del Greco,1965,3.7,0.0,5.0,0,0.0,454,984,0,CF,0.0
1526,Red Killefer,1916,4.2,0.0,4.2,0,0.0,381,668,0,CF,0.0
1527,Pete Hill,1925,4.2,0.0,4.2,0,0.0,154,308,0,CF,0.0
1528,Alex Cole,1996,4.2,0.0,4.2,0,0.0,493,983,0,CF,0.0
1529,Tetelo Vargas,1943,4.1,0.0,4.1,3,0.2,186,318,0,CF,0.0
1530,Luis Márquez,1954,3.9,0.0,3.9,4,0.1,194,376,0,CF,0.0
1531,Ron Roenicke,1988,2.9,0.0,3.4,0,0.0,256,578,0,CF,0.0
1532,Leon Culberson,1948,3.1,0.0,3.1,0,0.0,324,596,0,CF,0.0
1533,Calvin Murray,2004,2.1,0.0,2.1,0,0.0,146,304,0,CF,0.0
1534,Joey Gathright,2011,2.2,0.0,2.2,0,0.0,309,534,0,CF,0.0
1535,Bob Brower,1989,2.4,0.0,2.4,0,0.0,141,317,0,CF,0.0
1536,Denny Sullivan,1909,2.4,0.0,2.4,0,0.0,221,344,0,CF,0.0
1537,Harry Kenyon,1929,2.0,0.0,2.7,0,0.0,341,581,0,LF,0.0
1538,Lázaro Salazar,1936,2.4,0.0,2.4,0,0.2,161,307,0,LF,0.0
1539,Brad Komminsk,1991,2.2,0.0,2.5,0,0.0,215,484,0,RF,0.0
1540,Al Burch,1911,2.3,0.0,2.3,0,0.0,554,936,0,CF,0.0
1541,Óscar Mercado,2023,2.3,0.0,2.3,0,0.0,211,434,0,CF,0.0
1542,Joe Marty,1941,2.3,0.0,2.3,0,0.0,478,888,0,CF,0.0
1543,Jeremy Reed,2011,1.9,0.0,2.6,0,0.0,315,562,0,CF,0.0
1544,Steven Duggar,2022,2.2,0.0,2.2,0,0.0,183,365,0,CF,0.0
1545,Jakob Marsee,2026,2.2,0.0,2.2,0,0.0,98,234,0,CF,0.0
1546,Phil Baker,1886,2.2,0.0,2.2,0,0.0,212,318,0,1B,0.0
1547,Bill Howerton,1952,3.1,0.0,3.1,0,0.0,178,400,0,CF,0.0
1548,Rick Bosetti,1982,2.2,0.0,2.2,0,0.0,385,631,0,CF,0.0
1549,Quinton McCracken,2006,0.3,0.0,4.1,0,0.0,675,1238,0,CF,0.0
1550,Red Barnes,1930,2.2,0.0,2.2,0,0.0,225,445,0,CF,0.0
1551,Wayne Comer,1972,2.1,0.0,2.1,0,0.0,157,359,0,CF,0.0
1552,Chris Duffy,2009,2.1,0.0,2.1,0,0.0,187,343,0,CF,0.0
1553,Leslie Green,1946,2.1,0.0,2.1,1,0.0,81,190,0,CF,0.0
1554,Jung Hoo Lee,2026,2.1,0.0,2.1,0,0.0,235,424,0,CF,0.0
1555,Timo Pérez,2007,1.5,0.0,2.7,0,0.0,449,753,0,CF,0.0
1556,JJ Bleday,2026,2.1,0.0,2.1,0,0.0,308,775,0,CF,0.0
1557,Jonny DeLuca,2026,2.1,0.0,2.1,0,0.0,132,264,0,RF,0.0
1558,Sanford Jackson,1932,1.1,0.0,3.1,0,0.0,492,802,0,CF,0.0
1559,Jim Delsing,1960,1.5,0.0,3.4,0,0.0,627,1215,0,CF,0.0
1560,Gus Felix,1927,2.5,0.0,2.5,0,0.0,561,955,0,LF,0.0
1561,Don Landrum,1966,2.2,0.0,2.9,0,0.0,272,500,0,CF,0.0
1562,Alek Thomas,2026,2.6,0.0,2.6,0,0.0,317,597,0,CF,0.0
1563,Armando Marsans,1918,2.5,0.09,3.6,0,0.0,612,1067,0,CF,0.0
1564,Jerry White,1986,2.7,0.0,3.4,0,0.0,303,639,0,CF,0.0
1565,Nook Logan,2007,3.0,0.0,3.0,0,0.0,233,416,0,CF,0.0
1566,George Johnson,1928,3.0,0.0,3.0,0,0.3,288,549,0,CF,0.0
1567,Kirk Nieuwenhuis,2017,2.9,0.0,2.9,0,0.0,216,519,0,CF,0.0
1568,Felix McLaurin,1946,2.9,0.0,2.9,0,0.0,161,275,0,CF,0.0
1569,Danny Santana,2021,2.1,0.0,3.8,0,0.0,443,884,0,CF,0.0
1570,Bradley Zimmer,2022,2.9,0.0,2.9,0,0.0,183,404,0,CF,0.0
1571,Damon Buford,2001,2.5,0.0,3.2,0,0.0,448,943,0,CF,0.0
1572,Jimmy McAleer,1907,1.4,0.0,4.2,0,0.0,1008,1862,0,CF,0.0
1573,Guillermo Heredia,2022,2.8,0.0,2.8,0,0.0,320,617,0,CF,0.0
1574,Samuel Byrd,1936,2.5,0.0,3.1,0,0.0,465,915,0,CF,0.0
1575,John Donaldson,1924,2.7,0.0,2.7,0,0.0,242,394,0,CF,0.0
1576,Marty Keough,1966,1.4,0.0,4.1,0,0.0,434,870,0,CF,0.0
1577,Monk Cline,1891,2.7,0.0,2.7,0,0.0,245,411,0,SS,0.0
1578,Charlie Hanford,1915,2.7,0.0,2.7,0,0.0,217,412,0,CF,0.0
1579,Hub Walker,1945,2.7,0.0,2.7,0,0.0,205,405,0,CF,0.0
1580,Ed Andrews,1891,2.1,0.0,3.3,0,0.0,830,1434,0,2B,0.0
1581,Bill Harbridge,1884,2.1,0.0,3.2,0,0.0,373,540,0,C,0.0
1582,Justin Maxwell,2015,2.6,0.0,2.6,0,0.0,233,565,0,RF,0.0
1583,Rasty Wright,1890,2.6,0.0,2.6,0,0.0,111,248,0,Unknown,0.0
1584,Jason McDonald,2000,2.6,0.0,2.6,0,0.0,167,375,0,CF,0.0
1585,Sam Hilliard,2025,2.6,0.0,2.6,0,0.0,181,483,0,LF,0.0
1586,Art Shamsky,1972,6.0,0.0,6.9,0,0.0,426,913,0,RF,0.0
1587,Bobby Kielty,2007,6.4,0.0,6.4,0,0.0,456,999,0,RF,0.0
1588,Danny Moeller,1916,6.3,0.02,6.3,0,0.0,618,1305,0,RF,0.0
1589,Gibby Brack,1939,2.4,0.0,2.4,0,0.0,273,532,0,RF,0.0
1590,Esteban Montalvo,1928,2.6,0.0,2.6,0,0.0,217,461,0,RF,0.0
1591,Randy Bush,1993,1.4,0.0,3.8,0,0.0,763,1638,0,RF,0.0
1592,Pete Scott,1928,2.5,0.0,2.5,0,0.0,158,299,0,RF,0.0
1593,Jimmy Sebring,1909,2.5,0.0,2.5,0,0.0,368,646,0,RF,0.0
1594,Emil Frisk,1907,2.5,0.0,2.5,0,0.0,135,229,0,RF,0.0
1595,Mike Darr,2001,2.5,0.0,2.5,0,0.0,148,285,0,RF,0.0
1596,Richie Scheinblum,1974,1.5,0.0,3.5,1,0.0,320,578,0,RF,0.0
1597,Ted Scheffler,1890,2.5,0.0,2.5,0,0.0,128,334,0,C,0.0
1598,Bombo Rivera,1982,2.5,0.0,2.5,0,0.0,220,393,0,RF,0.0
1599,Walt Bond,1967,2.5,0.0,2.5,0,0.0,307,608,0,1B,0.0
1600,John Sullivan,1921,2.4,0.0,2.4,0,0.0,153,266,0,LF,0.0
1601,Clyde Spearman,1946,2.1,0.0,2.6,0,0.0,226,405,0,RF,0.0
1602,Dominic Canzone,2026,2.2,0.0,2.2,0,0.0,168,357,0,RF,0.0
1603,Tommy Thompson,1939,2.3,0.0,2.3,0,0.0,294,478,0,RF,0.0
1604,Joe Grace,1947,2.3,0.0,2.3,0,0.0,442,802,0,RF,0.0
1605,Earl Robinson,1964,2.3,0.0,2.3,0,0.0,113,233,0,RF,0.0
1606,Buzz Arlett,1931,2.3,0.0,2.3,0,0.0,131,273,0,RF,0.0
1607,Dustan Mohr,2007,2.2,0.0,2.2,0,0.0,340,731,0,RF,0.0
1608,Scott Schebler,2021,2.2,0.0,2.2,0,0.0,299,678,0,RF,0.0
1609,Jocko Halligan,1892,2.2,0.0,2.2,0,0.0,207,406,0,C,0.0
1610,William Nance,1901,2.2,0.0,2.2,0,0.0,182,350,0,LF,0.0
1611,Cam Smith,2026,2.2,0.0,2.2,0,0.0,135,283,0,RF,0.0
1612,Brian Bogusevic,2015,2.2,0.0,2.2,0,0.0,178,375,0,RF,0.0
1613,Joe Schultz,1925,1.5,0.0,2.9,0,0.0,558,875,0,RF,0.0
1614,Johnny Lewis,1967,2.7,0.0,2.7,0,0.0,175,380,0,RF,0.0
1615,Franmil Reyes,2023,2.7,0.0,2.7,0,0.0,468,1051,0,RF,0.0
1616,Sam Mele,1956,1.2,0.0,4.1,0,0.0,916,1728,0,RF,0.0
1617,Duke Cleveland,1947,2.6,0.0,2.8,1,0.1,160,274,0,RF,0.0
1618,Jesús Alou,1979,0.8,0.0,5.6,0,0.0,1216,1703,0,RF,0.0
1619,Lefty Davis,1907,3.1,0.0,3.1,0,0.0,338,649,0,RF,0.0
1620,Beau Bell,1941,3.1,0.19,3.1,1,0.0,806,1456,0,RF,0.0
1621,Billy Maloney,1908,3.1,0.0,3.1,0,0.0,585,1058,0,CF,0.0
1622,Ed Coleman,1936,3.1,0.0,3.1,0,0.0,381,732,0,RF,0.0
1623,Hal Peck,1949,3.1,0.0,3.1,0,0.0,305,525,0,RF,0.0
1624,Dick Cox,1926,3.1,0.0,3.1,0,0.0,261,446,0,RF,0.0
1625,Roger Cedeño,2005,1.7,0.0,4.4,0,0.0,865,1708,0,RF,0.0
1626,Joe Visner,1891,3.0,0.0,3.0,0,0.0,245,540,0,C,0.0
1627,Jeremy Hermida,2012,2.7,0.0,3.3,0,0.0,517,1072,0,RF,0.0
1628,Jake Fraley,2026,2.6,0.0,3.4,0,0.0,359,818,0,RF,0.0
1629,Otis Clymer,1913,2.9,0.0,2.9,0,0.0,355,623,0,RF,0.0
1630,Bob Addy,1877,2.9,0.0,2.9,0,0.0,341,461,0,2B,0.0
1631,Doc Miller,1914,2.9,0.0,2.9,0,0.0,507,854,0,RF,0.0
1632,Trayce Thompson,2023,2.9,0.0,2.9,0,0.0,198,516,0,RF,0.0
1633,Terry Crowley,1983,2.2,0.0,3.5,0,0.0,379,794,0,RF,0.0
1634,Mike Vail,1984,2.0,0.0,3.7,0,0.0,447,726,0,RF,0.0
1635,Grover Gilmore,1915,2.8,0.0,2.8,0,0.0,269,467,0,RF,0.0
1636,Warren Newson,1998,2.6,0.0,3.1,0,0.0,248,608,0,RF,0.0
1637,Travis Buck,2012,2.8,0.0,2.8,0,0.0,197,409,0,RF,0.0
1638,Chuck Workman,1946,2.8,0.0,2.8,0,0.0,423,829,0,RF,0.0
1639,Tom Long,1917,2.7,0.0,2.7,0,0.0,401,708,0,RF,0.0
1640,Armando Ríos,2003,2.7,0.0,2.7,0,0.0,275,583,0,RF,0.0
1641,Chito Martínez,1993,2.2,0.0,2.2,0,0.0,111,238,0,RF,0.0
1642,Donald Reeves,1941,2.2,0.0,2.2,1,0.1,94,180,0,RF,0.0
1643,Lance Richbourg,1932,6.1,0.06,6.4,0,0.0,806,1287,0,RF,0.0
1644,Carlos López,1978,1.6,0.0,1.6,0,0.0,130,240,0,RF,0.0
1645,Mike Simms,1999,1.4,0.0,2.1,0,0.0,163,379,0,RF,0.0
1646,Shane Robinson,2018,1.4,0.0,2.1,0,0.0,168,314,0,LF,0.0
1647,Gene Green,1963,1.7,0.0,1.7,0,0.0,307,599,0,RF,0.0
1648,Steve Hovley,1973,1.7,0.0,1.7,0,0.0,263,481,0,RF,0.0
1649,Lyle Mouton,2001,1.7,0.0,1.7,0,0.0,225,418,0,RF,0.0
1650,Paulo Orlando,2018,1.7,0.0,1.7,0,0.0,230,376,0,RF,0.0
1651,Oscar Owens,1929,1.7,0.0,1.7,0,0.0,74,134,0,RF,0.0
1652,Bud Souchock,1955,1.4,0.0,2.0,0,0.0,313,664,0,LF,0.0
1653,Mortimer Hogan,1888,1.6,0.0,1.6,0,0.0,88,254,0,SS,0.0
1654,Zaza Harvey,1902,1.6,0.0,1.6,0,0.0,86,142,0,RF,0.0
1655,Ron Jones,1991,1.6,0.0,1.6,0,0.0,65,139,0,RF,0.0
1656,Joe Wilhoit,1919,1.6,0.0,1.6,0,0.0,201,354,0,RF,0.0
1657,Tito Landrum,1988,1.8,0.0,2.5,0,0.0,248,453,0,RF,0.0
1658,Lefty Johnson,1892,1.6,0.0,1.6,0,0.0,168,366,0,Unknown,0.0
1659,Curt Ford,1990,1.6,0.0,1.6,0,0.0,182,358,0,RF,0.0
1660,Joey Rickard,2020,1.6,0.0,1.6,0,0.0,222,416,0,RF,0.0
1661,Bob Hazle,1958,1.5,0.0,1.5,0,0.0,81,155,0,RF,0.0
1662,George Puccinelli,1936,1.5,0.0,1.5,0,0.0,172,356,0,RF,0.0
1663,Blainey Hall,1925,1.5,0.0,1.5,0,0.0,82,130,0,RF,0.0
1664,Carlos Cortes,2026,1.5,0.0,1.5,0,0.0,66,126,0,RF,0.0
1665,Fred Sington,1939,1.5,0.0,1.5,0,0.0,140,298,0,RF,0.0
1666,Mel Clark,1957,1.5,0.0,1.5,0,0.0,182,290,0,RF,0.0
1667,Alex Escobar,2006,1.5,0.0,1.5,0,0.0,100,207,0,CF,0.0
1668,Lawrence Davis,1925,1.5,0.0,1.5,0,0.0,51,102,0,RF,0.0
1669,Al Pilarcik,1961,1.7,0.0,1.7,0,0.0,413,785,0,RF,0.0
1670,Norm Miller,1974,1.2,0.0,2.3,0,0.0,325,661,0,RF,0.0
1671,Tony Barron,1997,1.8,0.0,1.8,0,0.0,54,92,0,RF,0.0
1672,Buddy Bradford,1976,0.8,0.0,2.8,0,0.0,363,805,0,CF,0.0
1673,Jordan Luplow,2023,2.2,0.0,2.2,0,0.0,195,527,0,RF,0.0
1674,Wayne Kirby,1998,1.8,0.0,2.5,0,0.0,302,555,0,RF,0.0
1675,Tom Parker,1948,1.7,0.0,2.6,0,0.0,210,350,0,RF,0.0
1676,Frank McGowan,1937,2.1,0.0,2.1,0,0.0,316,595,0,RF,0.0
1677,George Vukovich,1985,2.1,0.0,2.1,0,0.0,430,743,0,RF,0.0
1678,Ángel Mangual,1976,2.1,0.0,2.1,0,0.0,304,494,0,RF,0.0
1679,Aristides Aquino,2022,2.1,0.0,2.1,0,0.0,145,376,0,RF,0.0
1680,Dave Clark,1998,0.3,0.0,3.8,0,0.0,518,1042,0,RF,0.0
1681,Oswaldo Cabrera,2025,2.0,0.0,2.0,0,0.0,201,384,0,3B,0.0
1682,Román Mejías,1964,1.0,0.0,2.9,0,0.0,449,803,0,RF,0.0
1683,Pete Whisenant,1961,1.6,0.0,2.3,0,0.0,221,497,0,CF,0.0
1684,Olaf Henriksen,1917,1.9,0.0,1.9,0,0.0,131,272,0,RF,0.0
1685,Cowan Hyde,1948,0.8,0.0,3.1,3,0.2,238,395,0,RF,0.0
1686,Elijah Dukes,2009,1.9,0.0,1.9,0,0.0,199,494,0,RF,0.0
1687,Fred Long,1926,1.9,0.0,1.9,0,0.0,86,164,0,RF,0.0
1688,Mike Chartak,1944,1.9,0.0,1.9,0,0.0,186,405,0,RF,0.0
1689,Aaron Guiel,2006,1.9,0.0,1.9,0,0.0,239,493,0,RF,0.0
1690,Aaron Altherr,2019,1.9,0.0,1.9,0,0.0,222,538,0,RF,0.0
1691,Johnny Smith,1948,1.7,0.0,2.0,0,0.1,179,258,0,RF,0.0
1692,Cory Snyder,1994,0.7,0.0,3.0,0,0.0,902,1807,0,RF,0.0
1693,Chris Richard,2009,1.8,0.0,1.8,0,0.0,229,499,0,1B,0.0
1694,Dave Hoskins,1954,1.8,0.0,1.8,0,0.0,166,266,0,RF,0.0
1695,Al Schweitzer,1911,1.8,0.0,1.8,0,0.0,208,412,0,RF,0.0
1696,Steve Brady,1886,3.2,0.0,3.2,0,0.0,529,747,0,1B,0.0
1697,Matt Wallner,2026,3.3,0.0,3.3,0,0.0,211,560,0,RF,0.0
1698,Augie Bergamo,1945,3.3,0.0,3.3,0,0.0,151,277,0,RF,0.0
1699,Nate Schierholtz,2014,4.6,0.0,5.3,0,0.0,529,1011,0,RF,0.0
1700,Orville Singer,1932,5.2,0.0,5.2,0,0.0,267,436,0,2B,0.0
1701,Gus Williams,1915,5.1,0.0,5.1,0,0.0,367,744,0,RF,0.0
1702,Sam Dungan,1901,5.1,0.0,5.1,0,0.0,464,750,0,RF,0.0
1703,Jon Nunnally,2000,5.1,0.0,5.1,0,0.0,218,580,0,RF,0.0
1704,Alex Call,2026,5.1,0.0,5.1,0,0.0,222,481,0,LF,0.0
1705,Homer Summa,1930,4.6,0.0,5.4,0,0.0,905,1403,0,RF,0.0
1706,Brad Hawpe,2013,4.5,0.0,5.6,1,0.0,806,1843,0,RF,0.0
1707,Keith Moreland,1989,3.5,0.02,6.5,0,0.0,1279,2317,0,RF,0.0
1708,Turner Ward,2001,4.4,0.0,5.6,0,0.0,389,820,0,RF,0.0
1709,Frank Welch,1927,4.4,0.0,5.6,0,0.0,634,1187,0,RF,0.0
1710,Xavier Nady,2014,3.8,0.0,6.2,0,0.0,797,1490,0,RF,0.0
1711,Bill Crowley,1885,4.8,0.0,5.1,0,0.0,540,793,0,C,0.0
1712,Jim Kelly,1918,3.3,0.0,3.3,0,0.0,212,371,0,RF,0.0
1713,Bobby Darwin,1977,4.5,0.0,5.2,0,0.0,559,1091,0,RF,0.0
1714,Gregory Polanco,2021,3.9,0.0,5.5,0,0.0,696,1563,0,RF,0.0
1715,John Barry,1908,3.7,0.0,5.6,0,0.0,1073,1744,0,RF,0.0
1716,Vin Campbell,1915,4.6,0.0,4.6,0,0.0,642,1068,0,CF,0.0
1717,Gabe Gross,2010,4.6,0.0,4.6,0,0.0,349,784,0,RF,0.0
1718,Hugh Nicol,1890,4.1,0.0,5.1,0,0.0,813,1697,0,2B,0.0
1719,Jake McCarthy,2026,4.6,0.0,4.6,0,0.0,367,739,0,RF,0.0
1720,Lou Finney,1947,3.4,0.0,5.7,1,0.0,1329,2163,0,RF,0.0
1721,Zollie Wright,1941,4.5,0.0,4.6,1,0.1,246,452,0,RF,0.0
1722,Otto Briggs,1934,4.5,0.0,4.5,0,0.0,404,719,0,RF,0.0
1723,Lou Clinton,1967,4.0,0.0,5.1,0,0.0,532,1101,0,RF,0.0
1724,Jimmy Bannon,1896,5.2,0.0,5.2,0,0.0,460,892,0,SS,0.0
1725,Ed Steele,1948,5.2,0.0,5.2,0,0.7,142,295,0,RF,0.0
1726,David Whatley,1944,5.2,0.0,5.2,0,0.1,292,511,0,RF,0.0
1727,Steven Souza Jr.,2022,5.0,0.0,5.5,0,0.0,383,926,0,RF,0.0
1728,Jay Gibbons,2011,5.5,0.0,7.0,0,0.0,759,1546,0,RF,0.0
1729,Luke Raley,2026,6.2,0.0,6.2,0,0.0,280,642,0,RF,0.0
1730,Sal Frelick,2026,6.2,0.0,6.2,0,0.0,355,663,0,RF,0.0
1731,Kerry Carpenter,2026,6.2,0.0,6.2,0,0.0,348,759,0,RF,0.0
1732,Greasy Neale,1924,5.6,0.0,6.7,0,0.0,688,1223,0,RF,0.0
1733,Ike Boone,1932,6.0,0.05,6.2,0,0.0,372,692,0,RF,0.0
1734,Dave Harris,1934,6.1,0.06,6.1,0,0.0,406,866,0,RF,0.0
1735,Johnny Barrett,1946,6.1,0.04,6.1,0,0.0,454,1003,0,RF,0.0
1736,Ed Hahn,1910,6.0,0.0,6.0,0,0.0,484,888,0,RF,0.0
1737,Junior Félix,1994,6.0,0.0,6.0,0,0.0,562,1087,0,RF,0.0
1738,Crush Holloway,1939,4.7,0.0,7.1,0,0.0,887,1571,0,RF,0.0
1739,Rob Mackowiak,2008,5.5,0.0,6.1,0,0.0,603,1218,0,RF,0.0
1740,Harry Simpson,1959,5.5,0.11,6.1,1,0.0,870,1643,0,RF,0.0
1741,R.J. Reynolds,1990,5.6,0.0,5.9,0,0.0,605,1164,0,RF,0.0
1742,Lane Thomas,2026,5.4,0.0,6.1,0,0.0,505,1139,0,RF,0.0
1743,Pat Sheridan,1991,5.4,0.0,6.0,0,0.0,611,1219,0,RF,0.0
1744,Buzz Boyle,1935,5.6,0.05,5.6,0,0.0,389,671,0,RF,0.0
1745,Bunk Congalton,1907,5.5,0.0,5.5,0,0.0,342,502,0,RF,0.0
1746,Ray Demmitt,1919,5.5,0.0,5.5,0,0.0,419,784,0,RF,0.0
1747,Jeff DaVanon,2007,5.2,0.0,5.7,0,0.0,333,759,0,RF,0.0
1748,Jesús Sánchez,2026,5.4,0.0,5.4,0,0.0,482,1051,0,RF,0.0
1749,Joe Lahoud,1978,4.1,0.0,6.5,0,0.0,429,1045,0,RF,0.0
1750,Jim Williams,1944,4.8,0.0,5.7,2,0.3,424,694,0,RF,0.0
1751,Wilbur Good,1918,4.1,0.0,4.9,0,0.0,609,1102,0,RF,0.0
1752,Bob Thurman,1959,4.2,0.0,4.6,0,0.0,282,578,0,RF,0.0
1753,Kosuke Fukudome,2012,4.4,0.0,4.4,1,0.0,498,1097,0,RF,0.0
1754,Rick Leach,1990,3.1,0.0,4.1,0,0.0,460,818,0,1B,0.0
1755,Fred Valentine,1968,3.6,0.01,3.6,0,0.0,360,747,0,RF,0.0
1756,Jim Norris,1980,3.6,0.0,3.6,0,0.0,338,682,0,RF,0.0
1757,Harold Ramírez,2024,3.6,0.0,3.6,0,0.0,517,834,0,RF,0.0
1758,Jimmy Wasdell,1947,2.9,0.0,4.2,0,0.0,782,1318,0,1B,0.0
1759,Tuck Turner,1898,3.6,0.0,3.6,0,0.0,482,828,0,Unknown,0.0
1760,Ben Paschal,1929,3.4,0.0,3.6,0,0.0,243,480,0,RF,0.0
1761,Frank Gilhooley,1919,3.1,0.0,4.0,0,0.0,289,522,0,RF,0.0
1762,Rob Refsnyder,2026,2.9,0.0,4.1,0,0.0,350,728,0,LF,0.0
1763,Billy Sunday,1890,3.0,0.0,4.0,0,0.0,498,1017,0,Unknown,0.0
1764,Walt Williams,1975,2.4,0.0,4.6,0,0.0,640,1027,0,RF,0.0
1765,Dylan Carlson,2026,3.5,0.0,3.5,0,0.0,409,847,0,CF,0.0
1766,Casper Wells,2013,3.5,0.0,3.5,0,0.0,158,335,0,RF,0.0
1767,Tyler Naquin,2023,3.3,0.0,3.7,0,0.0,439,880,0,RF,0.0
1768,Nathan Lukes,2026,3.5,0.0,3.5,0,0.0,140,273,0,RF,0.0
1769,George Bechtel,1876,3.4,0.0,3.4,0,0.0,288,408,0,Unknown,0.0
1770,Domingo Santana,2020,3.4,0.0,3.4,0,0.0,428,989,0,RF,0.0
1771,LeRoy Taylor,1934,3.0,0.0,3.8,1,0.0,416,664,0,RF,0.0
1772,George Thomas,1971,2.2,0.0,4.6,0,0.0,430,808,0,RF,0.0
1773,Clint Hurdle,1987,2.8,0.0,4.0,0,0.0,360,738,0,RF,0.0
1774,Rich Coggins,1976,3.4,0.0,3.4,0,0.0,287,513,0,RF,0.0
1775,Doc Cook,1916,3.3,0.0,3.3,0,0.0,282,510,0,RF,0.0
1776,Ruben Jones,1940,3.3,0.0,3.3,0,0.0,344,560,0,RF,0.0
1777,Jeremy Giambi,2003,3.3,0.0,3.3,0,0.0,372,861,0,RF,0.0
1778,Cozy Dolan,1906,3.2,0.0,4.0,0,0.0,855,1399,0,RF,0.0
1779,Whitey Herzog,1963,2.8,0.0,4.5,0,0.0,414,843,0,RF,0.0
1780,Mike Anderson,1979,4.3,0.0,4.3,0,0.0,367,709,0,RF,0.0
1781,David Lough,2016,3.6,0.0,3.6,0,0.0,190,338,0,LF,0.0
1782,Bubba Morton,1969,4.3,0.0,4.3,0,0.0,248,461,0,RF,0.0
1783,Bubba Trammell,2003,4.2,0.0,4.2,0,0.0,469,1045,0,RF,0.0
1784,David Green,1987,4.2,0.0,4.2,0,0.0,374,703,0,1B,0.0
1785,Randy Moore,1937,3.5,0.03,4.9,0,0.0,627,1021,0,RF,0.0
1786,Roman Anthony,2026,4.1,0.0,4.1,0,0.0,100,220,0,RF,0.0
1787,Bob Harvey,1948,4.1,0.0,4.1,1,0.1,245,416,0,RF,0.0
1788,Jake Evans,1885,4.0,0.0,4.0,0,0.0,435,613,0,SS,0.0
1789,Wes Schulmerich,1934,4.0,0.0,4.0,0,0.0,417,736,0,RF,0.0
1790,Josh Lowe,2026,4.0,0.0,4.0,0,0.0,369,810,0,RF,0.0
1791,Lee Thomas,1968,3.0,0.11,4.9,2,0.0,847,1677,0,1B,0.0
1792,Jerry Martin,1984,2.4,0.0,5.5,0,0.0,666,1330,0,CF,0.0
1793,Bob Coluccio,1978,3.9,0.0,3.9,0,0.0,241,548,0,RF,0.0
1794,Garrett Jones,2015,3.6,0.0,4.2,0,0.0,734,1595,0,1B,0.0
1795,Mike Hershberger,1971,2.3,0.0,5.3,0,0.0,900,1565,0,RF,0.0
1796,Lawrence Butler,2026,3.8,0.0,3.8,0,0.0,290,669,0,RF,0.0
1797,Joe Lefebvre,1986,3.8,0.0,3.8,0,0.0,281,602,0,RF,0.0
1798,Curry Foley,1883,3.8,0.0,3.8,0,0.0,373,506,0,Unknown,0.0
1799,John Sneed,1891,3.7,0.0,3.7,0,0.0,263,543,0,SS,0.0
1800,Dick Kokos,1954,3.7,0.0,3.7,0,0.0,410,944,0,RF,0.0
1801,Pancho Coimbre,1944,3.7,0.0,3.7,2,0.1,177,298,0,RF,0.0
1802,Champ Summers,1984,3.0,0.0,4.3,0,0.0,350,786,0,RF,0.0
1803,Charlie Dexter,1903,3.5,0.0,3.8,0,0.0,751,1323,0,C,0.0
1804,Carl Taylor,1973,3.6,0.0,3.6,0,0.0,225,446,0,C,0.0
1805,Jabbo Andrews,1942,4.8,0.0,5.1,0,0.0,287,518,0,LF,0.0
1806,Jack Remsen,1884,4.2,0.0,5.7,0,0.0,573,832,0,1B,0.0
1807,Ernie Orsatti,1935,4.5,0.08,5.4,0,0.0,663,1122,0,CF,0.0
1808,Kyle Blanks,2015,4.1,0.0,4.1,0,0.0,199,433,0,LF,0.0
1809,Laynce Nix,2013,3.8,0.0,4.8,0,0.0,460,930,0,CF,0.0
1810,Chris Heisey,2017,4.0,0.0,4.6,0,0.0,380,794,0,LF,0.0
1811,Fred Odwell,1907,4.2,0.0,4.2,0,0.0,365,658,0,LF,0.0
1812,Ryan Langerhans,2013,3.1,0.0,5.3,0,0.0,283,667,0,LF,0.0
1813,Don Lenhardt,1954,4.2,0.0,4.2,0,0.0,401,886,0,LF,0.0
1814,Jerry Lynch,1966,2.7,0.0,5.7,0,0.0,798,1570,0,LF,0.0
1815,Delmon Young,2015,3.2,0.11,5.2,0,0.0,1162,1944,0,LF,0.0
1816,Doc Dudley,1923,4.2,0.0,4.2,0,0.0,243,478,0,LF,0.0
1817,Rob Ducey,2001,3.2,0.0,5.1,0,0.0,309,694,0,LF,0.0
1818,Trevor Larnach,2026,4.1,0.0,4.1,0,0.0,380,833,0,LF,0.0
1819,Fred Nicholson,1922,4.1,0.0,4.1,0,0.0,247,445,0,LF,0.0
1820,Pat Seerey,1949,4.1,0.0,4.1,0,0.0,406,1009,0,LF,0.0
1821,Curt Motton,1974,3.7,0.0,3.7,0,0.0,121,309,0,LF,0.0
1822,Fred Lewis,2012,4.1,0.0,4.1,0,0.0,415,852,0,LF,0.0
1823,Harry McCormick,1913,4.0,0.0,4.0,0,0.0,356,610,0,LF,0.0
1824,David Dellucci,2009,2.5,0.0,5.3,0,0.0,736,1613,0,LF,0.0
1825,Chad Pinder,2022,3.9,0.0,3.9,0,0.0,388,777,0,LF,0.0
1826,George Treadway,1896,3.9,0.0,3.9,0,0.0,368,782,0,1B,0.0
1827,Henry Rodríguez,2002,2.4,0.02,5.3,1,0.0,784,1744,0,LF,0.0
1828,Orlando Palmeiro,2007,2.6,0.0,5.2,0,0.0,640,1119,0,LF,0.0
1829,Buddy Armour,1947,3.9,0.0,3.8,4,0.2,190,335,0,SS,0.0
1830,Joe Evans,1925,3.0,0.0,4.6,0,0.0,529,950,0,3B,0.0
1831,Gil Coan,1956,2.0,0.02,5.6,0,0.0,731,1349,0,LF,0.0
1832,Jim Wohlford,1986,2.0,0.0,5.5,0,0.0,793,1377,0,LF,0.0
1833,Mike Felder,1994,3.1,0.0,5.6,0,0.0,564,1058,0,LF,0.0
1834,Henry Cotto,1993,4.1,0.0,4.9,0,0.0,569,1043,0,CF,0.0
1835,Spud Johnson,1891,4.5,0.0,4.5,0,0.0,400,721,0,3B,0.0
1836,Hugh High,1918,4.6,0.0,4.6,0,0.0,386,759,0,LF,0.0
1837,Brandon Guyer,2018,5.4,0.0,5.4,0,0.0,323,614,0,LF,0.0
1838,Jonny Gomes,2015,3.5,0.0,7.4,0,0.0,835,1973,0,LF,0.0
1839,Mike Morse,2017,3.8,0.01,6.9,0,0.0,705,1359,0,LF,0.0
1840,Mickey Hatcher,1990,3.0,0.0,7.7,0,0.0,946,1447,0,LF,0.0
1841,Ron Kittle,1991,4.7,0.0,5.8,1,0.0,648,1534,0,LF,0.0
1842,Sam Fuld,2015,5.1,0.0,5.5,0,0.0,308,660,0,LF,0.0
1843,Al Ferrara,1971,5.1,0.0,5.4,0,0.0,358,741,0,LF,0.0
1844,Harry Anderson,1961,5.2,0.01,5.2,0,0.0,419,875,0,LF,0.0
1845,Eloy Jiménez,2026,5.2,0.0,5.2,0,0.0,537,1061,0,LF,0.0
1846,Matt Diaz,2013,3.8,0.0,6.5,0,0.0,546,946,0,LF,0.0
1847,Dick Williams,1964,3.4,0.0,6.8,0,0.0,768,1398,0,LF,0.0
1848,Butch Nieman,1945,5.0,0.0,5.0,0,0.0,269,603,0,LF,0.0
1849,Joe Sommer,1890,3.7,0.0,6.3,0,0.1,911,1476,0,3B,0.0
1850,Smead Jolley,1933,5.0,0.04,5.0,0,0.0,521,906,0,LF,0.0
1851,Willie Harris,2012,3.3,0.0,6.6,0,0.0,580,1258,0,LF,0.0
1852,Shane Spencer,2004,5.0,0.0,5.0,0,0.0,438,880,0,LF,0.0
1853,Ernie Koy,1942,4.9,0.0,4.9,0,0.0,515,966,0,LF,0.0
1854,Gene Clines,1979,4.6,0.02,5.2,0,0.0,645,1033,0,LF,0.0
1855,Guy Curtright,1946,4.8,0.0,4.8,0,0.0,294,560,0,LF,0.0
1856,Travis Snider,2015,4.4,0.0,5.1,0,0.0,435,900,0,LF,0.0
1857,Jim Greengrass,1956,4.7,0.0,4.7,0,0.0,482,974,0,LF,0.0
1858,Jerry Turner,1983,4.2,0.0,5.2,0,0.0,448,878,0,LF,0.0
1859,Craig Monroe,2009,3.7,0.0,5.7,0,0.0,678,1394,0,LF,0.0
1860,Thad Bosley,1990,2.3,0.0,5.2,0,0.0,430,754,0,LF,0.0
1861,Miguel Diloné,1985,2.5,0.01,4.9,0,0.0,530,1074,0,LF,0.0
1862,Richie Palacios,2026,2.6,0.0,2.6,0,0.0,143,318,0,2B,0.0
1863,Buddy Burbage,1943,2.5,0.0,3.2,0,0.1,232,438,0,RF,0.0
1864,Collin Cowgill,2016,3.0,0.0,3.0,0,0.0,161,299,0,LF,0.0
1865,Colton Cowser,2026,3.0,0.0,3.0,0,0.0,206,504,0,LF,0.0
1866,Heliot Ramos,2026,3.0,0.0,3.0,1,0.0,343,677,0,LF,0.0
1867,Al Scheer,1915,2.9,0.0,2.9,0,0.0,262,522,0,LF,0.0
1868,Chet Ross,1944,2.9,0.0,2.9,0,0.0,316,643,0,LF,0.0
1869,Cliff Lee,1926,2.5,0.0,3.3,0,0.0,475,850,0,LF,0.0
1870,Phil Plantier,1997,2.3,0.0,3.4,0,0.0,457,1076,0,LF,0.0
1871,Woody Jensen,1939,2.0,0.0,3.8,0,0.0,774,1129,0,LF,0.0
1872,Clyde Vollmer,1954,2.0,0.0,3.8,0,0.0,508,1062,0,LF,0.0
1873,George Shuba,1955,2.9,0.01,2.9,0,0.0,211,461,0,LF,0.0
1874,Sam Haggerty,2026,2.7,0.0,3.0,0,0.0,144,320,0,LF,0.0
1875,Frank Huelsman,1905,2.8,0.0,2.8,0,0.0,213,386,0,LF,0.0
1876,Scott Van Slyke,2017,3.7,0.0,3.7,0,0.0,184,413,0,LF,0.0
1877,Rube Ellis,1912,2.8,0.0,2.8,0,0.0,517,956,0,LF,0.0
1878,Chris Duncan,2009,2.8,0.0,2.8,0,0.0,295,689,0,LF,0.0
1879,Akil Baddoo,2025,2.8,0.0,2.8,0,0.0,228,538,0,LF,0.0
1880,Jason Tyner,2008,2.4,0.0,3.2,0,0.0,373,568,0,LF,0.0
1881,Tom O'Brien,1900,2.7,0.0,2.7,0,0.0,437,750,0,1B,0.0
1882,Marcus Thames,2011,1.9,0.0,3.6,0,0.0,450,1048,0,LF,0.0
1883,Dan Wilson,1947,2.4,0.0,3.0,5,0.1,270,485,0,LF,0.0
1884,Tom Grieve,1979,1.8,0.0,3.5,0,0.0,474,907,0,LF,0.0
1885,Cozy Dolan,1922,2.7,0.0,2.7,0,0.0,299,625,0,LF,0.0
1886,Barry Bonnell,1986,1.7,0.0,3.6,0,0.0,833,1485,0,LF,0.0
1887,Stone Garrett,2024,2.6,0.0,2.6,0,0.0,87,191,0,LF,0.0
1888,Justin Ruggiano,2017,2.5,0.0,3.6,0,0.0,343,736,0,CF,0.0
1889,Frenchy Bordagaray,1945,2.2,0.0,3.9,0,0.0,745,1202,0,3B,0.0
1890,Tom Poquette,1982,3.0,0.0,3.0,0,0.0,329,551,0,LF,0.0
1891,Seth Brown,2025,3.1,0.0,3.1,0,0.0,371,857,0,RF,0.0
1892,Andy Dirks,2013,3.7,0.0,3.7,0,0.0,268,490,0,LF,0.0
1893,Marty Sullivan,1891,3.6,0.0,3.6,0,0.0,441,900,0,1B,0.0
1894,Alec Burleson,2026,3.5,0.0,3.5,0,0.0,426,812,0,1B,0.0
1895,Tyler Soderstrom,2026,3.5,0.0,3.5,0,0.0,251,554,0,LF,0.0
1896,Dusty Rhodes,1959,3.5,0.0,3.5,0,0.0,296,656,0,LF,0.0
1897,Skip Schumaker,2015,1.6,0.0,5.4,0,0.0,905,1490,0,2B,0.0
1898,Ricky Ledée,2007,2.8,0.0,4.2,0,0.0,494,1110,0,LF,0.0
1899,Bill Lamar,1927,3.1,0.0,3.8,0,0.0,633,961,0,LF,0.0
1900,Jesse Hill,1937,3.4,0.0,3.4,0,0.0,277,530,0,LF,0.0
1901,Thomas Howard,2000,2.4,0.0,4.5,0,0.0,655,1185,0,LF,0.0
1902,Earl Smith,1922,3.4,0.0,3.4,0,0.0,429,710,0,LF,0.0
1903,Derrick May,1999,2.6,0.0,4.2,0,0.0,596,1061,0,LF,0.0
1904,Nolan Reimold,2016,2.9,0.0,3.9,0,0.0,339,750,0,LF,0.0
1905,Mike Mansell,1884,3.4,0.0,3.4,0,0.0,351,564,0,Unknown,0.0
1906,Chris Dickerson,2014,3.3,0.0,3.3,0,0.0,185,403,0,LF,0.0
1907,Connor Joe,2026,3.3,0.0,3.3,0,0.0,352,769,0,1B,0.0
1908,Matt Murton,2009,3.3,0.0,3.3,0,0.0,272,518,0,LF,0.0
1909,Mark Quinn,2002,3.2,0.0,3.2,0,0.0,307,597,0,LF,0.0
1910,Jocko Fields,1892,3.2,0.0,3.2,0,0.0,361,705,0,C,0.0
1911,Masataka Yoshida,2026,3.2,0.0,3.2,0,0.0,332,593,0,LF,0.0
1912,Earl Gurley,1932,3.2,0.0,3.2,0,0.0,189,350,0,LF,0.0
1913,Dwight Smith,1996,2.6,0.0,3.8,0,0.0,497,955,0,LF,0.0
1914,Jerald Clark,1995,3.1,0.0,3.1,0,0.0,414,757,0,LF,0.0
1915,Al Spangler,1971,4.3,0.0,6.6,0,0.0,594,1128,0,LF,0.0
1916,Hal Lee,1936,5.5,0.0,5.5,0,0.0,755,1296,0,LF,0.0
1917,Gene Stephens,1964,4.5,0.0,6.4,0,0.0,460,939,0,LF,0.0
1918,Patrick Gillespie,1887,8.9,0.0,8.8,0,0.0,809,1197,0,3B,0.0
1919,Mel Hall,1996,8.7,0.0,10.4,0,0.0,1171,2150,0,LF,0.0
1920,Bill Hoskins,1946,9.8,0.0,9.2,1,0.4,440,848,0,LF,0.0
1921,Austin McHenry,1922,9.5,0.0,9.5,0,0.3,592,1029,0,LF,0.0
1922,Pat Duncan,1924,9.3,0.0,9.3,0,0.0,827,1372,0,LF,0.0
1923,Ward Miller,1917,9.3,0.0,9.3,0,0.0,623,1242,0,LF,0.0
1924,Gus Zernial,1959,8.4,0.09,10.1,1,0.0,1093,2405,0,LF,0.0
1925,Cliff Carroll,1893,8.6,0.0,9.9,0,0.0,995,1865,0,Unknown,0.0
1926,Joe Hornung,1890,7.9,0.0,10.1,0,0.0,1230,1954,0,1B,0.0
1927,Walton Cruise,1924,8.1,0.0,9.9,0,0.0,644,1182,0,LF,0.0
1928,Mike Aldrete,1996,8.8,0.0,9.2,0,0.0,565,1143,0,1B,0.0
1929,Bill Robinson,1983,7.6,0.13,10.3,0,0.0,1127,2246,0,LF,0.0
1930,Marty Cordova,2003,7.7,0.0,10.0,0,0.0,938,1918,0,LF,0.0
1931,Spike Shannon,1908,5.5,0.0,5.5,0,0.0,677,1196,0,LF,0.0
1932,Mike Tauchman,2025,8.5,0.0,9.0,0,0.0,381,847,0,RF,0.0
1933,Billy Lush,1904,8.7,0.0,8.7,0,0.0,429,947,0,LF,0.0
1934,Bo Jackson,1994,8.3,0.12,9.1,1,0.0,598,1417,0,LF,0.0
1935,Freddy Leach,1932,7.8,0.0,9.5,0,0.0,1147,1860,0,LF,0.0
1936,Dom Dallessandro,1947,8.3,0.0,8.7,0,0.0,520,1068,0,LF,0.0
1937,Mitchell Page,1984,8.1,0.0,8.7,0,0.2,560,1251,0,LF,0.0
1938,Lou Johnson,1969,8.1,0.02,8.6,0,0.0,529,958,0,LF,0.0
1939,Joe Connolly,1916,8.4,0.0,8.4,0,0.0,358,743,0,LF,0.0
1940,Eddie Burke,1897,8.2,0.0,8.4,0,0.0,983,1941,0,2B,0.0
1941,Troy O'Leary,2003,7.2,0.0,9.5,0,0.0,1100,2146,0,LF,0.0
1942,Lew Ford,2012,8.3,0.01,8.3,0,0.0,425,835,0,LF,0.0
1943,Tom Paciorek,1987,7.6,0.12,11.6,1,0.1,1162,2012,0,LF,0.0
1944,Jack Cust,2011,9.4,0.0,9.8,0,0.0,510,1375,0,LF,0.0
1945,Steel Arm Davis,1935,9.6,0.0,9.6,1,0.1,500,908,0,1B,0.0
1946,Rip Radcliff,1943,9.0,0.33,10.6,1,0.0,1267,2048,0,LF,0.0
1947,Khris Davis,2021,10.8,0.1,11.4,0,0.0,820,2011,0,LF,0.0
1948,Reed Johnson,2015,10.6,0.0,11.6,0,0.0,1014,1692,0,LF,0.0
1949,John Lowenstein,1985,9.9,0.0,12.2,0,0.0,881,1976,0,LF,0.0
1950,Dan Pasqua,1994,10.7,0.0,10.9,0,0.0,638,1490,0,LF,0.0
1951,Billy Sample,1986,10.4,0.0,11.2,0,0.0,684,1260,0,LF,0.0
1952,Fats Jenkins,1940,10.9,0.0,10.5,2,0.1,653,1160,0,LF,0.0
1953,Ducky Holmes,1905,9.8,0.0,11.2,0,0.0,1014,1795,0,RF,0.0
1954,Luis Polonia,2000,9.0,0.0,11.9,0,0.0,1417,2544,0,LF,0.0
1955,George Hall,1877,10.5,0.0,10.5,0,0.1,538,810,0,1B,0.0
1956,Austin Hays,2026,10.0,0.0,10.9,1,0.0,641,1242,0,LF,0.0
1957,Juan Rivera,2012,9.2,0.0,11.6,0,0.0,950,1806,0,LF,0.0
1958,Wyatt Langford,2026,10.4,0.0,10.4,0,0.1,263,620,0,LF,0.0
1959,Gates Brown,1975,9.9,0.0,10.8,0,0.0,582,1222,0,LF,0.0
1960,David Murphy,2015,10.0,0.0,10.7,0,0.0,950,1867,0,LF,0.0
1961,Mike Menosky,1923,9.8,0.0,10.9,0,0.0,685,1298,0,LF,0.0
1962,Jack McCarthy,1907,10.3,0.0,10.2,0,0.0,1205,1945,0,LF,0.0
1963,Jurickson Profar,2025,9.5,0.05,10.9,1,0.0,995,2161,0,LF,0.0
1964,Wes Covington,1966,9.2,0.05,11.1,0,0.0,832,1641,0,LF,0.0
1965,George Whitted,1922,9.6,0.0,10.6,0,0.0,978,1643,0,LF,0.0
1966,Robbie Grossman,2024,10.3,0.0,9.9,0,0.0,943,2113,0,LF,0.0
1967,Clyde Barnhart,1928,9.3,0.0,10.8,0,0.0,788,1412,0,LF,0.0
1968,Hersh Martin,1945,9.8,0.0,9.8,1,0.0,643,1206,0,CF,0.0
1969,Glenallen Hill,2001,9.7,0.0,10.0,0,0.0,1005,2158,0,RF,0.0
1970,Brent Rooker,2026,8.3,0.1,8.3,2,0.1,508,1194,0,LF,0.0
1971,Jimmie Lyons,1932,8.2,0.0,8.2,0,0.4,300,605,0,LF,0.0
1972,Daniel Nava,2017,8.1,0.0,8.1,0,0.0,452,852,0,LF,0.0
1973,Austin Meadows,2023,6.4,0.04,6.4,1,0.0,390,891,0,LF,0.0
1974,Lester Lockett,1948,5.9,0.0,6.6,4,0.3,324,530,0,LF,0.0
1975,James Wood,2026,6.2,0.0,6.2,1,0.0,277,705,0,LF,0.0
1976,Charlie Duffee,1893,6.2,0.0,6.2,0,0.0,518,1046,0,3B,0.0
1977,Charlie Mason,1932,6.0,0.0,6.4,0,0.1,375,736,0,LF,0.0
1978,Bob Ganley,1909,6.2,0.0,6.2,0,0.0,540,927,0,RF,0.0
1979,Jerry Hairston,1989,6.1,0.0,6.0,0,0.0,438,917,0,LF,0.0
1980,Bud Stewart,1954,5.9,0.0,6.2,0,0.0,547,1084,0,LF,0.0
1981,Terry Whitfield,1986,5.7,0.0,6.1,0,0.0,537,909,0,LF,0.0
1982,Mark Carreon,1996,4.6,0.0,7.2,0,0.0,557,1034,0,1B,0.0
1983,Eli Marrero,2006,4.9,0.0,6.9,0,0.0,463,1008,0,C,0.0
1984,George Tebeau,1895,5.8,0.0,5.8,0,0.0,623,1424,0,1B,0.0
1985,Hack Miller,1925,5.8,0.0,5.8,0,0.0,387,662,0,LF,0.0
1986,Glenn Braggs,1992,5.8,0.0,5.8,0,0.0,601,1214,0,LF,0.0
1987,Chas McCormick,2025,5.8,0.0,5.8,0,0.0,343,747,0,LF,0.0
1988,Adam Comorosky,1935,5.0,0.02,6.5,0,0.0,795,1386,0,LF,0.0
1989,Mike McCormick,1951,5.0,0.0,6.3,0,0.0,640,1044,0,CF,0.0
1990,Ryan Raburn,2017,3.5,0.0,7.9,0,0.0,626,1304,0,LF,0.0
1991,Kevin Mench,2010,5.5,0.0,5.9,0,0.0,632,1272,0,LF,0.0
1992,Blondie Purcell,1890,5.2,0.0,6.1,0,0.0,1217,2034,0,Unknown,0.0
1993,Herm McFarland,1903,5.6,0.0,5.6,0,0.0,340,735,0,LF,0.0
1994,Bris Lord,1913,5.3,0.06,6.0,0,0.0,707,1212,0,LF,0.0
1995,Jason Kubel,2014,4.1,0.01,7.1,0,0.0,913,1925,0,LF,0.0
1996,Rip Repulski,1961,5.3,0.0,5.7,1,0.0,830,1579,0,LF,0.0
1997,Jason Michaels,2011,5.6,0.0,7.2,0,0.0,613,1215,0,LF,0.0
1998,Jackson Chourio,2026,6.5,0.0,6.5,0,0.0,310,642,0,LF,0.0
1999,Johnny Rizzo,1942,8.1,0.3,8.1,0,0.0,497,1009,0,LF,0.0
2000,Jack Lelivelt,1914,6.6,0.0,6.6,0,0.0,347,575,0,LF,0.0
2001,Jim Lemon,1963,7.0,0.12,8.8,2,0.0,901,1960,0,RF,0.0
2002,Al Martin,2003,7.4,0.0,8.4,0,0.0,1172,2447,0,LF,0.0
2003,Bert Daniels,1914,7.8,0.02,7.8,0,0.0,486,1019,0,LF,0.0
2004,Eric Tipton,1945,7.7,0.0,7.7,0,0.0,439,866,0,LF,0.0
2005,Moose Solters,1943,6.3,0.2,9.0,0,0.0,990,1799,0,LF,0.0
2006,Scott Hairston,2014,6.5,0.0,8.8,0,0.0,589,1285,0,LF,0.0
2007,Gerald Williams,2005,6.5,0.0,8.7,0,0.0,780,1540,0,CF,0.0
2008,Dick Sisler,1953,7.1,0.01,7.6,1,0.0,720,1291,0,1B,0.0
2009,Dusty Cooke,1938,7.4,0.0,7.3,0,0.0,489,1048,0,RF,0.0
2010,Sandy Amorós,1960,7.3,0.0,7.3,0,0.0,334,793,0,LF,0.0
2011,Todd Hollandsworth,2006,6.5,0.0,8.1,0,0.0,871,1738,0,LF,0.0
2012,Johnny Jones,1929,7.3,0.0,7.3,0,0.0,493,868,0,LF,0.0
2013,Buttercup Dickerson,1885,7.1,0.0,7.1,0,0.0,500,712,0,SS,0.0
2014,Chris James,1995,5.0,0.0,9.1,0,0.0,794,1477,0,LF,0.0
2015,Beals Becker,1915,6.5,0.0,7.7,0,0.0,763,1468,0,RF,0.0
2016,Johnny Davis,1948,7.0,0.0,7.0,2,0.1,290,589,0,LF,0.0
2017,Morrie Arnovich,1946,7.0,0.03,7.0,1,0.0,577,973,0,LF,0.0
2018,John Cangelosi,1999,6.0,0.0,7.9,0,0.0,501,1152,0,CF,0.0
2019,Jesse Winker,2025,6.4,0.0,7.2,1,0.0,636,1444,0,LF,0.0
2020,Al Wingo,1928,6.8,0.11,6.8,0,0.1,409,795,0,LF,0.0
2021,Andy Leonard,1880,6.6,0.0,6.9,0,0.0,715,970,0,2B,0.0
2022,Billy Hatcher,1995,4.0,0.0,9.5,0,0.0,1146,2063,0,LF,0.0
2023,Mike Young,1989,6.4,0.0,6.8,0,0.0,454,1021,0,LF,0.0
2024,Larry Stahl,1973,2.3,0.0,2.8,0,0.0,400,768,0,LF,0.0
2025,Josh Clarke,1911,2.5,0.0,2.5,0,0.0,193,430,0,LF,0.0
2026,Jacob Young,2026,5.1,0.0,5.1,0,0.0,257,478,0,CF,0.0
2027,Pete Hotaling,1888,7.9,0.0,7.9,0,0.0,931,1534,0,C,0.0
2028,Andrés Torres,2013,7.8,0.0,9.3,0,0.0,462,1011,0,CF,0.0
2029,Gabe Kapler,2010,8.7,0.0,8.3,0,0.0,799,1599,0,CF,0.0
2030,Thurman Tucker,1951,7.9,0.0,9.1,1,0.0,570,1092,0,CF,0.0
2031,Drew Stubbs,2017,8.0,0.0,9.0,0,0.0,687,1547,0,CF,0.0
2032,Nate McLouth,2014,6.5,0.0,10.1,1,0.0,803,1834,0,CF,0.0
2033,Grégor Blanco,2018,7.3,0.0,9.3,0,0.0,746,1505,0,CF,0.0
2034,Ben Revere,2017,7.8,0.0,8.8,0,0.0,892,1437,0,CF,0.0
2035,Andy Pages,2026,8.2,0.0,8.2,0,0.8,311,615,0,CF,0.0
2036,Jimmy Welsh,1930,8.2,0.0,8.2,0,0.0,778,1297,0,CF,0.0
2037,Dutch Zwilling,1916,8.1,0.0,8.1,0,0.2,364,734,0,CF,0.0
2038,Dave Philley,1962,7.8,0.05,8.3,0,0.0,1700,3067,0,RF,0.0
2039,Ray Powell,1924,7.6,0.0,8.1,0,0.0,890,1618,0,CF,0.0
2040,Milt Byrnes,1945,7.2,0.0,7.2,0,0.0,350,707,0,CF,0.0
2041,Preston Wilson,2007,6.4,0.03,9.0,1,0.0,1055,2349,0,CF,0.0
2042,Brian Hunter,2003,7.4,0.0,7.9,0,0.0,882,1662,0,CF,0.0
2043,Eddie Brown,1928,7.6,0.13,7.6,0,0.0,878,1318,0,CF,0.0
2044,Alex Metzler,1930,7.6,0.08,7.6,0,0.0,561,1060,0,LF,0.0
2045,Jackson Merrill,2026,7.6,0.14,7.6,1,0.0,313,637,0,CF,0.0
2046,Alejandro De Aza,2017,7.2,0.0,7.8,0,0.0,669,1335,0,CF,0.0
2047,Tyrone Taylor,2026,7.3,0.0,7.6,0,0.0,379,791,0,CF,0.0
2048,Dave Eggler,1885,5.0,0.0,9.8,0,0.3,697,939,0,2B,0.0
2049,Scott Podsednik,2012,6.8,0.04,7.8,1,0.0,1096,2124,0,LF,0.0
2050,Jake Meyers,2026,7.3,0.0,7.3,0,0.0,352,688,0,CF,0.0
2051,Kyle Isbel,2026,7.2,0.0,7.2,0,0.0,360,687,0,CF,0.0
2052,Ethan Allen,1938,7.8,0.05,9.4,0,0.0,1325,2118,0,CF,0.0
2053,Rich Becker,2000,8.3,0.0,9.0,0,0.0,570,1245,0,CF,0.0
2054,Ollie Pickering,1908,8.5,0.0,8.9,0,0.0,910,1592,0,CF,0.0
2055,Juan Encarnación,2007,8.7,0.0,8.8,0,0.0,1264,2481,0,RF,0.0
2056,Oddibe McDowell,1994,10.6,0.0,10.6,0,0.0,715,1581,0,CF,0.0
2057,Darren Lewis,2002,10.5,0.0,10.7,0,0.0,1021,1963,0,CF,0.0
2058,Pete Crow-Armstrong,2026,10.4,0.15,10.4,1,0.3,274,635,0,CF,0.0
2059,Craig Gentry,2018,9.7,0.0,10.8,0,0.0,325,617,0,CF,0.0
2060,Rocco Baldelli,2010,10.2,0.0,10.2,0,0.0,531,1008,0,CF,0.0
2061,Peter Bourjos,2019,9.5,0.0,10.7,0,0.0,502,998,0,CF,0.0
2062,Jelly Gardner,1931,9.4,0.0,10.3,0,0.2,678,1268,0,RF,0.0
2063,Hi Myers,1925,7.8,0.0,11.6,0,0.0,1380,2157,0,CF,0.0
2064,Billy Hamilton,2023,9.8,0.0,9.6,0,0.0,713,1528,0,CF,0.0
2065,Dave Roberts,2008,9.1,0.0,10.3,0,0.0,721,1541,0,CF,0.0
2066,Chris Singleton,2005,9.7,0.0,9.7,0,0.0,609,1134,0,CF,0.0
2067,Roy Weatherly,1950,9.1,0.1,9.8,0,0.0,794,1385,0,CF,0.0
2068,Víctor Robles,2026,9.1,0.0,9.6,0,0.0,484,959,0,CF,0.0
2069,Rudy Law,1986,9.2,0.01,9.2,0,0.0,656,1297,0,CF,0.0
2070,Ceddanne Rafaela,2026,9.1,0.0,9.1,0,0.0,332,636,0,CF,0.0
2071,Dannyfman,1911,9.1,0.0,9.1,0,0.0,762,1390,0,CF,0.0
2072,Tom Goodwin,2004,8.5,0.0,9.6,0,0.0,1029,2038,0,CF,0.0
2073,Ryan Freel,2009,8.8,0.0,9.2,0,0.0,532,1097,0,CF,0.0
2074,Marvin Benard,2003,8.6,0.0,9.3,0,0.0,714,1426,0,CF,0.0
2075,Alejandro Oms,1935,8.9,0.0,8.9,1,0.1,341,699,0,CF,0.0
2076,Buster Adams,1947,8.8,0.04,8.8,0,0.0,532,1048,0,CF,0.0
2077,Lenny Green,1968,8.2,0.0,9.4,0,0.0,788,1567,0,CF,0.0
2078,Gary Geiger,1970,8.7,0.0,8.8,0,0.0,633,1416,0,CF,0.0
2079,Jody Gerut,2010,7.2,0.0,7.2,0,0.0,472,971,0,RF,0.0
2080,Bob Dernier,1989,6.5,0.02,7.7,0,0.0,634,1267,0,CF,0.0
2081,Joe Knight,1890,2.5,0.0,2.5,0,0.0,156,268,0,Unknown,0.0
2082,Fred Lewis,1886,5.3,0.0,5.3,0,0.0,390,566,0,3B,0.0
2083,Leody Taveras,2026,5.7,0.0,5.7,0,0.0,446,908,0,CF,0.0
2084,Rubén Rivera,2003,5.7,0.0,5.6,0,0.0,343,859,0,CF,0.0
2085,Oris Hockett,1945,5.6,0.04,5.6,1,0.0,598,993,0,CF,0.0
2086,Tony Gwynn,2014,5.1,0.0,6.1,0,0.0,381,737,0,CF,0.0
2087,Al Shaw,1915,5.5,0.0,5.5,0,0.0,434,843,0,CF,0.0
2088,Evan Carter,2026,5.5,0.0,5.5,0,0.0,117,306,0,CF,0.0
2089,Milt Cuyler,1998,5.4,0.0,5.6,0,0.0,329,650,0,CF,0.0
2090,Arnold Statz,1928,5.1,0.0,5.8,0,0.0,737,1235,0,CF,0.0
2091,Dave Fultz,1905,5.4,0.0,5.4,0,0.0,648,1183,0,CF,0.0
2092,Mallex Smith,2020,5.4,0.0,5.4,0,0.0,378,788,0,CF,0.0
2093,Terrence Long,2006,5.2,0.0,5.5,0,0.0,824,1493,0,CF,0.0
2094,Tony Scott,1984,4.3,0.0,6.3,0,0.0,699,1228,0,CF,0.0
2095,Gary Thomasson,1980,6.9,0.0,7.2,0,0.0,591,1268,0,CF,0.0
2096,Dave Gallagher,1995,4.9,0.0,5.5,0,0.0,564,942,0,CF,0.0
2097,Harry Craft,1942,5.2,0.0,5.2,0,0.0,533,924,0,CF,0.0
2098,John Shelby,1991,3.2,0.0,7.1,0,0.0,739,1405,0,CF,0.0
2099,Brady Clark,2008,4.7,0.0,5.6,0,0.0,559,1034,0,CF,0.0
2100,Bernardo Baró,1929,4.5,0.0,5.8,0,0.0,468,812,0,RF,0.0
2101,Willy Taveras,2010,5.1,0.0,5.1,0,0.0,662,1120,0,CF,0.0
2102,Delino DeShields,2021,5.1,0.0,5.1,0,0.0,450,948,0,CF,0.0
2103,Daryl Boston,1994,4.3,0.0,5.9,0,0.0,655,1414,0,CF,0.0
2104,Austin Slater,2026,4.8,0.0,5.4,0,0.0,414,882,0,CF,0.0
2105,Jack Rothrock,1937,4.5,0.09,5.7,0,0.0,924,1615,0,RF,0.0
2106,Larry Rosenthal,1945,4.8,0.0,5.4,0,0.0,390,845,0,CF,0.0
2107,Steve Brye,1978,5.5,0.0,6.1,0,0.0,515,888,0,CF,0.0
2108,Len Koenecke,1935,5.9,0.0,5.9,0,0.1,274,542,0,CF,0.0
2109,Jimmy Walsh,1917,6.0,0.0,6.0,0,0.0,410,902,0,RF,0.0
2110,Rick Ankiel,2013,5.5,0.0,6.5,0,0.0,462,994,0,CF,0.0
2111,Bill Tuttle,1963,5.4,0.01,8.7,0,0.0,1105,2067,0,CF,0.0
2112,Pete Washington,1935,6.6,0.0,7.2,0,0.1,432,840,0,CF,0.0
2113,Dion James,1996,6.2,0.0,7.5,0,0.0,781,1422,0,LF,0.0
2114,Russ Snyder,1970,5.2,0.0,8.4,0,0.0,984,1670,0,LF,0.0
2115,Nyjer Morgan,2014,6.8,0.0,6.8,0,0.0,550,979,0,CF,0.0
2116,Michael Saunders,2017,5.9,0.0,7.6,1,0.0,570,1284,0,LF,0.0
2117,Fred Mann,1887,6.7,0.0,6.7,0,0.0,597,1103,0,3B,0.0
2118,Roger Repoz,1972,6.5,0.0,6.9,0,0.0,480,1143,0,CF,0.0
2119,Tim Hendryx,1921,6.6,0.0,6.7,0,0.0,356,697,0,CF,0.0
2120,F.P. Santangelo,2001,6.7,0.0,6.7,0,0.0,415,870,0,LF,0.0
2121,John O'Rourke,1883,6.6,0.0,6.6,0,0.1,279,465,0,1B,0.0
2122,Johnny Groth,1960,5.8,0.0,7.5,0,0.0,1064,1941,0,CF,0.0
2123,Deion Sanders,2001,5.5,0.0,7.5,0,0.0,558,1178,0,CF,0.0
2124,Sandy Thompson,1932,6.6,0.0,6.4,0,0.0,714,1108,0,LF,0.0
2125,TJ Friedl,2026,6.4,0.0,6.4,0,0.0,443,959,0,CF,0.0
2126,Jimmy Ripple,1943,6.3,0.0,6.3,0,0.0,510,877,0,RF,0.0
2127,Endy Chávez,2014,5.0,0.0,7.6,0,0.0,849,1433,0,CF,0.0
2128,George Metkovich,1954,5.8,0.01,6.7,0,0.0,934,1682,0,CF,0.0
2129,Gerald Young,1994,6.0,0.0,6.5,0,0.0,446,933,0,CF,0.0
2130,John Corkhill,1892,5.1,0.0,7.4,0,0.0,1120,1794,0,1B,0.0
2131,Gene Benson,1948,5.6,0.0,6.7,4,0.1,637,1048,0,CF,0.0
2132,Ty Cline,1971,5.9,0.0,6.3,0,0.0,437,733,0,CF,0.0
2133,John Dobbs,1905,6.1,0.0,6.1,0,0.0,585,1002,0,CF,0.0
2134,Myles Straw,2026,10.4,0.0,11.0,0,0.0,521,988,0,CF,0.0
2135,Nemo Leibold,1925,10.4,0.0,11.2,0,0.0,1109,2068,0,CF,0.0
2136,Valentín Dreke,1927,11.2,0.0,10.5,0,0.0,619,1000,0,CF,0.0
2137,William Hoover,1892,1.9,0.0,1.9,0,0.0,151,258,0,SS,0.0
2138,Buddy Ryan,1913,2.0,0.0,2.0,0,0.0,161,264,0,CF,0.0
2139,Rufino Linares,1985,2.0,0.0,2.0,0,0.0,147,246,0,LF,0.0
2140,Bobby Brown,1985,2.0,0.0,2.0,0,0.0,313,657,0,LF,0.0
2141,Mike Huff,1996,2.0,0.0,2.0,0,0.0,198,409,0,LF,0.0
2142,Maurice Van Robays,1946,1.9,0.02,1.9,0,0.0,493,842,0,LF,0.0
2143,Count Gedney,1875,1.9,0.0,1.9,0,0.0,209,286,0,1B,0.0
2144,Curtis Pride,2006,1.1,0.0,2.7,0,0.0,199,436,0,LF,0.0
2145,Marv Rackley,1950,1.9,0.0,1.9,0,0.0,151,232,0,LF,0.0
2146,Roy Foster,1972,1.9,0.0,1.9,0,0.0,257,564,0,LF,0.0
2147,José Tábata,2015,1.9,0.0,1.9,0,0.0,438,776,0,LF,0.0
2148,Andrew Toles,2018,1.9,0.0,1.9,0,0.0,66,123,0,LF,0.0
2149,Clarence Foster,1901,1.9,0.0,1.9,0,0.0,260,459,0,LF,0.0
2150,Corey Patterson,2011,9.7,0.0,12.2,0,0.0,1050,2093,0,CF,0.0
2151,George Anderson,1918,1.8,0.0,1.8,0,0.0,289,512,0,RF,0.0
2152,Ben Gamel,2024,1.5,0.0,2.2,0,0.0,516,1046,0,LF,0.0
2153,Isaac Collins,2026,1.8,0.0,1.8,0,0.0,129,297,0,LF,0.0
2154,Charlie Hamburg,1890,1.8,0.0,1.8,0,0.0,132,282,0,Unknown,0.0
2155,Luis Olmo,1951,1.7,0.04,1.7,0,0.0,458,781,0,CF,0.0
2156,Jake Mangum,2026,1.7,0.0,1.7,0,0.0,139,229,0,LF,0.0
2157,Alex Dickerson,2022,1.7,0.0,1.7,0,0.0,230,503,0,LF,0.0
2158,Daylen Lile,2026,1.7,0.0,1.7,0,0.0,146,292,0,LF,0.0
2159,Bob Speake,1959,1.7,0.0,1.7,0,0.0,170,397,0,LF,0.0
2160,Jack Voigt,1998,1.7,0.0,1.7,0,0.0,138,321,0,LF,0.0
2161,Heinie Heitmuller,1910,1.7,0.0,1.7,0,0.0,87,156,0,LF,0.0
2162,Walter Christensen,1927,2.1,0.0,2.1,0,0.0,162,269,0,LF,0.0
2163,L.D. Livingston,1930,2.1,0.0,2.1,0,0.0,172,358,0,LF,0.0
2164,Al Woods,1986,2.1,0.0,2.1,0,0.0,538,959,0,LF,0.0
2165,Erv Dusak,1952,1.7,0.0,2.6,0,0.0,251,521,0,LF,0.0
2166,Larry Bigbie,2006,2.5,0.0,2.5,0,0.0,328,629,0,LF,0.0
2167,John Glenn,1877,2.5,0.0,2.5,0,0.0,366,478,0,1B,0.0
2168,Ben Francisco,2013,2.5,0.0,2.5,0,0.0,400,836,0,LF,0.0
2169,Gino Cimoli,1965,1.3,0.0,3.7,1,0.0,808,1411,0,RF,0.0
2170,Len Gabrielson,1970,1.7,0.0,3.2,0,0.0,446,810,0,LF,0.0
2171,Nolan Jones,2025,2.5,0.0,2.5,0,0.0,263,590,0,RF,0.0
2172,Leron Lee,1976,2.1,0.0,2.8,0,0.0,404,758,0,LF,0.0
2173,Kyle Stowers,2026,2.4,0.0,2.4,1,0.0,200,436,0,LF,0.0
2174,Ned Cuthbert,1884,1.4,0.0,3.4,0,0.0,537,804,0,C,0.0
2175,Danny Gardella,1950,2.4,0.0,2.4,0,0.0,145,294,0,LF,0.0
2176,Ted Savage,1971,1.6,0.0,3.2,0,0.0,321,745,0,LF,0.0
2177,Larry Sheets,1993,1.9,0.0,2.9,0,0.0,607,1178,0,LF,0.0
2178,Tracy Jones,1991,2.4,0.0,2.4,0,0.0,356,667,0,LF,0.0
2179,Chris Coghlan,2017,1.0,0.0,3.7,0,0.0,666,1348,0,LF,0.0
2180,Red Worthington,1934,2.3,0.0,2.3,0,0.0,298,489,0,LF,0.0
2181,So Taguchi,2009,2.2,0.0,2.4,0,0.0,382,668,0,LF,0.0
2182,Eddie Lukon,1947,2.3,0.0,2.3,0,0.0,143,311,0,LF,0.0
2183,Bill Craver,1877,5.7,0.0,5.7,0,0.1,455,657,0,2B,0.0
2184,Quincy Trouppe,1952,1.8,0.0,2.7,8,0.0,123,255,0,C,0.0
2185,Johnny Dickshot,1945,2.2,0.0,2.2,0,0.0,273,491,0,LF,0.0
2186,Butch Davis,1947,2.2,0.0,2.2,0,0.2,91,175,0,LF,0.0
2187,Max Venable,1991,0.8,0.0,3.6,0,0.0,337,666,0,LF,0.0
2188,Eric Young Jr.,2018,1.4,0.0,2.9,0,0.0,422,881,0,LF,0.0
2189,Chuck Essegian,1963,1.6,0.0,1.6,0,0.0,260,551,0,LF,0.0
2190,Willie Smith,1971,0.8,0.0,2.5,0,0.0,410,780,0,LF,0.0
2191,Benny Ayala,1985,1.0,0.0,2.2,0,0.0,217,448,0,LF,0.0
2192,César Gerónimo,1983,13.0,0.01,13.5,0,0.0,977,1827,0,CF,0.0
2193,Michael A. Taylor,2025,12.8,0.0,13.6,0,0.0,807,1711,0,CF,0.0
2194,Lyman Bostock,1978,13.1,0.03,13.1,0,0.2,624,1071,0,CF,0.0
2195,Jackie Brandt,1967,13.1,0.0,13.1,2,0.0,1020,2001,0,CF,0.0
2196,Eddie Milner,1988,12.9,0.0,13.1,0,0.0,607,1331,0,CF,0.0
2197,Harry Walker,1955,12.5,0.16,13.3,2,0.3,786,1303,0,CF,0.0
2198,Jim Hickman,1974,13.0,0.15,12.5,1,0.0,1002,2200,0,RF,0.0
2199,Jerry Benjamin,1948,14.0,0.0,11.1,3,0.6,862,1551,0,CF,0.0
2200,Don Demeter,1967,12.9,0.05,12.2,0,0.0,912,1784,0,CF,0.0
2201,Darrin Jackson,1999,11.4,0.0,13.5,0,0.0,676,1234,0,CF,0.0
2202,Don Lock,1969,12.0,0.0,12.2,0,0.0,642,1527,0,CF,0.0
2203,Juan Lagares,2022,11.0,0.0,13.0,0,0.0,582,1003,0,CF,0.0
2204,Goody Rosen,1946,11.9,0.17,11.9,0,0.3,557,994,0,CF,0.0
2205,Rick Manning,1987,11.8,0.0,11.9,0,0.0,1349,2431,0,CF,0.0
2206,Brandon Marsh,2026,11.6,0.0,11.6,0,0.0,538,1107,0,CF,0.0
2207,Leonys Martín,2019,11.4,0.0,11.8,0,0.0,617,1245,0,CF,0.0
2208,Manuel Margot,2025,11.4,0.0,11.8,0,0.0,748,1432,0,CF,0.0
2209,Rajai Davis,2019,11.7,0.0,11.4,0,0.0,1111,2291,0,CF,0.0
2210,Chaney White,1936,12.5,0.0,10.5,0,0.2,734,1261,0,CF,0.0
2211,Doug Glanville,2004,10.9,0.0,11.8,0,0.0,1100,1883,0,CF,0.0
2212,Ken Landreaux,1987,10.4,0.0,12.3,1,0.0,1099,2086,0,CF,0.0
2213,Jake Marisnick,2023,11.6,0.0,11.0,0,0.0,469,990,0,CF,0.0
2214,Homer Smoot,1906,11.1,0.0,11.1,0,0.0,763,1233,0,CF,0.0
2215,Harry Bay,1908,10.7,0.0,11.2,0,0.0,722,1250,0,CF,0.0
2216,Jon Jay,2021,12.8,0.0,13.6,0,0.0,1087,1773,0,CF,0.0
2217,Odúbel Herrera,2022,13.3,0.0,13.3,1,0.0,791,1500,0,CF,0.0
2218,Lou Skizas,1959,1.6,0.0,1.6,0,0.0,196,379,0,RF,0.0
2219,Aaron Hicks,2024,13.2,0.0,13.5,0,0.0,724,1733,0,CF,0.0
2220,Bruce Aven,2002,1.6,0.0,1.6,0,0.0,166,326,0,LF,0.0
2221,Eli White,2026,1.6,0.0,1.6,0,0.0,151,328,0,LF,0.0
2222,Luis Robert Jr.,2026,16.0,0.05,16.0,1,0.1,584,1284,0,CF,0.0
2223,Michael Harris II,2026,15.2,0.02,15.2,0,0.0,583,1125,0,CF,0.0
2224,Elliott Maddox,1980,14.9,0.18,15.2,0,0.1,742,1418,0,CF,0.0
2225,Jarrod Dyson,2021,15.1,0.0,14.6,0,0.0,612,1342,0,CF,0.0
2226,Trent Grisham,2026,14.8,0.0,14.6,0,0.0,553,1444,0,CF,0.0
2227,Clint Thomas,1938,16.0,0.0,13.1,0,0.2,785,1571,0,CF,0.0
2228,Rick Miller,1985,15.5,0.0,13.4,0,0.0,1046,1893,0,CF,0.0
2229,Jimmie Hall,1970,13.8,0.07,14.7,2,0.3,724,1560,0,CF,0.0
2230,Lip Pike,1887,14.2,0.0,14.0,0,0.3,638,1028,0,2B,0.0
2231,Dave May,1978,13.5,0.19,14.5,1,0.0,920,1782,0,CF,0.0
2232,Johnny Lindell,1954,13.9,0.02,14.1,1,0.1,762,1504,0,CF,0.0
2233,Hank Leiber,1942,13.6,0.14,14.4,3,0.0,808,1575,0,CF,0.0
2234,Adolfo Phillips,1972,13.8,0.0,13.9,0,0.2,463,1101,0,CF,0.0
2235,Danny Taylor,1936,13.8,0.0,13.8,0,0.0,650,1300,0,LF,0.0
2236,Albie Pearson,1966,13.2,0.08,14.2,1,0.1,831,1647,0,CF,0.0
2237,Cameron Maybin,2021,13.4,0.0,13.8,0,0.0,973,1985,0,CF,0.0
2238,Jim McTamany,1891,13.6,0.0,13.6,0,0.0,794,1892,0,Unknown,0.0
2239,Randal Grichuk,2026,13.8,0.0,13.3,0,0.0,1138,2414,0,RF,0.0
2240,Jim Busby,1962,12.8,0.03,14.3,1,0.1,1113,1896,0,CF,0.0
2241,Bobby Estalella,1949,13.3,0.01,13.6,0,0.0,620,1287,0,CF,0.0
2242,Desmond Jennings,2016,13.4,0.0,13.4,0,0.0,508,1130,0,CF,0.0
2243,Harry Niles,1910,5.7,0.0,5.7,0,0.0,561,973,0,2B,0.0
2244,Len Matuszek,1987,1.8,0.0,1.8,0,0.0,192,428,0,1B,0.0
2245,Brendan Rodgers,2025,5.7,0.0,5.7,0,0.0,471,847,0,2B,0.0
2246,Walt Weiss,2000,16.5,0.0,16.1,1,0.0,1207,2280,0,SS,0.0
2247,Frank Snyder,1927,17.7,0.0,16.7,0,0.1,1122,1839,0,C,0.0
2248,Don Slaught,1997,19.4,0.0,14.8,0,0.0,1151,2002,0,C,0.0
2249,Mike Grady,1906,17.2,0.0,16.2,0,0.0,884,1703,0,C,0.0
2250,Jody Davis,1990,15.9,0.15,17.0,2,0.0,877,1784,0,C,0.0
2251,Miguel Montero,2018,14.2,0.0,16.3,2,0.0,973,2013,0,C,0.0
2252,Chris Iannetta,2019,14.9,0.0,15.1,0,0.0,820,2033,0,C,0.0
2253,Johnny Edwards,1974,14.8,0.0,15.1,3,0.0,1106,2095,0,C,0.0
2254,Mike Lieberthal,2007,15.3,0.0,14.6,2,0.0,1155,2225,0,C,0.0
2255,Todd Hundley,2003,10.9,0.02,15.4,2,0.0,883,2137,0,C,0.0
2256,Frankie Hayes,1947,10.4,0.09,14.0,5,0.0,1164,2392,0,C,0.0
2257,Dick Schofield,1996,18.8,0.0,17.8,0,0.0,989,1924,0,SS,0.0
2258,Joe Start,1886,32.4,0.0,20.8,0,0.5,1417,1926,0,1B,0.0
2259,Lyle Overbay,2014,16.3,0.0,16.7,0,0.0,1355,2845,0,1B,0.0
2260,Charlie Hickman,1908,22.6,0.0,20.8,0,0.0,1176,1977,0,1B,0.0
2261,Don Mincher,1972,23.1,0.01,18.5,2,0.0,1003,2441,0,1B,0.0
2262,John Morrill,1890,23.5,0.0,18.1,0,0.0,1275,2222,0,1B,0.0
2263,Glenn Davis,1993,19.7,1.09,20.2,2,0.1,965,2136,0,1B,0.0
2264,Dick Hoblitzell,1918,20.5,0.03,18.1,0,0.0,1310,2341,0,1B,0.0
2265,Fred Luderus,1920,20.1,0.02,18.4,0,0.2,1344,2424,0,1B,0.0
2266,Chick Gandil,1919,19.6,0.33,17.9,0,0.0,1176,1962,0,1B,0.0
2267,Yandy Díaz,2026,19.4,0.33,17.8,1,0.1,1010,1974,0,1B,0.0
2268,Dan Driessen,1987,20.5,0.0,15.6,0,0.0,1464,3166,0,1B,0.0
2269,Gregg Jefferies,2000,19.6,0.08,16.2,2,0.0,1593,2993,0,1B,0.0
2270,Bruce Bochte,1986,19.5,0.0,15.9,1,0.0,1478,2766,0,1B,0.0
2271,Yan Gomes,2024,18.5,0.0,17.9,1,0.0,923,1770,0,C,0.0
2272,John Milligan,1893,20.3,0.0,17.5,0,0.0,848,1535,0,C,0.0
2273,Ed McFarland,1908,20.7,0.0,17.3,0,0.0,826,1428,0,C,0.0
2274,John Stearns,1984,19.7,0.0,19.5,4,0.0,696,1420,0,C,0.0
2275,Terry Moore,1948,21.5,0.23,19.1,4,0.1,1318,2365,0,CF,0.0
2276,Curt Welch,1893,20.5,0.0,19.6,0,0.1,1152,2381,0,2B,0.0
2277,Aaron Rowand,2011,20.9,0.01,18.7,1,0.2,1193,2232,0,CF,0.0
2278,Roberto Kelly,2000,20.5,0.0,18.5,2,0.1,1390,2615,0,CF,0.0
2279,Ron LeFlore,1982,18.1,0.09,19.3,1,0.0,1283,2564,0,CF,0.0
2280,Bill Virdon,1968,19.6,0.04,17.5,0,0.0,1596,2757,0,CF,0.0
2281,Dave Martinez,2001,19.2,0.0,17.7,0,0.0,1599,3004,0,CF,0.0
2282,Dexter Fowler,2021,19.2,0.0,16.7,1,0.0,1306,2993,0,CF,0.0
2283,José Cruz,2008,19.5,0.0,16.4,0,0.0,1167,2874,0,CF,0.0
2284,B.J. Upton,2016,16.5,0.0,17.8,0,0.0,1260,2967,0,CF,0.0
2285,Sam Chapman,1951,17.1,0.07,16.8,1,0.1,1329,2786,0,CF,0.0
2286,Chris Young,2018,16.6,0.0,17.0,1,0.0,1109,2680,0,CF,0.0
2287,Ken Henderson,1980,14.9,0.04,18.8,0,0.0,1168,2477,0,CF,0.0
2288,Brian McRae,1999,14.3,0.0,16.9,0,0.0,1336,2709,0,CF,0.0
2289,Trot Nixon,2008,21.2,0.0,21.5,0,0.0,995,2218,0,RF,0.0
2290,Billy Southworth,1929,21.7,0.06,20.4,0,0.1,1296,2347,0,RF,0.0
2291,Carl Reynolds,1939,22.1,0.13,19.8,0,0.1,1357,2430,0,RF,0.0
2292,Pepper Martin,1944,21.7,0.6,19.7,4,0.2,1227,2339,0,3B,0.0
2293,Andre Ethier,2017,21.5,0.25,18.9,2,0.0,1367,2772,0,RF,0.0
2294,Patsy Donovan,1907,19.4,0.0,15.8,0,0.0,2256,3637,0,RF,0.0
2295,Chicken Wolf,1892,18.3,0.0,16.7,0,0.3,1439,2338,0,SS,0.0
2296,Jeff Burroughs,1985,17.8,0.79,16.4,2,0.0,1443,3280,0,RF,0.0
2297,Hank Gowdy,1930,24.6,0.0,19.0,0,0.0,738,1349,0,C,0.0
2298,Christian Walker,2026,17.1,0.0,17.3,0,0.0,906,2072,0,1B,0.0
2299,Sean Casey,2008,16.4,0.05,16.4,3,0.0,1531,2762,0,1B,0.0
2300,Mookie Wilson,1991,22.4,0.0,18.6,0,0.0,1397,2576,0,CF,0.0
2301,Steve Kemp,1988,19.5,0.05,19.0,1,0.0,1128,2362,0,LF,0.0
2302,Jimmy Johnston,1926,17.3,0.04,16.8,0,0.1,1493,2454,0,3B,0.0
2303,Frank Malzone,1966,16.4,0.25,17.2,8,0.0,1486,2517,0,3B,0.0
2304,Billy Shindle,1898,17.1,0.0,16.3,0,0.0,1564,2783,0,3B,0.0
2305,Pinky Whitney,1939,17.2,0.23,15.3,1,0.0,1701,2840,0,3B,0.0
2306,Brook Jacoby,1992,14.9,0.0,16.9,2,0.0,1220,2287,0,3B,0.0
2307,Aurelio Rodríguez,1983,15.1,0.0,16.5,0,0.2,1570,2680,0,3B,0.0
2308,Tom Burns,1892,22.4,0.0,18.5,0,0.0,1307,2230,0,3B,0.0
2309,Shane Mack,1998,21.6,0.0,21.2,0,0.2,853,1650,0,LF,0.0
2310,Hurley McNair,1937,21.7,0.0,19.8,0,0.6,890,1717,0,RF,0.0
2311,Matty McIntyre,1912,20.5,0.0,20.4,0,0.2,1066,1915,0,LF,0.0
2312,Charlie Maxwell,1964,19.7,0.04,20.2,2,0.3,856,1964,0,LF,0.0
2313,Dale Mitchell,1956,19.5,0.06,18.9,2,0.0,1244,2049,0,LF,0.0
2314,Adam LaRoche,2015,14.4,0.19,14.3,0,0.0,1452,3245,0,1B,0.0
2315,Randy Arozarena,2026,19.0,0.0,18.8,2,0.1,783,1834,0,LF,0.0
2316,Gene Richards,1984,18.7,0.0,19.0,0,0.0,1028,1962,0,LF,0.0
2317,Phil Bradley,1990,18.6,0.03,18.6,1,0.0,1058,2144,0,LF,0.0
2318,Gary Ward,1990,17.7,0.0,19.3,2,0.0,1236,2338,0,LF,0.0
2319,Lee Lacy,1987,20.2,0.0,16.5,0,0.0,1303,2424,0,RF,0.0
2320,Abner Dalrymple,1891,18.5,0.0,17.9,0,0.1,1202,1972,0,Unknown,0.0
2321,Josh Willingham,2014,18.9,0.0,17.5,0,0.0,988,2407,0,LF,0.0
2322,Jim Russell,1951,18.0,0.0,18.0,0,0.0,959,1999,0,LF,0.0
2323,George Wood,1892,19.7,0.0,16.0,0,0.0,1467,2694,0,3B,0.0
2324,Patsy Dougherty,1911,18.0,0.0,16.9,0,0.0,1294,2278,0,LF,0.0
2325,Bob Skinner,1966,16.5,0.06,18.1,3,0.0,1198,2372,0,LF,0.0
2326,Grady Hatton,1960,18.7,0.05,17.0,1,0.0,1068,2261,0,3B,0.0
2327,Bill Melton,1977,18.8,0.05,18.0,1,0.1,1004,2166,0,3B,0.0
2328,Sammy Strang,1908,18.1,0.0,19.0,0,0.0,790,1686,0,3B,0.0
2329,Mike Mowrey,1917,20.0,0.0,17.4,0,0.0,1099,2047,0,3B,0.0
2330,Kendrys Morales,2019,13.1,0.45,15.2,0,0.0,1289,2622,0,1B,0.0
2331,Tony Clark,2009,12.3,0.03,15.8,1,0.0,1188,2729,0,1B,0.0
2332,Charlie Grimm,1936,12.5,0.48,12.6,0,0.0,2299,3781,0,1B,0.0
2333,Eric Karros,2004,10.4,0.37,13.6,0,0.0,1724,3533,0,1B,0.0
2334,Deron Johnson,1976,6.3,0.42,13.4,0,0.0,1447,3091,0,1B,0.0
2335,Craig Counsell,2011,22.4,0.0,17.4,0,0.1,1208,2324,0,2B,0.0
2336,Glenn Hubbard,1989,19.2,0.0,18.3,1,0.0,1084,2126,0,2B,0.0
2337,Jonathan Schoop,2023,19.0,0.05,18.2,1,0.1,1095,2059,0,2B,0.0
2338,Jim Delahanty,1915,19.2,0.0,17.4,0,0.0,1159,2054,0,2B,0.0
2339,Don Blasingame,1966,18.4,0.08,17.7,1,0.1,1366,2388,0,2B,0.0
2340,Félix Millán,1977,17.7,0.04,17.9,3,0.0,1617,2373,0,2B,0.0
2341,Whit Merrifield,2024,17.8,0.01,17.7,3,0.0,1249,2378,0,2B,0.0
2342,Sparky Adams,1934,17.8,0.23,15.9,0,0.1,1588,2567,0,2B,0.0
2343,Ted Sizemore,1980,16.2,0.01,17.3,0,0.0,1311,2138,0,2B,0.0
2344,Omar Infante,2016,17.0,0.0,16.2,1,0.0,1427,2415,0,2B,0.0
2345,Jody Reed,1997,15.9,0.02,17.1,0,0.0,1231,2177,0,2B,0.0
2346,Glenn Beckert,1975,15.6,0.25,17.2,4,0.1,1473,2106,0,2B,0.0
2347,Kelly Johnson,2016,16.4,0.0,16.1,0,0.0,1140,2518,0,2B,0.0
2348,Jorge Orta,1987,14.9,0.0,15.2,2,0.0,1619,2981,0,2B,0.0
2349,Eric Soderholm,1980,21.5,0.0,20.2,0,0.0,764,1531,0,3B,0.0
2350,Pete Ward,1970,20.3,0.43,20.1,0,0.2,776,1631,0,3B,0.0
2351,Wid Conroy,1911,22.1,0.0,17.7,0,0.0,1257,2270,0,3B,0.0
2352,Ed Charles,1969,19.6,0.0,19.6,0,0.1,917,1800,0,3B,0.0
2353,Jim Landis,1967,20.6,0.2,20.0,2,0.3,1061,2336,0,CF,0.0
2354,David DeJesus,2015,23.4,0.0,18.2,0,0.0,1434,2725,0,CF,0.0
2355,Andrew Benintendi,2026,15.9,0.0,17.0,1,0.0,1167,2363,0,LF,0.0
2356,Charley Jones,1888,26.4,0.0,22.8,0,0.7,1115,1918,0,1B,0.0
2357,Lyn Lary,1940,20.1,0.06,19.0,0,0.0,1239,2579,0,SS,0.0
2358,Germany Smith,1898,21.5,0.0,17.1,0,0.0,1597,2823,0,SS,0.0
2359,Rich Aurilia,2009,18.2,0.04,16.8,1,0.1,1576,2952,0,SS,0.0
2360,Starlin Castro,2021,18.2,0.0,15.8,4,0.0,1722,2962,0,SS,0.0
2361,Jerry Mumphrey,1988,22.3,0.01,19.9,1,0.0,1442,2631,0,CF,0.0
2362,Matt Wieters,2020,18.2,0.01,17.3,4,0.0,996,2011,0,C,0.0
2363,Joe Harris,1928,26.2,0.08,23.7,0,0.0,963,1882,0,1B,0.0
2364,Earl Sheely,1931,20.0,0.27,21.8,0,0.0,1340,2378,0,1B,0.0
2365,Norm Siebern,1968,21.0,0.22,20.5,4,0.3,1217,2621,0,1B,0.0
2366,Pete O'Brien,1993,19.2,0.01,19.5,0,0.0,1421,2889,0,1B,0.0
2367,Eric Hosmer,2023,19.1,0.04,17.4,1,0.0,1753,3347,0,1B,0.0
2368,Tom Tresh,1969,22.0,0.35,22.0,3,0.1,1041,2342,0,LF,0.0
2369,Fred Merkle,1926,19.5,0.36,17.9,0,0.0,1580,2941,0,1B,0.0
2370,Bibb Falk,1931,22.7,0.09,20.8,0,0.2,1463,2547,0,LF,0.0
2371,Duffy Lewis,1921,21.4,0.06,21.0,0,0.0,1518,2522,0,LF,0.0
2372,Joe Vosmik,1944,18.0,0.51,18.9,1,0.1,1682,2933,0,LF,0.0
2373,Pat Burrell,2011,18.9,0.17,16.6,0,0.0,1393,3539,0,LF,0.0
2374,George Selkirk,1942,23.5,0.0,23.2,2,0.1,810,1882,0,RF,0.0
2375,Buck Freeman,1907,23.9,0.0,21.8,0,0.1,1235,2306,0,RF,0.0
2376,Bake McBride,1983,22.7,0.11,22.5,1,0.0,1153,2050,0,RF,0.0
2377,Oscar Gamble,1985,22.9,0.0,20.1,0,0.0,1195,2702,0,RF,0.0
2378,Wes Parker,1972,22.9,0.28,20.8,0,0.0,1110,2152,0,1B,0.0
2379,Joe Cunningham,1966,22.3,0.07,20.8,2,0.0,980,2016,0,1B,0.0
2380,Zeke Bonura,1940,21.2,0.1,21.2,0,0.0,1099,2169,0,1B,0.0
2381,Jeff Blauser,1999,20.9,0.03,18.3,2,0.1,1187,2470,0,SS,0.0
2382,David Eckstein,2010,20.9,0.09,19.0,2,0.0,1414,2290,0,SS,0.0
2383,Bo Bichette,2026,20.5,0.08,20.9,2,0.2,946,1763,0,SS,0.0
2384,Eddie Miller,1950,22.3,0.2,19.1,7,0.0,1270,2295,0,SS,0.0
2385,Claudell Washington,1990,19.6,0.07,17.8,2,0.0,1884,3628,0,RF,0.0
2386,Tommy McCarthy,1896,16.2,0.0,18.9,0,0.1,1493,2926,0,2B,0.0
2387,Rick Dempsey,1992,25.2,0.0,17.2,0,0.0,1093,2240,0,C,0.0
2388,Johnny Bassler,1927,21.0,0.81,20.9,0,0.0,704,1288,0,C,0.0
2389,John Romano,1967,20.9,0.0,20.1,4,0.1,706,1646,0,C,0.0
2390,Joe Ferguson,1983,21.0,0.02,19.6,0,0.0,719,1812,0,C,0.0
2391,Virgil Davis,1945,22.2,0.01,17.6,0,0.0,1312,2223,0,C,0.0
2392,Andy Seminick,1957,21.5,0.07,17.8,1,0.0,953,2241,0,C,0.0
2393,Earl Battey,1967,18.9,0.45,18.6,5,0.0,969,1899,0,C,0.0
2394,Hank Severeid,1926,19.0,0.27,18.1,0,0.0,1245,1950,0,C,0.0
2395,Paul Lo Duca,2008,17.8,0.01,18.6,4,0.0,1112,1876,0,C,0.0
2396,Ernie Whitt,1991,18.3,0.0,18.1,1,0.0,938,2004,0,C,0.0
2397,Brad Ausmus,2010,16.5,0.0,15.1,1,0.0,1579,2893,0,C,0.0
2398,Ronnie Belliard,2010,20.8,0.0,19.7,1,0.0,1377,2626,0,2B,0.0
2399,Jorge Polanco,2026,20.4,0.05,19.5,1,0.0,1073,2262,0,SS,0.0
2400,Daniel Murphy,2020,20.8,0.59,18.7,3,0.0,1572,2847,0,2B,0.0
2401,Mark McLemore,2004,19.6,0.0,17.2,0,0.0,1602,3257,0,2B,0.0
2402,Doug Rader,1977,24.3,0.0,19.6,0,0.0,1302,2655,0,3B,0.0
2403,Don Hoak,1964,21.2,0.59,21.1,1,0.1,1144,2300,0,3B,0.0
2404,Pablo Sandoval,2021,19.0,0.22,20.7,2,0.2,1279,2411,0,3B,0.0
2405,Jack Wilson,2012,23.5,0.0,20.9,1,0.0,1294,2101,0,SS,0.0
2406,J.P. Crawford,2026,22.3,0.01,21.0,0,0.1,867,1800,0,SS,0.0
2407,George McBride,1920,21.2,0.2,21.0,0,0.1,1203,2010,0,SS,0.0
2408,Donn Clendenon,1972,20.0,0.08,19.9,0,0.0,1273,2525,0,1B,0.0
2409,Chris Davis,2020,11.5,0.63,18.7,1,0.5,1160,2857,0,1B,0.0
2410,Johnny Bates,1914,22.0,0.0,20.2,0,0.1,1087,2165,0,CF,0.0
2411,Red Kress,1946,14.8,0.13,15.9,0,0.0,1454,2655,0,SS,0.0
2412,Bud Harrelson,1980,20.3,0.05,18.2,2,0.0,1120,2127,0,SS,0.0
2413,Frank Fennelly,1890,19.2,0.0,19.2,0,0.1,781,1702,0,SS,0.0
2414,Jason Bartlett,2014,18.4,0.02,19.6,1,0.1,849,1548,0,SS,0.0
2415,Sam Wise,1893,20.3,0.0,17.4,0,0.0,1281,2462,0,SS,0.0
2416,Tony Kubek,1965,18.4,0.09,18.8,4,0.0,1109,1764,0,SS,0.0
2417,Al Bridwell,1915,18.0,0.0,18.5,0,0.2,1064,1922,0,SS,0.0
2418,Eddie Bressoud,1967,17.1,0.03,19.3,1,0.1,925,1839,0,SS,0.0
2419,Didi Gregorius,2022,17.3,0.02,18.2,0,0.0,999,1926,0,SS,0.0
2420,Tim Anderson,2025,15.4,0.3,18.7,2,0.4,1088,1878,0,SS,0.0
2421,Stephen Drew,2017,15.8,0.0,17.1,0,0.0,1109,2338,0,SS,0.0
2422,Monte Cross,1907,16.4,0.0,16.4,0,0.0,1365,2770,0,SS,0.0
2423,Hubie Brooks,1994,13.0,0.03,17.3,2,0.1,1608,2858,0,RF,0.0
2424,Nico Hoerner,2026,23.7,0.01,23.4,0,0.4,787,1431,0,2B,0.0
2425,Ed Brinkman,1975,13.2,0.2,16.8,1,0.0,1355,2286,0,SS,0.0
2426,Paul Radford,1894,14.3,0.0,15.4,0,0.1,1206,2671,0,SS,0.0
2427,Cristian Guzmán,2010,12.6,0.01,16.3,2,0.0,1459,2451,0,SS,0.0
2428,Ian Happ,2026,23.8,0.0,20.3,1,0.0,988,2441,0,LF,0.0
2429,John Briggs,1975,24.0,0.02,19.6,0,0.0,1041,2441,0,LF,0.0
2430,Yoenis Céspedes,2020,21.4,0.27,21.5,2,0.0,870,1869,0,LF,0.0
2431,Irish Meusel,1927,21.9,0.08,19.7,0,0.0,1521,2657,0,LF,0.0
2432,Bob Bescher,1918,21.8,0.33,18.5,0,0.0,1171,2640,0,LF,0.0
2433,Cleon Jones,1976,18.1,0.24,20.7,1,0.1,1196,2175,0,LF,0.0
2434,Tommy Pham,2026,18.5,0.06,19.1,0,0.3,1081,2449,0,LF,0.0
2435,Bryan Reynolds,2026,21.9,0.08,21.4,2,0.1,1008,2140,0,LF,0.0
2436,George Wright,1882,23.2,0.0,22.0,0,1.0,866,1258,0,SS,0.0
2437,Larry Parrish,1988,15.6,0.38,15.8,2,0.0,1789,3542,0,3B,0.0
2438,Phil Nevin,2006,15.9,0.01,19.1,1,0.0,1131,2443,0,3B,0.0
2439,Dave Hollins,2002,17.8,0.01,20.3,1,0.2,870,1917,0,3B,0.0
2440,Randy Velarde,2002,24.9,0.0,20.5,0,0.4,1171,2272,0,2B,0.0
2441,Jeff McNeil,2026,23.4,0.01,21.5,2,0.1,958,1750,0,2B,0.0
2442,Kolten Wong,2023,22.9,0.0,21.7,0,0.0,973,1927,0,2B,0.0
2443,Bip Roberts,1998,20.5,0.19,20.5,1,0.2,1220,2235,0,2B,0.0
2444,Jason Kipnis,2020,21.1,0.11,19.5,2,0.0,1147,2436,0,2B,0.0
2445,Gleyber Torres,2026,20.0,0.02,19.3,3,0.0,1036,2190,0,2B,0.0
2446,Jim Gantner,1992,22.4,0.0,16.7,0,0.0,1696,2695,0,2B,0.0
2447,Neil Walker,2020,20.0,0.0,18.7,0,0.0,1224,2445,0,2B,0.0
2448,Jerry Priddy,1953,18.6,0.14,18.9,0,0.1,1252,2427,0,2B,0.0
2449,Mark Loretta,2009,19.3,0.11,17.7,2,0.1,1713,2896,0,2B,0.0
2450,Dots Miller,1921,18.1,0.45,18.9,0,0.0,1526,2638,0,1B,0.0
2451,Bobby Lowe,1907,20.1,0.0,16.5,0,0.0,1934,3324,0,2B,0.0
2452,Frank Bolling,1966,16.9,0.04,19.3,4,0.0,1415,2536,0,2B,0.0
2453,Harold Reynolds,1994,15.8,0.0,18.5,2,0.0,1233,2362,0,2B,0.0
2454,Jed Lowrie,2022,15.4,0.01,16.1,1,0.0,1185,2385,0,SS,0.0
2455,Bill Mueller,2006,23.9,0.11,19.7,0,0.0,1229,2356,0,3B,0.0
2456,Hans Lobert,1917,22.5,0.06,19.8,0,0.1,1252,2382,0,3B,0.0
2457,George Pinkney,1893,21.1,0.0,20.4,0,0.1,1212,2379,0,3B,0.0
2458,Bob Horner,1988,21.9,0.13,19.1,1,0.0,1047,2269,0,3B,0.0
2459,Jerry Denny,1894,20.9,0.0,19.6,0,0.0,1286,2201,0,3B,0.0
2460,Joe Randa,2006,21.4,0.0,18.6,0,0.0,1543,2785,0,3B,0.0
2461,Jimmy Austin,1929,21.9,0.03,17.4,0,0.0,1328,2529,0,3B,0.0
2462,Brandon Inge,2013,19.2,0.0,19.6,1,0.0,1166,2414,0,3B,0.0
2463,Roy Johnson,1938,17.4,0.1,17.0,0,0.0,1292,2531,0,LF,0.0
2464,Dave Collins,1990,15.8,0.01,15.4,0,0.0,1335,2584,0,LF,0.0
2465,Cotton Tierney,1925,5.7,0.0,5.7,0,0.0,681,1090,0,2B,0.0
2466,Lou Bierbauer,1898,13.9,0.0,14.9,0,0.0,1524,2499,0,2B,0.0
2467,Freddy Sanchez,2011,15.9,0.01,16.1,3,0.0,1012,1598,0,2B,0.0
2468,Gene DeMontreville,1904,15.2,0.0,16.1,0,0.0,1096,1749,0,2B,0.0
2469,Horace Clarke,1974,15.7,0.0,15.3,0,0.0,1230,2023,0,2B,0.0
2470,Cass Michaels,1954,15.9,0.0,14.8,2,0.1,1142,2170,0,2B,0.0
2471,Jack Crooks,1898,15.4,0.0,15.2,0,0.1,671,1728,0,2B,0.0
2472,Rennie Stennett,1981,13.9,0.03,16.4,0,0.0,1239,1903,0,2B,0.0
2473,George Cutshaw,1923,16.2,0.07,14.1,0,0.0,1487,2506,0,2B,0.0
2474,Jack Burdock,1891,15.0,0.0,15.0,0,0.1,1231,1748,0,2B,0.0
2475,Pop Smith,1891,13.3,0.0,16.4,0,0.1,941,1822,0,2B,0.0
2476,Jerry Lumpe,1967,15.4,0.03,13.7,1,0.0,1314,2197,0,2B,0.0
2477,Aaron Ward,1928,14.0,0.0,15.1,0,0.0,966,1757,0,2B,0.0
2478,Julián Javier,1972,13.9,0.15,14.3,2,0.0,1469,2478,0,2B,0.0
2479,Ryan McMahon,2026,16.9,0.0,17.1,1,0.0,867,1976,0,3B,0.0
2480,Dee Strange-Gordon,2022,13.0,0.01,15.1,2,0.0,1118,1911,0,2B,0.0
2481,Tony Bernazard,1991,13.2,0.0,14.7,0,0.0,970,1973,0,2B,0.0
2482,William Robinson,1892,12.8,0.0,14.9,0,0.1,827,2050,0,2B,0.0
2483,Rickie Weeks,2017,11.6,0.0,13.9,1,0.0,1087,2520,0,2B,0.0
2484,Cookie Rojas,1977,9.2,0.07,13.2,5,0.0,1660,2596,0,2B,0.0
2485,Lee Tannehill,1912,20.9,0.0,19.5,0,0.0,833,1323,0,3B,0.0
2486,David Freese,2019,18.8,0.0,16.3,1,0.0,1041,1969,0,3B,0.0
2487,Jim Davenport,1970,18.3,0.01,16.8,2,0.0,1142,2022,0,3B,0.0
2488,Rance Mulliniks,1992,17.0,0.0,17.5,0,0.0,972,1926,0,3B,0.0
2489,Dewey Creacy,1938,17.8,0.0,16.6,0,0.2,1022,1932,0,3B,0.0
2490,Kelly Gruber,1993,16.4,0.45,17.6,2,0.0,818,1642,0,3B,0.0
2491,Hobe Ferris,1909,16.4,0.0,15.7,0,0.0,1145,1884,0,2B,0.0
2492,Bucky Harris,1931,16.2,0.08,16.3,0,0.0,1297,2315,0,2B,0.0
2493,Jamey Carroll,2013,17.0,0.0,15.9,0,0.0,1000,1725,0,2B,0.0
2494,Julio Cruz,1986,16.9,0.0,16.2,0,0.0,916,1973,0,2B,0.0
2495,Nate Colbert,1976,14.2,0.13,17.2,3,0.0,833,1978,0,1B,0.0
2496,Cliff Johnson,1986,16.2,0.0,14.4,0,0.0,1016,2389,0,1B,0.0
2497,Eddie Robinson,1957,14.7,0.18,15.3,4,0.0,1146,2413,0,1B,0.0
2498,Willie Upshaw,1988,13.0,0.12,14.9,0,0.0,1103,2301,0,1B,0.0
2499,Kevin Millar,2009,14.2,0.0,13.4,0,0.0,1284,2691,0,1B,0.0
2500,Adam Lind,2017,12.8,0.04,13.5,0,0.0,1247,2530,0,1B,0.0
2501,Billy Butler,2016,11.8,0.0,13.0,1,0.0,1479,2757,0,1B,0.0
2502,David Segui,2004,10.4,0.0,13.7,0,0.0,1412,2686,0,1B,0.0
2503,J.T. Snow,2008,11.0,0.0,12.8,0,0.0,1509,3187,0,1B,0.0
2504,George Scales,1946,22.9,0.0,16.8,1,0.9,697,1533,0,3B,0.0
2505,Andrés Giménez,2026,19.5,0.34,19.5,1,0.6,610,1180,0,2B,0.0
2506,Tommy Edman,2025,19.1,0.0,19.1,0,0.1,701,1394,0,2B,0.0
2507,Brandon Lowe,2026,19.7,0.33,17.9,2,0.3,696,1703,0,2B,0.0
2508,Jack Farrell,1889,18.7,0.0,17.4,0,0.2,877,1488,0,2B,0.0
2509,Luis Arraez,2026,18.3,0.2,17.5,3,0.0,1085,1695,0,2B,0.0
2510,Jim Lefebvre,1972,17.1,0.06,17.2,1,0.0,756,1470,0,2B,0.0
2511,Connie Ryan,1954,17.5,0.01,16.6,1,0.0,988,2008,0,2B,0.0
2512,Josh Harrison,2023,16.4,0.12,17.5,2,0.1,1080,1859,0,2B,0.0
2513,Frank LaPorte,1915,18.5,0.03,15.1,0,0.0,1185,1976,0,2B,0.0
2514,Marcus Giles,2007,16.7,0.03,16.7,1,0.4,813,1648,0,2B,0.0
2515,Danny Richardson,1894,15.9,0.0,17.4,0,0.0,1129,1986,0,2B,0.0
2516,Danny O'Connell,1962,17.2,0.03,15.9,0,0.0,1049,1896,0,2B,0.0
2517,Bump Wills,1982,16.5,0.0,16.5,0,0.0,807,1597,0,2B,0.0
2518,Chris Sabo,1996,16.6,0.03,17.4,3,0.1,898,1888,0,3B,0.0
2519,Steve Buechele,1995,16.5,0.0,17.0,0,0.0,1046,2107,0,3B,0.0
2520,Leon Durham,1989,16.3,0.11,16.0,2,0.0,992,2255,0,1B,0.0
2521,Craig Reynolds,1989,13.3,0.0,13.1,2,0.0,1142,1826,0,SS,0.0
2522,Jack Nelson,1890,16.0,0.0,14.1,0,0.2,833,1409,0,SS,0.0
2523,Arthur Irwin,1894,15.2,0.0,14.5,0,0.1,934,1582,0,SS,0.0
2524,Mickey Doolin,1918,14.5,0.18,15.1,0,0.0,1376,2370,0,SS,0.0
2525,Clint Barmes,2015,15.0,0.0,14.1,0,0.0,932,1700,0,SS,0.0
2526,Marwin González,2022,14.4,0.01,14.5,0,0.0,888,1713,0,SS,0.0
2527,Julio Lugo,2011,13.5,0.0,14.7,0,0.0,1279,2462,0,SS,0.0
2528,José Hernández,2006,13.3,0.0,14.7,1,0.0,1166,2354,0,SS,0.0
2529,Jose Iglesias,2025,13.7,0.0,13.5,1,0.0,1212,1930,0,SS,0.0
2530,Daryl Spencer,1963,13.7,0.0,13.3,0,0.0,901,1863,0,SS,0.0
2531,Paul DeJong,2025,13.1,0.0,13.8,1,0.0,723,1592,0,SS,0.0
2532,Jonathan Villar,2022,12.4,0.0,14.2,0,0.0,899,1984,0,SS,0.0
2533,Spike Owen,1995,12.6,0.0,13.1,0,0.0,1211,2333,0,SS,0.0
2534,Wayne Garrett,1978,16.8,0.0,16.6,0,0.0,786,1719,0,3B,0.0
2535,Iván de Jesús,1988,11.1,0.0,12.5,0,0.0,1167,2161,0,SS,0.0
2536,Alcides Escobar,2022,10.2,0.0,12.6,1,0.0,1486,2417,0,SS,0.0
2537,Shawon Dunston,2002,11.6,0.0,11.0,2,0.0,1597,2878,0,SS,0.0
2538,Alex Gonzalez,2006,11.2,0.0,11.3,0,0.0,1209,2437,0,SS,0.0
2539,Álex González,2014,9.4,0.0,12.8,1,0.0,1418,2613,0,SS,0.0
2540,Alfredo Griffin,1993,3.0,0.0,9.9,1,0.0,1688,2691,0,SS,0.0
2541,Rube Bressler,1932,19.2,0.08,17.1,0,0.0,1170,2100,0,LF,0.0
2542,Danny Litwhiler,1951,18.5,0.01,16.3,1,0.0,982,1839,0,LF,0.0
2543,Michael Conforto,2026,17.5,0.0,16.4,1,0.0,953,2270,0,LF,0.0
2544,Chris Taylor,2025,16.2,0.0,17.2,1,0.0,860,1913,0,LF,0.0
2545,Bob Nieman,1962,17.4,0.16,15.9,0,0.0,1018,2082,0,LF,0.0
2546,Zack Cozart,2019,14.4,0.0,15.7,1,0.0,764,1471,0,SS,0.0
2547,Brendan Ryan,2016,15.0,0.0,16.0,0,0.0,604,1078,0,SS,0.0
2548,Isiah Kiner-Falefa,2026,15.8,0.0,15.9,0,0.0,824,1381,0,SS,0.0
2549,Topper Rigney,1927,16.0,0.05,16.0,0,0.0,669,1320,0,SS,0.0
2550,Harry Lord,1915,16.5,0.0,16.7,0,0.0,1026,1749,0,3B,0.0
2551,Scott Brosius,2001,15.7,0.0,15.9,1,0.0,1001,2045,0,3B,0.0
2552,David Bell,2006,15.2,0.0,15.3,0,0.0,1239,2358,0,3B,0.0
2553,Odell Hale,1941,14.8,0.0,15.4,0,0.0,1071,2042,0,2B,0.0
2554,Joe Stripp,1938,14.1,0.01,15.2,0,0.0,1238,1945,0,3B,0.0
2555,Tony Batista,2007,13.8,0.0,15.4,2,0.0,1146,2403,0,3B,0.0
2556,Ray Knight,1988,13.2,0.27,15.8,2,0.0,1311,2240,0,3B,0.0
2557,Aaron Boone,2009,13.6,0.0,15.3,1,0.0,1017,2055,0,3B,0.0
2558,Mike Moustakas,2023,12.7,0.01,15.2,3,0.0,1252,2603,0,3B,0.0
2559,Dean Palmer,2003,13.3,0.0,14.0,1,0.0,1229,2865,0,3B,0.0
2560,Bobby Byrne,1917,12.9,0.0,14.2,0,0.0,1225,2193,0,3B,0.0
2561,Héctor López,1966,12.7,0.0,13.9,0,0.0,1251,2360,0,LF,0.0
2562,Eduardo Escobar,2023,12.4,0.0,14.0,1,0.0,1185,2390,0,3B,0.0
2563,Enos Cabell,1986,11.3,0.01,14.0,0,0.0,1647,2699,0,3B,0.0
2564,John Beckwith,1935,20.7,0.0,18.3,0,0.4,636,1263,0,3B,0.0
2565,Rey Sánchez,2005,20.6,0.0,16.6,0,0.0,1317,1903,0,SS,0.0
2566,Jeremy Peña,2026,18.4,0.08,18.4,1,0.1,605,1122,0,SS,0.0
2567,Miguel Rojas,2026,19.5,0.0,15.4,0,0.0,1008,1739,0,SS,0.0
2568,Bucky Dent,1984,17.5,0.0,17.2,3,0.0,1114,1794,0,SS,0.0
2569,Bill Riggins,1929,18.1,0.0,15.9,0,0.3,750,1409,0,SS,0.0
2570,Heinie Wagner,1918,16.8,0.28,16.5,0,0.0,834,1540,0,SS,0.0
2571,Everett Scott,1926,17.0,0.2,16.2,0,0.0,1455,2151,0,SS,0.0
2572,Davy Force,1886,17.6,0.0,15.1,0,0.5,1059,1450,0,SS,0.0
2573,Nick Etten,1947,15.9,0.27,16.1,0,0.1,921,1907,0,1B,0.0
2574,Jeff King,1999,16.9,0.0,16.0,0,0.0,1091,2328,0,3B,0.0
2575,Tito Francona,1970,13.9,0.3,16.1,1,0.1,1395,2652,0,LF,0.0
2576,Al Cowens,1986,15.2,0.55,15.8,0,0.0,1494,2739,0,RF,0.0
2577,Yasiel Puig,2019,18.8,0.04,18.8,1,0.0,834,1807,0,RF,0.0
2578,Teoscar Hernández,2026,19.2,0.03,17.4,2,0.0,1095,2400,0,RF,0.0
2579,Floyd Robinson,1968,17.9,0.18,18.6,0,0.0,929,1792,0,RF,0.0
2580,Wally Post,1964,18.1,0.07,18.2,0,0.1,1064,2294,0,RF,0.0
2581,George Case,1947,17.9,0.35,18.4,3,0.1,1415,2572,0,LF,0.0
2582,Frank Demaree,1944,17.1,0.39,17.6,2,0.0,1241,2111,0,RF,0.0
2583,Michael Cuddyer,2015,17.8,0.02,15.4,2,0.0,1522,3132,0,RF,0.0
2584,Orlando Merced,2003,16.2,0.0,16.7,0,0.0,1108,2246,0,RF,0.0
2585,Tony Armas,1989,15.8,0.64,17.0,2,0.1,1302,2615,0,RF,0.0
2586,Kevin Bass,1995,14.7,0.22,17.4,1,0.1,1308,2498,0,RF,0.0
2587,Pete Fox,1945,16.3,0.08,15.5,1,0.0,1678,2887,0,RF,0.0
2588,Kole Calhoun,2023,14.7,0.0,16.4,0,0.0,1076,2338,0,RF,0.0
2589,Clay Dalrymple,1971,16.8,0.0,14.8,0,0.0,710,1409,0,C,0.0
2590,Derek Bell,2001,13.2,0.03,16.4,0,0.0,1262,2473,0,RF,0.0
2591,Matt Stairs,2011,14.1,0.01,12.9,0,0.0,1366,3228,0,RF,0.0
2592,Nick Castellanos,2026,12.1,0.06,14.0,2,0.0,1760,3488,0,RF,0.0
2593,José Guillén,2010,6.4,0.0,16.4,0,0.0,1591,2940,0,RF,0.0
2594,John Clapp,1883,19.1,0.0,16.9,0,0.3,713,1025,0,C,0.0
2595,Heinie Peitz,1913,19.9,0.0,14.4,0,0.0,1117,1989,0,C,0.0
2596,Ivey Wingo,1929,18.2,0.0,15.4,0,0.0,1039,1774,0,C,0.0
2597,Bubbles Hargrave,1930,16.4,0.43,16.4,0,0.2,786,1390,0,C,0.0
2598,Steve Yeager,1986,17.9,0.0,14.8,0,0.0,816,1628,0,C,0.0
2599,William Contreras,2026,16.2,0.4,16.2,2,0.1,651,1380,0,C,0.0
2600,Adley Rutschman,2026,15.9,0.15,15.9,2,0.1,510,1105,0,C,0.0
2601,George Harper,1929,18.1,0.04,19.6,0,0.1,1030,1994,0,RF,0.0
2602,Richard Hidalgo,2005,19.2,0.02,18.8,0,0.1,929,2100,0,RF,0.0
2603,Casey Stengel,1925,20.9,0.0,17.9,0,0.0,1219,2327,0,RF,0.0
2604,Willard Marshall,1955,20.0,0.07,19.1,3,0.1,1160,2263,0,RF,0.0
2605,Gee Walker,1945,16.4,0.25,13.3,1,0.0,1991,3467,0,LF,0.0
2606,Lou Piniella,1984,12.5,0.05,16.2,1,0.0,1705,2798,0,LF,0.0
2607,Gary Pettis,1992,22.1,0.0,18.6,0,0.0,855,2000,0,CF,0.0
2608,Mack Jones,1971,20.7,0.0,19.9,0,0.0,778,1819,0,CF,0.0
2609,Jimmy Barrett,1908,20.0,0.0,20.3,0,0.1,962,1770,0,CF,0.0
2610,Colby Rasmus,2018,20.4,0.0,18.9,0,0.0,891,2011,0,CF,0.0
2611,Adam Eaton,2021,18.8,0.0,20.1,0,0.1,950,1840,0,RF,0.0
2612,Bug Holliday,1898,18.5,0.0,18.4,0,0.0,1141,2254,0,1B,0.0
2613,Ira Flagstead,1930,18.7,0.4,18.1,0,0.0,1202,2222,0,CF,0.0
2614,Ángel Pagán,2016,17.8,0.0,18.5,0,0.0,1143,2160,0,CF,0.0
2615,Vince DiMaggio,1946,17.4,0.03,18.7,2,0.0,959,2082,0,CF,0.0
2616,Steve Brodie,1902,19.5,0.0,15.8,0,0.0,1728,2881,0,CF,0.0
2617,Jackie Bradley Jr.,2023,16.6,0.0,18.6,1,0.1,839,1854,0,CF,0.0
2618,Milton Bradley,2011,16.9,0.02,18.0,1,0.0,976,2171,0,CF,0.0
2619,Del Unser,1982,16.7,0.01,17.2,0,0.0,1344,2413,0,CF,0.0
2620,Fred Schulte,1937,16.5,0.05,17.0,0,0.0,1241,2257,0,CF,0.0
2621,Mike Kreevich,1945,16.8,0.28,16.3,1,0.0,1321,2388,0,CF,0.0
2622,Otis Nixon,1999,16.6,0.0,14.6,0,0.0,1379,2813,0,CF,0.0
2623,Duff Cooley,1905,15.1,0.0,15.9,0,0.0,1579,2631,0,LF,0.0
2624,Danny Green,1905,21.8,0.0,20.5,0,0.0,1021,1869,0,RF,0.0
2625,Willie Crawford,1977,21.3,0.0,19.6,0,0.0,921,1879,0,RF,0.0
2626,Mike Mitchell,1914,19.9,0.14,19.8,0,0.2,1138,2127,0,RF,0.0
2627,Max Kepler,2025,20.6,0.0,18.5,0,0.0,983,2274,0,RF,0.0
2628,Alex Avila,2021,16.7,0.03,15.0,1,0.0,714,1738,0,C,0.0
2629,Sean Murphy,2026,15.6,0.0,15.8,1,0.0,456,1088,0,C,0.0
2630,Jake Stahl,1913,17.2,0.0,17.8,0,0.0,894,1709,0,1B,0.0
2631,Welington Castillo,2019,12.1,0.0,12.2,0,0.0,626,1236,0,C,0.0
2632,Mike Heath,1991,13.4,0.0,12.5,0,0.0,1061,1878,0,C,0.0
2633,Robinson Chirinos,2022,12.6,0.0,13.3,0,0.0,480,1125,0,C,0.0
2634,Brian Harper,1995,12.3,0.0,13.6,0,0.0,931,1461,0,C,0.0
2635,Babe Phelps,1942,13.0,0.05,12.8,3,0.0,657,1169,0,C,0.0
2636,Ossee Schrecongost,1908,12.4,0.0,13.2,0,0.0,829,1208,0,C,0.0
2637,Dick Dietz,1973,12.6,0.0,12.9,1,0.0,478,1162,0,C,0.0
2638,Duke Sims,1974,12.8,0.0,12.6,0,0.0,580,1316,0,C,0.0
2639,Bo Díaz,1989,11.5,0.0,13.8,2,0.0,834,1474,0,C,0.0
2640,Cy Perkins,1934,11.8,0.04,13.3,0,0.0,933,1587,0,C,0.0
2641,Randy Hundley,1977,11.7,0.03,13.4,1,0.0,813,1486,0,C,0.0
2642,Jason Castro,2022,12.0,0.0,12.6,1,0.0,678,1506,0,C,0.0
2643,Geovany Soto,2017,11.9,0.09,11.9,1,0.0,619,1411,0,C,0.0
2644,Stan Lopata,1960,15.3,0.03,15.8,2,0.0,661,1586,0,C,0.0
2645,Gus Mancuso,1945,10.6,0.65,12.7,2,0.0,1194,2008,0,C,0.0
2646,Rich Gedman,1992,9.6,0.0,13.4,2,0.0,795,1498,0,C,0.0
2647,Jimmie Wilson,1940,11.2,0.45,10.6,2,0.0,1358,2212,0,C,0.0
2648,Bengie Molina,2010,10.7,0.0,10.9,0,0.0,1317,2189,0,C,0.0
2649,Alan Ashby,1989,11.1,0.0,10.0,0,0.0,1010,1957,0,C,0.0
2650,Jack O'Connor,1910,8.8,0.0,10.8,0,0.0,1418,2329,0,C,0.0
2651,Rick Cerone,1992,8.0,0.2,10.4,0,0.0,998,1721,0,C,0.0
2652,Ed Kirkpatrick,1977,8.2,0.0,10.2,0,0.0,824,1748,0,C,0.0
2653,Luke Sewell,1942,4.7,0.66,7.5,1,0.0,1393,2389,0,C,0.0
2654,Dave Magadan,2001,21.1,0.01,15.9,0,0.0,1197,2296,0,3B,0.0
2655,Perry Werden,1897,17.7,0.0,17.7,0,0.2,774,1568,0,1B,0.0
2656,Wes Westrum,1957,12.7,0.01,13.3,2,0.0,503,1365,0,C,0.0
2657,Bob Brenly,1989,12.8,0.0,13.9,1,0.0,647,1416,0,C,0.0
2658,Jack Warner,1908,14.7,0.0,12.0,0,0.0,870,1303,0,C,0.0
2659,Gregg Zaun,2010,13.7,0.0,13.1,0,0.0,878,1856,0,C,0.0
2660,Jim Pagliaroni,1969,15.8,0.0,14.6,0,0.0,622,1338,0,C,0.0
2661,Harry Danning,1942,14.7,0.47,15.2,4,0.0,847,1432,0,C,0.0
2662,Wilson Ramos,2021,15.3,0.01,14.7,2,0.0,946,1755,0,C,0.0
2663,Art Wilson,1921,14.9,0.0,14.9,0,0.4,536,1090,0,C,0.0
2664,Gary Sánchez,2026,14.8,0.0,14.9,2,0.0,674,1725,0,C,0.0
2665,George Gibson,1918,14.8,0.06,14.8,0,0.0,893,1504,0,C,0.0
2666,Milt May,1984,16.5,0.0,12.9,0,0.0,971,1680,0,C,0.0
2667,Lou Criger,1912,15.9,0.0,13.5,0,0.0,709,1295,0,C,0.0
2668,Jerry Grote,1981,15.1,0.0,14.1,2,0.0,1092,1827,0,C,0.0
2669,Buddy Rosar,1951,14.1,0.03,14.7,5,0.0,836,1399,0,C,0.0
2670,Ron Hassey,1991,14.7,0.0,13.7,0,0.0,914,1712,0,C,0.0
2671,Gus Triandos,1965,14.1,0.12,14.2,4,0.0,954,2055,0,C,0.0
2672,Mike Macfarlane,1999,14.7,0.0,13.6,0,0.0,906,1855,0,C,0.0
2673,Rick Wilkins,2001,14.0,0.0,14.2,0,0.4,515,1154,0,C,0.0
2674,Phil Masi,1952,14.5,0.03,13.4,3,0.0,917,1739,0,C,0.0
2675,Ray Fosse,1979,12.8,0.02,15.1,2,0.0,758,1302,0,C,0.0
2676,Ron Karkovice,1997,14.6,0.0,13.2,0,0.0,574,1251,0,C,0.0
2677,Al Lopez,1947,16.5,0.56,11.2,2,0.0,1547,2594,0,C,0.0
2678,Shanty Hogan,1937,14.5,0.21,13.2,0,0.0,939,1518,0,C,0.0
2679,Ray Mueller,1951,14.0,0.3,13.5,1,0.0,733,1334,0,C,0.0
2680,Larry McLean,1915,12.9,0.0,14.2,0,0.0,694,1010,0,C,0.0
2681,Ellie Rodríguez,1976,13.4,0.0,13.7,2,0.0,533,1018,0,C,0.0
2682,Dan Wilson,2005,12.9,0.0,14.1,1,0.0,1097,1901,0,C,0.0
2683,Jeromy Burnitz,2006,19.9,0.02,18.6,1,0.0,1447,3561,0,RF,0.0
2684,Tom Brunansky,1994,22.0,0.0,18.5,1,0.1,1543,3567,0,RF,0.0
2685,Al Smith,1964,20.9,0.83,19.8,3,0.1,1500,3126,0,RF,0.0
2686,Roy Smalley,1987,27.9,0.04,24.1,1,0.1,1454,3035,0,SS,0.0
2687,Lance Johnson,2000,30.2,0.02,27.9,1,0.1,1565,2755,0,CF,0.0
2688,Lloyd Moseby,1991,27.5,0.06,25.7,1,0.7,1494,3302,0,CF,0.0
2689,Baby Doll Jacobson,1927,29.2,0.35,27.1,0,0.1,1714,2920,0,CF,0.0
2690,Matt Kemp,2020,21.6,0.85,23.6,3,0.6,1808,3783,0,CF,0.0
2691,Scott Fletcher,1995,31.9,0.01,27.0,0,0.0,1376,2410,0,SS,0.0
2692,Ken Griffey,1991,34.6,0.15,23.6,3,0.0,2143,4036,0,RF,0.0
2693,Raúl Mondesí,2005,29.5,0.02,25.5,1,0.1,1589,3523,0,RF,0.0
2694,George Grantham,1934,33.9,0.03,26.0,0,0.1,1508,3150,0,2B,0.0
2695,Jimmy Dykes,1939,34.7,0.59,21.5,2,0.0,2256,4241,0,3B,0.0
2696,Mickey Rivers,1984,32.7,0.72,27.7,1,0.1,1660,2765,0,CF,0.0
2697,Chris Speier,1989,30.7,0.0,22.5,3,0.1,1759,3386,0,SS,0.0
2698,Asdrúbal Cabrera,2021,30.0,0.01,21.9,2,0.0,1763,3485,0,SS,0.0
2699,Ginger Beaumont,1910,31.0,0.0,26.7,0,0.2,1759,2901,0,CF,0.0
2700,Jean Segura,2023,26.3,0.03,25.3,2,0.7,1545,2740,0,SS,0.0
2701,Johnny Kling,1913,29.2,0.02,26.0,0,0.1,1154,1922,0,C,0.0
2702,Rick Ferrell,1947,30.7,0.26,20.8,7,0.0,1692,3150,0,C,0.0
2703,Chick Hafey,1937,31.2,0.52,28.1,1,0.2,1466,2875,0,LF,0.0
2704,Marcell Ozuna,2026,28.9,0.74,25.3,3,0.3,1654,3532,0,LF,0.0
2705,Carl Furillo,1960,34.7,0.43,25.5,2,0.1,1910,3484,0,RF,0.0
2706,Von Hayes,1992,29.9,0.12,26.7,1,0.1,1402,3150,0,RF,0.0
2707,Joe Adcock,1966,33.5,0.36,23.8,2,0.0,1832,3819,0,1B,0.0
2708,B.J. Surhoff,2005,34.4,0.0,22.4,1,0.0,2326,4195,0,LF,0.0
2709,Gary Matthews,1987,30.4,0.32,22.3,1,0.0,2011,4257,0,LF,0.0
2710,George Hendrick,1988,29.1,0.38,24.1,4,0.1,1980,3804,0,RF,0.0
2711,Jacoby Ellsbury,2017,31.0,0.63,27.8,1,0.7,1376,2765,0,CF,0.0
2712,Willie Kamm,1935,35.6,0.5,26.2,0,0.1,1643,3198,0,3B,0.0
2713,Marty McManus,1934,34.2,0.3,24.3,0,0.0,1926,3664,0,2B,0.0
2714,Ron Fairly,1978,35.1,0.0,24.0,2,0.0,1913,4018,0,1B,0.0
2715,Ross Youngs,1926,32.4,0.44,30.4,0,0.7,1491,2742,0,RF,0.0
2716,Darin Erstad,2009,32.3,0.26,28.8,2,0.7,1697,3105,0,1B,0.0
2717,Jayson Werth,2017,29.2,0.21,27.5,1,0.0,1465,3392,0,RF,0.0
2718,Jimmy Williams,1909,33.1,0.0,28.9,0,0.2,1508,2798,0,2B,0.0
2719,Ken McMullen,1977,34.1,0.01,30.0,0,0.2,1273,2495,0,3B,0.0
2720,Bill Joyce,1898,31.2,0.0,30.0,0,0.1,971,2533,0,3B,0.0
2721,Robby Thompson,1996,33.9,0.03,30.3,2,0.4,1187,2402,0,2B,0.0
2722,Brandon Phillips,2018,28.9,0.05,25.1,3,0.0,2029,3729,0,2B,0.0
2723,Heinie Zimmerman,1919,33.2,0.31,29.3,0,0.6,1566,2642,0,3B,0.0
2724,Matt Carpenter,2024,28.7,0.77,27.9,3,0.3,1257,2981,0,3B,0.0
2725,Adam Jones,2019,32.5,0.41,25.5,5,0.0,1939,3616,0,CF,0.0
2726,Hal Trosky,1946,29.9,0.55,27.9,0,0.2,1561,3265,0,1B,0.0
2727,Tony Cuccinello,1945,34.0,0.19,27.4,2,0.3,1729,3058,0,2B,0.0
2728,Javier Báez,2026,27.0,0.6,27.4,3,0.5,1226,2456,0,SS,0.0
2729,Kevin Youkilis,2013,32.4,0.89,31.2,3,0.5,1053,2358,0,1B,0.0
2730,Elbie Fletcher,1949,33.5,0.15,29.4,1,0.5,1323,2787,0,1B,0.0
2731,Rico Carty,1979,32.6,0.18,27.5,1,0.1,1677,3264,0,LF,0.0
2732,Hunter Pence,2020,30.9,0.12,26.2,4,0.1,1791,3597,0,RF,0.0
2733,Hal McRae,1987,27.9,0.77,24.2,3,0.0,2091,4037,0,LF,0.0
2734,Shane Victorino,2015,31.4,0.06,28.9,2,0.2,1274,2581,0,CF,0.0
2735,Cy Seymour,1913,31.5,0.0,27.9,0,0.4,1724,2877,0,CF,0.0
2736,Dansby Swanson,2026,29.4,0.05,26.4,2,0.3,1216,2604,0,SS,0.0
2737,Billy Rogell,1940,25.7,0.0,26.2,0,0.3,1375,2638,0,SS,0.0
2738,Ed Williamson,1890,36.1,0.0,28.9,0,0.5,1159,2343,0,3B,0.0
2739,Miller Huggins,1916,36.0,0.41,25.8,0,0.1,1474,3074,0,2B,0.0
2740,Dwayne Murphy,1989,33.2,0.11,29.9,0,0.5,1069,2593,0,CF,0.0
2741,Rafael Devers,2026,26.3,0.2,25.8,3,0.0,1259,2817,0,3B,0.0
2742,Jermaine Dye,2009,20.3,0.44,23.3,2,0.0,1779,3810,0,RF,0.0
2743,Earl Torgeson,1961,33.1,0.03,25.5,0,0.2,1318,3185,0,1B,0.0
2744,Bob Watson,1984,28.2,0.15,24.4,2,0.0,1826,3447,0,1B,0.0
2745,Lee May,1982,27.3,0.37,22.0,3,0.1,2031,4021,0,1B,0.0
2746,Greg Luzinski,1984,26.3,1.55,22.4,4,0.0,1795,3990,0,LF,0.0
2747,Claude Ritchey,1909,35.4,0.0,26.0,0,0.1,1619,2787,0,2B,0.0
2748,Orlando Hudson,2012,30.9,0.0,27.3,2,0.1,1319,2554,0,2B,0.0
2749,Red Rolfe,1942,29.1,0.03,27.1,4,0.4,1394,2562,0,3B,0.0
2750,Tony González,1971,27.1,0.04,26.3,0,0.1,1485,2692,0,CF,0.0
2751,Richie Hebner,1985,33.0,0.01,23.4,0,0.0,1694,3415,0,3B,0.0
2752,Bob Bailey,1978,28.8,0.0,23.5,0,0.0,1564,3388,0,3B,0.0
2753,Carlos Guillén,2011,27.7,0.1,24.2,3,0.4,1331,2655,0,SS,0.0
2754,Buddy Lewis,1949,29.4,0.1,26.6,2,0.1,1563,2867,0,3B,0.0
2755,Tom Haller,1972,29.3,0.02,23.9,3,0.0,1011,2119,0,C,0.0
2756,Tim McCarver,1980,28.3,0.49,21.4,2,0.1,1501,2757,0,C,0.0
2757,Terry Steinbach,1999,28.0,0.0,21.6,3,0.0,1453,2695,0,C,0.0
2758,Benito Santiago,2005,27.4,0.01,18.6,5,0.0,1830,3407,0,C,0.0
2759,Dan McGann,1908,34.7,0.0,27.2,0,0.1,1482,2700,0,1B,0.0
2760,Jackie Jensen,1961,27.8,1.06,24.7,3,0.2,1463,3302,0,RF,0.0
2761,Wally Pipp,1928,31.4,0.43,23.5,0,0.0,1941,3539,0,1B,0.0
2762,Harry Steinfeldt,1911,29.9,0.0,25.6,0,0.3,1578,2796,0,3B,0.0
2763,Kevin Seitzer,1997,28.8,0.01,25.2,2,0.1,1557,2883,0,3B,0.0
2764,Martín Prado,2019,27.5,0.13,26.4,1,0.1,1542,2637,0,3B,0.0
2765,Mike Lowell,2010,24.8,0.39,23.5,4,0.0,1619,3274,0,3B,0.0
2766,Cliff Floyd,2009,25.9,0.01,25.1,1,0.1,1479,3313,0,LF,0.0
2767,Kevin McReynolds,1994,30.1,0.5,26.4,0,0.1,1439,3041,0,LF,0.0
2768,Elmer Smith,1901,30.1,0.0,27.0,0,1.1,1456,2908,0,Unknown,0.0
2769,Gene Woodling,1962,33.3,0.15,25.1,1,0.1,1585,3359,0,LF,0.0
2770,Chick Stahl,1906,31.6,0.0,27.0,0,0.1,1546,2768,0,CF,0.0
2771,Sam West,1942,32.7,0.43,24.8,4,0.0,1838,3362,0,CF,0.0
2772,Rick Monday,1984,33.2,0.03,22.9,2,0.0,1619,3740,0,CF,0.0
2773,Dave Henderson,1994,27.6,0.07,27.0,1,0.2,1324,2750,0,CF,0.0
2774,Ray Chapman,1920,28.8,0.0,27.1,0,0.2,1053,2118,0,SS,0.0
2775,Thomas Burns,1895,26.1,0.0,24.4,0,0.1,1392,2796,0,SS,0.0
2776,Smoky Burgess,1967,33.3,0.01,23.4,9,0.0,1318,2482,0,C,0.0
2777,Willson Contreras,2026,31.0,0.0,24.2,3,0.0,994,2253,0,C,0.0
2778,Sherm Lollar,1963,30.1,0.51,21.9,9,0.0,1415,2843,0,C,0.0
2779,Bob Boone,1990,27.4,0.03,20.4,4,0.0,1838,3209,0,C,0.0
2780,Luis Castillo,2010,29.1,0.02,24.0,3,0.0,1889,3455,0,2B,0.0
2781,Billy Nash,1898,33.7,0.0,24.6,0,0.1,1616,3315,0,3B,0.0
2782,Melvin Mora,2011,28.2,0.01,26.0,2,0.2,1503,2950,0,3B,0.0
2783,Kevin Kiermaier,2024,36.2,0.02,30.1,0,0.4,905,1889,0,CF,0.0
2784,Randy Winn,2010,27.5,0.0,24.6,1,0.0,1759,3315,0,CF,0.0
2785,Howie Kendrick,2020,35.0,0.01,25.6,1,0.1,1747,3033,0,2B,0.0
2786,Eugenio Suárez,2026,26.7,0.01,23.9,2,0.0,1455,3411,0,3B,0.0
2787,Jim Piersall,1967,29.3,0.31,26.0,2,0.2,1604,2915,0,CF,0.0
2788,J.J. Hardy,2017,28.2,0.0,24.1,2,0.0,1488,2790,0,SS,0.0
2789,Leo Cárdenas,1975,27.2,0.12,23.3,5,0.0,1725,3023,0,SS,0.0
2790,Duke Farrell,1905,30.9,0.0,21.7,0,0.2,1572,2815,0,C,0.0
2791,Darren Daulton,1997,23.0,0.5,23.7,3,0.5,891,2228,0,C,0.0
2792,Tino Martinez,2005,29.0,0.68,21.8,2,0.0,1925,4156,0,1B,0.0
2793,Arlie Latham,1909,30.5,0.0,25.4,0,0.2,1836,3663,0,3B,0.0
2794,Joe Kuhel,1947,30.5,0.56,23.8,0,0.1,2212,4397,0,1B,0.0
2795,Jay Buhner,2001,23.0,0.36,19.1,1,0.0,1273,3272,0,RF,0.0
2796,Eric Davis,2001,36.1,0.5,30.1,2,0.8,1430,3656,0,CF,0.0
2797,Tim Salmon,2006,40.6,0.51,31.6,0,0.2,1674,3976,0,RF,0.0
2798,Brian Downing,1992,51.5,0.14,29.1,1,0.1,2099,4587,0,LF,0.0
2799,Eddie Yost,1962,35.1,0.04,28.5,1,0.4,1863,4415,0,3B,0.0
2800,Carl Crawford,2016,39.2,0.26,32.3,4,0.3,1931,3751,0,LF,0.0
2801,Del Pratt,1924,46.3,0.35,31.9,0,0.2,1996,3511,0,2B,0.0
2802,Mike Griffin,1898,40.9,0.0,28.6,0,0.1,1755,3693,0,SS,0.0
2803,Marquis Grissom,2005,29.6,0.45,27.5,2,0.4,2251,4412,0,CF,0.0
2804,Édgar Rentería,2011,32.4,0.03,25.7,5,0.0,2327,4253,0,SS,0.0
2805,George Scott,1979,36.6,0.43,30.4,3,0.1,1992,3999,0,1B,0.0
2806,Edwin Encarnación,2020,35.3,0.22,27.2,3,0.1,1832,4458,0,3B,0.0
2807,Jason Heyward,2025,41.5,0.07,32.6,1,0.5,1575,3352,0,RF,0.0
2808,Elvis Andrus,2023,34.5,0.0,26.9,2,0.1,2091,3837,0,SS,0.0
2809,Kyle Seager,2021,37.0,0.02,31.7,1,0.4,1395,3046,0,3B,0.0
2810,Jim Sundberg,1989,40.5,0.14,28.7,3,0.0,1493,2812,0,C,0.0
2811,Curt Flood,1971,41.9,0.72,32.7,3,0.1,1861,3007,0,CF,0.0
2812,Roy Thomas,1911,41.7,0.0,32.5,0,0.4,1537,3050,0,CF,0.0
2813,Larry Gardner,1924,47.0,0.06,31.1,0,0.2,1931,3390,0,3B,0.0
2814,Jesse Barfield,1992,39.4,0.49,34.5,1,0.8,1219,2835,0,RF,0.0
2815,Doug DeCinces,1987,41.7,0.59,31.4,1,0.8,1505,3262,0,3B,0.0
2816,Bill Bradley,1915,36.8,0.0,34.4,0,1.0,1471,2487,0,3B,0.0
2817,Eric Chavez,2014,38.3,0.1,31.1,0,0.3,1477,3312,0,3B,0.0
2818,Brett Gardner,2021,44.3,0.0,32.4,1,0.4,1470,3257,0,LF,0.0
2819,Justin Upton,2022,32.2,0.53,28.9,4,0.1,1754,4091,0,LF,0.0
2820,Sid Gordon,1955,38.2,0.29,33.0,2,0.5,1415,3077,0,LF,0.0
2821,Brady Anderson,2002,35.0,0.18,30.2,3,0.3,1661,4038,0,CF,0.0
2822,Ryan Zimmerman,2021,40.1,0.06,31.2,2,0.4,1846,3848,0,3B,0.0
2823,Ben Chapman,1946,42.1,0.14,30.8,4,0.2,1958,3960,0,CF,0.0
2824,Darrell Porter,1987,40.9,0.25,29.1,4,0.5,1369,3210,0,C,0.0
2825,Robin Ventura,2004,56.1,0.26,38.7,2,0.4,1885,4232,0,3B,0.0
2826,Ian Kinsler,2019,53.8,0.07,38.4,4,0.3,1999,4204,0,2B,0.0
2827,Brian Giles,2009,51.1,0.2,37.4,2,0.5,1897,4571,0,RF,0.0
2828,Joe Kelley,1908,50.6,0.0,36.4,0,0.4,2220,4515,0,LF,0.0
2829,Toby Harrah,1986,51.5,0.07,35.4,4,0.6,1954,4317,0,3B,0.0
2830,Tony Phillips,1999,50.9,0.03,34.1,0,0.2,2023,4459,0,2B,0.0
2831,Devon White,2001,47.3,0.04,35.5,3,0.3,1934,3965,0,CF,0.0
2832,Roy White,1979,46.8,0.15,37.0,2,0.7,1803,3852,0,LF,0.0
2833,Donie Bush,1923,40.1,0.42,33.7,0,0.5,1804,3729,0,SS,0.0
2834,Víctor Martínez,2018,31.8,0.86,29.0,5,0.1,2153,4057,0,C,0.0
2835,Jay Bell,2003,37.2,0.11,31.6,2,0.2,1963,4020,0,SS,0.0
2836,Mike Cameron,2011,46.7,0.01,32.7,1,0.1,1700,4199,0,CF,0.0
2837,José Reyes,2018,37.2,0.34,29.3,4,0.2,2138,4328,0,SS,0.0
2838,Harlond Clift,1945,41.7,0.17,34.4,1,1.0,1558,3664,0,3B,0.0
2839,Hugh Duffy,1906,43.1,0.0,30.9,0,0.5,2293,4412,0,CF,0.0
2840,Shawn Green,2007,34.7,0.69,31.6,2,0.6,2003,4408,0,RF,0.0
2841,Johnny Callison,1973,38.4,0.75,34.4,4,0.5,1757,3658,0,RF,0.0
2842,Rafael Furcal,2014,39.5,0.02,30.8,3,0.2,1817,3562,0,SS,0.0
2843,Rico Petrocelli,1976,39.1,0.27,33.2,2,0.9,1352,2934,0,SS,0.0
2844,Troy Glaus,2010,38.1,0.0,32.9,4,0.5,1375,3558,0,3B,0.0
2845,Tim Wallach,1996,38.5,0.61,30.6,5,0.2,2085,4069,0,3B,0.0
2846,Ed McKean,1899,38.5,0.0,29.1,0,0.1,2084,3833,0,SS,0.0
2847,Ray Lankford,2004,38.2,0.03,31.5,1,0.1,1561,3825,0,CF,0.0
2848,Derrek Lee,2011,34.6,0.77,27.3,2,0.5,1959,4422,0,1B,0.0
2849,Clyde Milan,1922,40.7,0.68,28.7,0,0.1,2100,3781,0,CF,0.0
2850,Gavy Cravath,1920,34.6,0.65,31.4,0,1.0,1134,2539,0,RF,0.0
2851,Max Bishop,1935,38.1,0.01,29.8,0,0.2,1216,2841,0,2B,0.0
2852,Cy Williams,1930,36.8,0.09,25.5,0,0.2,1981,3993,0,CF,0.0
2853,Bobby Thomson,1960,33.8,0.3,27.5,3,0.4,1705,3509,0,CF,0.0
2854,Cecil Travis,1947,30.5,0.56,29.3,3,0.5,1544,2471,0,SS,0.0
2855,Brandon Crawford,2024,29.5,0.55,27.8,3,0.3,1404,2819,0,SS,0.0
2856,Lonnie Smith,1994,38.5,0.75,29.8,1,1.0,1488,3164,1,LF,0.0
2857,Art Devlin,1913,36.7,0.0,32.1,0,0.7,1185,2354,0,3B,0.0
2858,Lorenzo Cain,2022,38.2,0.8,32.3,2,0.7,1220,2306,0,CF,0.0
2859,Hardy Richardson,1892,40.9,0.0,29.1,0,0.3,1694,3054,0,2B,0.0
2860,Tony Peña,1997,24.7,0.09,24.7,5,0.2,1687,2895,0,C,0.0
2861,Kip Selbach,1906,36.9,0.0,27.5,0,0.1,1807,3657,0,LF,0.0
2862,Dusty Baker,1986,37.0,0.61,26.2,2,0.0,1981,3972,0,LF,0.0
2863,Danny Murphy,1915,36.5,0.0,30.0,0,0.2,1563,2716,0,2B,0.0
2864,Andrelton Simmons,2022,36.7,0.19,33.5,0,0.7,1169,2002,0,SS,0.0
2865,Brian Roberts,2014,29.5,0.01,28.1,2,0.7,1527,3157,0,2B,0.0
2866,Vernon Wells,2013,28.6,0.22,26.2,3,0.6,1794,3632,0,CF,0.0
2867,Brian Jordan,2006,32.9,0.22,30.5,1,0.3,1454,2819,0,RF,0.0
2868,Mo Vaughn,2003,27.1,1.53,27.1,3,0.1,1620,3649,0,1B,0.0
2869,Roy Cullenbine,1947,32.3,0.19,31.5,2,0.4,1072,2554,0,RF,0.0
2870,Bill Doran,1993,32.8,0.11,29.1,0,0.1,1366,2834,0,2B,0.0
2871,Don Money,1983,36.5,0.02,27.6,4,0.0,1623,3205,0,3B,0.0
2872,Edgardo Alfonzo,2006,28.8,0.24,28.9,1,0.4,1532,2937,0,3B,0.0
2873,José Valentín,2007,31.6,0.0,25.1,0,0.0,1348,3245,0,SS,0.0
2874,Ray Schalk,1929,33.3,0.77,25.8,0,0.0,1345,2490,0,C,0.0
2875,Manny Sanguillén,1980,27.6,0.35,26.5,3,0.0,1500,2272,0,C,0.0
2876,Ron Gant,2003,34.1,0.89,26.5,2,0.4,1651,4029,0,LF,0.0
2877,Javy López,2006,29.7,0.35,24.9,3,0.3,1527,2977,0,C,0.0
2878,Greg Vaughn,2003,30.9,0.68,27.5,4,0.1,1475,3856,0,LF,0.0
2879,Bob Allison,1970,34.2,0.07,30.0,3,1.1,1281,3250,0,RF,0.0
2880,Mark Belanger,1982,40.9,0.05,32.0,1,0.2,1316,2360,0,SS,0.0
2881,Herman Long,1904,36.9,0.0,24.9,0,0.1,2129,4087,0,SS,0.0
2882,Justin Turner,2025,38.6,0.22,30.8,2,0.2,1617,3228,0,3B,0.0
2883,Alex Gordon,2020,34.9,0.11,31.1,3,0.5,1643,3419,0,LF,0.0
2884,Starling Marte,2026,39.3,0.0,31.6,2,0.0,1652,3251,0,LF,0.0
2885,David Justice,2002,40.6,0.8,29.5,3,0.1,1571,3770,0,RF,0.0
2886,Carney Lansford,1992,40.4,0.33,28.5,1,0.1,2074,3716,0,3B,0.0
2887,Freddy Parent,1911,35.8,0.0,32.3,0,0.5,1306,2211,0,SS,0.0
2888,Trevor Story,2026,35.0,0.37,30.8,2,0.5,1104,2556,0,SS,0.0
2889,Garry Maddox,1986,36.8,0.31,30.5,0,0.4,1802,3185,0,CF,0.0
2890,Andy Pafko,1959,36.6,0.57,29.6,4,0.5,1796,3422,0,CF,0.0
2891,Shin-Soo Choo,2020,34.7,0.07,29.3,1,0.1,1671,3747,0,RF,0.0
2892,Brian McCann,2019,31.6,0.02,24.4,7,0.1,1590,3405,0,C,0.0
2893,Fred Tenney,1911,44.3,0.0,28.6,0,0.2,2231,3880,0,1B,0.0
2894,John Valentin,2002,32.5,0.15,31.4,0,0.7,1093,2290,0,SS,0.0
2895,Jhonny Peralta,2017,30.3,0.04,26.5,3,0.2,1761,3414,0,SS,0.0
2896,Don Buford,1972,36.1,0.1,33.4,1,0.5,1203,2599,0,LF,0.0
2897,Travis Fryman,2002,34.4,0.02,28.4,5,0.0,1776,3544,0,3B,0.0
2898,Jeff Cirillo,2007,34.5,0.0,30.5,2,0.0,1598,2945,0,3B,0.0
2899,Denny Lyons,1897,35.5,0.0,31.0,0,0.6,1334,2749,0,3B,0.0
2900,Johnny Logan,1963,33.3,0.12,29.8,4,0.3,1407,2454,0,SS,0.0
2901,Mickey Tettleton,1997,29.4,0.0,24.7,2,0.0,1132,3081,0,C,0.0
2902,Tommy Holmes,1952,35.5,0.58,32.4,1,1.0,1507,2677,0,RF,0.0
2903,César Tovar,1976,28.2,0.35,26.0,0,0.0,1546,2686,0,CF,0.0
2904,Coco Crisp,2016,28.9,0.01,23.8,0,0.0,1572,3254,0,CF,0.0
2905,Kid Elberfeld,1914,32.9,0.0,25.7,0,0.1,1235,2186,0,SS,0.0
2906,Tom Herr,1991,23.6,0.37,21.3,1,0.1,1450,2685,0,2B,0.0
2907,Richie Zisk,1983,25.1,0.26,22.0,2,0.0,1477,2936,0,RF,0.0
2908,Bobby Higginson,2005,23.1,0.0,21.5,0,0.0,1336,2973,0,LF,0.0
2909,Jeff Conine,2007,19.5,0.01,17.8,2,0.0,1982,3806,0,1B,0.0
2910,Brandon Nimmo,2026,27.3,0.0,23.8,0,0.0,1020,2299,0,CF,0.0
2911,Johnny Hopp,1952,26.2,0.36,24.8,1,0.2,1262,2356,0,1B,0.0
2912,Johnny Mostil,1929,24.5,0.68,24.7,0,0.3,1054,2087,0,CF,0.0
2913,Terry Puhl,1991,28.3,0.0,23.7,1,0.2,1361,2607,0,RF,0.0
2914,Danny Tartabull,1997,23.3,0.11,20.5,1,0.0,1366,3290,0,RF,0.0
2915,Jack Tobin,1927,20.9,0.0,20.3,0,0.0,1906,3245,0,RF,0.0
2916,Jay Bruce,2021,19.7,0.17,19.3,3,0.0,1455,3453,0,RF,0.0
2917,Ozzie Albies,2026,25.8,0.04,22.9,3,0.1,1137,2360,0,2B,0.0
2918,Carlos Baerga,2005,19.6,0.21,22.0,3,0.1,1583,2648,0,2B,0.0
2919,Carlos Gómez,2019,24.4,0.13,22.4,2,0.6,1189,2529,0,CF,0.0
2920,Tony Taylor,1976,23.2,0.04,18.2,2,0.0,2007,3549,0,2B,0.0
2921,Whitey Kurowski,1949,24.6,0.43,24.7,4,0.4,925,1857,0,3B,0.0
2922,Ossie Bluege,1939,28.7,0.21,20.2,1,0.0,1751,3153,0,3B,0.0
2923,Todd Frazier,2021,25.8,0.0,22.8,2,0.0,1059,2466,0,3B,0.0
2924,Corey Koskie,2006,24.6,0.0,23.7,0,0.1,936,2086,0,3B,0.0
2925,Casey Blake,2011,24.8,0.0,22.2,0,0.0,1186,2468,0,3B,0.0
2926,Willie Jones,1961,24.8,0.01,19.9,2,0.0,1502,3185,0,3B,0.0
2927,Milt Stock,1926,23.1,0.0,21.0,0,0.1,1806,2868,0,3B,0.0
2928,Todd Zeile,2004,19.4,0.0,15.0,0,0.0,2004,4204,0,3B,0.0
2929,Marco Scutaro,2014,22.1,0.0,20.9,1,0.0,1355,2426,0,SS,0.0
2930,Bill Lange,1899,23.6,0.0,23.6,0,0.0,1056,2217,0,2B,0.0
2931,Hank Sauer,1959,25.2,0.7,22.2,2,0.1,1278,2952,0,LF,0.0
2932,John Anderson,1908,28.3,0.0,21.1,0,0.1,1843,3217,0,1B,0.0
2933,Rondell White,2007,28.2,0.0,22.5,1,0.0,1519,2931,0,LF,0.0
2934,Yordan Alvarez,2026,26.1,0.77,26.0,3,0.6,784,1905,0,LF,0.0
2935,Granny Hamner,1962,19.4,0.31,20.2,3,0.0,1529,2623,0,SS,0.0
2936,Royce Clayton,2007,19.5,0.0,17.5,1,0.0,1904,3503,0,SS,0.0
2937,Charles Zimmer,1903,29.5,0.0,20.1,0,0.0,1225,2218,0,C,0.0
2938,Jack Meyers,1917,26.1,0.87,23.4,0,0.1,826,1388,0,C,0.0
2939,Will Smith,2026,23.2,0.01,22.9,3,0.0,695,1599,0,C,0.0
2940,Carlos Ruiz,2017,22.5,0.04,21.1,1,0.0,935,1813,0,C,0.0
2941,Charles Johnson,2005,22.6,0.06,20.4,2,0.0,940,2141,0,C,0.0
2942,Terry Kennedy,1991,21.6,0.17,19.4,4,0.0,1313,2291,0,C,0.0
2943,Ramón Hernández,2013,22.1,0.0,18.8,1,0.0,1345,2569,0,C,0.0
2944,Yasmani Grandal,2024,20.2,0.02,18.8,2,0.0,977,2448,0,C,0.0
2945,Kurt Suzuki,2022,19.6,0.0,18.3,1,0.0,1421,2564,0,C,0.0
2946,George Miller,1896,19.1,0.0,18.7,0,0.0,1381,2513,0,C,0.0
2947,Mike Napoli,2017,26.4,0.0,22.0,1,0.0,1125,2861,0,1B,0.0
2948,Ferris Fain,1955,27.3,0.55,24.2,5,0.1,1139,2506,0,1B,0.0
2949,Pete Alonso,2026,24.2,0.55,24.1,5,0.1,992,2478,0,1B,0.0
2950,Jason Thompson,1986,24.9,0.06,22.5,3,0.0,1253,2929,0,1B,0.0
2951,John Reilly,1891,23.4,0.0,23.9,0,0.6,1352,2454,0,1B,0.0
2952,Mike Sweeney,2010,24.8,0.09,21.8,5,0.0,1540,3095,0,1B,0.0
2953,Tommy Tucker,1899,24.4,0.0,20.9,0,0.3,1882,3251,0,1B,0.0
2954,Hal Chase,1919,24.4,0.0,18.9,0,0.1,2158,3538,0,1B,0.0
2955,Johnny Ray,1990,24.2,0.0,23.0,1,0.1,1502,2460,0,2B,0.0
2956,Ezra Sutton,1888,32.9,0.0,23.8,0,0.3,1574,2309,0,3B,0.0
2957,Chone Figgins,2014,22.0,0.12,22.5,1,0.4,1298,2588,0,3B,0.0
2958,Stan Javier,2001,25.5,0.0,21.4,0,0.0,1358,2658,0,CF,0.0
2959,Al Bumbry,1985,24.5,0.07,22.0,1,0.1,1422,2633,0,CF,0.0
2960,Ron Hansen,1972,24.1,0.45,25.8,2,0.6,1007,2075,0,SS,0.0
2961,Whitey Lockman,1960,19.5,0.08,20.7,1,0.1,1658,2915,0,1B,0.0
2962,Juan Samuel,1998,17.0,0.06,17.7,3,0.0,1578,3388,0,2B,0.0
2963,Eddie Foster,1923,25.4,0.23,21.5,0,0.1,1490,2564,0,3B,0.0
2964,Austin Riley,2026,22.9,0.7,23.3,2,0.7,889,1903,0,3B,0.0
2965,Ken Oberkfell,1992,22.4,0.0,21.9,0,0.0,1354,2374,0,3B,0.0
2966,George Stone,1910,25.8,0.0,25.8,0,0.5,984,1709,0,LF,0.0
2967,Sam Mertes,1906,23.6,0.0,21.9,0,0.0,1227,2569,0,LF,0.0
2968,Rusty Greer,2002,22.4,0.01,22.1,0,0.0,1166,2381,0,LF,0.0
2969,Bernard Gilkey,2001,21.6,0.03,22.8,0,0.7,1115,2342,0,LF,0.0
2970,Geoff Jenkins,2008,21.9,0.0,21.2,1,0.0,1293,2753,0,LF,0.0
2971,Hideki Matsui,2012,21.2,0.03,21.3,2,0.1,1253,2611,0,LF,0.0
2972,Kyle Schwarber,2026,21.4,0.66,19.5,3,0.0,1091,3217,0,LF,0.0
2973,Frank Thomas,1966,18.7,0.54,19.1,3,0.0,1671,3352,0,LF,0.0
2974,Stan Spence,1949,22.9,0.4,23.4,4,0.3,1090,2232,0,CF,0.0
2975,Bill Bruton,1964,26.4,0.0,19.5,0,0.0,1651,3067,0,CF,0.0
2976,AJ Pollock,2023,22.1,0.05,22.1,1,0.1,1032,2169,0,CF,0.0
2977,Barney McCosky,1953,21.7,0.2,22.3,0,0.0,1301,2284,0,CF,0.0
2978,Ruppert Jones,1987,22.7,0.0,20.5,2,0.0,1103,2512,0,CF,0.0
2979,Gus Bell,1964,15.6,0.01,17.1,4,0.0,1823,3384,0,CF,0.0
2980,Tom Brown,1898,16.5,0.0,15.5,0,0.1,1958,4073,0,Unknown,0.0
2981,Ival Goodman,1944,24.7,0.04,23.7,2,0.5,1104,2178,0,RF,0.0
2982,Josh Reddick,2021,25.0,0.04,23.0,0,0.0,1157,2334,0,RF,0.0
2983,Jim Northrup,1975,22.0,0.05,21.4,0,0.1,1254,2503,0,RF,0.0
2984,Curt Walker,1930,22.1,0.01,20.9,0,0.1,1475,2767,0,RF,0.0
2985,Frank Schulte,1918,23.1,0.45,19.0,0,0.1,1766,3356,0,RF,0.0
2986,Eric Young Sr.,2006,18.8,0.0,16.8,1,0.0,1731,3512,0,2B,0.0
2987,José Vidro,2008,17.4,0.0,20.2,3,0.0,1524,2774,0,2B,0.0
2988,Dan Uggla,2015,18.4,0.03,20.2,3,0.0,1149,2780,0,2B,0.0
2989,Damion Easley,2008,20.5,0.0,20.4,1,0.0,1386,2840,0,2B,0.0
2990,Austin Jackson,2018,21.9,0.0,23.5,0,0.1,1145,2152,0,CF,0.0
2991,Carl Everett,2006,20.4,0.03,21.2,2,0.1,1304,2769,0,CF,0.0
2992,Gorman Thomas,1986,19.8,0.33,21.4,1,0.0,1051,2840,0,CF,0.0
2993,José Cardenal,1980,20.8,0.02,17.2,0,0.0,1913,3689,0,CF,0.0
2994,Juan Pierre,2013,17.3,0.11,16.7,0,0.0,2217,3792,0,CF,0.0
2995,Fred Carroll,1891,21.9,0.0,20.8,0,0.1,820,1664,0,C,0.0
2996,Muddy Ruel,1934,21.0,0.45,19.5,0,0.0,1242,2166,0,C,0.0
2997,Jonathan Lucroy,2021,17.5,0.4,18.7,2,0.3,1134,2122,0,C,0.0
2998,Charlie Hollocher,1924,23.4,0.0,23.4,0,0.6,894,1527,0,SS,0.0
2999,Buck Weaver,1920,21.6,0.17,21.4,0,0.0,1308,2063,0,SS,0.0
3000,Ozzie Guillén,2000,21.0,0.03,19.4,3,0.0,1764,2669,0,SS,0.0
3001,Tommy Corcoran,1907,20.4,0.0,14.7,0,0.0,2259,3732,0,SS,0.0
3002,Ian Desmond,2019,15.8,0.03,18.5,2,0.0,1432,2894,0,SS,0.0
3003,Socks Seybold,1908,24.1,0.0,25.2,0,0.0,1085,1923,0,RF,0.0
3004,Ripper Collins,1941,24.6,0.47,23.3,3,0.3,1121,2235,0,1B,0.0
3005,John Kruk,1995,25.1,0.05,22.8,3,0.0,1170,2444,0,1B,0.0
3006,Jack Doyle,1905,24.8,0.0,19.7,0,0.0,1811,3288,0,1B,0.0
3007,Gus Suhr,1940,22.4,0.0,20.6,1,0.1,1446,2985,0,1B,0.0
3008,Alvin Davis,1992,20.0,0.08,21.9,1,0.1,1189,2601,0,1B,0.0
3009,Richie Sexson,2008,18.0,0.07,18.9,2,0.0,1286,3100,0,1B,0.0
3010,Dave Cash,1980,25.6,0.14,21.6,3,0.0,1571,2533,0,2B,0.0
3011,Billy Goodman,1962,26.9,0.69,19.7,2,0.0,1691,2841,0,2B,0.0
3012,Adam Kennedy,2012,20.9,0.0,20.3,0,0.0,1488,2680,0,2B,0.0
3013,Alexei Ramírez,2016,21.8,0.0,22.0,1,0.1,1387,2421,0,SS,0.0
3014,Chico Carrasquel,1959,21.3,0.06,22.5,4,0.3,1199,2108,0,SS,0.0
3015,Woodie Held,1969,22.0,0.01,21.9,0,0.1,963,2216,0,SS,0.0
3016,Chase Headley,2018,26.8,0.28,24.5,0,0.2,1337,2698,0,3B,0.0
3017,Nick Swisher,2015,21.5,0.0,23.5,1,0.0,1338,3232,0,RF,0.0
3018,Aubrey Huff,2012,20.4,0.2,22.6,0,0.0,1699,3441,0,1B,0.0
3019,Mark Ellis,2014,33.5,0.0,25.7,0,0.0,1343,2485,0,2B,0.0
3020,Aaron Hill,2017,24.4,0.07,24.0,1,0.1,1501,2873,0,2B,0.0
3021,Fred Pfeffer,1897,26.2,0.0,22.2,0,0.1,1680,3343,0,2B,0.0
3022,Howard Johnson,1995,22.2,0.92,23.0,2,0.2,1229,3127,0,3B,0.0
3023,Vinny Castilla,2006,19.3,0.14,20.8,2,0.0,1884,3705,0,3B,0.0
3024,Carlos González,2019,24.5,0.54,23.9,3,0.1,1432,3086,0,RF,0.0
3025,Bill North,1981,26.8,0.01,26.5,0,0.2,1016,2280,0,CF,0.0
3026,Marlon Byrd,2016,26.0,0.0,24.1,1,0.0,1534,2838,0,CF,0.0
3027,Ron Hunt,1974,32.7,0.03,25.6,2,0.0,1429,2435,0,2B,0.0
3028,Pinky Higgins,1946,26.0,0.12,20.1,3,0.0,1941,3698,0,3B,0.0
3029,Rick Burleson,1987,22.8,0.11,21.3,4,0.2,1401,2345,0,SS,0.0
3030,Byron Buxton,2026,31.4,0.09,27.3,2,0.1,812,1978,0,CF,0.0
3031,Billy Jurges,1947,28.7,0.11,22.0,3,0.0,1613,2701,0,SS,0.0
3032,Woody English,1938,27.2,0.53,23.3,1,0.4,1356,2420,0,SS,0.0
3033,Willy Adames,2026,25.7,0.15,24.2,0,0.0,978,2252,0,SS,0.0
3034,Mike Bordick,2003,26.8,0.01,22.3,1,0.0,1500,2686,0,SS,0.0
3035,Mike Scioscia,1992,26.1,0.01,21.7,2,0.1,1131,2153,0,C,0.0
3036,Jason Varitek,2011,24.2,0.02,18.8,3,0.0,1307,2859,0,C,0.0
3037,Kyle Tucker,2026,28.3,0.44,28.4,4,0.3,791,1969,0,RF,0.0
3038,Chris Chambliss,1988,27.5,0.22,20.5,1,0.0,2109,3812,0,1B,0.0
3039,Riggs Stephenson,1934,32.7,0.45,25.0,0,0.1,1515,2680,0,LF,0.0
3040,Tip O'Neill,1892,27.6,0.0,26.0,0,0.5,1385,2528,0,Unknown,0.0
3041,Vic Wertz,1963,26.9,0.68,21.7,4,0.1,1692,3700,0,RF,0.0
3042,Bob Meusel,1930,28.4,0.23,23.7,0,0.0,1693,3237,0,LF,0.0
3043,Willie Horton,1980,26.5,0.48,20.7,4,0.1,1993,3972,0,LF,0.0
3044,Ben Oglivie,1986,26.4,0.07,23.5,3,0.1,1615,3310,0,LF,0.0
3045,A.J. Pierzynski,2016,23.7,0.0,18.1,2,0.0,2043,3385,0,C,0.0
3046,Justin Morneau,2016,27.0,1.49,24.3,4,0.0,1603,3317,0,1B,0.0
3047,Topsy Hartsel,1911,31.4,0.0,25.6,0,0.1,1336,2879,0,LF,0.0
3048,Wally Moon,1965,24.9,0.59,25.7,3,0.1,1399,2890,0,LF,0.0
3049,Mike Hargrove,1985,30.4,0.01,24.3,1,0.0,1614,3165,0,1B,0.0
3050,Raúl Ibañez,2014,20.9,0.01,20.1,1,0.0,2034,4238,0,LF,0.0
3051,Hank Bauer,1961,27.2,0.36,25.7,3,0.5,1424,2830,0,RF,0.0
3052,Bobby Ávila,1959,28.5,0.76,26.4,3,0.8,1296,2430,0,2B,0.0
3053,Phil Garner,1988,29.7,0.0,23.4,3,0.0,1594,3173,0,2B,0.0
3054,Steve Sax,1994,25.7,0.05,21.9,5,0.1,1949,3483,0,2B,0.0
3055,Max Muncy,2026,29.1,0.12,26.7,2,0.2,795,2289,0,3B,0.0
3056,Denard Span,2018,28.0,0.02,24.9,0,0.0,1498,2820,0,CF,0.0
3057,Mark Kotsay,2013,21.4,0.02,22.8,0,0.0,1784,3266,0,CF,0.0
3058,Bill Russell,1986,31.4,0.0,21.3,3,0.0,1926,3121,0,SS,0.0
3059,Denis Menke,1974,28.1,0.02,23.3,2,0.1,1270,2610,0,SS,0.0
3060,Yunel Escobar,2017,26.9,0.01,23.4,0,0.0,1501,2596,0,SS,0.0
3061,Ed Bailey,1966,27.2,0.04,22.9,6,0.0,915,2100,0,C,0.0
3062,Butch Wynegar,1988,26.5,0.0,22.7,2,0.0,1102,2139,0,C,0.0
3063,Carlos Peña,2014,25.5,0.27,24.1,1,0.5,1146,3133,0,1B,0.0
3064,Ryan Klesko,2007,26.9,0.0,21.7,1,0.0,1564,3715,0,LF,0.0
3065,John Mayberry,1982,25.0,0.78,23.4,2,0.2,1379,3294,0,1B,0.0
3066,Andre Thornton,1987,24.2,0.06,23.2,2,0.0,1342,3313,0,1B,0.0
3067,Mike Greenwell,1996,25.8,0.62,25.7,2,0.4,1400,2681,0,LF,0.0
3068,Jason Bay,2013,24.7,0.29,24.6,3,0.1,1200,2897,0,LF,0.0
3069,Mike Donlin,1914,29.3,0.0,26.6,0,0.5,1282,2330,0,LF,0.0
3070,Sixto Lezcano,1985,28.3,0.05,25.9,0,0.1,1122,2431,0,RF,0.0
3071,Brandon Belt,2023,29.9,0.0,22.8,1,0.0,1232,2901,0,1B,0.0
3072,Travis Hafner,2013,24.8,0.56,24.6,0,0.4,1107,2631,0,1B,0.0
3073,John Stone,1938,27.0,0.08,24.6,0,0.1,1391,2608,0,LF,0.0
3074,Tillie Walker,1923,25.8,0.14,23.7,0,0.1,1423,2708,0,LF,0.0
3075,Joe Rudi,1982,25.5,1.08,23.7,3,0.2,1468,2764,0,LF,0.0
3076,Charlie Jamieson,1932,24.1,0.8,21.2,0,0.0,1990,3405,0,LF,0.0
3077,John Titus,1913,30.2,0.0,24.7,0,0.2,1401,2672,0,RF,0.0
3078,Elmer Valo,1961,28.9,0.01,22.5,0,0.1,1420,3020,0,RF,0.0
3079,Bing Miller,1936,29.6,0.08,21.5,0,0.0,1934,3373,0,RF,0.0
3080,Davey Johnson,1978,27.5,0.12,23.4,4,0.0,1252,2530,0,2B,0.0
3081,Brian Dozier,2020,24.4,0.08,24.1,1,0.1,1055,2497,0,2B,0.0
3082,Tom Daly,1903,26.4,0.0,20.9,0,0.0,1583,3270,0,2B,0.0
3083,Mark Grudzielanek,2010,26.5,0.01,20.7,1,0.0,2040,3270,0,2B,0.0
3084,Jim Ray Hart,1974,24.9,0.11,24.9,1,0.2,1052,2165,0,3B,0.0
3085,Ray Boone,1960,25.8,0.23,23.4,2,0.6,1260,2596,0,3B,0.0
3086,Matty Alou,1974,23.0,0.26,23.4,2,0.0,1777,2673,0,CF,0.0
3087,Michael Bourn,2016,22.8,0.03,23.6,2,0.2,1272,2495,0,CF,0.0
3088,Charlie Blackmon,2024,21.5,0.49,18.8,4,0.1,1805,3589,0,CF,0.0
3089,José Offerman,2005,17.1,0.0,18.5,2,0.0,1551,3062,0,SS,0.0
3090,Jack Rowe,1890,28.4,0.0,23.3,0,0.1,1256,2001,0,SS,0.0
3091,Jack Barry,1919,25.7,0.33,24.5,0,0.1,1009,1806,0,SS,0.0
3092,Gene Alley,1973,24.2,0.1,24.1,2,0.1,999,1755,0,SS,0.0
3093,Dickie Thon,1993,23.9,0.2,22.1,1,0.8,1176,2181,0,SS,0.0
3094,Freddie Patek,1981,24.0,0.23,20.4,3,0.0,1340,2697,0,SS,0.0
3095,Henry Larkin,1893,28.7,0.0,24.0,0,0.3,1429,2688,0,1B,0.0
3096,Dave Orr,1890,27.8,0.0,27.4,0,0.7,1125,1814,0,1B,0.0
3097,Delino DeShields,2002,24.4,0.02,20.8,0,0.0,1548,3397,0,2B,0.0
3098,Jake Stenzel,1899,21.5,0.0,21.7,0,0.0,1024,2044,0,C,0.0
3099,Hank Thompson,1956,30.7,0.01,25.7,0,1.0,983,2260,0,3B,0.0
3100,Red Smith,1919,27.8,0.0,26.9,0,0.2,1087,2011,0,3B,0.0
3101,Clete Boyer,1971,27.8,0.02,23.7,0,0.0,1396,2659,0,3B,0.0
3102,Billy Werber,1942,25.9,0.25,23.3,0,0.1,1363,2884,0,3B,0.0
3103,Buck Herzog,1920,26.6,0.0,24.7,0,0.2,1370,2518,0,2B,0.0
3104,Larry Hisle,1982,25.0,0.65,24.6,2,0.0,1146,2491,0,CF,0.0
3105,Shannon Stewart,2008,24.9,0.36,23.0,0,0.0,1653,3095,0,LF,0.0
3106,Burt Shotton,1923,23.3,0.17,23.8,0,0.1,1338,2655,0,CF,0.0
3107,Melky Cabrera,2019,21.1,0.0,21.4,1,0.0,1962,3478,0,LF,0.0
3108,Amos Strunk,1924,27.6,0.0,24.2,0,0.2,1418,2626,0,CF,0.0
3109,Tommie Agee,1973,25.4,0.53,26.3,2,0.6,999,2122,0,CF,0.0
3110,Dode Paskert,1921,26.0,0.09,21.7,0,0.1,1613,3180,0,CF,0.0
3111,Juan Uribe,2016,22.6,0.0,20.3,0,0.0,1568,3010,0,SS,0.0
3112,Solly Hemus,1959,26.0,0.01,25.8,0,0.5,736,1585,0,SS,0.0
3113,Greg Gagne,1997,26.3,0.01,21.3,0,0.0,1440,2644,0,SS,0.0
3114,Roy McMillan,1966,25.8,0.4,20.2,2,0.0,1639,2872,0,SS,0.0
3115,Erick Aybar,2017,22.8,0.0,22.9,1,0.0,1402,2364,0,SS,0.0
3116,Frankie Crosetti,1948,24.4,0.03,19.5,2,0.0,1541,3130,0,SS,0.0
3117,Steve O'Neill,1928,27.0,0.22,20.7,0,0.0,1259,2236,0,C,0.0
3118,Jack Clements,1900,26.5,0.0,20.5,0,0.0,1231,2204,0,C,0.0
3119,Chris Hoiles,1998,23.5,0.03,22.3,0,0.1,739,1758,0,C,0.0
3120,Deacon McGuire,1912,24.4,0.0,17.5,0,0.0,1750,2976,0,C,0.0
3121,Mike Stanley,2000,20.9,0.04,19.5,1,0.0,1138,2598,0,C,0.0
3122,Steve Braun,1985,17.5,0.0,15.8,0,0.0,989,1962,0,LF,0.0
3123,Warren Cromartie,1991,16.4,0.01,16.5,0,0.0,1104,1955,0,LF,0.0
3124,David Peralta,2024,17.0,0.0,14.4,0,0.0,1166,2250,0,LF,0.0
3125,Chub Sullivan,1880,2.9,0.0,2.9,0,0.0,114,141,0,1B,0.0
3126,Franklin Stubbs,1995,2.7,0.0,3.8,0,0.0,602,1381,0,1B,0.0
3127,Bill Pierce,1924,3.2,0.0,3.2,0,0.1,107,209,0,1B,0.0
3128,Chubby Dean,1943,2.9,0.0,3.4,0,0.0,287,477,0,Unknown,0.0
3129,Gail Hopkins,1974,3.2,0.0,3.2,0,0.0,324,624,0,1B,0.0
3130,Oscar Walker,1885,3.1,0.0,3.1,0,0.0,287,446,0,1B,0.0
3131,Gaby Sánchez,2014,3.1,0.0,3.1,1,0.0,508,1062,0,1B,0.0
3132,Stack Martin,1928,3.1,0.0,3.1,0,0.0,261,456,0,1B,0.0
3133,Ed Stevens,1950,3.1,0.0,3.1,0,0.0,308,613,0,1B,0.0
3134,Ham Hyatt,1918,3.0,0.0,3.0,0,0.0,247,433,0,1B,0.0
3135,Charles Schmidt,1915,3.0,0.06,3.0,0,0.0,292,484,0,1B,0.0
3136,Dominic Smith,2026,1.9,0.04,4.0,0,0.0,593,1152,0,1B,0.0
3137,Mark Sweeney,2008,1.7,0.0,4.1,0,0.0,464,984,0,1B,0.0
3138,Ramon Webster,1971,2.6,0.0,2.6,0,0.0,190,363,0,1B,0.0
3139,Nolan Schanuel,2026,2.9,0.0,2.9,0,0.0,332,650,0,1B,0.0
3140,Herman Dehlman,1877,2.9,0.0,2.9,0,0.0,262,388,0,1B,0.0
3141,Buck O'Neil,1948,2.2,0.0,3.6,3,0.2,348,652,0,1B,0.0
3142,Chris Carter,2017,2.4,0.0,3.3,0,0.0,536,1466,0,1B,0.0
3143,Ed Cogswell,1882,2.8,0.0,2.8,0,0.0,146,198,0,1B,0.0
3144,Myron Grimshaw,1907,2.8,0.0,2.8,0,0.0,229,379,0,1B,0.0
3145,Lee Stevens,2002,2.0,0.0,3.6,0,0.0,847,1848,0,1B,0.0
3146,Joe Nealon,1907,2.7,0.0,2.7,0,0.0,240,422,0,1B,0.0
3147,Carlos Quintana,1993,2.7,0.0,2.7,0,0.0,380,654,0,1B,0.0
3148,Sam Horn,1995,2.3,0.0,3.0,0,0.0,250,619,0,1B,0.0
3149,Lew Whistler,1893,2.6,0.0,2.6,0,0.0,247,507,0,1B,0.0
3150,Tony Lupien,1948,3.4,0.02,3.4,0,0.0,632,1136,0,1B,0.0
3151,Martin Powell,1884,3.4,0.0,3.4,0,0.0,329,478,0,1B,0.0
3152,Ben Rice,2026,3.4,0.0,3.4,0,0.0,190,486,0,1B,0.0
3153,Josh Phelps,2008,3.2,0.0,3.6,0,0.0,380,776,0,1B,0.0
3154,Otto Schomberg,1888,4.3,0.0,4.3,0,0.0,220,473,0,1B,0.0
3155,John Ellis,1981,3.0,0.0,5.4,0,0.0,699,1244,0,1B,0.0
3156,Ivon Howard,1917,4.2,0.0,4.2,0,0.0,191,409,0,1B,0.0
3157,Babe Dahlgren,1946,2.3,0.13,6.1,1,0.0,1056,1958,0,1B,0.0
3158,Billy O'Brien,1890,4.1,0.0,4.1,0,0.0,364,648,0,1B,0.0
3159,Garrett Cooper,2024,3.7,0.0,4.5,1,0.0,459,898,0,1B,0.0
3160,Phil Todt,1931,3.6,0.15,4.5,0,0.0,880,1586,0,1B,0.0
3161,Spencer Horwitz,2026,4.1,0.0,4.1,0,0.0,231,482,0,1B,0.0
3162,Jesús Aguilar,2023,3.0,0.02,5.1,1,0.0,594,1283,0,1B,0.0
3163,Frank Torre,1963,3.9,0.0,3.9,0,0.0,404,710,0,1B,0.0
3164,Dan Johnson,2015,3.2,0.0,4.6,0,0.0,324,775,0,1B,0.0
3165,Chris Shelton,2009,3.9,0.0,3.9,0,0.0,254,523,0,1B,0.0
3166,Babe Borton,1916,3.9,0.0,3.9,0,0.0,254,512,0,1B,0.0
3167,Robert Fick,2007,2.2,0.0,5.5,1,0.0,613,1201,0,1B,0.0
3168,Justin Bour,2019,3.8,0.0,3.8,0,0.0,433,1005,0,1B,0.0
3169,Craig Kusick,1979,3.8,0.0,3.8,0,0.0,291,690,0,1B,0.0
3170,Willie Montañez,1982,1.6,0.01,5.9,1,0.0,1604,2847,0,1B,0.0
3171,Johnny McCarthy,1948,3.2,0.0,4.3,0,0.0,432,709,0,1B,0.0
3172,Troy Neel,1994,3.7,0.0,3.7,0,0.0,212,457,0,1B,0.0
3173,Ryan Garko,2010,3.6,0.0,3.6,0,0.0,427,798,0,1B,0.0
3174,Rich Reese,1973,2.2,0.01,4.8,0,0.0,512,949,0,1B,0.0
3175,Fred Whitfield,1970,3.1,0.02,3.9,0,0.0,578,1157,0,1B,0.0
3176,Craig Wilson,2007,3.4,0.0,3.4,0,0.0,527,1164,0,1B,0.0
3177,Hee-Seop Choi,2005,2.6,0.0,2.6,0,0.0,220,544,0,1B,0.0
3178,Pancho Herrera,1961,2.6,0.0,2.6,0,0.0,264,540,0,1B,0.0
3179,Ben Broussard,2008,4.4,0.0,4.4,0,0.0,561,1148,0,1B,0.0
3180,Steve Cox,2002,1.7,0.0,1.7,0,0.0,324,654,0,1B,0.0
3181,Gene Paulette,1920,1.9,0.0,1.9,0,0.0,478,739,0,1B,0.0
3182,Eduardo Pérez,2006,0.9,0.0,2.9,0,0.0,445,989,0,1B,0.0
3183,Daniel Vogelbach,2024,1.4,0.0,2.4,1,0.0,361,965,0,1B,0.0
3184,Joe Hague,1973,1.9,0.0,1.9,0,0.0,286,648,0,1B,0.0
3185,Gerald Perry,1995,-0.2,0.0,3.8,1,0.0,832,1651,0,1B,0.0
3186,Jack Bolling,1944,1.8,0.0,1.8,0,0.0,107,177,0,1B,0.0
3187,Jesús Guzmán,2014,1.8,0.0,1.8,0,0.0,249,508,0,1B,0.0
3188,Lyman Bostock,1948,1.8,0.0,1.8,1,0.2,125,189,0,1B,0.0
3189,Chico Salmon,1972,1.0,0.0,2.5,0,0.0,415,725,0,2B,0.0
3190,Art Pennington,1945,1.7,0.0,1.7,2,0.2,115,227,0,1B,0.0
3191,Tim Harkness,1964,1.7,0.0,1.7,0,0.0,132,265,0,1B,0.0
3192,Jumbo Latham,1884,1.6,0.0,1.6,0,0.0,353,463,0,1B,0.0
3193,José Martínez,2020,2.5,0.0,2.5,0,0.0,360,691,0,RF,0.0
3194,Hal Breeden,1975,1.6,0.0,1.6,0,0.0,148,320,0,1B,0.0
3195,Dick Kryhoski,1955,1.6,0.0,1.6,0,0.0,475,847,0,1B,0.0
3196,Tim Corcoran,1986,1.0,0.0,2.2,0,0.0,283,507,0,1B,0.0
3197,Ryan Shealy,2010,1.6,0.0,1.6,0,0.0,146,279,0,1B,0.0
3198,Kennys Vargas,2017,1.6,0.0,1.6,0,0.0,197,407,0,1B,0.0
3199,Red Moore,1940,1.5,0.0,1.5,0,0.1,145,253,0,1B,0.0
3200,Gene Larkin,1993,1.5,0.0,1.5,0,0.0,618,1160,0,1B,0.0
3201,Munetaka Murakami,2026,1.5,0.0,1.5,0,0.0,40,130,0,1B,0.0
3202,Nick Evans,2014,1.5,0.0,1.5,0,0.0,105,199,0,1B,0.0
3203,Kevin Maas,1995,1.5,0.0,1.5,0,0.0,287,719,0,1B,0.0
3204,Eggie Dallard,1932,1.4,0.0,1.4,0,0.0,291,586,0,1B,0.0
3205,Mike Carp,2014,1.9,0.0,1.9,0,0.0,225,459,0,1B,0.0
3206,Charlie Carr,1914,1.9,0.0,1.9,0,0.0,492,762,0,1B,0.0
3207,Art Shires,1932,1.9,0.02,1.9,0,0.0,287,478,0,1B,0.0
3208,Walter Holke,1925,-0.3,0.0,4.3,0,0.0,1278,1891,0,1B,0.0
3209,Ed Mayweather,1942,2.5,0.0,2.5,2,0.4,144,282,0,1B,0.0
3210,Ed Young,1947,2.4,0.0,2.6,0,0.0,172,313,0,1B,0.0
3211,Bob Hamelin,1998,2.5,0.0,2.5,0,0.0,313,807,0,1B,0.0
3212,Jumbo Schoeneck,1889,2.4,0.0,2.4,0,0.1,186,262,0,1B,0.0
3213,Darin Ruf,2023,1.2,0.0,3.6,0,0.0,351,813,0,1B,0.0
3214,Tim Murnane,1884,2.1,0.0,2.7,0,0.0,426,590,0,1B,0.0
3215,Joe Scott,1938,2.2,0.0,2.5,0,0.1,159,246,0,1B,0.0
3216,Rocky Nelson,1961,1.8,0.0,2.9,0,0.0,347,666,0,1B,0.0
3217,Steve Balboni,1993,0.8,0.03,3.8,0,0.0,714,1680,0,1B,0.0
3218,Jack Boyle,1898,-0.4,0.0,5.0,0,0.0,1070,1838,0,C,0.0
3219,Hap Myers,1915,2.3,0.0,2.3,0,0.0,335,654,0,1B,0.0
3220,Jim Field,1898,2.3,0.0,2.3,0,0.0,292,488,0,1B,0.0
3221,Eric Thames,2020,2.3,0.0,2.3,0,0.0,451,1098,0,1B,0.0
3222,Conor Jackson,2011,2.2,0.0,2.2,0,0.0,591,1167,0,1B,0.0
3223,Dave Thomas,1946,2.0,0.0,2.4,0,0.0,398,685,0,1B,0.0
3224,Milt Scott,1886,2.2,0.0,2.2,0,0.0,293,421,0,1B,0.0
3225,Archie Ware,1948,2.1,0.0,2.2,4,0.1,180,290,0,1B,0.0
3226,Triston Casas,2025,2.2,0.0,2.2,0,0.0,197,500,0,1B,0.0
3227,George McAllister,1934,1.2,0.0,3.0,0,0.0,480,830,0,1B,0.0
3228,Charlie Householder,1884,2.1,0.0,2.1,0,0.0,145,218,0,1B,0.0
3229,Curtis Harris,1940,2.0,0.0,2.0,1,0.0,229,355,0,1B,0.0
3230,Kody Clemens,2026,2.0,0.0,2.0,0,0.0,175,411,0,1B,0.0
3231,Charlie Gould,1877,2.0,0.0,2.0,0,0.0,248,341,0,1B,0.0
3232,Everett Mills,1876,4.3,0.0,4.3,0,0.0,433,566,0,1B,0.0
3233,Jim Spencer,1982,2.8,0.0,6.3,1,0.0,1227,2316,0,1B,0.0
3234,Tom Jones,1910,11.0,0.0,11.3,0,0.0,964,1508,0,1B,0.0
3235,Casey Kotchman,2013,7.5,0.0,9.8,0,0.0,799,1464,0,1B,0.0
3236,Tommy McCraw,1975,8.7,0.0,10.0,0,0.0,972,1905,0,1B,0.0
3237,Charlie Comiskey,1894,7.7,0.0,10.6,0,0.0,1529,2569,0,1B,0.0
3238,Wilmer Flores,2025,9.2,0.0,9.0,0,0.0,1107,2171,0,1B,0.0
3239,Yonder Alonso,2019,8.6,0.0,9.6,1,0.0,872,1745,0,1B,0.0
3240,Erubiel Durazo,2005,9.1,0.01,9.1,0,0.0,547,1263,0,1B,0.0
3241,Daric Barton,2014,8.9,0.0,9.3,0,0.1,431,940,0,1B,0.0
3242,Phil Weintraub,1945,9.0,0.0,9.0,0,0.0,407,844,0,1B,0.0
3243,Alex McKinnon,1887,8.9,0.0,8.9,0,0.0,465,707,0,1B,0.0
3244,Nick Esasky,1990,8.3,0.05,9.3,0,0.0,677,1537,0,1B,0.0
3245,Mike Hegan,1977,8.3,0.0,9.2,1,0.0,504,1111,0,1B,0.0
3246,Lucas Duda,2019,7.6,0.01,9.8,0,0.0,741,1788,0,1B,0.0
3247,Dick Stuart,1969,7.9,0.1,9.2,2,0.0,1055,2259,0,1B,0.0
3248,Justin Smoak,2020,6.8,0.0,8.8,1,0.0,951,2294,0,1B,0.0
3249,Josh Naylor,2026,8.4,0.0,8.5,1,0.0,744,1531,0,1B,0.0
3250,George Giles,1938,8.5,0.0,8.4,1,0.1,531,940,0,1B,0.0
3251,Dick Siebert,1945,7.3,0.04,9.3,1,0.0,1104,1790,0,1B,0.0
3252,Willie Aikens,1985,7.9,0.0,8.7,0,0.0,675,1456,0,1B,0.0
3253,Ed Bouchee,1962,8.3,0.08,8.3,0,0.0,583,1267,0,1B,0.0
3254,Les Fleming,1949,8.2,0.01,8.2,0,0.0,369,788,0,1B,0.0
3255,Bob Boyd,1961,7.5,0.03,8.9,3,0.1,620,1017,0,1B,0.0
3256,Tony Solaita,1979,8.0,0.0,8.0,0,0.0,336,770,0,1B,0.0
3257,Mike Ivie,1983,7.3,0.0,8.7,0,0.0,724,1370,0,1B,0.0
3258,Harry Taylor,1893,8.0,0.0,8.0,0,0.0,502,886,0,1B,0.0
3259,Michael Busch,2026,8.0,0.03,8.0,0,0.0,313,746,0,1B,0.0
3260,Del Bissonette,1933,9.3,0.04,9.3,0,0.0,699,1364,0,1B,0.0
3261,Ron Blomberg,1978,9.4,0.0,9.5,0,0.0,391,776,0,1B,0.0
3262,Josh Bell,2026,8.4,0.0,10.5,1,0.0,1190,2653,0,1B,0.0
3263,Jake Virtue,1894,9.5,0.0,9.5,0,0.0,483,989,0,1B,0.0
3264,Babe Young,1948,11.0,0.05,11.1,0,0.0,656,1331,0,1B,0.0
3265,George LaChance,1905,10.6,0.0,11.3,0,0.0,1380,2280,0,1B,0.0
3266,Scott Hatteberg,2008,10.0,0.0,11.9,0,0.0,1153,2299,0,1B,0.0
3267,Steve Pearce,2019,10.4,0.0,11.5,0,0.1,572,1245,0,1B,0.0
3268,Sid Farrar,1890,10.7,0.0,10.8,0,0.0,905,1547,0,1B,0.0
3269,Russell Branyan,2011,11.3,0.0,10.1,0,0.0,682,1842,0,3B,0.0
3270,Mitch Moreland,2021,11.0,0.0,10.3,1,0.0,1020,2211,0,1B,0.0
3271,Ray Grimes,1926,10.5,0.0,10.5,0,0.3,505,962,0,1B,0.0
3272,Bill Everitt,1901,10.4,0.0,10.4,0,0.0,902,1504,0,1B,0.0
3273,Dale Long,1963,10.2,0.02,10.4,1,0.0,805,1765,0,1B,0.0
3274,Mark Trumbo,2019,9.5,0.0,11.1,2,0.0,1018,2198,0,1B,0.0
3275,Bob Robertson,1979,9.4,0.01,11.0,0,0.0,578,1360,0,1B,0.0
3276,Clyde Engle,1916,9.7,0.0,10.6,0,0.0,748,1362,0,1B,0.0
3277,Joe Pepitone,1973,9.7,0.05,10.7,3,0.0,1315,2543,0,1B,0.0
3278,Ty France,2026,9.8,0.0,10.4,1,0.0,797,1433,0,1B,0.0
3279,Ken Phelps,1990,9.4,0.0,10.7,0,0.0,443,1290,0,1B,0.0
3280,Willie Bobo,1930,9.9,0.0,9.9,0,0.4,399,844,0,1B,0.0
3281,John Ganzel,1908,9.8,0.0,9.8,0,0.0,682,1124,0,1B,0.0
3282,Danny Cater,1975,10.6,0.02,9.0,0,0.0,1229,1956,0,1B,0.0
3283,Mike Jorgensen,1985,9.1,0.0,10.4,0,0.0,833,1866,0,1B,0.0
3284,Greg Brock,1991,10.0,0.0,9.3,0,0.0,794,1752,0,1B,0.0
3285,Buddy Hassett,1942,9.6,0.01,9.6,0,0.0,1026,1534,0,1B,0.0
3286,Scott Spiezio,2007,8.8,0.0,10.4,0,0.0,996,2077,0,1B,0.0
3287,Gordy Coleman,1967,7.5,0.0,8.4,0,0.0,650,1254,0,1B,0.0
3288,Kevin Young,2003,5.9,0.01,9.7,0,0.0,1007,2127,0,1B,0.0
3289,Ryan O'Hearn,2026,3.4,0.0,5.7,1,0.0,606,1257,0,1B,0.0
3290,Dave Revering,1982,5.1,0.0,5.1,0,0.0,486,937,0,1B,0.0
3291,Olmedo Sáenz,2007,5.3,0.0,6.1,0,0.0,438,924,0,1B,0.0
3292,Mox McQuery,1891,5.6,0.0,5.6,0,0.0,429,733,0,1B,0.0
3293,Bert Haas,1951,5.4,0.0,5.8,1,0.0,644,1122,0,1B,0.0
3294,Pat Tabler,1992,3.1,0.0,8.0,1,0.0,1101,1873,0,1B,0.0
3295,Ike Davis,2016,5.6,0.0,5.6,0,0.0,496,1161,0,1B,0.0
3296,Luke Voit,2023,5.5,0.2,5.5,0,0.0,425,981,0,1B,0.0
3297,Norm Larker,1963,5.5,0.06,5.5,2,0.0,538,975,0,1B,0.0
3298,Spencer Steer,2026,5.4,0.0,5.4,0,0.0,472,1082,0,1B,0.0
3299,Ricky Jordan,1996,4.9,0.0,5.8,0,0.0,592,980,0,1B,0.0
3300,Matt Adams,2021,4.8,0.0,5.6,0,0.0,624,1289,0,1B,0.0
3301,Steve Bilko,1962,5.0,0.0,5.3,0,0.0,432,1007,0,1B,0.0
3302,Bob Oliver,1975,4.3,0.0,5.8,0,0.0,745,1340,0,1B,0.0
3303,Ed Cartwright,1897,7.7,0.0,7.7,0,0.0,562,1168,0,1B,0.0
3304,Jiman Choi,2023,4.8,0.0,5.3,0,0.0,367,914,0,1B,0.0
3305,Reggie Jefferson,1999,4.5,0.0,5.6,0,0.0,637,1154,0,1B,0.0
3306,Walt Dropo,1961,3.3,0.23,6.6,1,0.0,1113,2114,0,1B,0.0
3307,Vinnie Pasquantino,2026,5.0,0.0,5.0,0,0.0,461,963,0,1B,0.0
3308,Logan Morrison,2020,4.2,0.0,5.7,0,0.0,792,1833,0,1B,0.0
3309,Jack Burns,1936,4.9,0.0,4.9,0,0.0,980,1812,0,1B,0.0
3310,Doc Johnston,1922,3.6,0.0,6.1,0,0.0,992,1727,0,1B,0.0
3311,Johnny Washington,1948,4.7,0.0,5.0,3,0.0,479,775,0,1B,0.0
3312,Art Griggs,1918,4.8,0.0,4.8,0,0.0,379,648,0,1B,0.0
3313,Jonathan Aranda,2026,4.8,0.0,4.8,1,0.0,226,468,0,1B,0.0
3314,LaMonte Wade Jr.,2025,4.6,0.0,4.6,0,0.0,381,883,0,1B,0.0
3315,Claude Rossman,1909,5.8,0.0,5.8,0,0.0,523,803,0,1B,0.0
3316,Allen Craig,2015,5.8,0.03,5.8,1,0.0,506,950,0,1B,0.0
3317,Willie Clark,1899,5.9,0.0,5.9,0,0.0,366,648,0,1B,0.0
3318,Dee Fondy,1958,5.7,0.0,6.4,0,0.0,1000,1732,0,1B,0.0
3319,Travis Lee,2006,7.3,0.0,8.1,0,0.0,958,2042,0,1B,0.0
3320,Ryan Mountcastle,2026,7.7,0.0,7.7,0,0.0,646,1268,0,1B,0.0
3321,Ron Jackson,1984,7.2,0.0,8.2,0,0.0,774,1387,0,1B,0.0
3322,George Crowe,1961,7.7,0.0,7.4,2,0.0,516,1064,0,1B,0.0
3323,Del Gainer,1922,7.4,0.0,7.3,0,0.0,438,831,0,1B,0.0
3324,Greg Colbrunn,2004,6.9,0.0,7.6,0,0.0,801,1473,0,1B,0.0
3325,Frank Brower,1924,7.2,0.0,7.2,0,0.0,371,760,0,RF,0.0
3326,Robert Hudspeth,1929,7.0,0.0,7.4,0,0.1,439,792,0,1B,0.0
3327,Bob Unglaub,1910,7.2,0.0,7.2,0,0.0,554,860,0,1B,0.0
3328,Dave Bergman,1992,6.7,0.0,7.6,0,0.0,690,1383,0,1B,0.0
3329,Nick Kurtz,2026,7.1,0.07,7.1,0,0.1,166,453,0,1B,0.0
3330,Jim West,1948,6.7,0.0,7.3,3,0.1,709,1269,0,1B,0.0
3331,Dick Gernert,1962,6.6,0.02,6.8,0,0.0,632,1434,0,1B,0.0
3332,Tony Horton,1970,6.7,0.0,6.7,0,0.0,597,1109,0,1B,0.0
3333,Ed Kranepool,1979,4.2,0.0,9.0,1,0.0,1418,2516,0,1B,0.0
3334,Paul Sorrento,1999,5.6,0.0,7.3,0,0.0,876,1994,0,1B,0.0
3335,Brad Fullmer,2004,5.9,0.0,6.9,0,0.0,778,1603,0,1B,0.0
3336,Greg Walker,1990,5.8,0.0,7.0,0,0.0,746,1574,0,1B,0.0
3337,Brian Daubach,2005,6.3,0.0,6.4,0,0.0,525,1204,0,1B,0.0
3338,Brandon Moss,2017,5.4,0.0,7.3,1,0.0,742,1754,0,1B,0.0
3339,Mickey Rocco,1946,6.2,0.0,6.2,0,0.0,444,821,0,1B,0.0
3340,Lamar Johnson,1982,5.9,0.0,6.5,0,0.0,755,1326,0,1B,0.0
3341,Jack Kerins,1890,6.1,0.0,6.1,0,0.0,561,1055,0,1B,0.0
3342,Jim Starks,1946,0.8,0.0,2.0,0,0.0,158,314,0,1B,0.0
3343,Dan Stearns,1889,1.4,0.0,1.4,0,0.0,491,899,0,1B,0.0
3344,Jared Walsh,2024,1.4,0.0,1.4,1,0.0,308,672,0,1B,0.0
3345,Miguel Cairo,2012,7.7,0.0,8.9,0,0.0,1044,1810,0,2B,0.0
3346,Danny Espinosa,2017,8.7,0.0,9.6,0,0.0,644,1407,0,2B,0.0
3347,Bernie Allen,1973,9.2,0.0,8.8,0,0.0,815,1599,0,2B,0.0
3348,Brock Holt,2021,8.3,0.0,9.4,1,0.0,621,1131,0,2B,0.0
3349,Joe Gerhardt,1891,7.0,0.0,10.7,0,0.2,939,1391,0,2B,0.0
3350,Dámaso García,1989,7.2,0.02,10.1,2,0.0,1108,1786,0,2B,0.0
3351,Bill Hallman,1903,6.7,0.0,10.4,0,0.0,1641,2730,0,2B,0.0
3352,Sam Barkley,1889,8.5,0.0,8.5,0,0.1,602,1062,0,2B,0.0
3353,Mark Bellhorn,2007,8.0,0.0,8.9,0,0.0,484,1206,0,2B,0.0
3354,Joey Cora,1998,7.9,0.0,8.9,1,0.0,1035,1875,0,2B,0.0
3355,Felipe López,2011,7.5,0.0,9.4,1,0.0,1145,2265,0,SS,0.0
3356,Marlon Anderson,2009,7.2,0.0,9.5,0,0.0,849,1550,0,2B,0.0
3357,Junior Spivey,2005,8.2,0.02,8.2,1,0.0,419,884,0,2B,0.0
3358,Sam Bohne,1926,7.7,0.0,7.7,0,0.0,605,1098,0,2B,0.0
3359,Dick Egan,1916,8.0,0.0,8.4,0,0.0,767,1382,0,2B,0.0
3360,D'Angelo Jimenez,2007,8.0,0.0,8.3,0,0.0,568,1142,0,2B,0.0
3361,John Farrell,1905,8.1,0.0,8.1,0,0.0,567,989,0,2B,0.0
3362,Bill Rigney,1953,7.8,0.0,8.3,1,0.0,510,972,0,2B,0.0
3363,Lou Klein,1951,8.0,0.02,8.0,0,0.5,269,510,0,2B,0.0
3364,Donovan Solano,2025,7.6,0.0,8.3,0,0.0,805,1312,0,2B,0.0
3365,Eric Sogard,2021,7.0,0.0,8.8,0,0.0,551,1008,0,2B,0.0
3366,Alex Kampouris,1943,7.1,0.0,8.5,0,0.0,531,1066,0,2B,0.0
3367,Mauricio Dubón,2026,7.7,0.0,7.7,0,0.0,534,916,0,2B,0.0
3368,Dustin Ackley,2016,7.7,0.0,7.7,0,0.0,512,1005,0,2B,0.0
3369,Al Myers,1891,7.8,0.0,7.7,0,0.0,788,1435,0,2B,0.0
3370,Tim Flannery,1989,9.2,0.0,9.2,0,0.0,631,1084,0,2B,0.0
3371,Bingo DeMoss,1930,8.3,0.0,10.0,0,0.1,533,976,0,2B,0.0
3372,Darwin Barney,2017,8.8,0.0,9.8,0,0.0,625,1049,0,2B,0.0
3373,Ed Abbaticchio,1910,8.7,0.0,10.0,0,0.0,772,1421,0,2B,0.0
3374,Mike McGeary,1882,11.0,0.0,11.0,0,0.1,684,858,0,2B,0.0
3375,John Henry Russell,1934,11.0,0.0,10.8,1,0.1,704,1218,0,2B,0.0
3376,Manny Trillo,1989,11.3,0.0,10.3,4,0.0,1562,2558,0,2B,0.0
3377,Frank Warfield,1932,10.6,0.0,10.9,0,0.0,751,1369,0,2B,0.0
3378,Charley Bassett,1892,10.4,0.0,11.0,0,0.0,806,1418,0,2B,0.0
3379,Charlie Neal,1963,10.1,0.19,11.2,3,0.0,858,1693,0,2B,0.0
3380,Mike Lansing,2001,9.9,0.0,11.3,0,0.0,1124,2082,0,2B,0.0
3381,Otto Knabe,1916,9.5,0.25,11.2,0,0.0,1103,2029,0,2B,0.0
3382,David Fletcher,2024,10.3,0.0,10.3,0,0.0,560,890,0,2B,0.0
3383,Germany Schaefer,1918,9.1,0.0,11.4,0,0.0,972,1746,0,2B,0.0
3384,Tony Piet,1938,9.9,0.0,10.5,0,0.0,717,1305,0,2B,0.0
3385,Todd Walker,2007,10.5,0.0,9.8,0,0.0,1316,2468,0,2B,0.0
3386,José López,2012,10.0,0.0,10.3,1,0.0,1005,1693,0,2B,0.0
3387,Lee Magee,1919,9.3,0.09,10.6,0,0.0,1031,1759,0,2B,0.0
3388,Morrie Rath,1920,10.0,0.0,10.0,0,0.0,521,924,0,2B,0.0
3389,Jerry Adair,1970,8.4,0.07,11.4,0,0.0,1022,1631,0,2B,0.0
3390,Bryson Stott,2026,9.9,0.0,9.9,0,0.0,549,1131,0,2B,0.0
3391,Marty Barrett,1991,9.2,0.01,10.1,0,0.0,938,1534,0,2B,0.0
3392,William Louden,1916,9.5,0.0,9.5,0,0.0,507,1013,0,2B,0.0
3393,Jim Viox,1916,9.5,0.17,9.5,0,0.0,465,871,0,2B,0.0
3394,Sean Rodríguez,2020,8.9,0.0,10.1,0,0.0,580,1242,0,2B,0.0
3395,Dick Padden,1905,9.1,0.0,9.7,0,0.0,814,1408,0,2B,0.0
3396,Tommy Helms,1977,8.3,0.0,10.4,2,0.0,1342,1973,0,2B,0.0
3397,Xavier Edwards,2026,7.7,0.0,7.7,0,0.1,326,601,0,2B,0.0
3398,Mickey Witek,1949,7.6,0.06,7.6,0,0.0,595,899,0,2B,0.0
3399,Lorenzo Cabrera,1948,1.4,0.0,1.4,0,0.0,94,175,0,1B,0.0
3400,Reddy Mack,1890,6.4,0.0,6.4,0,0.0,524,1059,0,2B,0.0
3401,Luis Rengifo,2026,6.3,0.0,7.1,0,0.0,598,1143,0,2B,0.0
3402,Pokey Reese,2004,6.3,0.0,7.1,0,0.0,704,1368,0,2B,0.0
3403,Jeff Treadway,1995,6.1,0.0,7.1,0,0.0,596,965,0,2B,0.0
3404,Matt Carlisle,1948,6.5,0.0,6.7,0,0.1,390,724,0,2B,0.0
3405,Mark Lemke,1998,6.1,0.0,6.9,0,0.0,795,1405,0,2B,0.0
3406,Duke Kenworthy,1917,6.5,0.0,6.5,0,0.1,301,596,0,2B,0.0
3407,Keith Lockhart,2003,6.0,0.0,7.1,0,0.0,591,1099,0,2B,0.0
3408,Johnny Rawlings,1926,5.6,0.0,7.4,0,0.0,928,1497,0,2B,0.0
3409,Pete Kilduff,1921,6.5,0.0,6.5,0,0.0,374,666,0,2B,0.0
3410,Gordon Beckham,2019,5.6,0.0,7.3,0,0.0,807,1549,0,2B,0.0
3411,Eddie Mayo,1948,5.3,0.5,7.7,0,0.1,759,1274,0,2B,0.0
3412,Tadahito Iguchi,2008,6.4,0.0,6.4,0,0.0,494,976,0,2B,0.0
3413,Rex Hudler,1998,6.3,0.0,8.8,0,0.0,461,929,0,2B,0.0
3414,Geronimo Pena,1996,6.3,0.0,6.3,0,0.0,265,597,0,2B,0.0
3415,Bret Barberie,1996,6.3,0.0,6.3,0,0.0,388,701,0,2B,0.0
3416,Joe Panik,2021,5.5,0.0,7.0,1,0.0,733,1311,0,2B,0.0
3417,Jack Brohamer,1980,5.6,0.0,6.9,0,0.0,613,1049,0,2B,0.0
3418,Pep Young,1945,5.6,0.06,6.9,0,0.1,645,1107,0,2B,0.0
3419,Ken Boswell,1977,5.5,0.0,6.5,0,0.0,625,1114,0,2B,0.0
3420,Jack Perconte,1986,6.0,0.0,6.0,0,0.0,389,701,0,2B,0.0
3421,Dave Nelson,1977,5.1,0.01,6.8,1,0.0,630,1212,0,2B,0.0
3422,Billy Gilbert,1909,5.3,0.0,6.3,0,0.0,695,1250,0,2B,0.0
3423,Ted Lepcio,1961,5.4,0.0,6.2,0,0.0,512,1052,0,2B,0.0
3424,Joe Quinn,1901,4.8,0.0,6.8,0,0.0,1804,2898,0,2B,0.0
3425,Lance Blankenship,1993,6.7,0.0,6.7,0,0.0,233,568,0,2B,0.0
3426,Cavan Biggio,2025,6.8,0.0,6.8,0,0.1,363,902,0,2B,0.0
3427,Yolmer Sanchez,2022,6.6,0.0,7.2,0,0.0,552,1004,0,2B,0.0
3428,Jerry Coleman,1957,6.5,0.0,7.3,1,0.0,558,976,0,2B,0.0
3429,Gene Baker,1961,7.3,0.01,7.8,1,0.0,635,1160,0,2B,0.0
3430,Jackie Hayes,1940,6.8,0.0,8.3,0,0.0,1069,1734,0,2B,0.0
3431,Derrel Thomas,1985,6.5,0.0,8.4,0,0.0,1163,2150,0,2B,0.0
3432,Rob Wilfong,1987,7.5,0.0,7.2,0,0.0,668,1187,0,2B,0.0
3433,Jeff Frye,2001,7.1,0.0,7.6,0,0.0,626,1099,0,2B,0.0
3434,Amby McConnell,1911,7.3,0.0,7.3,0,0.0,398,660,0,2B,0.0
3435,Dink Mothell,1932,6.7,0.0,7.9,0,0.0,526,1040,0,2B,0.0
3436,Jonathan India,2026,7.3,0.0,7.3,0,0.0,606,1309,0,2B,0.0
3437,Eddie Moore,1934,6.8,0.0,7.8,0,0.0,706,1229,0,2B,0.0
3438,Félix Mantilla,1966,6.6,0.01,8.0,1,0.0,707,1374,0,2B,0.0
3439,Danny Murtaugh,1951,6.4,0.15,8.1,0,0.0,661,1160,0,2B,0.0
3440,Dylan Moore,2026,7.2,0.0,7.3,0,0.0,340,957,0,2B,0.0
3441,Burgess Whitehead,1946,6.3,0.1,8.1,2,0.0,883,1297,0,2B,0.0
3442,Alan Wiggins,1987,7.2,0.04,7.2,0,0.0,581,1172,0,2B,0.0
3443,Wes Fisler,1876,7.1,0.0,7.1,0,0.1,414,550,0,1B,0.0
3444,Rougned Odor,2023,6.4,0.0,7.9,0,0.0,930,2047,0,2B,0.0
3445,Gavin Lux,2025,7.1,0.0,7.1,0,0.0,456,898,0,2B,0.0
3446,Stu Martin,1943,7.1,0.0,7.1,1,0.0,599,1033,0,2B,0.0
3447,Wayne Terwilliger,1960,7.0,0.0,7.2,0,0.0,501,958,0,2B,0.0
3448,Mariano Duncan,1997,5.8,0.0,8.5,1,0.0,1247,2190,0,2B,0.0
3449,Scooter Gennett,2019,7.1,0.0,7.1,1,0.0,773,1395,0,2B,0.0
3450,George Myatt,1947,7.0,0.29,7.0,0,0.1,381,693,0,2B,0.0
3451,Billy Ripken,1998,5.9,0.0,8.0,0,0.0,674,1066,0,2B,0.0
3452,Mickey Morandini,2000,9.8,0.0,12.2,1,0.0,1222,2195,0,2B,0.0
3453,Randy Ready,1995,10.9,0.0,11.4,0,0.1,547,1169,0,2B,0.0
3454,Ron Oester,1990,11.0,0.0,11.7,0,0.0,1118,1909,0,2B,0.0
3455,Pat Putnam,1984,0.1,0.0,1.7,0,0.0,508,962,0,1B,0.0
3456,Frank Dillon,1904,1.0,0.0,1.0,0,0.0,298,489,0,1B,0.0
3457,Eddie Douglass,1925,1.0,0.0,1.0,0,0.0,97,166,0,1B,0.0
3458,Jim Poole,1927,1.0,0.0,1.0,0,0.0,271,458,0,1B,0.0
3459,Heinz Becker,1947,1.0,0.0,1.0,0,0.0,94,175,0,1B,0.0
3460,Brian Hunter,2000,0.3,0.0,1.7,0,0.0,364,814,0,1B,0.0
3461,Dick Burrus,1928,1.0,0.0,1.0,0,0.0,513,813,0,1B,0.0
3462,Peek-A-Boo Veach,1890,1.0,0.0,1.0,0,0.0,76,169,0,1B,0.0
3463,Scott Stahoviak,1998,1.0,0.0,1.0,0,0.0,261,547,0,1B,0.0
3464,José Pérez,1929,1.0,0.0,1.0,0,0.0,256,459,0,1B,0.0
3465,Bill Sweeney,1931,0.9,0.0,0.9,0,0.0,300,455,0,1B,0.0
3466,Vance Dinges,1946,0.9,0.0,0.9,0,0.0,146,233,0,1B,0.0
3467,Tyler Austin,2019,0.9,0.0,0.9,0,0.0,114,293,0,1B,0.0
3468,John Hummel,1918,11.7,0.0,11.2,0,0.0,991,1839,0,2B,0.0
3469,Art Nichols,1903,0.9,0.0,0.9,0,0.0,194,338,0,C,0.0
3470,Merv Connors,1938,0.9,0.0,0.9,0,0.0,46,105,0,3B,0.0
3471,Marv Blaylock,1957,0.9,0.0,0.9,0,0.0,175,366,0,1B,0.0
3472,Lemuel Hawkins,1928,0.7,0.0,1.0,0,0.0,549,879,0,1B,0.0
3473,Marcelino Guerra,1924,0.8,0.0,0.8,0,0.0,240,474,0,RF,0.0
3474,Skyrocket Smith,1888,0.8,0.0,0.8,0,0.0,49,98,0,1B,0.0
3475,Randy Ruiz,2010,0.8,0.0,0.8,0,0.0,59,124,0,1B,0.0
3476,Preston Ward,1959,0.2,0.0,1.3,0,0.0,522,1023,0,1B,0.0
3477,TJ Rumfield,2026,0.8,0.0,0.8,0,0.0,47,93,0,1B,0.0
3478,Pat Bourque,1974,0.8,0.0,0.8,0,0.0,87,203,0,1B,0.0
3479,Chicken Hawks,1925,0.8,0.0,0.8,0,0.0,124,218,0,1B,0.0
3480,Randall Simon,2006,0.1,0.0,2.0,0,0.0,455,763,0,1B,0.0
3481,Pearce Chiles,1900,1.1,0.0,1.1,0,0.0,132,225,0,1B,0.0
3482,William Brown,1894,1.1,0.0,1.1,0,0.0,415,699,0,1B,0.0
3483,Joey Meneses,2024,1.1,0.0,1.1,0,0.0,305,532,0,1B,0.0
3484,Mike Fiore,1972,1.4,0.0,1.4,0,0.0,126,314,0,1B,0.0
3485,Jay Kirke,1918,1.4,0.0,1.4,0,0.0,346,498,0,1B,0.0
3486,Joe Lis,1977,1.2,0.0,1.6,0,0.0,182,422,0,1B,0.0
3487,Ryan Noda,2025,1.4,0.0,1.4,0,0.0,111,299,0,1B,0.0
3488,Tommy Medica,2014,1.4,0.0,1.4,0,0.0,76,159,0,1B,0.0
3489,Bud Clancy,1934,1.0,0.0,1.8,0,0.0,504,791,0,1B,0.0
3490,Del Howard,1909,1.4,0.0,1.4,0,0.0,482,776,0,1B,0.0
3491,Mike Squires,1985,0.2,0.0,2.5,0,0.0,411,690,0,1B,0.0
3492,Travis Ishikawa,2015,1.1,0.0,1.6,0,0.0,241,457,0,1B,0.0
3493,Sal Stewart,2026,1.4,0.0,1.4,0,0.0,59,155,0,1B,0.0
3494,Johnny Neun,1931,1.3,0.0,1.3,0,0.0,273,506,0,1B,0.0
3495,Jelly Taylor,1946,1.2,0.0,1.4,3,0.0,180,314,0,1B,0.0
3496,Norm Zauchin,1959,1.3,0.0,1.3,0,0.0,242,566,0,1B,0.0
3497,Spencer Torkelson,2026,1.3,0.0,1.3,0,0.0,454,1066,0,1B,0.0
3498,Subby Byas,1942,1.1,0.0,1.4,2,0.0,130,220,0,C,0.0
3499,Bill LeFebvre,1944,1.2,0.0,1.2,0,0.0,24,51,0,Unknown,0.0
3500,Andrew Vaughn,2026,1.2,0.0,1.2,0,0.0,636,1226,0,1B,0.0
3501,Joshua Fuentes,2021,1.2,0.0,1.2,0,0.0,103,177,0,1B,0.0
3502,Jack Phillips,1957,1.0,0.0,1.4,0,0.0,252,443,0,1B,0.0
3503,Greg Goossen,1970,1.2,0.0,1.2,0,0.0,111,219,0,1B,0.0
3504,Don Bollweg,1955,1.1,0.0,1.1,0,0.0,110,241,0,1B,0.0
3505,Jack Carney,1891,1.1,0.0,1.1,0,0.0,258,458,0,1B,0.0
3506,José Morales,1984,0.1,0.0,2.2,0,0.0,375,622,0,1B,0.0
3507,Alfonso Rivas III,2023,0.8,0.0,0.8,0,0.0,98,190,0,1B,0.0
3508,Bill Hassamaer,1896,0.7,0.0,0.7,0,0.0,306,540,0,1B,0.0
3509,Josh Satin,2014,0.7,0.0,0.7,0,0.0,61,126,0,1B,0.0
3510,Jerry Remy,1984,14.6,0.0,13.5,1,0.0,1226,2027,0,2B,0.0
3511,Bill Sweeney,1914,13.7,0.39,14.0,0,0.1,1004,1865,0,2B,0.0
3512,José Oquendo,1995,13.6,0.0,14.0,0,0.1,821,1498,0,2B,0.0
3513,John Henry Lloyd,1929,13.8,0.0,13.7,0,0.3,569,950,0,2B,0.0
3514,Tony Graffanino,2009,15.1,0.0,12.2,0,0.0,746,1435,0,2B,0.0
3515,Ray Morgan,1918,13.3,0.0,13.7,0,0.0,630,1206,0,2B,0.0
3516,Joey Wendle,2024,13.0,0.0,13.5,1,0.0,561,1009,0,2B,0.0
3517,Bobby Knoop,1972,12.7,0.03,13.7,1,0.0,856,1532,0,2B,0.0
3518,Wally Backman,1993,13.2,0.0,13.2,0,0.0,893,1587,0,2B,0.0
3519,Jerry Browne,1995,11.9,0.0,14.3,0,0.0,866,1586,0,2B,0.0
3520,Jazz Chisholm Jr.,2026,13.0,0.0,13.0,2,0.0,562,1379,0,2B,0.0
3521,César Hernández,2022,12.6,0.0,13.3,0,0.0,1144,2149,0,2B,0.0
3522,Quilvio Veras,2001,12.9,0.0,12.9,0,0.0,750,1615,0,2B,0.0
3523,Johnny Hodapp,1933,12.2,0.03,13.4,0,0.0,880,1382,0,2B,0.0
3524,Henry Reitz,1899,12.7,0.0,12.7,0,0.0,801,1460,0,2B,0.0
3525,Fernando Viña,2004,12.3,0.0,12.7,1,0.0,1196,2012,0,2B,0.0
3526,Logan Forsythe,2020,11.7,0.0,12.7,0,0.0,762,1536,0,2B,0.0
3527,Luis Alicea,2002,12.0,0.0,12.2,0,0.0,1031,2048,0,2B,0.0
3528,Jerry Hairston,2013,13.2,0.0,11.0,0,0.0,1126,2133,0,2B,0.0
3529,Brendan Donovan,2026,12.0,0.0,12.0,1,0.0,521,972,0,2B,0.0
3530,Sandy Alomar,1978,10.5,0.0,13.2,1,0.0,1168,1900,0,2B,0.0
3531,Maicer Izturis,2014,11.3,0.0,12.3,0,0.0,810,1480,0,3B,0.0
3532,Tito Fuentes,1978,11.8,0.02,11.7,0,0.0,1491,2307,0,2B,0.0
3533,Mike Andrews,1973,10.9,0.02,12.1,1,0.0,803,1625,0,2B,0.0
3534,Brice Turang,2026,13.9,0.05,13.9,0,0.2,442,940,0,2B,0.0
3535,Rich Dauer,1985,14.4,0.0,14.2,0,0.0,984,1615,0,2B,0.0
3536,Rico Brogna,2001,-1.1,0.0,2.5,0,0.0,795,1574,0,1B,0.0
3537,Tim Teufel,1993,15.3,0.0,13.4,0,0.0,789,1666,0,2B,0.0
3538,Rowdy Tellez,2025,0.3,0.0,1.0,0,0.0,552,1247,0,1B,0.0
3539,Lee Moody,1947,0.7,0.0,0.7,0,0.0,131,184,0,1B,0.0
3540,George Gill,1937,0.7,0.0,0.7,0,0.0,49,71,0,1B,0.0
3541,Ronald Guzmán,2022,0.7,0.0,0.7,0,0.0,167,381,0,1B,0.0
3542,Bill Carter,1938,0.7,0.0,0.7,0,0.0,64,83,0,1B,0.0
3543,Jay Faatz,1890,0.7,0.0,0.7,0,0.0,274,463,0,1B,0.0
3544,Brett Pill,2013,0.7,0.0,0.7,0,0.0,56,111,0,1B,0.0
3545,Ben Houser,1912,0.6,0.0,0.6,0,0.0,126,224,0,1B,0.0
3546,Joe Dillon,2009,0.6,0.0,0.6,0,0.0,57,105,0,2B,0.0
3547,Bucky Jacobsen,2004,0.6,0.0,0.6,0,0.0,44,94,0,1B,0.0
3548,Greg Bird,2019,0.6,0.0,0.6,0,0.0,129,333,0,1B,0.0
3549,Jim Carleton,1872,0.6,0.0,0.6,0,0.0,44,67,0,1B,0.0
3550,Carlos Blanco,1941,0.6,0.0,0.6,0,0.0,28,54,0,1B,0.0
3551,Daryl Sconiers,1985,0.6,0.0,0.6,0,0.0,169,309,0,1B,0.0
3552,Mike Schemer,1946,0.6,0.0,0.6,0,0.0,36,52,0,1B,0.0
3553,Clipper Flynn,1872,0.6,0.0,0.6,0,0.0,57,73,0,1B,0.0
3554,Jack McMahon,1893,0.6,0.0,0.6,0,0.0,43,84,0,1B,0.0
3555,Mike Gallego,1997,17.0,0.0,16.4,0,0.0,700,1311,0,2B,0.0
3556,Dick Green,1974,16.0,0.0,14.7,0,0.0,960,1762,0,2B,0.0
3557,Hub Collins,1892,15.0,0.0,15.0,0,0.2,790,1693,0,2B,0.0
3558,Adam Frazier,2026,15.9,0.0,14.0,1,0.0,1031,1875,0,2B,0.0
3559,Jake Cronenworth,2026,14.9,0.0,14.9,2,0.0,701,1505,0,2B,0.0
3560,Frank Isbell,1909,15.0,0.0,14.7,0,0.0,1056,1820,0,1B,0.0
3561,Ray Sanders,1949,11.1,0.07,11.1,0,0.0,597,1211,0,1B,0.0
3562,Sid Bream,1994,11.1,0.0,11.3,0,0.0,819,1707,0,1B,0.0
3563,Jimmy Slagle,1908,15.8,0.0,15.4,0,0.1,1343,2478,0,CF,0.0
3564,Joe Sugden,1912,8.1,0.0,8.0,0,0.0,696,1095,0,C,0.0
3565,Ira Thomas,1915,8.4,0.19,8.4,0,0.0,327,518,0,C,0.0
3566,Jack Hiatt,1972,8.5,0.0,8.1,0,0.0,287,638,0,C,0.0
3567,Butch Henline,1931,7.7,0.0,8.8,0,0.0,611,1079,0,C,0.0
3568,Miguel Olivo,2014,8.0,0.0,8.5,0,0.0,905,1780,0,C,0.0
3569,Roberto Pérez,2023,7.8,0.0,8.6,0,0.0,314,738,0,C,0.0
3570,Jake Early,1949,8.1,0.02,8.3,1,0.0,532,1060,0,C,0.0
3571,Evan Gattis,2018,8.2,0.0,8.2,0,0.0,605,1332,0,C,0.0
3572,Barney Gilligan,1888,7.2,0.0,9.2,0,0.0,386,664,0,C,0.0
3573,Joe Garagiola,1954,8.0,0.0,8.2,0,0.0,481,993,0,C,0.0
3574,Clarence Palm,1946,8.7,0.0,7.5,0,0.0,424,809,0,C,0.0
3575,Emil Gross,1884,8.0,0.0,8.0,0,0.0,291,472,0,C,0.0
3576,Bruce Benedict,1989,7.3,0.0,8.7,2,0.0,696,1200,0,C,0.0
3577,Eddie Ainsmith,1924,6.9,0.0,8.3,0,0.0,707,1338,0,C,0.0
3578,Harry Bemis,1910,7.5,0.0,8.6,0,0.0,569,862,0,C,0.0
3579,Pop Schriver,1901,8.1,0.0,7.8,0,0.0,721,1239,0,C,0.0
3580,Tyler Stephenson,2026,7.9,0.0,7.9,0,0.0,479,986,0,C,0.0
3581,Connie Mack,1896,6.9,0.0,8.9,0,0.0,659,1106,0,C,0.0
3582,Tyler Flowers,2020,7.9,0.0,7.9,0,0.0,582,1190,0,C,0.0
3583,Elrod Hendricks,1979,7.4,0.0,8.4,0,0.0,415,911,0,C,0.0
3584,Bill Salkeld,1950,7.8,0.02,7.8,0,0.0,232,556,0,C,0.0
3585,Clint Courtney,1961,7.1,0.02,8.4,0,0.0,750,1291,0,C,0.0
3586,Alex Treviño,1990,7.9,0.0,7.6,0,0.0,604,1034,0,C,0.0
3587,Dioner Navarro,2016,7.0,0.0,8.4,1,0.0,802,1466,0,C,0.0
3588,Nick Hundley,2019,7.3,0.0,8.1,0,0.0,766,1488,0,C,0.0
3589,Christian Vázquez,2026,7.8,0.0,9.0,0,0.0,831,1483,0,C,0.0
3590,Kelly Shoppach,2013,8.3,0.0,8.6,0,0.0,361,823,0,C,0.0
3591,Darrin Fletcher,2002,7.7,0.0,9.2,1,0.0,1048,1907,0,C,0.0
3592,Pat Moran,1914,7.7,0.0,9.4,0,0.0,618,1019,0,C,0.0
3593,Ken O'Dea,1946,9.3,0.0,9.5,0,0.0,560,1097,0,C,0.0
3594,Joe Azcue,1972,8.6,0.0,10.2,1,0.0,712,1186,0,C,0.0
3595,John Grim,1899,9.2,0.0,9.6,0,0.0,707,1118,0,C,0.0
3596,Ryan Hanigan,2017,9.0,0.0,9.7,0,0.0,492,911,0,C,0.0
3597,A.J. Ellis,2018,9.2,0.0,9.3,0,0.0,466,968,0,C,0.0
3598,Carson Kelly,2026,8.7,0.0,9.7,0,0.0,484,1038,0,C,0.0
3599,Jim Leyritz,2000,8.0,0.0,10.4,0,0.0,667,1392,0,C,0.0
3600,Jack Lapp,1916,9.0,0.0,9.3,0,0.0,416,735,0,C,0.0
3601,Frankie Pytlak,1946,8.6,0.0,9.6,0,0.0,677,1173,0,C,0.0
3602,Jason LaRue,2010,8.9,0.0,9.3,0,0.0,628,1329,0,C,0.0
3603,Frank Bowerman,1909,9.3,0.0,8.9,0,0.0,853,1281,0,C,0.0
3604,Pop Snyder,1891,7.5,0.0,10.3,0,0.2,855,1204,0,C,0.0
3605,Derek Norris,2017,8.9,0.0,8.9,1,0.0,453,969,0,C,0.0
3606,Tom Pagnozzi,1998,7.7,0.0,9.9,1,0.0,733,1247,0,C,0.0
3607,Chad Kreuter,2003,7.7,0.0,9.8,0,0.0,593,1260,0,C,0.0
3608,Travis d'Arnaud,2026,8.5,0.0,9.0,1,0.0,802,1633,0,C,0.0
3609,Yainer Diaz,2026,8.6,0.0,8.6,0,0.0,439,774,0,C,0.0
3610,Earl Williams,1977,7.9,0.0,9.4,0,0.0,756,1597,0,C,0.0
3611,Silver Flint,1889,7.8,0.0,9.5,0,0.1,687,1013,0,C,0.0
3612,Billy Sullivan,1916,8.7,0.0,8.5,0,0.0,777,1293,0,C,0.0
3613,Patsy Gharrity,1930,8.3,0.0,9.0,0,0.0,513,937,0,C,0.0
3614,James McCann,2026,7.9,0.0,9.3,1,0.0,777,1443,0,C,0.0
3615,Damian Miller,2007,8.9,0.0,8.2,1,0.0,834,1616,0,C,0.0
3616,Billy Sullivan,1947,7.6,0.04,7.6,0,0.0,820,1393,0,C,0.0
3617,Stephen Vogt,2022,6.8,0.0,8.4,2,0.0,560,1168,0,C,0.0
3618,Charlie O'Brien,2000,9.7,0.0,9.1,0,0.0,493,998,0,C,0.0
3619,Curt Casali,2024,6.6,0.0,6.2,0,0.0,298,676,0,C,0.0
3620,Mack Eggleston,1934,6.2,0.0,6.9,0,0.1,442,833,0,C,0.0
3621,Fran Healy,1978,6.5,0.0,6.6,0,0.0,332,648,0,C,0.0
3622,Verne Clemons,1924,6.5,0.0,6.5,0,0.0,364,582,0,C,0.0
3623,Jarrod Saltalamacchia,2018,5.9,0.0,7.1,0,0.0,662,1474,0,C,0.0
3624,Chris Fulmer,1889,6.5,0.0,6.5,0,0.0,216,472,0,C,0.0
3625,Ed Taubensee,2001,5.5,0.0,7.5,0,0.0,784,1501,0,C,0.0
3626,Elias Díaz,2026,5.8,0.0,7.2,1,0.0,638,1187,0,C,0.0
3627,Omar Narváez,2025,5.9,0.0,7.1,1,0.0,509,997,0,C,0.0
3628,William Clarke,1905,4.8,0.0,8.2,0,0.0,858,1322,0,C,0.0
3629,Manny Piña,2023,6.3,0.0,6.5,0,0.0,274,560,0,C,0.0
3630,Charlie Berry,1938,5.9,0.0,6.9,0,0.0,539,927,0,C,0.0
3631,Ed Herrmann,1978,5.9,0.0,6.9,1,0.0,654,1260,0,C,0.0
3632,Brian Schneider,2012,6.8,0.0,8.4,0,0.0,781,1502,0,C,0.0
3633,Pat Collins,1929,5.6,0.0,7.1,0,0.0,306,702,0,C,0.0
3634,Joe Greene,1948,6.4,0.0,6.3,3,0.6,193,448,0,C,0.0
3635,Joe Girardi,2003,5.6,0.0,7.1,1,0.0,1100,1769,0,C,0.0
3636,Chris Cannizzaro,1974,6.2,0.0,6.4,1,0.0,458,846,0,C,0.0
3637,William Fischer,1917,6.3,0.0,6.3,0,0.0,301,521,0,C,0.0
3638,John Wathan,1985,4.9,0.0,7.6,0,0.0,656,1163,0,C,0.0
3639,Rod Barajas,2012,4.6,0.0,7.8,0,0.0,812,1618,0,C,0.0
3640,Tom Lampkin,2002,6.2,0.0,6.1,0,0.0,422,900,0,C,0.0
3641,Yorvit Torrealba,2013,5.4,0.0,6.7,0,0.0,737,1332,0,C,0.0
3642,Walter Schmidt,1925,5.7,0.0,6.4,0,0.0,619,925,0,C,0.0
3643,Jacob Stallings,2025,4.6,0.0,7.4,0,0.0,395,755,0,C,0.0
3644,Martín Maldonado,2025,6.2,0.0,7.2,0,0.0,731,1541,0,C,0.0
3645,Jake Gibbs,1971,6.7,0.0,6.8,0,0.0,382,674,0,C,0.0
3646,Gabby Street,1931,6.5,0.0,7.0,0,0.0,312,520,0,C,0.0
3647,Tom Young,1941,6.6,0.0,6.9,1,0.0,314,583,0,C,0.0
3648,Pinky Hargrave,1933,7.2,0.0,8.0,0,0.0,445,842,0,C,0.0
3649,Fred Jacklitsch,1917,7.1,0.0,7.8,0,0.0,327,666,0,C,0.0
3650,Red Dooin,1916,5.7,0.0,9.2,0,0.0,961,1480,0,C,0.0
3651,Dave Duncan,1976,6.5,0.0,8.3,1,0.0,617,1288,0,C,0.0
3652,Greg Myers,2005,7.3,0.0,7.4,0,0.0,776,1472,0,C,0.0
3653,George Mitterwald,1977,6.1,0.0,8.6,0,0.0,623,1194,0,C,0.0
3654,Clyde Kluttz,1952,7.3,0.0,7.3,0,0.0,510,810,0,C,0.0
3655,Charlie Ganzel,1897,8.0,0.0,6.5,0,0.0,774,1207,0,C,0.0
3656,Mike Redmond,2010,6.3,0.0,8.2,0,0.0,649,957,0,C,0.0
3657,Boss Schmidt,1911,7.2,0.0,7.2,0,0.0,360,513,0,C,0.0
3658,Gerald Laird,2015,6.5,0.0,7.9,0,0.0,597,1080,0,C,0.0
3659,Bob Wood,1905,7.2,0.0,7.2,0,0.0,350,563,0,C,0.0
3660,Wilbert Robinson,1902,6.5,0.0,7.7,0,0.0,1388,2238,0,C,0.0
3661,Larry Brown,1947,7.5,0.0,6.6,7,0.0,568,1031,0,C,0.0
3662,Tucker Barnhart,2025,6.9,0.0,7.2,0,0.0,662,1269,0,C,0.0
3663,John Wockenfuss,1985,7.1,0.0,6.9,0,0.0,543,1178,0,C,0.0
3664,Gene Oliver,1969,6.5,0.0,7.3,0,0.0,546,1185,0,C,0.0
3665,Kirt Manwaring,1999,5.2,0.0,8.7,0,0.0,733,1200,0,C,0.0
3666,Jonah Heim,2026,6.9,0.0,6.9,1,0.0,465,940,0,C,0.0
3667,Freddy Fermin,2026,6.9,0.0,6.9,0,0.0,246,415,0,C,0.0
3668,Doug Allison,1883,6.9,0.0,6.8,0,0.0,382,481,0,C,0.0
3669,Poindexter Williams,1933,6.8,0.0,6.9,0,0.0,415,690,0,C,0.0
3670,Frank Fernández,1972,6.8,0.0,6.8,0,0.0,145,455,0,C,0.0
3671,Ryan Doumit,2014,9.0,0.0,9.9,0,0.0,818,1579,0,C,0.0
3672,Ozzie Virgil,1990,9.0,0.0,9.8,2,0.0,549,1191,0,C,0.0
3673,Tim Jordan,1910,11.3,0.0,11.3,0,0.0,474,994,0,1B,0.0
3674,Gary Matthews,2010,14.2,0.0,15.8,1,0.1,1056,2212,0,CF,0.0
3675,Wally Judnich,1949,15.9,0.06,15.9,0,0.1,782,1665,0,CF,0.0
3676,Kevin Pillar,2025,16.1,0.0,15.6,0,0.1,1053,1959,0,CF,0.0
3677,Vic Davalillo,1980,15.7,0.02,15.8,1,0.0,1122,1801,0,CF,0.0
3678,Mike Devereaux,1998,14.6,0.28,16.9,0,0.0,949,1881,0,CF,0.0
3679,Cedric Mullins,2026,15.4,0.21,16.1,1,0.2,733,1676,0,CF,0.0
3680,Mitch Webster,1995,14.3,0.0,17.1,0,0.0,900,1855,0,CF,0.0
3681,Lee Mazzilli,1989,15.6,0.0,15.7,1,0.0,1068,2425,0,CF,0.0
3682,Johnny Grubb,1987,16.6,0.0,14.7,1,0.0,1153,2308,0,CF,0.0
3683,Irv Noren,1960,15.0,0.11,16.1,1,0.0,857,1648,0,CF,0.0
3684,Jay Payton,2010,15.4,0.0,15.3,0,0.0,1157,2069,0,CF,0.0
3685,Ken Berry,1975,15.2,0.0,15.0,1,0.0,1053,1766,0,CF,0.0
3686,Fred Snodgrass,1916,14.6,0.0,15.2,0,0.1,852,1710,0,CF,0.0
3687,Orator Shafer,1890,19.4,0.0,18.0,0,0.7,1000,1564,0,1B,0.0
3688,Joc Pederson,2026,14.3,0.0,15.4,2,0.0,957,2433,0,CF,0.0
3689,Ping Bodie,1921,14.2,0.0,15.2,0,0.0,1011,1848,0,CF,0.0
3690,Rube Oldring,1918,14.5,0.0,14.7,0,0.0,1268,2109,0,CF,0.0
3691,Jack Smith,1929,13.9,0.0,14.4,0,0.0,1301,2307,0,CF,0.0
3692,Whitey Witt,1926,13.6,0.0,13.9,0,0.0,1195,2084,0,CF,0.0
3693,Bobby Tolan,1979,10.1,0.07,16.7,0,0.0,1121,2071,0,CF,0.0
3694,Chad Curtis,2001,14.0,0.0,12.7,0,0.0,1061,2313,0,CF,0.0
3695,Taylor Douthit,1933,12.8,0.27,13.6,0,0.0,1201,2094,0,CF,0.0
3696,Mule Haas,1938,12.5,0.0,13.6,0,0.0,1257,2175,0,CF,0.0
3697,Juan Beníquez,1988,10.0,0.01,13.4,0,0.0,1274,2214,0,CF,0.0
3698,Omar Moreno,1986,9.6,0.07,12.1,0,0.0,1257,2587,0,CF,0.0
3699,Mickey Stanley,1978,17.4,0.01,14.7,0,0.0,1243,2306,0,CF,0.0
3700,Charlie Hemphill,1911,15.9,0.0,16.2,0,0.0,1230,2191,0,CF,0.0
3701,Harry Rice,1933,16.1,0.45,16.1,0,0.0,1118,2009,0,CF,0.0
3702,Ned Hanlon,1892,18.1,0.0,14.1,0,0.0,1318,2526,0,2B,0.0
3703,Mark Canha,2025,14.5,0.0,16.4,0,0.0,879,1909,0,LF,0.0
3704,Gary Redus,1994,16.3,0.0,14.4,0,0.0,886,2244,0,LF,0.0
3705,Dan Gladden,1993,15.5,0.0,14.8,0,0.0,1215,2279,0,LF,0.0
3706,Ralph Garr,1980,14.8,0.05,15.3,1,0.0,1562,2545,0,LF,0.0
3707,Walt Wilmot,1898,14.2,0.0,14.8,0,0.0,1100,2343,0,Unknown,0.0
3708,Peanuts Lowrey,1955,13.6,0.03,15.4,1,0.0,1177,2015,0,LF,0.0
3709,Larry Herndon,1988,15.2,0.0,13.8,0,0.0,1334,2438,0,LF,0.0
3710,Hoot Evers,1956,13.0,0.15,14.9,2,0.1,1055,2078,0,LF,0.0
3711,Vince Coleman,1997,12.5,0.11,13.2,2,0.0,1425,3092,0,LF,0.0
3712,Leon Wagner,1969,11.8,0.37,13.5,3,0.0,1202,2504,0,LF,0.0
3713,Jeffrey Leonard,1990,9.9,0.01,13.9,2,0.0,1342,2576,0,LF,0.0
3714,Happy Felsch,1920,19.2,0.0,19.2,0,0.1,825,1497,0,CF,0.0
3715,Daulton Varsho,2026,18.9,0.0,18.9,0,0.0,528,1260,0,CF,0.0
3716,Ender Inciarte,2022,17.9,0.0,18.5,1,0.0,875,1552,0,CF,0.0
3717,Milt Thompson,1996,18.6,0.02,17.7,0,0.0,1029,1950,0,CF,0.0
3718,Franklin Gutiérrez,2017,18.4,0.0,17.4,0,0.2,778,1543,0,CF,0.0
3719,Ramón Laureano,2026,17.7,0.0,16.5,0,0.0,678,1485,0,CF,0.0
3720,Harrison Bader,2026,17.4,0.0,16.6,0,0.0,692,1452,0,CF,0.0
3721,Enrique Hernández,2025,17.8,0.0,15.7,0,0.0,877,1872,0,CF,0.0
3722,Johnny Frederick,1934,16.6,0.03,16.6,0,0.0,954,1712,0,CF,0.0
3723,Sollyman,1916,16.5,0.0,16.5,0,0.3,1095,2063,0,CF,0.0
3724,Emmet Heidrick,1908,16.3,0.0,16.4,0,0.0,914,1548,0,CF,0.0
3725,Darryl Hamilton,2001,16.7,0.0,15.9,0,0.0,1333,2420,0,CF,0.0
3726,Merv Rettenmund,1980,20.0,0.02,18.9,0,0.1,693,1550,0,RF,0.0
3727,Branch Russell,1932,19.9,0.0,16.8,0,0.1,890,1781,0,RF,0.0
3728,Admiral Schlei,1911,9.4,0.0,9.5,0,0.0,455,777,0,C,0.0
3729,Shea Langeliers,2026,10.1,0.0,10.1,0,0.2,422,976,0,C,0.0
3730,Mitchell Murray,1932,11.4,0.0,10.6,0,0.0,490,880,0,C,0.0
3731,Jim Essian,1984,10.9,0.0,11.0,0,0.0,453,883,0,C,0.0
3732,John Jaso,2017,10.7,0.0,11.2,0,0.0,573,1240,0,C,0.0
3733,Tommy Clarke,1918,11.1,0.02,10.1,0,0.0,453,869,0,C,0.0
3734,Jimmy Archer,1918,10.7,0.19,10.4,0,0.0,660,1042,0,C,0.0
3735,Dave Nilsson,1999,10.6,0.0,10.4,1,0.0,789,1616,0,C,0.0
3736,Jim Keenan,1891,10.0,0.0,10.7,0,0.0,451,867,0,C,0.0
3737,Mike González,1932,10.1,0.0,10.5,0,0.0,717,1200,0,C,0.0
3738,Mike Zunino,2023,9.0,0.0,11.4,1,0.0,557,1356,0,C,0.0
3739,Matt Nokes,1995,9.8,0.0,10.5,1,0.0,695,1415,0,C,0.0
3740,Dave Valle,1996,10.0,0.0,10.3,0,0.0,658,1297,0,C,0.0
3741,Bill Killefer,1921,10.3,0.0,9.9,0,0.0,751,1043,0,C,0.0
3742,Corbin Carroll,2026,18.0,0.59,18.0,2,0.4,514,1342,0,RF,0.0
3743,Gabriel Moreno,2026,10.0,0.0,10.0,0,0.0,302,559,0,C,0.0
3744,Jack O'Brien,1890,9.7,0.0,10.3,0,0.1,577,1056,0,C,0.0
3745,Andy Etchebarren,1978,10.8,0.03,9.1,2,0.0,615,1156,0,C,0.0
3746,Charlie Moore,1987,10.3,0.0,9.5,0,0.0,1052,1830,0,C,0.0
3747,Ryan Jeffers,2026,9.9,0.0,9.9,0,0.0,428,949,0,C,0.0
3748,David Ross,2016,10.0,0.0,9.7,0,0.0,521,1255,0,C,0.0
3749,Mitch Garver,2026,9.7,0.0,10.0,0,0.0,484,1195,0,C,0.0
3750,Clyde McCullough,1956,9.3,0.0,10.2,2,0.0,785,1410,0,C,0.0
3751,Bill Rariden,1920,8.4,0.0,10.6,0,0.3,682,1243,0,C,0.0
3752,Frank Duncan,1945,10.6,0.0,8.5,1,0.0,693,1280,0,C,0.0
3753,Jay Clarke,1920,9.0,0.0,9.9,0,0.0,390,666,0,C,0.0
3754,Alejandro Kirk,2026,11.1,0.0,11.1,2,0.0,492,944,0,C,0.0
3755,Danny Jansen,2026,11.9,0.0,10.9,0,0.0,408,989,0,C,0.0
3756,Earl Smith,1930,11.6,0.0,11.4,0,0.0,686,1242,0,C,0.0
3757,Les Nunamaker,1922,11.9,0.0,12.3,0,0.0,533,886,0,C,0.0
3758,Bernie Carbo,1980,18.4,0.0,16.7,0,0.0,722,1732,0,RF,0.0
3759,Ed Swartwood,1892,17.4,0.0,17.3,0,0.6,863,1596,0,1B,0.0
3760,Ellis Valentine,1985,17.1,0.01,17.5,1,0.1,881,1688,0,RF,0.0
3761,Mike Yastrzemski,2026,17.1,0.19,17.0,0,0.1,683,1640,0,RF,0.0
3762,Braggo Roth,1921,17.1,0.0,16.8,0,0.0,804,1703,0,RF,0.0
3763,Taffy Wright,1949,16.8,0.03,16.4,0,0.0,1115,1892,0,RF,0.0
3764,Gene Moore,1945,15.4,0.0,17.0,1,0.2,958,1765,0,RF,0.0
3765,Steve Evans,1915,16.0,0.0,16.0,0,0.2,963,1813,0,RF,0.0
3766,Jay Johnstone,1985,16.5,0.0,15.4,0,0.0,1254,2330,0,RF,0.0
3767,Bruce Campbell,1942,17.0,0.01,13.4,0,0.0,1382,2770,0,RF,0.0
3768,Corey Hart,2015,14.4,0.0,16.0,2,0.0,1009,2153,0,RF,0.0
3769,Owen Wilson,1916,14.0,0.2,15.8,0,0.0,1246,2147,0,RF,0.0
3770,Matt Joyce,2021,14.6,0.0,14.6,1,0.0,898,2175,0,RF,0.0
3771,Red Murray,1917,14.5,0.14,14.5,0,0.0,1170,2261,0,RF,0.0
3772,Matt Lawton,2006,15.2,0.0,13.7,2,0.0,1273,2834,0,RF,0.0
3773,Max Flack,1925,12.3,0.0,12.8,0,0.0,1461,2596,0,RF,0.0
3774,Shano Collins,1925,9.7,0.0,13.1,0,0.0,1687,2886,0,RF,0.0
3775,Jeff Francoeur,2016,6.7,0.0,13.0,0,0.0,1373,2526,0,RF,0.0
3776,Bill Carrigan,1916,13.7,0.05,13.6,0,0.0,506,862,0,C,0.0
3777,Mike LaValliere,1995,13.9,0.0,12.2,0,0.0,663,1162,0,C,0.0
3778,Francisco Cervelli,2020,14.1,0.0,11.8,0,0.0,605,1149,0,C,0.0
3779,Ted Easterly,1915,12.7,0.0,12.7,0,0.1,607,945,0,C,0.0
3780,Aaron Robinson,1951,12.1,0.04,12.1,1,0.0,478,1094,0,C,0.0
3781,John Henry,1918,5.5,0.0,6.4,0,0.0,397,786,0,C,0.0
3782,Ed Ott,1981,5.9,0.0,6.0,0,0.0,465,812,0,C,0.0
3783,Lew Brown,1884,5.9,0.0,5.9,0,0.0,379,599,0,C,0.0
3784,Otto Ray,1924,2.9,0.0,2.9,0,0.0,171,329,0,C,0.0
3785,Jim French,1971,3.1,0.0,3.1,0,0.0,119,283,0,C,0.0
3786,Harry McCurdy,1934,2.7,0.0,3.4,0,0.0,326,589,0,C,0.0
3787,Billy Earle,1894,3.0,0.0,3.0,0,0.0,133,299,0,C,0.0
3788,Frank House,1961,2.0,0.0,4.0,0,0.0,494,878,0,C,0.0
3789,Luis Torrens,2026,2.4,0.0,3.6,0,0.0,265,506,0,C,0.0
3790,Mickey Livingston,1951,2.2,0.0,3.8,0,0.0,354,636,0,C,0.0
3791,Johnny Hayes,1948,2.7,0.0,3.3,2,0.0,228,428,0,C,0.0
3792,Dick Bertell,1967,3.0,0.0,3.0,0,0.0,327,517,0,C,0.0
3793,Bob Scheffing,1951,2.8,0.0,3.2,0,0.0,357,597,0,C,0.0
3794,Les Moss,1958,1.5,0.0,4.5,0,0.0,552,1107,0,C,0.0
3795,Bo Naylor,2026,3.0,0.0,3.0,0,0.0,200,495,0,C,0.0
3796,Ben Davis,2004,2.9,0.0,2.9,0,0.0,358,715,0,C,0.0
3797,Cameron Rupp,2017,2.8,0.0,2.8,0,0.0,240,507,0,C,0.0
3798,Kelly Stinnett,2007,1.8,0.0,4.1,0,0.0,476,976,0,C,0.0
3799,Brook Fordyce,2004,1.8,0.0,4.0,0,0.0,467,828,0,C,0.0
3800,John Bateman,1972,1.0,0.0,4.8,0,0.0,765,1349,0,C,0.0
3801,Marc Hill,1986,2.3,0.0,3.4,0,0.0,404,760,0,C,0.0
3802,Mark Parent,1998,1.8,0.0,4.0,0,0.0,279,589,0,C,0.0
3803,Fred Carisch,1923,2.8,0.0,2.9,0,0.0,149,249,0,C,0.0
3804,George Kottaras,2014,2.9,0.0,2.9,0,0.0,155,421,0,C,0.0
3805,Austin Wells,2026,2.9,0.0,2.9,0,0.0,204,483,0,C,0.0
3806,Carlos Narváez,2026,2.8,0.0,2.8,0,0.0,120,251,0,C,0.0
3807,Bill Schroeder,1990,2.7,0.0,3.0,0,0.0,303,601,0,C,0.0
3808,Cam Carreon,1966,2.8,0.0,2.8,0,0.0,260,444,0,C,0.0
3809,Tom Needham,1914,2.7,0.0,3.5,0,0.0,311,534,0,C,0.0
3810,Elmer Sutcliffe,1892,3.1,0.0,3.1,0,0.0,381,623,0,C,0.0
3811,Logan O'Hoppe,2026,3.1,0.0,3.1,0,0.0,271,557,0,C,0.0
3812,Ray Lamanno,1948,3.1,0.01,3.1,1,0.0,355,596,0,C,0.0
3813,Henry Williams,1937,3.4,0.0,3.6,0,0.0,293,485,0,C,0.0
3814,Duane Josephson,1972,3.5,0.0,3.5,1,0.0,388,635,0,C,0.0
3815,Forrest Cady,1919,3.4,0.0,3.4,0,0.0,216,358,0,C,0.0
3816,Malachi Kittridge,1906,1.5,0.0,5.3,0,0.0,882,1481,0,C,0.0
3817,Max Stassi,2022,2.2,0.0,4.6,0,0.0,241,529,0,C,0.0
3818,Klondike Douglass,1904,2.9,0.0,3.9,0,0.0,766,1250,0,1B,0.0
3819,Hunter Goodman,2026,3.4,0.0,3.4,1,0.0,245,540,0,C,0.0
3820,Patrick Bailey,2026,3.4,0.0,3.4,0,0.0,274,509,0,C,0.0
3821,George Dixon,1934,2.9,0.0,3.8,0,0.0,267,486,0,C,0.0
3822,Buck Crouse,1930,3.4,0.0,3.3,0,0.0,342,560,0,C,0.0
3823,Bob Melvin,1994,2.5,0.0,4.2,0,0.0,456,760,0,C,0.0
3824,Ramón Castro,2011,3.0,0.0,3.6,0,0.0,338,758,0,C,0.0
3825,Tubby Spencer,1918,2.5,0.0,4.1,0,0.0,298,470,0,C,0.0
3826,Hobie Landrith,1963,2.9,0.0,3.7,0,0.0,450,889,0,C,0.0
3827,Mickey O'Neil,1927,2.6,0.0,4.0,0,0.0,475,731,0,C,0.0
3828,Dick Brown,1965,2.9,0.0,3.7,0,0.0,455,835,0,C,0.0
3829,John Flaherty,2005,1.6,0.0,5.0,0,0.0,849,1456,0,C,0.0
3830,Mike Tresh,1949,2.2,0.11,4.4,0,0.0,788,1318,0,C,0.0
3831,Mike Fitzgerald,1992,2.1,0.0,4.4,0,0.0,545,1125,0,C,0.0
3832,Hal Wagner,1949,2.5,0.0,3.9,2,0.0,458,880,0,C,0.0
3833,Ken Suarez,1973,3.2,0.0,3.2,0,0.0,150,300,0,C,0.0
3834,Bobby Estalella,2004,2.5,0.0,3.9,0,0.0,195,534,0,C,0.0
3835,Bill DeLancey,1940,3.2,0.0,3.2,0,0.0,173,368,0,C,0.0
3836,Pedro Severino,2022,2.2,0.0,3.4,0,0.0,261,525,0,C,0.0
3837,Kevin Plawecki,2022,2.2,0.0,3.4,0,0.0,298,554,0,C,0.0
3838,Rollie Hemsley,1947,3.9,0.22,7.8,5,0.0,1321,2201,0,C,0.0
3839,Nathaniel Lowe,2026,12.8,0.0,12.7,0,0.0,821,1731,0,1B,0.0
3840,Lew Fonseca,1933,14.3,0.63,14.9,0,0.1,1075,1721,0,1B,0.0
3841,Ed Morgan,1934,14.3,0.16,14.3,0,0.1,879,1732,0,1B,0.0
3842,Jiggs Donahue,1909,13.7,0.0,14.0,0,0.0,731,1253,0,1B,0.0
3843,Dale Alexander,1933,13.6,0.16,13.6,0,0.0,811,1486,0,1B,0.0
3844,Randy Milligan,1994,13.5,0.0,13.5,0,0.0,553,1352,0,1B,0.0
3845,Hal Morris,2000,13.4,0.05,13.5,0,0.0,1216,2133,0,1B,0.0
3846,Doug Mientkiewicz,2009,11.8,0.01,14.3,0,0.0,899,1792,0,1B,0.0
3847,Yuli Gurriel,2025,12.3,0.0,13.7,0,0.0,956,1747,0,1B,0.0
3848,John Jaha,2001,12.4,0.0,13.4,1,0.0,730,1755,0,1B,0.0
3849,Don Hurst,1934,12.9,0.3,12.9,0,0.1,976,1999,0,1B,0.0
3850,Mike Epstein,1974,12.7,0.04,13.0,0,0.0,695,1665,0,1B,0.0
3851,Harvey Hendrick,1934,12.5,0.0,12.9,0,0.0,896,1603,0,1B,0.0
3852,Bruce Bochy,1987,2.3,0.0,3.2,0,0.0,192,379,0,C,0.0
3853,George Stovall,1915,12.8,0.08,12.4,0,0.0,1382,2086,0,1B,0.0
3854,C.J. Cron,2023,12.5,0.0,12.7,1,0.0,953,2006,0,1B,0.0
3855,Luke Easter,1954,12.4,0.12,12.7,2,0.1,578,1236,0,1B,0.0
3856,Joe Hauser,1929,12.5,0.22,12.5,0,0.0,580,1248,0,1B,0.0
3857,Joe Collins,1957,12.0,0.01,12.5,0,0.0,596,1346,0,1B,0.0
3858,Rhys Hoskins,2026,12.2,0.0,12.3,0,0.0,769,2063,0,1B,0.0
3859,Bill Phillips,1888,12.5,0.0,12.0,0,0.0,1130,1808,0,1B,0.0
3860,James Loney,2016,11.4,0.0,12.6,0,0.0,1425,2493,0,1B,0.0
3861,Buck Jordan,1938,11.7,0.0,11.8,0,0.0,890,1366,0,1B,0.0
3862,Sam Leslie,1938,11.6,0.0,11.9,0,0.0,749,1266,0,1B,0.0
3863,Kitty Bransfield,1911,10.0,0.0,13.3,0,0.0,1351,2161,0,1B,0.0
3864,Eddie Waitkus,1955,14.5,0.08,14.8,2,0.0,1214,1989,0,1B,0.0
3865,Nick Johnson,2012,14.5,0.0,14.8,0,0.0,723,1742,0,1B,0.0
3866,George Carr,1934,15.4,0.0,14.0,0,0.2,757,1488,0,1B,0.0
3867,Vic Saier,1919,15.0,0.29,15.0,0,0.0,775,1704,0,1B,0.0
3868,Paul Casanova,1974,1.2,0.01,4.3,1,0.0,627,991,0,C,0.0
3869,Jorge Alfaro,2025,2.3,0.0,3.2,0,0.0,412,728,0,C,0.0
3870,Liam Hicks,2026,2.7,0.0,2.7,0,0.0,125,248,0,C,0.0
3871,Jerry Willard,1994,2.6,0.0,2.8,0,0.0,195,385,0,C,0.0
3872,Ed Whiting,1884,2.7,0.0,2.7,0,0.0,185,276,0,C,0.0
3873,Ray Hayworth,1945,2.0,0.0,3.3,0,0.0,546,885,0,C,0.0
3874,Johnny Schulte,1932,2.6,0.0,2.6,0,0.0,98,240,0,C,0.0
3875,Chris Bando,1989,1.7,0.0,3.6,0,0.0,292,562,0,C,0.0
3876,Ed Phelps,1913,2.2,0.0,3.0,0,0.0,460,748,0,C,0.0
3877,Paul Richards,1946,2.3,0.12,2.9,0,0.0,321,599,0,C,0.0
3878,Steve Lake,1993,2.1,0.0,3.1,0,0.0,267,416,0,C,0.0
3879,Bill Fahey,1983,2.1,0.0,3.0,0,0.0,225,359,0,C,0.0
3880,Bill Holbert,1888,1.8,0.0,3.3,0,0.0,486,615,0,C,0.0
3881,Charley Lau,1967,2.2,0.0,2.8,0,0.0,298,539,0,C,0.0
3882,Bill Sarni,1956,2.5,0.0,2.5,0,0.0,311,544,0,C,0.0
3883,Bob Barton,1974,1.7,0.0,3.3,0,0.0,237,391,0,C,0.0
3884,Luke Maile,2025,2.0,0.0,3.0,0,0.0,246,481,0,C,0.0
3885,Louis Santop,1926,2.5,0.0,2.5,0,0.0,111,191,0,C,0.0
3886,Bob Montgomery,1979,2.2,0.0,2.7,0,0.0,306,511,0,C,0.0
3887,Joe Pignatano,1962,2.5,0.0,2.5,0,0.0,161,344,0,C,0.0
3888,Cal McVey,1879,20.1,0.0,17.2,0,0.8,869,1179,0,1B,0.0
3889,Ben Taylor,1929,17.5,0.0,17.4,0,0.7,786,1332,0,1B,0.0
3890,Edgar Wesley,1927,17.6,0.0,16.8,0,0.2,607,1244,0,1B,0.0
3891,Paddy Livingston,1917,3.5,0.0,3.5,0,0.0,120,211,0,C,0.0
3892,Francisco Alvarez,2026,3.6,0.0,3.6,0,0.0,245,558,0,C,0.0
3893,Earl Averill,1963,3.6,0.0,3.6,0,0.0,249,587,0,C,0.0
3894,Joe Oliver,2001,3.8,0.0,5.9,0,0.0,831,1578,0,C,0.0
3895,Con Daily,1896,4.0,0.0,6.3,0,0.0,541,967,0,C,0.0
3896,Joe Tipton,1954,5.1,0.0,5.1,0,0.0,264,586,0,C,0.0
3897,Todd Pratt,2006,4.3,0.0,6.0,0,0.0,404,855,0,C,0.0
3898,Austin Barnes,2025,4.4,0.0,5.7,0,0.0,338,731,0,C,0.0
3899,Red Kleinow,1911,4.9,0.0,5.1,0,0.0,354,643,0,C,0.0
3900,Glenn Myatt,1936,3.6,0.0,6.3,0,0.0,722,1315,0,C,0.0
3901,Birdie Tebbetts,1952,3.8,0.09,6.1,4,0.0,1000,1745,0,C,0.0
3902,Bruce Edwards,1956,4.7,0.48,5.2,2,0.0,429,852,0,C,0.0
3903,Chris Snyder,2013,4.5,0.0,5.4,0,0.0,467,1107,0,C,0.0
3904,Pat Deasley,1888,4.6,0.0,5.2,0,0.0,358,469,0,C,0.0
3905,Michael Barrett,2009,2.7,0.0,7.0,0,0.0,925,1771,0,C,0.0
3906,Carl Sawatski,1963,4.2,0.0,5.4,0,0.0,351,774,0,C,0.0
3907,Fergy Malone,1884,3.6,0.0,3.6,0,0.0,288,390,0,C,0.0
3908,Pat Borders,2005,3.6,0.0,6.0,0,0.0,831,1394,0,C,0.0
3909,Johnny Gooch,1933,4.2,0.0,5.5,0,0.0,662,1056,0,C,0.0
3910,Sam Trott,1888,4.7,0.0,4.9,0,0.0,338,527,0,C,0.0
3911,Doc Bushong,1890,3.6,0.0,5.9,0,0.0,514,767,0,C,0.0
3912,Hank Foiles,1964,4.8,0.0,4.7,1,0.0,353,743,0,C,0.0
3913,Hal Smith,1964,4.1,0.0,5.4,0,0.0,715,1260,0,C,0.0
3914,Devin Mesoraco,2018,4.5,0.01,4.9,1,0.0,325,711,0,C,0.0
3915,Farmer Vaughn,1899,2.7,0.0,6.7,0,0.0,946,1505,0,C,0.0
3916,Lew McCarty,1921,4.6,0.05,4.8,0,0.0,393,617,0,C,0.0
3917,Duffy Dyer,1981,3.7,0.0,5.6,0,0.0,441,865,0,C,0.0
3918,Austin Nola,2025,4.6,0.0,4.6,0,0.0,268,508,0,C,0.0
3919,Keibert Ruiz,2026,5.2,0.0,5.2,0,0.0,450,790,0,C,0.0
3920,Red Wilson,1960,4.6,0.0,5.9,0,0.0,455,867,0,C,0.0
3921,Oscar Stanage,1925,4.5,0.0,6.0,0,0.0,819,1283,0,C,0.0
3922,Tom Murphy,2024,4.8,0.0,5.7,0,0.0,226,520,0,C,0.0
3923,Ron Hodges,1984,6.1,0.0,5.5,0,0.0,342,693,0,C,0.0
3924,John Buck,2014,5.8,0.0,5.7,1,0.0,844,1749,0,C,0.0
3925,Mickey Owen,1954,4.6,0.31,6.8,4,0.0,929,1538,0,C,0.0
3926,Buck Martinez,1986,4.5,0.0,6.9,0,0.0,618,1175,0,C,0.0
3927,Jerry May,1973,5.3,0.0,6.0,0,0.0,357,643,0,C,0.0
3928,Jeff Reed,2000,4.4,0.0,6.9,0,0.0,774,1519,0,C,0.0
3929,Sam Agnew,1919,5.6,0.03,5.6,0,0.0,314,520,0,C,0.0
3930,Toby Hall,2008,4.7,0.0,6.4,0,0.0,616,985,0,C,0.0
3931,Ronny Paulino,2012,5.4,0.0,5.7,0,0.0,508,851,0,C,0.0
3932,Glenn Borgmann,1980,5.6,0.0,5.5,0,0.0,296,589,0,C,0.0
3933,Drake Baldwin,2026,5.5,0.0,5.5,0,0.1,168,355,0,C,0.0
3934,Jim Stephens,1912,5.5,0.0,5.5,0,0.0,276,448,0,C,0.0
3935,Del Rice,1961,4.7,0.0,6.1,1,0.0,908,1746,0,C,0.0
3936,Bob Stinson,1980,4.3,0.0,6.4,0,0.0,408,791,0,C,0.0
3937,Jim Hegan,1960,4.5,0.04,6.2,5,0.0,1087,2113,0,C,0.0
3938,Kenji Johjima,2009,5.3,0.0,5.3,0,0.0,431,734,0,C,0.0
3939,Doug Mirabelli,2007,4.8,0.0,5.9,0,0.0,337,761,0,C,0.0
3940,Jim Brown,1937,5.1,0.0,5.5,0,0.0,631,1146,0,C,0.0
3941,Al Todd,1943,4.3,0.0,6.3,0,0.0,768,1172,0,C,0.0
3942,Iván Herrera,2026,5.3,0.0,5.3,0,0.0,237,480,0,C,0.0
3943,Alva Williams,1918,5.3,0.0,5.3,0,0.0,314,539,0,C,0.0
3944,Bill Perkins,1948,4.4,0.0,6.1,2,0.1,469,825,0,C,0.0
3945,Ed Sweeney,1919,4.5,0.0,6.0,0,0.0,427,754,0,C,0.0
3946,Don Pavletich,1971,4.0,0.0,5.2,0,0.0,349,729,0,C,0.0
3947,Zack Taylor,1935,3.2,0.01,5.9,0,0.0,748,1114,0,C,0.0
3948,Caleb Joseph,2020,4.6,0.0,4.6,0,0.0,281,518,0,C,0.0
3949,Brent Mayne,2004,2.8,0.0,5.3,0,0.0,951,1647,0,C,0.0
3950,Val Picinich,1933,2.4,0.0,5.6,0,0.0,743,1384,0,C,0.0
3951,Cliff Bolton,1941,4.0,0.0,4.0,0,0.0,280,496,0,C,0.0
3952,Bob Kearney,1987,3.8,0.0,4.1,0,0.0,316,545,0,C,0.0
3953,Nat Hicks,1877,3.9,0.0,3.9,0,0.0,301,385,0,C,0.0
3954,Dave Engle,1989,3.8,0.0,4.0,1,0.0,431,763,0,C,0.0
3955,John Hines,1934,3.7,0.0,4.0,0,0.0,331,568,0,C,0.0
3956,Phil Roof,1977,3.3,0.0,4.4,0,0.0,463,882,0,C,0.0
3957,Gus Niarhos,1955,3.4,0.0,4.2,0,0.0,174,372,0,C,0.0
3958,Vance Wilson,2006,3.7,0.0,3.8,0,0.0,238,407,0,C,0.0
3959,Lou Berberet,1960,3.8,0.0,3.8,0,0.0,281,630,0,C,0.0
3960,Bill Haselman,2003,3.4,0.0,4.1,0,0.0,416,780,0,C,0.0
3961,Lenny Webster,2000,3.3,0.0,4.2,0,0.0,368,685,0,C,0.0
3962,Sammy White,1962,1.9,0.01,5.6,1,0.0,916,1553,0,C,0.0
3963,Pinch Thomas,1921,2.9,0.0,4.5,0,0.0,245,424,0,C,0.0
3964,Earle Brucker,1943,3.7,0.01,3.7,0,0.0,205,409,0,C,0.0
3965,Bill Cash,1948,3.7,0.0,3.7,2,0.0,254,455,0,C,0.0
3966,Jose Trevino,2026,3.5,0.0,3.8,1,0.0,352,616,0,C,0.0
3967,Joey Bart,2026,3.7,0.0,3.7,0,0.0,253,488,0,C,0.0
3968,Eric Haase,2026,3.1,0.0,4.2,0,0.0,264,546,0,C,0.0
3969,Johnny Oates,1981,3.3,0.0,3.9,0,0.0,410,664,0,C,0.0
3970,Larry Woodall,1929,2.9,0.0,4.3,0,0.0,353,613,0,C,0.0
3971,Tim Laudner,1989,3.2,0.0,4.0,1,0.0,458,989,0,C,0.0
3972,René Rivera,2021,2.2,0.0,5.0,0,0.0,330,622,0,C,0.0
3973,Peaches Graham,1912,4.0,0.0,4.0,0,0.0,265,449,0,C,0.0
3974,Al Evans,1951,3.6,0.0,4.5,0,0.0,514,926,0,C,0.0
3975,Barry Foote,1982,3.5,0.0,5.6,0,0.0,489,929,0,C,0.0
3976,Josh Bard,2011,3.3,0.0,4.9,0,0.0,452,860,0,C,0.0
3977,Doc Kennedy,1883,4.5,0.0,4.5,0,0.0,160,211,0,C,0.0
3978,Don Padgett,1948,4.1,0.0,4.8,0,0.0,573,974,0,C,0.0
3979,Tony Eusebio,2001,4.5,0.0,4.5,0,0.0,479,849,0,C,0.0
3980,Einar Díaz,2006,3.3,0.0,5.7,0,0.0,523,831,0,C,0.0
3981,Miguel Amaya,2026,4.5,0.0,4.5,0,0.0,147,287,0,C,0.0
3982,Victor Caratini,2026,4.2,0.0,4.6,0,0.0,502,961,0,C,0.0
3983,Tommie Dukes,1945,4.2,0.0,4.6,1,0.0,248,423,0,C,0.0
3984,Dillon Dingler,2026,4.4,0.0,4.4,0,0.0,172,320,0,C,0.0
3985,Dave Rader,1980,4.1,0.0,4.7,0,0.0,619,1093,0,C,0.0
3986,John Orsino,1967,4.4,0.0,4.4,0,0.0,252,521,0,C,0.0
3987,José Molina,2014,3.1,0.0,5.7,0,0.0,592,1006,0,C,0.0
3988,Dick Buckley,1895,4.3,0.0,4.5,0,0.0,449,750,0,C,0.0
3989,Dan Kennard,1925,4.3,0.0,4.3,0,0.0,188,344,0,C,0.0
3990,Buck Rodgers,1969,3.5,0.02,5.2,0,0.0,704,1198,0,C,0.0
3991,Lew Drill,1905,4.3,0.0,4.3,0,0.0,231,433,0,C,0.0
3992,Kyle Higashioka,2026,4.0,0.0,4.5,0,0.0,322,696,0,C,0.0
3993,Fatty Briody,1888,4.1,0.0,4.3,0,0.0,271,396,0,C,0.0
3994,Geno Petralli,1993,3.8,0.0,4.6,0,0.0,501,898,0,C,0.0
3995,Bennie Tate,1934,3.7,0.0,4.7,0,0.0,435,670,0,C,0.0
3996,Jerry McNertney,1973,4.0,0.0,4.3,0,0.0,337,603,0,C,0.0
3997,Connor Wong,2026,4.1,0.0,4.1,0,0.0,271,510,0,C,0.0
3998,Earl Grace,1937,4.0,0.0,4.1,0,0.0,493,875,0,C,0.0
3999,Scott Servais,2001,3.1,0.0,5.1,0,0.0,611,1120,0,C,0.0
4000,Jason Lane,2014,1.5,0.0,1.5,0,0.0,292,686,0,RF,0.0
